cancer	cancer_name	drug	tier	endpoint	n	responders_or_events	pathway	local_z	local_q	atlas_z	combined_z	top10_stability	untreated_z	treated_minus_untreated_z	n_untreated	direction	rank	pathway_name
BLCA	bladder	CARBOPLATIN	A	RECIST response	18	8	REACTOME_METABOLISM_OF_RNA	1.7895017989482036	0.4384178588831958	3.092544119024595	3.4521277746626686	0.0				response	1	metabolism of rna
BLCA	bladder	CARBOPLATIN	A	RECIST response	18	8	REACTOME_CREB_PHOSPHORYLATION_THROUGH_THE_ACTIVATION_OF_CAMKII	1.0253908599402817	0.5775365829218313	3.4706552522830667	3.1791846944805426	0.0				response	2	creb phosphorylation through the activation of camkii
BLCA	bladder	CARBOPLATIN	A	RECIST response	18	8	REACTOME_SIGNALING_BY_FGFR3_MUTANTS	1.6400963642602011	0.4384178588831958	2.39584859803024	2.8538440513312553	0.03				response	3	signaling by fgfr3 mutants
BLCA	bladder	CARBOPLATIN	A	RECIST response	18	8	REACTOME_REGULATION_OF_BETA_CELL_DEVELOPMENT	2.10074424096235	0.4384178588831958	1.8497717848767024	2.7934366710569236	0.05				response	4	regulation of beta cell development
BLCA	bladder	CARBOPLATIN	A	RECIST response	18	8	REACTOME_G0_AND_EARLY_G1	2.1925311014815465	0.4384178588831958	1.7090637530136708	2.758844179056109	0.02				response	5	g0 and early g1
BLCA	bladder	CARBOPLATIN	A	RECIST response	18	8	REACTOME_PROSTANOID_LIGAND_RECEPTORS	-1.8916492587227707	0.4384178588831958	-3.25219132134026	-3.637244555505113	0.06				resistance	1	prostanoid ligand receptors
BLCA	bladder	CARBOPLATIN	A	RECIST response	18	8	REACTOME_NEF_MEDIATED_DOWNREGULATION_OF_MHC_CLASS_I_COMPLEX_CELL_SURFACE_EXPRESSION	-2.569917666998157	0.4384178588831958	-2.452415131718047	-3.5513255793478393	0.18				resistance	2	nef mediated downregulation of mhc class i complex cell surface expression
BLCA	bladder	CARBOPLATIN	A	RECIST response	18	8	REACTOME_EFFECTS_OF_PIP2_HYDROLYSIS	-2.0960999964668647	0.4384178588831958	-2.5482358416271698	-3.2840413652239993	0.14				resistance	3	effects of pip2 hydrolysis
BLCA	bladder	CARBOPLATIN	A	RECIST response	18	8	REACTOME_RIP_MEDIATED_NFKB_ACTIVATION_VIA_DAI	-1.6423263540970918	0.4384178588831958	-2.9501890352312548	-3.247398774497651	0.0				resistance	4	rip mediated nfkb activation via dai
BLCA	bladder	CARBOPLATIN	A	RECIST response	18	8	REACTOME_SEMAPHORIN_INTERACTIONS	-2.200563448971886	0.4384178588831958	-2.344062758349774	-3.2135360091552463	0.03				resistance	5	semaphorin interactions
BLCA	bladder	DOXORUBICIN	A	RECIST response	14	9	REACTOME_SYNTHESIS_OF_PIPS_AT_THE_EARLY_ENDOSOME_MEMBRANE	1.955949196281249	0.9944044969982819	2.579442625797532	3.2070063127299173	0.06				response	1	synthesis of pips at the early endosome membrane
BLCA	bladder	DOXORUBICIN	A	RECIST response	14	9	REACTOME_REGULATION_OF_THE_FANCONI_ANEMIA_PATHWAY	0.9458049299871863	0.9944044969982819	3.229123668831809	2.952120323194563	0.0				response	2	regulation of the fanconi anemia pathway
BLCA	bladder	DOXORUBICIN	A	RECIST response	14	9	REACTOME_SYNTHESIS_OF_PIPS_AT_THE_LATE_ENDOSOME_MEMBRANE	2.239156236171731	0.9944044969982819	1.7108274295432453	2.793060235603156	0.13				response	3	synthesis of pips at the late endosome membrane
BLCA	bladder	DOXORUBICIN	A	RECIST response	14	9	REACTOME_SYNTHESIS_OF_PIPS_AT_THE_GOLGI_MEMBRANE	1.9420693951987866	0.9944044969982819	1.950983868643542	2.752804362383332	0.19				response	4	synthesis of pips at the golgi membrane
BLCA	bladder	DOXORUBICIN	A	RECIST response	14	9	REACTOME_CTLA4_INHIBITORY_SIGNALING	1.066031878053174	0.9944044969982819	2.629701627142142	2.6132782229819362	0.0				response	5	ctla4 inhibitory signaling
BLCA	bladder	DOXORUBICIN	A	RECIST response	14	9	REACTOME_PHOSPHOLIPASE_C_MEDIATED_CASCADE	-1.695203705837023	0.9944044969982819	-2.5516361676287644	-3.0029692731410775	0.0				resistance	1	phospholipase c mediated cascade
BLCA	bladder	DOXORUBICIN	A	RECIST response	14	9	REACTOME_NEGATIVE_REGULATION_OF_FGFR_SIGNALING	-2.5159718144175542	0.9944044969982819	-1.275515550261095	-2.6809864263473853	0.2				resistance	2	negative regulation of fgfr signaling
BLCA	bladder	DOXORUBICIN	A	RECIST response	14	9	REACTOME_AMINO_ACID_SYNTHESIS_AND_INTERCONVERSION_TRANSAMINATION	-1.4468161903873247	0.9944044969982819	-2.2282988286515364	-2.5986987516029063	0.04				resistance	3	amino acid synthesis and interconversion transamination
BLCA	bladder	DOXORUBICIN	A	RECIST response	14	9	REACTOME_ACYL_CHAIN_REMODELLING_OF_PC	-0.6864184016381047	0.9944044969982819	-2.909795902720615	-2.5429075212121135	0.0				resistance	4	acyl chain remodelling of pc
BLCA	bladder	DOXORUBICIN	A	RECIST response	14	9	REACTOME_FGFR_LIGAND_BINDING_AND_ACTIVATION	-2.3561690455104727	0.9944044969982819	-1.2078279759507655	-2.5201264620038986	0.16				resistance	5	fgfr ligand binding and activation
BLCA	bladder	METHOTREXATE	A	RECIST response	10	5	REACTOME_ACTIVATION_OF_CHAPERONES_BY_ATF6_ALPHA	2.5556011610417793	0.9960485882750472		2.5556011610417793	0.46				response	1	activation of chaperones by atf6 alpha
BLCA	bladder	METHOTREXATE	A	RECIST response	10	5	REACTOME_SYNTHESIS_OF_VERY_LONG_CHAIN_FATTY_ACYL_COAS	2.4800069708480184	0.9960485882750472		2.4800069708480184	0.47				response	2	synthesis of very long chain fatty acyl coas
BLCA	bladder	METHOTREXATE	A	RECIST response	10	5	REACTOME_SYNTHESIS_OF_PIPS_AT_THE_LATE_ENDOSOME_MEMBRANE	2.438484738315424	0.9960485882750472		2.438484738315424	0.24				response	3	synthesis of pips at the late endosome membrane
BLCA	bladder	METHOTREXATE	A	RECIST response	10	5	REACTOME_FATTY_ACYL_COA_BIOSYNTHESIS	2.40599748476997	0.9960485882750472		2.40599748476997	0.27				response	4	fatty acyl coa biosynthesis
BLCA	bladder	METHOTREXATE	A	RECIST response	10	5	REACTOME_IKK_COMPLEX_RECRUITMENT_MEDIATED_BY_RIP1	2.400841118921471	0.9960485882750472		2.400841118921471	0.28				response	5	ikk complex recruitment mediated by rip1
BLCA	bladder	METHOTREXATE	A	RECIST response	10	5	REACTOME_AMINE_DERIVED_HORMONES	-2.359560402393631	0.9960485882750472		-2.359560402393631	0.26				resistance	1	amine derived hormones
BLCA	bladder	METHOTREXATE	A	RECIST response	10	5	REACTOME_PI_3K_CASCADE	-2.172679344247906	0.9960485882750472		-2.172679344247906	0.11				resistance	2	pi 3k cascade
BLCA	bladder	METHOTREXATE	A	RECIST response	10	5	REACTOME_PI3K_CASCADE	-2.0682001699498374	0.9960485882750472		-2.0682001699498374	0.06				resistance	3	pi3k cascade
BLCA	bladder	METHOTREXATE	A	RECIST response	10	5	REACTOME_SIGNALING_BY_INSULIN_RECEPTOR	-2.0396730034367616	0.9960485882750472		-2.0396730034367616	0.05				resistance	4	signaling by insulin receptor
BLCA	bladder	METHOTREXATE	A	RECIST response	10	5	REACTOME_INSULIN_RECEPTOR_SIGNALLING_CASCADE	-1.9750578745882683	0.9960485882750472		-1.9750578745882683	0.01				resistance	5	insulin receptor signalling cascade
BLCA	bladder	VINBLASTINE	A	RECIST response	10	5	REACTOME_ACTIVATION_OF_CHAPERONES_BY_ATF6_ALPHA	2.5556011610417793	0.9960485882750472		2.5556011610417793	0.47				response	1	activation of chaperones by atf6 alpha
BLCA	bladder	VINBLASTINE	A	RECIST response	10	5	REACTOME_SYNTHESIS_OF_VERY_LONG_CHAIN_FATTY_ACYL_COAS	2.4800069708480184	0.9960485882750472		2.4800069708480184	0.4				response	2	synthesis of very long chain fatty acyl coas
BLCA	bladder	VINBLASTINE	A	RECIST response	10	5	REACTOME_SYNTHESIS_OF_PIPS_AT_THE_LATE_ENDOSOME_MEMBRANE	2.438484738315424	0.9960485882750472		2.438484738315424	0.22				response	3	synthesis of pips at the late endosome membrane
BLCA	bladder	VINBLASTINE	A	RECIST response	10	5	REACTOME_FATTY_ACYL_COA_BIOSYNTHESIS	2.40599748476997	0.9960485882750472		2.40599748476997	0.31				response	4	fatty acyl coa biosynthesis
BLCA	bladder	VINBLASTINE	A	RECIST response	10	5	REACTOME_IKK_COMPLEX_RECRUITMENT_MEDIATED_BY_RIP1	2.400841118921471	0.9960485882750472		2.400841118921471	0.35				response	5	ikk complex recruitment mediated by rip1
BLCA	bladder	VINBLASTINE	A	RECIST response	10	5	REACTOME_AMINE_DERIVED_HORMONES	-2.359560402393631	0.9960485882750472		-2.359560402393631	0.24				resistance	1	amine derived hormones
BLCA	bladder	VINBLASTINE	A	RECIST response	10	5	REACTOME_PI_3K_CASCADE	-2.172679344247906	0.9960485882750472		-2.172679344247906	0.12				resistance	2	pi 3k cascade
BLCA	bladder	VINBLASTINE	A	RECIST response	10	5	REACTOME_PI3K_CASCADE	-2.0682001699498374	0.9960485882750472		-2.0682001699498374	0.07				resistance	3	pi3k cascade
BLCA	bladder	VINBLASTINE	A	RECIST response	10	5	REACTOME_SIGNALING_BY_INSULIN_RECEPTOR	-2.0396730034367616	0.9960485882750472		-2.0396730034367616	0.09				resistance	4	signaling by insulin receptor
BLCA	bladder	VINBLASTINE	A	RECIST response	10	5	REACTOME_INSULIN_RECEPTOR_SIGNALLING_CASCADE	-1.9750578745882683	0.9960485882750472		-1.9750578745882683	0.01				resistance	5	insulin receptor signalling cascade
BRCA	breast	ANASTROZOLE	A	RECIST response	22	17	REACTOME_CREATION_OF_C4_AND_C2_ACTIVATORS	2.8432248818293844	0.3146782510355816		2.8432248818293844	0.2828282828282828				response	1	creation of c4 and c2 activators
BRCA	breast	ANASTROZOLE	A	RECIST response	22	17	REACTOME_GRB2_SOS_PROVIDES_LINKAGE_TO_MAPK_SIGNALING_FOR_INTERGRINS_	2.7977975623305786	0.3146782510355816		2.7977975623305786	0.35353535353535354				response	2	grb2 sos provides linkage to mapk signaling for intergrins 
BRCA	breast	ANASTROZOLE	A	RECIST response	22	17	REACTOME_INNATE_IMMUNE_SYSTEM	2.7294376050666065	0.3146782510355816		2.7294376050666065	0.2727272727272727				response	3	innate immune system
BRCA	breast	ANASTROZOLE	A	RECIST response	22	17	REACTOME_IL_7_SIGNALING	2.7235021267987642	0.3146782510355816		2.7235021267987642	0.13131313131313133				response	4	il 7 signaling
BRCA	breast	ANASTROZOLE	A	RECIST response	22	17	REACTOME_P130CAS_LINKAGE_TO_MAPK_SIGNALING_FOR_INTEGRINS	2.6535328699947827	0.3146782510355816		2.6535328699947827	0.21212121212121213				response	5	p130cas linkage to mapk signaling for integrins
BRCA	breast	ANASTROZOLE	A	RECIST response	22	17	REACTOME_OPSINS	-2.669639470498716	0.3146782510355816		-2.669639470498716	0.2222222222222222				resistance	1	opsins
BRCA	breast	ANASTROZOLE	A	RECIST response	22	17	REACTOME_AKT_PHOSPHORYLATES_TARGETS_IN_THE_CYTOSOL	-2.663781582039773	0.3146782510355816		-2.663781582039773	0.31313131313131315				resistance	2	akt phosphorylates targets in the cytosol
BRCA	breast	ANASTROZOLE	A	RECIST response	22	17	REACTOME_DIGESTION_OF_DIETARY_CARBOHYDRATE	-2.6184652835106834	0.3146782510355816		-2.6184652835106834	0.21212121212121213				resistance	3	digestion of dietary carbohydrate
BRCA	breast	ANASTROZOLE	A	RECIST response	22	17	REACTOME_REGULATION_OF_GENE_EXPRESSION_IN_BETA_CELLS	-2.5213641934881115	0.3146782510355816		-2.5213641934881115	0.21212121212121213				resistance	4	regulation of gene expression in beta cells
BRCA	breast	ANASTROZOLE	A	RECIST response	22	17	REACTOME_METABOLISM_OF_PROTEINS	-2.488182152830299	0.3146782510355816		-2.488182152830299	0.12121212121212122				resistance	5	metabolism of proteins
BRCA	breast	EXEMESTANE	C	PFI among treated (Cox)	48	10	REACTOME_N_GLYCAN_TRIMMING_IN_THE_ER_AND_CALNEXIN_CALRETICULIN_CYCLE	3.506300178133144	0.2424653433566768		3.506300178133144	0.7	-2.2865470295501464	4.067213882395373	313.0	response	1	n glycan trimming in the er and calnexin calreticulin cycle
BRCA	breast	EXEMESTANE	C	PFI among treated (Cox)	48	10	REACTOME_CALNEXIN_CALRETICULIN_CYCLE	3.3816378116108528	0.2424653433566768		3.3816378116108528	0.65	-2.084288466028862	3.888059980421477	313.0	response	2	calnexin calreticulin cycle
BRCA	breast	EXEMESTANE	C	PFI among treated (Cox)	48	10	REACTOME_SPHINGOLIPID_METABOLISM	2.607175732344478	0.8869769247198551		2.607175732344478	0.29	-0.8528941423825466	2.74197127393425	313.0	response	3	sphingolipid metabolism
BRCA	breast	EXEMESTANE	C	PFI among treated (Cox)	48	10	REACTOME_ERKS_ARE_INACTIVATED	2.4841838785262267	0.8869769247198551		2.4841838785262267	0.18	-0.6926498956979902	2.5655917379069257	313.0	response	4	erks are inactivated
BRCA	breast	EXEMESTANE	C	PFI among treated (Cox)	48	10	REACTOME_ACTIVATION_OF_CHAPERONE_GENES_BY_XBP1S	2.44390499996412	0.8869769247198551		2.44390499996412	0.19	-1.0854656375850718	2.674020171814249	313.0	response	5	activation of chaperone genes by xbp1s
BRCA	breast	EXEMESTANE	C	PFI among treated (Cox)	48	10	REACTOME_CGMP_EFFECTS	-2.3599654515728514	0.8869769247198551		-2.3599654515728514	0.36	-0.43262804509864966	-2.0430888963480784	313.0	resistance	1	cgmp effects
BRCA	breast	EXEMESTANE	C	PFI among treated (Cox)	48	10	REACTOME_AMINE_LIGAND_BINDING_RECEPTORS	-1.9528019805302421	0.8869769247198551		-1.9528019805302421	0.15	-0.621054175741142	-1.67814833893106	313.0	resistance	2	amine ligand binding receptors
BRCA	breast	EXEMESTANE	C	PFI among treated (Cox)	48	10	REACTOME_RNA_POL_III_TRANSCRIPTION	-1.9523764529224477	0.8869769247198551		-1.9523764529224477	0.06	-0.506816720476498	-1.6651045865563043	313.0	resistance	3	rna pol iii transcription
BRCA	breast	EXEMESTANE	C	PFI among treated (Cox)	48	10	REACTOME_RECYCLING_OF_BILE_ACIDS_AND_SALTS	-1.908638139791323	0.8869769247198551		-1.908638139791323	0.14	0.2579564021066128	-1.874981447222326	313.0	resistance	4	recycling of bile acids and salts
BRCA	breast	EXEMESTANE	C	PFI among treated (Cox)	48	10	REACTOME_NITRIC_OXIDE_STIMULATES_GUANYLATE_CYCLASE	-1.880595724669351	0.8869769247198551		-1.880595724669351	0.22	-1.0975676959269345	-1.4254131779160042	313.0	resistance	5	nitric oxide stimulates guanylate cyclase
BRCA	breast	FLUOROURACIL	C	PFI among treated (Cox)	101	10	REACTOME_MRNA_DECAY_BY_3_TO_5_EXORIBONUCLEASE	1.9896040095239462	0.7601603870429395	2.9021875471402305	3.4590189818683363	0.0	0.709088101422113	1.61405167223469	313.0	response	1	mrna decay by 3 to 5 exoribonuclease
BRCA	breast	FLUOROURACIL	C	PFI among treated (Cox)	101	10	REACTOME_METABOLISM_OF_RNA	1.47552696814726	0.782839650735134	3.0112806136198587	3.1726520669467444	0.0	-0.22196232789006523	1.4436861221464223	313.0	response	2	metabolism of rna
BRCA	breast	FLUOROURACIL	C	PFI among treated (Cox)	101	10	REACTOME_ALPHA_LINOLENIC_ACID_ALA_METABOLISM	1.5451615086445307	0.782839650735134	2.7114568573646984	3.0098837115283277	0.03	-1.802362517781749	2.1672971748016003	313.0	response	3	alpha linolenic acid ala metabolism
BRCA	breast	FLUOROURACIL	C	PFI among treated (Cox)	101	10	REACTOME_DESTABILIZATION_OF_MRNA_BY_TRISTETRAPROLIN_TTP	2.454219067315098	0.701199753439054	1.7836165934838817	2.9966023333051317	0.12	0.8204820596288743	2.0073688290258547	313.0	response	4	destabilization of mrna by tristetraprolin ttp
BRCA	breast	FLUOROURACIL	C	PFI among treated (Cox)	101	10	REACTOME_REGULATION_OF_MRNA_STABILITY_BY_PROTEINS_THAT_BIND_AU_RICH_ELEMENTS	1.7332016485362642	0.782839650735134	2.2176962970226746	2.7937067290807245	0.06	-0.07490101131381745	1.6499970876441226	313.0	response	5	regulation of mrna stability by proteins that bind au rich elements
BRCA	breast	FLUOROURACIL	C	PFI among treated (Cox)	101	10	REACTOME_CHONDROITIN_SULFATE_DERMATAN_SULFATE_METABOLISM	-2.166013878186675	0.701199753439054	-3.002361343111726	-3.6545931666966225	0.08	-1.6029556749704563	-1.4256294519184118	313.0	resistance	1	chondroitin sulfate dermatan sulfate metabolism
BRCA	breast	FLUOROURACIL	C	PFI among treated (Cox)	101	10	REACTOME_GAP_JUNCTION_DEGRADATION	-1.7721592068779641	0.782839650735134	-3.283297346187481	-3.5747476106665452	0.03	0.14705526700475235	-1.6860725189084218	313.0	resistance	2	gap junction degradation
BRCA	breast	FLUOROURACIL	C	PFI among treated (Cox)	101	10	REACTOME_OTHER_SEMAPHORIN_INTERACTIONS	-2.01244326937679	0.7601603870429395	-2.8132364034400394	-3.4122708204828593	0.07	-1.7170390862835747	-1.0870973366327426	313.0	resistance	3	other semaphorin interactions
BRCA	breast	FLUOROURACIL	C	PFI among treated (Cox)	101	10	REACTOME_SIGNALING_BY_NOTCH	-3.30472456211256	0.6398196233375868	-1.3016966869655582	-3.2572317022249435	0.53	-0.5226884551977442	-2.8943399152058173	313.0	resistance	4	signaling by notch
BRCA	breast	FLUOROURACIL	C	PFI among treated (Cox)	101	10	REACTOME_CGMP_EFFECTS	-2.60798969710421	0.701199753439054	-1.815808627059721	-3.128097793618	0.21	-0.43262804509864966	-2.151764919654615	313.0	resistance	5	cgmp effects
BRCA	breast	LETROZOLE	C	PFI among treated (Cox)	74	12	REACTOME_NOD1_2_SIGNALING_PATHWAY	3.090165541593385	0.4292450160684189		3.090165541593385	0.37	1.3703916223529768	2.2032623297053577	313.0	response	1	nod1 2 signaling pathway
BRCA	breast	LETROZOLE	C	PFI among treated (Cox)	74	12	REACTOME_NUCLEOTIDE_BINDING_DOMAIN_LEUCINE_RICH_REPEAT_CONTAINING_RECEPTOR_NLR_SIGNALING_PATHWAYS	2.8918327710306	0.4292450160684189		2.8918327710306	0.23	2.082865342576184	1.685210865570272	313.0	response	2	nucleotide binding domain leucine rich repeat containing receptor nlr signaling pathways
BRCA	breast	LETROZOLE	C	PFI among treated (Cox)	74	12	REACTOME_THE_NLRP3_INFLAMMASOME	2.715955207938185	0.4292450160684189		2.715955207938185	0.15	2.032474585134981	1.667747677319542	313.0	response	3	the nlrp3 inflammasome
BRCA	breast	LETROZOLE	C	PFI among treated (Cox)	74	12	REACTOME_IL_7_SIGNALING	2.663703061953457	0.4292450160684189		2.663703061953457	0.17	2.163738928436819	1.3850266941850626	313.0	response	4	il 7 signaling
BRCA	breast	LETROZOLE	C	PFI among treated (Cox)	74	12	REACTOME_AMINO_ACID_TRANSPORT_ACROSS_THE_PLASMA_MEMBRANE	2.6040590585717442	0.4292450160684189		2.6040590585717442	0.23	-1.809425535127648	3.117342382414913	313.0	response	5	amino acid transport across the plasma membrane
BRCA	breast	LETROZOLE	C	PFI among treated (Cox)	74	12	REACTOME_INHIBITION_OF_REPLICATION_INITIATION_OF_DAMAGED_DNA_BY_RB1_E2F1	-2.789793353869761	0.4292450160684189		-2.789793353869761	0.3	-0.5477435910038639	-2.404752542743076	313.0	resistance	1	inhibition of replication initiation of damaged dna by rb1 e2f1
BRCA	breast	LETROZOLE	C	PFI among treated (Cox)	74	12	REACTOME_ENOS_ACTIVATION_AND_REGULATION	-2.656749457318197	0.4292450160684189		-2.656749457318197	0.23	-0.2457278666525855	-2.3673974293045665	313.0	resistance	2	enos activation and regulation
BRCA	breast	LETROZOLE	C	PFI among treated (Cox)	74	12	REACTOME_PKB_MEDIATED_EVENTS	-2.447857970000661	0.4292450160684189		-2.447857970000661	0.2	0.19221414496480202	-2.353877339447072	313.0	resistance	3	pkb mediated events
BRCA	breast	LETROZOLE	C	PFI among treated (Cox)	74	12	REACTOME_AKT_PHOSPHORYLATES_TARGETS_IN_THE_CYTOSOL	-2.356726148352543	0.4292450160684189		-2.356726148352543	0.09	1.8983451107332334	-2.90354170806771	313.0	resistance	4	akt phosphorylates targets in the cytosol
BRCA	breast	LETROZOLE	C	PFI among treated (Cox)	74	12	REACTOME_OLFACTORY_SIGNALING_PATHWAY	-2.308209915873933	0.4292450160684189		-2.308209915873933	0.17	-0.4461496795299826	-1.9117821472549597	313.0	resistance	5	olfactory signaling pathway
CESC	cervical	CARBOPLATIN	A	RECIST response	11	6	REACTOME_BASE_FREE_SUGAR_PHOSPHATE_REMOVAL_VIA_THE_SINGLE_NUCLEOTIDE_REPLACEMENT_PATHWAY	1.6938732664428608	0.9980533662136398	2.2066503078680446	2.758086669573231	0.050505050505050504				response	1	base free sugar phosphate removal via the single nucleotide replacement pathway
CESC	cervical	CARBOPLATIN	A	RECIST response	11	6	REACTOME_TRANSPORT_OF_GLUCOSE_AND_OTHER_SUGARS_BILE_SALTS_AND_ORGANIC_ACIDS_METAL_IONS_AND_AMINE_COMPOUNDS	1.1974687777411044	0.9980533662136398	2.4657684127876878	2.5902998585176658	0.0				response	2	transport of glucose and other sugars bile salts and organic acids metal ions and amine compounds
CESC	cervical	CARBOPLATIN	A	RECIST response	11	6	REACTOME_N_GLYCAN_ANTENNAE_ELONGATION	2.028464004101197	0.9980533662136398	1.5669351550593225	2.5423311265148145	0.08080808080808081				response	3	n glycan antennae elongation
CESC	cervical	CARBOPLATIN	A	RECIST response	11	6	REACTOME_GLUCURONIDATION	1.7660739203830218	0.9980533662136398	1.7283233911477542	2.4709120351434524	0.010101010101010102				response	4	glucuronidation
CESC	cervical	CARBOPLATIN	A	RECIST response	11	6	REACTOME_TRANSPORT_OF_ORGANIC_ANIONS	0.8505775997248685	0.9980533662136398	2.3538673138918647	2.265884728357132	0.020202020202020204				response	5	transport of organic anions
CESC	cervical	CARBOPLATIN	A	RECIST response	11	6	REACTOME_PROSTANOID_LIGAND_RECEPTORS	-1.2358952943972212	0.9980533662136398	-3.25219132134026	-3.173556480540556	0.0				resistance	1	prostanoid ligand receptors
CESC	cervical	CARBOPLATIN	A	RECIST response	11	6	REACTOME_PHOSPHOLIPASE_C_MEDIATED_CASCADE	-1.2090014728853544	0.9980533662136398	-3.040182585491294	-3.0046268621879024	0.0				resistance	2	phospholipase c mediated cascade
CESC	cervical	CARBOPLATIN	A	RECIST response	11	6	REACTOME_DAG_AND_IP3_SIGNALING	-2.064846792528748	0.9980533662136398	-2.0575603073641253	-2.91498201514582	0.1717171717171717				resistance	3	dag and ip3 signaling
CESC	cervical	CARBOPLATIN	A	RECIST response	11	6	REACTOME_ACYL_CHAIN_REMODELLING_OF_PC	-1.2699380549161723	0.9980533662136398	-2.837062808688854	-2.9040881609941214	0.010101010101010102				resistance	4	acyl chain remodelling of pc
CESC	cervical	CARBOPLATIN	A	RECIST response	11	6	REACTOME_DOWNREGULATION_OF_SMAD2_3_SMAD4_TRANSCRIPTIONAL_ACTIVITY	-1.1730270170591728	0.9980533662136398	-2.729098172514868	-2.759219182586646	0.0				resistance	5	downregulation of smad2 3 smad4 transcriptional activity
CESC	cervical	PACLITAXEL	A	RECIST response	12	7	REACTOME_PHOSPHOLIPID_METABOLISM	2.161615559086946	0.8140913680906996	2.7951205403900485	3.5049417084923404	0.14				response	1	phospholipid metabolism
CESC	cervical	PACLITAXEL	A	RECIST response	12	7	REACTOME_SPHINGOLIPID_METABOLISM	2.204236854572742	0.8140913680906996	1.5969849008039505	2.687869680020691	0.2				response	2	sphingolipid metabolism
CESC	cervical	PACLITAXEL	A	RECIST response	12	7	REACTOME_GLUCURONIDATION	1.9288818809721096	0.8140913680906996	1.6533754550311777	2.5330384542431807	0.05				response	3	glucuronidation
CESC	cervical	PACLITAXEL	A	RECIST response	12	7	REACTOME_N_GLYCAN_ANTENNAE_ELONGATION	1.3804665389829749	0.8140913680906996	2.0279618761407936	2.4101228455229333	0.0				response	4	n glycan antennae elongation
CESC	cervical	PACLITAXEL	A	RECIST response	12	7	REACTOME_SYNTHESIS_OF_BILE_ACIDS_AND_BILE_SALTS_VIA_24_HYDROXYCHOLESTEROL	0.7024032387431121	0.8577071144338205	2.7011302380318574	2.406661601423007	0.0				response	5	synthesis of bile acids and bile salts via 24 hydroxycholesterol
CESC	cervical	PACLITAXEL	A	RECIST response	12	7	REACTOME_PROSTANOID_LIGAND_RECEPTORS	-1.801329995839589	0.8140913680906996	-3.505073031612912	-3.7521935644204887	0.01				resistance	1	prostanoid ligand receptors
CESC	cervical	PACLITAXEL	A	RECIST response	12	7	REACTOME_SIGNALING_BY_BMP	-2.5150287625206125	0.8140913680906996	-2.549392461793046	-3.581086590497265	0.26				resistance	2	signaling by bmp
CESC	cervical	PACLITAXEL	A	RECIST response	12	7	REACTOME_PHOSPHOLIPASE_C_MEDIATED_CASCADE	-1.640489304907398	0.8140913680906996	-3.016927831841242	-3.293291240209397	0.0				resistance	3	phospholipase c mediated cascade
CESC	cervical	PACLITAXEL	A	RECIST response	12	7	REACTOME_INTEGRATION_OF_PROVIRUS	-2.4202188728567644	0.8140913680906996	-2.2136868548100788	-3.2766661634124072	0.32				resistance	4	integration of provirus
CESC	cervical	PACLITAXEL	A	RECIST response	12	7	REACTOME_REGULATION_OF_WATER_BALANCE_BY_RENAL_AQUAPORINS	-0.6215287357872389	0.8775939130524263	-3.803704624848087	-3.1291125176381733	0.0				resistance	5	regulation of water balance by renal aquaporins
COAD	colon	CAPECITABINE	A	RECIST response	19	12	REACTOME_ALPHA_LINOLENIC_ACID_ALA_METABOLISM	1.4904201056297324	0.5585645952613988	2.9490138590986814	3.1391538610893415	0.0				response	1	alpha linolenic acid ala metabolism
COAD	colon	CAPECITABINE	A	RECIST response	19	12	REACTOME_ADHERENS_JUNCTIONS_INTERACTIONS	1.9200012545311662	0.5550719223016216	2.212695505575706	2.9222579036592435	0.05				response	2	adherens junctions interactions
COAD	colon	CAPECITABINE	A	RECIST response	19	12	REACTOME_CTLA4_INHIBITORY_SIGNALING	1.2837990914025772	0.5800490635602598	2.8304642203256254	2.9092234873100344	0.01				response	3	ctla4 inhibitory signaling
COAD	colon	CAPECITABINE	A	RECIST response	19	12	REACTOME_SIGNALING_BY_FGFR1_MUTANTS	1.1948791634299496	0.5849730451711349	2.890361686759311	2.888701507949123	0.04				response	4	signaling by fgfr1 mutants
COAD	colon	CAPECITABINE	A	RECIST response	19	12	REACTOME_MAP_KINASE_ACTIVATION_IN_TLR_CASCADE	1.6708672953632269	0.5550719223016216	2.2514498069599225	2.7734970210166683	0.05				response	5	map kinase activation in tlr cascade
COAD	colon	CAPECITABINE	A	RECIST response	19	12	REACTOME_POL_SWITCHING	-2.1530928219045613	0.5550719223016216	-2.930859412920016	-3.5948971004729615	0.08				resistance	1	pol switching
COAD	colon	CAPECITABINE	A	RECIST response	19	12	REACTOME_TELOMERE_MAINTENANCE	-2.3142667600395606	0.5550719223016216	-2.586756491947757	-3.4655467762331775	0.08				resistance	2	telomere maintenance
COAD	colon	CAPECITABINE	A	RECIST response	19	12	REACTOME_MICRORNA_MIRNA_BIOGENESIS	-2.425869983559614	0.5550719223016216	-2.299312268913812	-3.341208413066284	0.11				resistance	3	microrna mirna biogenesis
COAD	colon	CAPECITABINE	A	RECIST response	19	12	REACTOME_RNA_POL_III_TRANSCRIPTION_TERMINATION	-2.0315379777338265	0.5550719223016216	-2.5193069195856044	-3.217933287022767	0.11				resistance	4	rna pol iii transcription termination
COAD	colon	CAPECITABINE	A	RECIST response	19	12	REACTOME_INSULIN_RECEPTOR_RECYCLING	-3.0088824307796975	0.5550719223016216	-1.3751579951081956	-3.0999847141412884	0.52				resistance	5	insulin receptor recycling
COAD	colon	IRINOTECAN	A	RECIST response	19	6	REACTOME_GLUCOSE_METABOLISM	1.7475734700611176	0.9771940755309267	2.893130074326156	3.2814729457126868	0.04				response	1	glucose metabolism
COAD	colon	IRINOTECAN	A	RECIST response	19	6	REACTOME_EXTRINSIC_PATHWAY_FOR_APOPTOSIS	2.5665878777215574	0.9771940755309267	1.584498580072705	2.9352613835979677	0.48				response	2	extrinsic pathway for apoptosis
COAD	colon	IRINOTECAN	A	RECIST response	19	6	REACTOME_GLUCONEOGENESIS	1.7880788639569922	0.9771940755309267	2.1255592209511773	2.7673600289484996	0.09				response	3	gluconeogenesis
COAD	colon	IRINOTECAN	A	RECIST response	19	6	REACTOME_MRNA_DECAY_BY_3_TO_5_EXORIBONUCLEASE	1.0626501386077214	0.9771940755309267	2.7806991879494585	2.7176583712773326	0.02				response	4	mrna decay by 3 to 5 exoribonuclease
COAD	colon	IRINOTECAN	A	RECIST response	19	6	REACTOME_INFLAMMASOMES	1.6426454289414458	0.9771940755309267	2.1880154208358955	2.7086862633033806	0.03				response	5	inflammasomes
COAD	colon	IRINOTECAN	A	RECIST response	19	6	REACTOME_MTORC1_MEDIATED_SIGNALLING	-2.9810514789893188	0.9771940755309267	-2.1129401188697368	-3.6019960021534345	0.65				resistance	1	mtorc1 mediated signalling
COAD	colon	IRINOTECAN	A	RECIST response	19	6	REACTOME_METABOLISM_OF_PROTEINS	-1.0293790566112366	0.9771940755309267	-3.2373194060455504	-3.0170114162228314	0.02				resistance	2	metabolism of proteins
COAD	colon	IRINOTECAN	A	RECIST response	19	6	REACTOME_INTEGRATION_OF_PROVIRUS	-1.7380361566666112	0.9771940755309267	-2.272684480894266	-2.8360077602641294	0.02				resistance	3	integration of provirus
COAD	colon	IRINOTECAN	A	RECIST response	19	6	REACTOME_REGULATION_OF_WATER_BALANCE_BY_RENAL_AQUAPORINS	-0.6054522822781947	0.9771940755309267	-3.261099914550928	-2.734065278189615	0.0				resistance	4	regulation of water balance by renal aquaporins
COAD	colon	IRINOTECAN	A	RECIST response	19	6	REACTOME_GAP_JUNCTION_DEGRADATION	-0.7754172013407664	0.9771940755309267	-3.070038060432208	-2.71914749234916	0.02				resistance	5	gap junction degradation
DLBC	DLBC	CYCLOPHOSPHAMIDE	B	first-course outcome	39	32	REACTOME_GLUCOSE_METABOLISM	1.6405244895234476	0.4467310278887352	2.720363274238026	3.0836133097491767	0.0				response	1	glucose metabolism
DLBC	DLBC	CYCLOPHOSPHAMIDE	B	first-course outcome	39	32	REACTOME_RESOLUTION_OF_AP_SITES_VIA_THE_MULTIPLE_NUCLEOTIDE_PATCH_REPLACEMENT_PATHWAY	2.3930073080648553	0.36065940476674846	1.967056373368491	3.083030595546702	0.02				response	2	resolution of ap sites via the multiple nucleotide patch replacement pathway
DLBC	DLBC	CYCLOPHOSPHAMIDE	B	first-course outcome	39	32	REACTOME_GLUCONEOGENESIS	1.9954906205587735	0.4039611721253615	2.255354462362652	3.0058013839072317	0.03				response	3	gluconeogenesis
DLBC	DLBC	CYCLOPHOSPHAMIDE	B	first-course outcome	39	32	REACTOME_BASE_FREE_SUGAR_PHOSPHATE_REMOVAL_VIA_THE_SINGLE_NUCLEOTIDE_REPLACEMENT_PATHWAY	1.9217562836726498	0.4039611721253615	2.2164994081946934	2.926188662003226	0.01				response	4	base free sugar phosphate removal via the single nucleotide replacement pathway
DLBC	DLBC	CYCLOPHOSPHAMIDE	B	first-course outcome	39	32	REACTOME_CONVERSION_FROM_APC_C_CDC20_TO_APC_C_CDH1_IN_LATE_ANAPHASE	1.4592468497187834	0.49557180993494726	2.1176009660144297	2.5292133457772454	0.0				response	5	conversion from apc c cdc20 to apc c cdh1 in late anaphase
DLBC	DLBC	CYCLOPHOSPHAMIDE	B	first-course outcome	39	32	REACTOME_RIP_MEDIATED_NFKB_ACTIVATION_VIA_DAI	-2.8773663428879486	0.36065940476674846	-2.180326247010882	-3.576328727474415	0.4				resistance	1	rip mediated nfkb activation via dai
DLBC	DLBC	CYCLOPHOSPHAMIDE	B	first-course outcome	39	32	REACTOME_P38MAPK_EVENTS	-3.214407490552427	0.36065940476674846	-1.446991103661662	-3.2961065557822224	0.47				resistance	2	p38mapk events
DLBC	DLBC	CYCLOPHOSPHAMIDE	B	first-course outcome	39	32	REACTOME_RIG_I_MDA5_MEDIATED_INDUCTION_OF_IFN_ALPHA_BETA_PATHWAYS	-2.190916232928863	0.38495286561970843	-2.2352505387796966	-3.129772538937692	0.03				resistance	3	rig i mda5 mediated induction of ifn alpha beta pathways
DLBC	DLBC	CYCLOPHOSPHAMIDE	B	first-course outcome	39	32	REACTOME_INSULIN_SYNTHESIS_AND_PROCESSING	-2.584886239812524	0.36065940476674846	-1.64585112383288	-2.9915830792529614	0.11				resistance	4	insulin synthesis and processing
DLBC	DLBC	CYCLOPHOSPHAMIDE	B	first-course outcome	39	32	REACTOME_TRAF6_MEDIATED_NFKB_ACTIVATION	-3.4435145628302983	0.36065940476674846	-0.7751559688217945	-2.983050540523052	0.64				resistance	5	traf6 mediated nfkb activation
DLBC	DLBC	DOXORUBICIN	B	first-course outcome	38	31	REACTOME_BASE_FREE_SUGAR_PHOSPHATE_REMOVAL_VIA_THE_SINGLE_NUCLEOTIDE_REPLACEMENT_PATHWAY	1.8214189607260327	0.45179431973453366	2.76535034150724	3.2433356773474356	0.0				response	1	base free sugar phosphate removal via the single nucleotide replacement pathway
DLBC	DLBC	DOXORUBICIN	B	first-course outcome	38	31	REACTOME_GLUCONEOGENESIS	2.2209482825541396	0.4073025699992543	2.307769229434223	3.202286862805241	0.02				response	2	gluconeogenesis
DLBC	DLBC	DOXORUBICIN	B	first-course outcome	38	31	REACTOME_RESOLUTION_OF_AP_SITES_VIA_THE_MULTIPLE_NUCLEOTIDE_PATCH_REPLACEMENT_PATHWAY	2.3295317957909356	0.4073025699992543	2.036978425160636	3.087588987355226	0.01				response	3	resolution of ap sites via the multiple nucleotide patch replacement pathway
DLBC	DLBC	DOXORUBICIN	B	first-course outcome	38	31	REACTOME_SIGNALING_BY_FGFR3_MUTANTS	1.9273706133733628	0.45179431973453366	2.226428639900788	2.9371796196777695	0.0				response	4	signaling by fgfr3 mutants
DLBC	DLBC	DOXORUBICIN	B	first-course outcome	38	31	REACTOME_GLUCOSE_METABOLISM	1.8129523605259608	0.45179431973453366	2.0075638982783457	2.7015129542339835	0.02				response	5	glucose metabolism
DLBC	DLBC	DOXORUBICIN	B	first-course outcome	38	31	REACTOME_RIP_MEDIATED_NFKB_ACTIVATION_VIA_DAI	-2.782789919939551	0.4073025699992543	-2.505786660730408	-3.739588363016092	0.42				resistance	1	rip mediated nfkb activation via dai
DLBC	DLBC	DOXORUBICIN	B	first-course outcome	38	31	REACTOME_RIG_I_MDA5_MEDIATED_INDUCTION_OF_IFN_ALPHA_BETA_PATHWAYS	-2.044857620794937	0.45179431973453366	-2.8139662675752954	-3.4357073200577797	0.04				resistance	2	rig i mda5 mediated induction of ifn alpha beta pathways
DLBC	DLBC	DOXORUBICIN	B	first-course outcome	38	31	REACTOME_P38MAPK_EVENTS	-3.1651448154481834	0.4073025699992543	-1.6307313694205698	-3.3911965720517636	0.45				resistance	3	p38mapk events
DLBC	DLBC	DOXORUBICIN	B	first-course outcome	38	31	REACTOME_TAK1_ACTIVATES_NFKB_BY_PHOSPHORYLATION_AND_ACTIVATION_OF_IKKS_COMPLEX	-2.311849559152681	0.4073025699992543	-1.8481598598596165	-2.9415708699835053	0.12				resistance	4	tak1 activates nfkb by phosphorylation and activation of ikks complex
DLBC	DLBC	DOXORUBICIN	B	first-course outcome	38	31	REACTOME_TRAF6_MEDIATED_NFKB_ACTIVATION	-3.3380678233343986	0.4073025699992543	-0.6691115976616961	-2.8335037420175215	0.6				resistance	5	traf6 mediated nfkb activation
DLBC	DLBC	RITUXIMAB	B	first-course outcome	30	25	REACTOME_LIGAND_GATED_ION_CHANNEL_TRANSPORT	2.592461575129794	0.2558810700646983		2.592461575129794	0.22				response	1	ligand gated ion channel transport
DLBC	DLBC	RITUXIMAB	B	first-course outcome	30	25	REACTOME_G2_M_DNA_DAMAGE_CHECKPOINT	2.4013265114081213	0.2558810700646983		2.4013265114081213	0.04				response	2	g2 m dna damage checkpoint
DLBC	DLBC	RITUXIMAB	B	first-course outcome	30	25	REACTOME_CLASS_C_3_METABOTROPIC_GLUTAMATE_PHEROMONE_RECEPTORS	2.29194659045435	0.2945541669082589		2.29194659045435	0.06				response	3	class c 3 metabotropic glutamate pheromone receptors
DLBC	DLBC	RITUXIMAB	B	first-course outcome	30	25	REACTOME_REPAIR_SYNTHESIS_FOR_GAP_FILLING_BY_DNA_POL_IN_TC_NER	2.264095128235041	0.2945541669082589		2.264095128235041	0.02				response	4	repair synthesis for gap filling by dna pol in tc ner
DLBC	DLBC	RITUXIMAB	B	first-course outcome	30	25	REACTOME_BASE_EXCISION_REPAIR	2.258242684675977	0.2945541669082589		2.258242684675977	0.0				response	5	base excision repair
DLBC	DLBC	RITUXIMAB	B	first-course outcome	30	25	REACTOME_PEROXISOMAL_LIPID_METABOLISM	-3.6693901390705976	0.06178019908122327		-3.6693901390705976	0.72				resistance	1	peroxisomal lipid metabolism
DLBC	DLBC	RITUXIMAB	B	first-course outcome	30	25	REACTOME_RIP_MEDIATED_NFKB_ACTIVATION_VIA_DAI	-3.590174471620056	0.06178019908122327		-3.590174471620056	0.74				resistance	2	rip mediated nfkb activation via dai
DLBC	DLBC	RITUXIMAB	B	first-course outcome	30	25	REACTOME_TRAF6_MEDIATED_NFKB_ACTIVATION	-3.58639948659716	0.06178019908122327		-3.58639948659716	0.72				resistance	3	traf6 mediated nfkb activation
DLBC	DLBC	RITUXIMAB	B	first-course outcome	30	25	REACTOME_ZINC_TRANSPORTERS	-3.5243150572031015	0.06178019908122327		-3.5243150572031015	0.58				resistance	4	zinc transporters
DLBC	DLBC	RITUXIMAB	B	first-course outcome	30	25	REACTOME_METAL_ION_SLC_TRANSPORTERS	-3.503613459781632	0.06178019908122327		-3.503613459781632	0.6				resistance	5	metal ion slc transporters
DLBC	DLBC	VINCRISTINE	B	first-course outcome	39	32	REACTOME_REPAIR_SYNTHESIS_FOR_GAP_FILLING_BY_DNA_POL_IN_TC_NER	2.7753601190121575	0.3743406111117342		2.7753601190121575	0.25				response	1	repair synthesis for gap filling by dna pol in tc ner
DLBC	DLBC	VINCRISTINE	B	first-course outcome	39	32	REACTOME_ACTIVATION_OF_ATR_IN_RESPONSE_TO_REPLICATION_STRESS	2.7280309202704225	0.3743406111117342		2.7280309202704225	0.32				response	2	activation of atr in response to replication stress
DLBC	DLBC	VINCRISTINE	B	first-course outcome	39	32	REACTOME_G2_M_CHECKPOINTS	2.652445907426646	0.3743406111117342		2.652445907426646	0.26				response	3	g2 m checkpoints
DLBC	DLBC	VINCRISTINE	B	first-course outcome	39	32	REACTOME_LAGGING_STRAND_SYNTHESIS	2.5174953273482257	0.3743406111117342		2.5174953273482257	0.02				response	4	lagging strand synthesis
DLBC	DLBC	VINCRISTINE	B	first-course outcome	39	32	REACTOME_POL_SWITCHING	2.5006508455713465	0.3743406111117342		2.5006508455713465	0.02				response	5	pol switching
DLBC	DLBC	VINCRISTINE	B	first-course outcome	39	32	REACTOME_TRAF6_MEDIATED_NFKB_ACTIVATION	-3.3840801884879097	0.2983616765154672		-3.3840801884879097	0.62				resistance	1	traf6 mediated nfkb activation
DLBC	DLBC	VINCRISTINE	B	first-course outcome	39	32	REACTOME_P38MAPK_EVENTS	-3.2964665959789294	0.2983616765154672		-3.2964665959789294	0.57				resistance	2	p38mapk events
DLBC	DLBC	VINCRISTINE	B	first-course outcome	39	32	REACTOME_TERMINATION_OF_O_GLYCAN_BIOSYNTHESIS	-3.2094281955043447	0.2983616765154672		-3.2094281955043447	0.45				resistance	3	termination of o glycan biosynthesis
DLBC	DLBC	VINCRISTINE	B	first-course outcome	39	32	REACTOME_SYNTHESIS_OF_PE	-2.9048192745273917	0.3743406111117342		-2.9048192745273917	0.37				resistance	4	synthesis of pe
DLBC	DLBC	VINCRISTINE	B	first-course outcome	39	32	REACTOME_RIP_MEDIATED_NFKB_ACTIVATION_VIA_DAI	-2.9036517990641904	0.3743406111117342		-2.9036517990641904	0.35				resistance	5	rip mediated nfkb activation via dai
ESCA	oesophageal	CISPLATIN	A	RECIST response	17	14	REACTOME_REGULATION_OF_THE_FANCONI_ANEMIA_PATHWAY	2.8062178238799973	0.5773401377086635	2.458568145036979	3.722765860116982	0.37755102040816324				response	1	regulation of the fanconi anemia pathway
ESCA	oesophageal	CISPLATIN	A	RECIST response	17	14	REACTOME_METABOLISM_OF_RNA	1.6898536893622513	0.6157060313902202	3.232789082136969	3.480834085086039	0.0				response	2	metabolism of rna
ESCA	oesophageal	CISPLATIN	A	RECIST response	17	14	REACTOME_CELL_CYCLE	1.3362045946317076	0.6157060313902202	3.2538636296611365	3.2456683675063647	0.0				response	3	cell cycle
ESCA	oesophageal	CISPLATIN	A	RECIST response	17	14	REACTOME_REGULATION_OF_BETA_CELL_DEVELOPMENT	2.1697560621422163	0.5773401377086635	2.096804358284728	3.01691380562602	0.030612244897959183				response	4	regulation of beta cell development
ESCA	oesophageal	CISPLATIN	A	RECIST response	17	14	REACTOME_RESOLUTION_OF_AP_SITES_VIA_THE_MULTIPLE_NUCLEOTIDE_PATCH_REPLACEMENT_PATHWAY	2.0918463547628052	0.5773401377086635	1.8832343429487224	2.810806517115574	0.0				response	5	resolution of ap sites via the multiple nucleotide patch replacement pathway
ESCA	oesophageal	CISPLATIN	A	RECIST response	17	14	REACTOME_RIP_MEDIATED_NFKB_ACTIVATION_VIA_DAI	-2.515223957518545	0.5773401377086635	-2.9466635463099564	-3.862137692035198	0.08163265306122448				resistance	1	rip mediated nfkb activation via dai
ESCA	oesophageal	CISPLATIN	A	RECIST response	17	14	REACTOME_SYNTHESIS_OF_VERY_LONG_CHAIN_FATTY_ACYL_COAS	-2.987581498011058	0.5773401377086635	-1.604970113565016	-3.2474243874946493	0.6530612244897959				resistance	2	synthesis of very long chain fatty acyl coas
ESCA	oesophageal	CISPLATIN	A	RECIST response	17	14	REACTOME_OXYGEN_DEPENDENT_PROLINE_HYDROXYLATION_OF_HYPOXIA_INDUCIBLE_FACTOR_ALPHA	-2.3086324450116327	0.5773401377086635	-2.1823292799460727	-3.1755894897668275	0.10204081632653061				resistance	3	oxygen dependent proline hydroxylation of hypoxia inducible factor alpha
ESCA	oesophageal	CISPLATIN	A	RECIST response	17	14	REACTOME_RIG_I_MDA5_MEDIATED_INDUCTION_OF_IFN_ALPHA_BETA_PATHWAYS	-1.350146514750943	0.6157060313902202	-3.069517744730736	-3.125174568447316	0.0				resistance	4	rig i mda5 mediated induction of ifn alpha beta pathways
ESCA	oesophageal	CISPLATIN	A	RECIST response	17	14	REACTOME_TRANSFERRIN_ENDOCYTOSIS_AND_RECYCLING	-2.977692042964095	0.5773401377086635	-1.1564899548256724	-2.9233081252964928	0.6428571428571429				resistance	5	transferrin endocytosis and recycling
ESCA	oesophageal	FLUOROURACIL	A	RECIST response	11	8	REACTOME_JNK_C_JUN_KINASES_PHOSPHORYLATION_AND_ACTIVATION_MEDIATED_BY_ACTIVATED_HUMAN_TAK1	2.047263000421501	0.5843891229269481	2.15715650931886	2.972973546290429	0.030612244897959183				response	1	jnk c jun kinases phosphorylation and activation mediated by activated human tak1
ESCA	oesophageal	FLUOROURACIL	A	RECIST response	11	8	REACTOME_INHIBITION_OF_INSULIN_SECRETION_BY_ADRENALINE_NORADRENALINE	2.191507632184904	0.5337031083244959	1.939606698166794	2.921138956848609	0.12244897959183673				response	2	inhibition of insulin secretion by adrenaline noradrenaline
ESCA	oesophageal	FLUOROURACIL	A	RECIST response	11	8	REACTOME_SIGNALING_BY_FGFR1_MUTANTS	1.083584876937318	0.8203009785282178	2.8596362368765864	2.7882783892957823	0.0				response	3	signaling by fgfr1 mutants
ESCA	oesophageal	FLUOROURACIL	A	RECIST response	11	8	REACTOME_DOWNSTREAM_SIGNAL_TRANSDUCTION	1.1628583487096575	0.8028120374754448	2.665567861410958	2.707106134448601	0.02040816326530612				response	4	downstream signal transduction
ESCA	oesophageal	FLUOROURACIL	A	RECIST response	11	8	REACTOME_REGULATION_OF_THE_FANCONI_ANEMIA_PATHWAY	1.3939365953102991	0.7046515012828951	2.3715005444541872	2.662566135659146	0.04081632653061224				response	5	regulation of the fanconi anemia pathway
ESCA	oesophageal	FLUOROURACIL	A	RECIST response	11	8	REACTOME_METABOLISM_OF_PROTEINS	-1.581028312357998	0.6662750686189017	-3.163042551760604	-3.354564678447787	0.0				resistance	1	metabolism of proteins
ESCA	oesophageal	FLUOROURACIL	A	RECIST response	11	8	REACTOME_PTM_GAMMA_CARBOXYLATION_HYPUSINE_FORMATION_AND_ARYLSULFATASE_ACTIVATION	-2.8550841985292643	0.5337031083244959	-1.3410514274846663	-2.9671159559329086	0.5306122448979592				resistance	2	ptm gamma carboxylation hypusine formation and arylsulfatase activation
ESCA	oesophageal	FLUOROURACIL	A	RECIST response	11	8	REACTOME_METABOLISM_OF_VITAMINS_AND_COFACTORS	-2.496555280890909	0.5337031083244959	-1.6431453787139545	-2.9272104084890227	0.25510204081632654				resistance	3	metabolism of vitamins and cofactors
ESCA	oesophageal	FLUOROURACIL	A	RECIST response	11	8	REACTOME_REVERSIBLE_HYDRATION_OF_CARBON_DIOXIDE	-1.574053429407201	0.6662750686189017	-2.545296203123712	-2.912820059240921	0.0				resistance	4	reversible hydration of carbon dioxide
ESCA	oesophageal	FLUOROURACIL	A	RECIST response	11	8	REACTOME_GAMMA_CARBOXYLATION_TRANSPORT_AND_AMINO_TERMINAL_CLEAVAGE_OF_PROTEINS	-2.2361864565637384	0.5337031083244959	-1.601427550111242	-2.713602887696355	0.05102040816326531				resistance	5	gamma carboxylation transport and amino terminal cleavage of proteins
GBM	glioblastoma	BEVACIZUMAB	C	PFI among treated (Cox)	31	31	REACTOME_METABOLISM_OF_RNA	1.9356981459919729	0.3499095958001741	2.768120152352596	3.326101816228811	0.0	2.017278710569924	0.5581484106585938	46.0	response	1	metabolism of rna
GBM	glioblastoma	BEVACIZUMAB	C	PFI among treated (Cox)	31	31	REACTOME_CONVERSION_FROM_APC_C_CDC20_TO_APC_C_CDH1_IN_LATE_ANAPHASE	2.331996104608666	0.3359222044322954	2.0776643528611	3.1181008122070444	0.1	0.9090097173613758	1.4269422222829047	46.0	response	2	conversion from apc c cdc20 to apc c cdh1 in late anaphase
GBM	glioblastoma	BEVACIZUMAB	C	PFI among treated (Cox)	31	31	REACTOME_MRNA_DECAY_BY_3_TO_5_EXORIBONUCLEASE	1.479664202750791	0.4263503167885858	2.765783721395746	3.001985016338368	0.0	1.8123878243170213	0.23456953795079202	46.0	response	3	mrna decay by 3 to 5 exoribonuclease
GBM	glioblastoma	BEVACIZUMAB	C	PFI among treated (Cox)	31	31	REACTOME_BASE_FREE_SUGAR_PHOSPHATE_REMOVAL_VIA_THE_SINGLE_NUCLEOTIDE_REPLACEMENT_PATHWAY	1.7241260638454323	0.3867115594935526	2.439397642062204	2.944055846078234	0.0	-0.9827256206041154	1.9019865642172575	46.0	response	4	base free sugar phosphate removal via the single nucleotide replacement pathway
GBM	glioblastoma	BEVACIZUMAB	C	PFI among treated (Cox)	31	31	REACTOME_INHIBITION_OF_VOLTAGE_GATED_CA2_CHANNELS_VIA_GBETA_GAMMA_SUBUNITS	1.5382092377682786	0.42146612429944014	2.410787713016552	2.7923625227849524	0.01	-1.4650148284302689	2.098447192159364	46.0	response	5	inhibition of voltage gated ca2 channels via gbeta gamma subunits
GBM	glioblastoma	BEVACIZUMAB	C	PFI among treated (Cox)	31	31	REACTOME_RIP_MEDIATED_NFKB_ACTIVATION_VIA_DAI	-2.4036250259693137	0.3359222044322954	-2.2702649182354877	-3.3049392740668293	0.03	-1.859962198086773	-0.28895335458391025	46.0	resistance	1	rip mediated nfkb activation via dai
GBM	glioblastoma	BEVACIZUMAB	C	PFI among treated (Cox)	31	31	REACTOME_P75NTR_RECRUITS_SIGNALLING_COMPLEXES	-2.647641178216716	0.3359222044322954	-1.9981327349041869	-3.285058237827353	0.2	-0.2886308047730377	-1.6540606972540999	46.0	resistance	2	p75ntr recruits signalling complexes
GBM	glioblastoma	BEVACIZUMAB	C	PFI among treated (Cox)	31	31	REACTOME_SEMAPHORIN_INTERACTIONS	-1.840964794851815	0.38074811369274153	-2.650644662677165	-3.176047505860372	0.03	-0.6071235245921637	-1.0941602571072655	46.0	resistance	3	semaphorin interactions
GBM	glioblastoma	BEVACIZUMAB	C	PFI among treated (Cox)	31	31	REACTOME_P75NTR_SIGNALS_VIA_NFKB	-2.9143276763313777	0.2862124220117993	-1.5186577415723164	-3.1345940499007834	0.29	-0.5107437489871931	-1.660734153001178	46.0	resistance	4	p75ntr signals via nfkb
GBM	glioblastoma	BEVACIZUMAB	C	PFI among treated (Cox)	31	31	REACTOME_O_LINKED_GLYCOSYLATION_OF_MUCINS	-2.7113061399374243	0.3221685494119728	-1.7195774598002436	-3.133107840022765	0.12	-1.0996940589079307	-1.5232975525294505	46.0	resistance	5	o linked glycosylation of mucins
GBM	glioblastoma	TEMOZOLOMIDE	C	PFI among treated (Cox)	100	79	REACTOME_MRNA_DECAY_BY_3_TO_5_EXORIBONUCLEASE	1.2846988826948749	0.4762109573356407	3.320391760812714	3.256290822002938	0.01	1.8123878243170213	-0.48638850294141206	46.0	response	1	mrna decay by 3 to 5 exoribonuclease
GBM	glioblastoma	TEMOZOLOMIDE	C	PFI among treated (Cox)	100	79	REACTOME_DOWNSTREAM_SIGNAL_TRANSDUCTION	1.8198581991385716	0.3506768573811189	2.568083373254316	3.1027432412893723	0.03	-0.5370384335948817	1.4916442765141003	46.0	response	2	downstream signal transduction
GBM	glioblastoma	TEMOZOLOMIDE	C	PFI among treated (Cox)	100	79	REACTOME_SIGNALING_BY_FGFR1_MUTANTS	1.385631716919933	0.45916272120452983	2.6631805972420035	2.8629426430955034	0.0	1.8218289472206346	-0.9004382960980346	46.0	response	3	signaling by fgfr1 mutants
GBM	glioblastoma	TEMOZOLOMIDE	C	PFI among treated (Cox)	100	79	REACTOME_NOTCH1_INTRACELLULAR_DOMAIN_REGULATES_TRANSCRIPTION	2.026365951207423	0.3506768573811189	1.6029683175684573	2.566326872644144	0.06	2.5200660279855227	-1.2956162494369903	46.0	response	4	notch1 intracellular domain regulates transcription
GBM	glioblastoma	TEMOZOLOMIDE	C	PFI among treated (Cox)	100	79	REACTOME_METABOLISM_OF_RNA	0.8193095566764953	0.681751520260181	2.751703807860612	2.525087765771977	0.0	2.017278710569924	-0.8399410477536913	46.0	response	5	metabolism of rna
GBM	glioblastoma	TEMOZOLOMIDE	C	PFI among treated (Cox)	100	79	REACTOME_ACYL_CHAIN_REMODELLING_OF_PC	-2.2188480067536434	0.3506768573811189	-2.809230548289572	-3.555388442609715	0.07	-1.1341851258375721	-0.2675252579628468	46.0	resistance	1	acyl chain remodelling of pc
GBM	glioblastoma	TEMOZOLOMIDE	C	PFI among treated (Cox)	100	79	REACTOME_POST_TRANSLATIONAL_PROTEIN_MODIFICATION	-2.670417538028434	0.3506768573811189	-2.059611690121343	-3.344635742435278	0.08	-1.8113654033664208	0.16102160280143327	46.0	resistance	2	post translational protein modification
GBM	glioblastoma	TEMOZOLOMIDE	C	PFI among treated (Cox)	100	79	REACTOME_METABOLISM_OF_PROTEINS	-1.6298240911938804	0.3877919696860281	-3.057182486746945	-3.3142141347279117	0.0	-0.8563191380628643	-0.24050341321132845	46.0	resistance	3	metabolism of proteins
GBM	glioblastoma	TEMOZOLOMIDE	C	PFI among treated (Cox)	100	79	REACTOME_PTM_GAMMA_CARBOXYLATION_HYPUSINE_FORMATION_AND_ARYLSULFATASE_ACTIVATION	-2.8778857701339526	0.3506768573811189	-1.7041486102451022	-3.23998758199593	0.24	-1.5456657507519886	-0.126156989703816	46.0	resistance	4	ptm gamma carboxylation hypusine formation and arylsulfatase activation
GBM	glioblastoma	TEMOZOLOMIDE	C	PFI among treated (Cox)	100	79	REACTOME_ACYL_CHAIN_REMODELLING_OF_PG	-1.8248123063354798	0.3506768573811189	-2.1499338808378194	-2.810569982445614	0.0	0.368407688895509	-1.294412694442011	46.0	resistance	5	acyl chain remodelling of pg
HNSC	head & neck	CETUXIMAB	A	RECIST response	20	11	REACTOME_G0_AND_EARLY_G1	2.672111660638123	0.5736072951108129		2.672111660638123	0.39				response	1	g0 and early g1
HNSC	head & neck	CETUXIMAB	A	RECIST response	20	11	REACTOME_ANTIVIRAL_MECHANISM_BY_IFN_STIMULATED_GENES	2.5940784728070456	0.5736072951108129		2.5940784728070456	0.3				response	2	antiviral mechanism by ifn stimulated genes
HNSC	head & neck	CETUXIMAB	A	RECIST response	20	11	REACTOME_PECAM1_INTERACTIONS	2.5188471617447714	0.5736072951108129		2.5188471617447714	0.32				response	3	pecam1 interactions
HNSC	head & neck	CETUXIMAB	A	RECIST response	20	11	REACTOME_REGULATION_OF_THE_FANCONI_ANEMIA_PATHWAY	2.4120076063263314	0.5736072951108129		2.4120076063263314	0.13				response	4	regulation of the fanconi anemia pathway
HNSC	head & neck	CETUXIMAB	A	RECIST response	20	11	REACTOME_HOST_INTERACTIONS_OF_HIV_FACTORS	2.3355638637637086	0.5736072951108129		2.3355638637637086	0.28				response	5	host interactions of hiv factors
HNSC	head & neck	CETUXIMAB	A	RECIST response	20	11	REACTOME_DSCAM_INTERACTIONS	-2.8696508513556456	0.5736072951108129		-2.8696508513556456	0.48				resistance	1	dscam interactions
HNSC	head & neck	CETUXIMAB	A	RECIST response	20	11	REACTOME_ABC_FAMILY_PROTEINS_MEDIATED_TRANSPORT	-2.240676850307708	0.5736072951108129		-2.240676850307708	0.11				resistance	2	abc family proteins mediated transport
HNSC	head & neck	CETUXIMAB	A	RECIST response	20	11	REACTOME_OLFACTORY_SIGNALING_PATHWAY	-2.2347686473145854	0.5736072951108129		-2.2347686473145854	0.14				resistance	3	olfactory signaling pathway
HNSC	head & neck	CETUXIMAB	A	RECIST response	20	11	REACTOME_MEMBRANE_BINDING_AND_TARGETTING_OF_GAG_PROTEINS	-2.077042332544998	0.5736072951108129		-2.077042332544998	0.05				resistance	4	membrane binding and targetting of gag proteins
HNSC	head & neck	CETUXIMAB	A	RECIST response	20	11	REACTOME_ABCA_TRANSPORTERS_IN_LIPID_HOMEOSTASIS	-1.903418333342134	0.5736072951108129		-1.903418333342134	0.03				resistance	5	abca transporters in lipid homeostasis
KIRC	kidney clear cell	SUNITINIB	C	PFI among treated (Cox)	27	24	REACTOME_PEROXISOMAL_LIPID_METABOLISM	2.9448682599753333	0.9309667310919194		2.9448682599753333	0.43	4.523695218378627	0.9299951638333749	455.0	response	1	peroxisomal lipid metabolism
KIRC	kidney clear cell	SUNITINIB	C	PFI among treated (Cox)	27	24	REACTOME_SYNTHESIS_OF_PC	2.7703202162697407	0.9309667310919194		2.7703202162697407	0.36	1.0285460168733702	2.1739360951256623	455.0	response	2	synthesis of pc
KIRC	kidney clear cell	SUNITINIB	C	PFI among treated (Cox)	27	24	REACTOME_SYNTHESIS_OF_BILE_ACIDS_AND_BILE_SALTS_VIA_7ALPHA_HYDROXYCHOLESTEROL	2.609474540998346	0.9309667310919194		2.609474540998346	0.22	3.0553920612457133	1.1532468709577983	455.0	response	3	synthesis of bile acids and bile salts via 7alpha hydroxycholesterol
KIRC	kidney clear cell	SUNITINIB	C	PFI among treated (Cox)	27	24	REACTOME_SYNTHESIS_OF_BILE_ACIDS_AND_BILE_SALTS	2.5430323614946295	0.9309667310919194		2.5430323614946295	0.17	3.687105045459279	0.6052643971383609	455.0	response	4	synthesis of bile acids and bile salts
KIRC	kidney clear cell	SUNITINIB	C	PFI among treated (Cox)	27	24	REACTOME_MITOCHONDRIAL_FATTY_ACID_BETA_OXIDATION	2.503907064954024	0.9309667310919194		2.503907064954024	0.11	5.820176391971337	0.09735841770496684	455.0	response	5	mitochondrial fatty acid beta oxidation
KIRC	kidney clear cell	SUNITINIB	C	PFI among treated (Cox)	27	24	REACTOME_FGFR1_LIGAND_BINDING_AND_ACTIVATION	-3.2945334670304303	0.6634784260888392		-3.2945334670304303	0.53	0.337699217660773	-3.2500527249624866	455.0	resistance	1	fgfr1 ligand binding and activation
KIRC	kidney clear cell	SUNITINIB	C	PFI among treated (Cox)	27	24	REACTOME_SIGNALING_BY_ACTIVATED_POINT_MUTANTS_OF_FGFR1	-2.681999446545765	0.9309667310919194		-2.681999446545765	0.31	0.19620922806169375	-2.579959603451677	455.0	resistance	2	signaling by activated point mutants of fgfr1
KIRC	kidney clear cell	SUNITINIB	C	PFI among treated (Cox)	27	24	REACTOME_REGULATORY_RNA_PATHWAYS	-2.4421484622367737	0.9309667310919194		-2.4421484622367737	0.23	-3.474070567196757	-0.7478367589117982	455.0	resistance	3	regulatory rna pathways
KIRC	kidney clear cell	SUNITINIB	C	PFI among treated (Cox)	27	24	REACTOME_MICRORNA_MIRNA_BIOGENESIS	-2.191710683060341	0.9309667310919194		-2.191710683060341	0.14	-4.373361431040826	-0.0036091299644826083	455.0	resistance	4	microrna mirna biogenesis
KIRC	kidney clear cell	SUNITINIB	C	PFI among treated (Cox)	27	24	REACTOME_ACTIVATED_POINT_MUTANTS_OF_FGFR2	-2.185473142107404	0.9309667310919194		-2.185473142107404	0.2	0.36338186562814223	-2.19083710678213	455.0	resistance	5	activated point mutants of fgfr2
LGG	lower-grade glioma	BEVACIZUMAB	C	PFI among treated (Cox)	46	44	REACTOME_JNK_C_JUN_KINASES_PHOSPHORYLATION_AND_ACTIVATION_MEDIATED_BY_ACTIVATED_HUMAN_TAK1	2.875635619542963	0.1444971023362483	2.333378905718968	3.683329494111936	0.16	2.1754434685361765	0.38595996374702907	229.0	response	1	jnk c jun kinases phosphorylation and activation mediated by activated human tak1
LGG	lower-grade glioma	BEVACIZUMAB	C	PFI among treated (Cox)	46	44	REACTOME_PLATELET_CALCIUM_HOMEOSTASIS	2.311372161979864	0.2888127099499324	2.849505989697128	3.6492919379282966	0.04	-0.07685355513596692	1.6271541706491572	229.0	response	2	platelet calcium homeostasis
LGG	lower-grade glioma	BEVACIZUMAB	C	PFI among treated (Cox)	46	44	REACTOME_DOWNSTREAM_SIGNAL_TRANSDUCTION	2.114022407807657	0.3009893294708725	2.9713892484360094	3.595929067255008	0.0	-0.726372762963024	2.0879776191009576	229.0	response	3	downstream signal transduction
LGG	lower-grade glioma	BEVACIZUMAB	C	PFI among treated (Cox)	46	44	REACTOME_N_GLYCAN_ANTENNAE_ELONGATION	2.8123516514557676	0.15044824335852097	1.822338729130788	3.277220996812814	0.16	0.8615198272020766	1.1589678142281812	229.0	response	4	n glycan antennae elongation
LGG	lower-grade glioma	BEVACIZUMAB	C	PFI among treated (Cox)	46	44	REACTOME_DEVELOPMENTAL_BIOLOGY	2.3285899960914094	0.2888127099499324	2.217685126490753	3.2147019683175495	0.04	-1.2953939972761817	2.5690766967988714	229.0	response	5	developmental biology
LGG	lower-grade glioma	BEVACIZUMAB	C	PFI among treated (Cox)	46	44	REACTOME_BRANCHED_CHAIN_AMINO_ACID_CATABOLISM	-3.3761028131738455	0.11522376613717211	-1.880601957386499	-3.717051589958894	0.38	1.139305986935341	-3.1178408075114237	229.0	resistance	1	branched chain amino acid catabolism
LGG	lower-grade glioma	BEVACIZUMAB	C	PFI among treated (Cox)	46	44	REACTOME_MHC_CLASS_II_ANTIGEN_PRESENTATION	-1.6032015727517865	0.3939950354126785	-2.7509760207833613	-3.0788685028792258	0.01	-2.459703192829503	0.4663799081887103	229.0	resistance	2	mhc class ii antigen presentation
LGG	lower-grade glioma	BEVACIZUMAB	C	PFI among treated (Cox)	46	44	REACTOME_TIGHT_JUNCTION_INTERACTIONS	-2.6106647632015134	0.1900518973776862	-1.7350756537327383	-3.0729025180906637	0.13	-1.3078395891080798	-0.8670090674315873	229.0	resistance	3	tight junction interactions
LGG	lower-grade glioma	BEVACIZUMAB	C	PFI among treated (Cox)	46	44	REACTOME_GLUTATHIONE_CONJUGATION	-2.6834228181886823	0.16911513833781217	-1.6549963758612456	-3.0677256317425803	0.08	0.20354027962724394	-2.0430879863466527	229.0	resistance	4	glutathione conjugation
LGG	lower-grade glioma	BEVACIZUMAB	C	PFI among treated (Cox)	46	44	REACTOME_ABCA_TRANSPORTERS_IN_LIPID_HOMEOSTASIS	-2.6335385906519275	0.1834472790875508	-1.6665000162945385	-3.040586458335801	0.09	-1.6289324294469982	-0.9617371781213568	229.0	resistance	5	abca transporters in lipid homeostasis
LGG	lower-grade glioma	IRINOTECAN	C	PFI among treated (Cox)	21	21	REACTOME_MAP_KINASE_ACTIVATION_IN_TLR_CASCADE	1.8803556039351919	0.8731949529763946	2.46460241974201	3.0723492825130494	0.07	-2.7970757958801955	3.0734395908601853	229.0	response	1	map kinase activation in tlr cascade
LGG	lower-grade glioma	IRINOTECAN	C	PFI among treated (Cox)	21	21	REACTOME_CREB_PHOSPHORYLATION_THROUGH_THE_ACTIVATION_OF_CAMKII	1.75527495717944	0.8731949529763946	2.5817625062077205	3.0667486006211635	0.01	0.418674330168723	1.2436251221793921	229.0	response	2	creb phosphorylation through the activation of camkii
LGG	lower-grade glioma	IRINOTECAN	C	PFI among treated (Cox)	21	21	REACTOME_DOWNSTREAM_SIGNAL_TRANSDUCTION	1.5230991232333084	0.8731949529763946	2.760028446269885	3.0286285490827636	0.01	-0.726372762963024	1.6861907322695988	229.0	response	3	downstream signal transduction
LGG	lower-grade glioma	IRINOTECAN	C	PFI among treated (Cox)	21	21	REACTOME_PLATELET_CALCIUM_HOMEOSTASIS	1.2648239564190171	0.8731949529763946	2.8473260906424223	2.907729183533724	0.01	-0.07685355513596692	1.0585152328584102	229.0	response	4	platelet calcium homeostasis
LGG	lower-grade glioma	IRINOTECAN	C	PFI among treated (Cox)	21	21	REACTOME_CELL_DEATH_SIGNALLING_VIA_NRAGE_NRIF_AND_NADE	3.073216956844206	0.7125874354714602	1.0260654763711996	2.8986304065255037	0.5	-0.8123723072543731	3.1238172009811422	229.0	response	5	cell death signalling via nrage nrif and nade
LGG	lower-grade glioma	IRINOTECAN	C	PFI among treated (Cox)	21	21	REACTOME_ACYL_CHAIN_REMODELLING_OF_PC	-1.0021841941252232	0.8731949529763946	-2.8357965230525237	-2.7138621911795937	0.0	-1.867426573880936	0.27889287722096806	229.0	resistance	1	acyl chain remodelling of pc
LGG	lower-grade glioma	IRINOTECAN	C	PFI among treated (Cox)	21	21	REACTOME_RIP_MEDIATED_NFKB_ACTIVATION_VIA_DAI	-1.2161069478178217	0.8731949529763946	-2.307060879934921	-2.4912558622622423	0.02	-1.6338449244297875	-0.11577939133440524	229.0	resistance	2	rip mediated nfkb activation via dai
LGG	lower-grade glioma	IRINOTECAN	C	PFI among treated (Cox)	21	21	REACTOME_BRANCHED_CHAIN_AMINO_ACID_CATABOLISM	-1.7181514763399108	0.8731949529763946	-1.7826825783319329	-2.4754634998672573	0.05	1.139305986935341	-2.059052619663044	229.0	resistance	3	branched chain amino acid catabolism
LGG	lower-grade glioma	IRINOTECAN	C	PFI among treated (Cox)	21	21	REACTOME_RIG_I_MDA5_MEDIATED_INDUCTION_OF_IFN_ALPHA_BETA_PATHWAYS	-1.3677091099841743	0.8731949529763946	-1.9770715345150869	-2.365117075306938	0.02	-2.0465462861179615	-0.025903008014039323	229.0	resistance	4	rig i mda5 mediated induction of ifn alpha beta pathways
LGG	lower-grade glioma	IRINOTECAN	C	PFI among treated (Cox)	21	21	REACTOME_INTEGRATION_OF_PROVIRUS	-1.0250145176164853	0.8731949529763946	-2.272684480894266	-2.3318253241590385	0.11	0.5012854491744342	-1.1398930287238875	229.0	resistance	5	integration of provirus
LGG	lower-grade glioma	LOMUSTINE	A	RECIST response	23	3	REACTOME_MYOGENESIS	3.139323687701926	0.2780601806611226		3.139323687701926	0.5612244897959183				response	1	myogenesis
LGG	lower-grade glioma	LOMUSTINE	A	RECIST response	23	3	REACTOME_SIGNALLING_TO_ERKS	2.909965800818035	0.2780601806611226		2.909965800818035	0.3469387755102041				response	2	signalling to erks
LGG	lower-grade glioma	LOMUSTINE	A	RECIST response	23	3	REACTOME_SIGNALLING_TO_RAS	2.804397722542357	0.2780601806611226		2.804397722542357	0.17346938775510204				response	3	signalling to ras
LGG	lower-grade glioma	LOMUSTINE	A	RECIST response	23	3	REACTOME_AMINO_ACID_SYNTHESIS_AND_INTERCONVERSION_TRANSAMINATION	2.624175246713254	0.2780601806611226		2.624175246713254	0.14285714285714285				response	4	amino acid synthesis and interconversion transamination
LGG	lower-grade glioma	LOMUSTINE	A	RECIST response	23	3	REACTOME_SIGNALLING_TO_P38_VIA_RIT_AND_RIN	2.5537908753561362	0.2780601806611226		2.5537908753561362	0.16326530612244897				response	5	signalling to p38 via rit and rin
LGG	lower-grade glioma	LOMUSTINE	A	RECIST response	23	3	REACTOME_TRANSPORT_OF_VITAMINS_NUCLEOSIDES_AND_RELATED_MOLECULES	-3.1221826666921833	0.2780601806611226		-3.1221826666921833	0.4897959183673469				resistance	1	transport of vitamins nucleosides and related molecules
LGG	lower-grade glioma	LOMUSTINE	A	RECIST response	23	3	REACTOME_DOWNSTREAM_SIGNALING_EVENTS_OF_B_CELL_RECEPTOR_BCR	-3.0403825911534463	0.2780601806611226		-3.0403825911534463	0.5306122448979592				resistance	2	downstream signaling events of b cell receptor bcr
LGG	lower-grade glioma	LOMUSTINE	A	RECIST response	23	3	REACTOME_CREATION_OF_C4_AND_C2_ACTIVATORS	-2.9219457695323396	0.2780601806611226		-2.9219457695323396	0.45918367346938777				resistance	3	creation of c4 and c2 activators
LGG	lower-grade glioma	LOMUSTINE	A	RECIST response	23	3	REACTOME_ALPHA_LINOLENIC_ACID_ALA_METABOLISM	-2.898224783095246	0.2780601806611226		-2.898224783095246	0.5102040816326531				resistance	4	alpha linolenic acid ala metabolism
LGG	lower-grade glioma	LOMUSTINE	A	RECIST response	23	3	REACTOME_IKK_COMPLEX_RECRUITMENT_MEDIATED_BY_RIP1	-2.871921199567064	0.2780601806611226		-2.871921199567064	0.41836734693877553				resistance	5	ikk complex recruitment mediated by rip1
LGG	lower-grade glioma	PROCARBAZINE	A	RECIST response	12	3	REACTOME_SIGNALLING_TO_P38_VIA_RIT_AND_RIN	2.6277382602864443	0.5022932276100052		2.6277382602864443	0.4574468085106383				response	1	signalling to p38 via rit and rin
LGG	lower-grade glioma	PROCARBAZINE	A	RECIST response	12	3	REACTOME_MYOGENESIS	2.383822201957921	0.5022932276100052		2.383822201957921	0.3191489361702128				response	2	myogenesis
LGG	lower-grade glioma	PROCARBAZINE	A	RECIST response	12	3	REACTOME_RECRUITMENT_OF_MITOTIC_CENTROSOME_PROTEINS_AND_COMPLEXES	2.245005769819632	0.5022932276100052		2.245005769819632	0.09574468085106383				response	3	recruitment of mitotic centrosome proteins and complexes
LGG	lower-grade glioma	PROCARBAZINE	A	RECIST response	12	3	REACTOME_HORMONE_LIGAND_BINDING_RECEPTORS	2.1635669957546244	0.5022932276100052		2.1635669957546244	0.2127659574468085				response	4	hormone ligand binding receptors
LGG	lower-grade glioma	PROCARBAZINE	A	RECIST response	12	3	REACTOME_SIGNALLING_TO_ERKS	2.1184989936701553	0.5022932276100052		2.1184989936701553	0.05319148936170213				response	5	signalling to erks
LGG	lower-grade glioma	PROCARBAZINE	A	RECIST response	12	3	REACTOME_DOWNSTREAM_SIGNALING_EVENTS_OF_B_CELL_RECEPTOR_BCR	-2.549625546357326	0.5022932276100052		-2.549625546357326	0.30851063829787234				resistance	1	downstream signaling events of b cell receptor bcr
LGG	lower-grade glioma	PROCARBAZINE	A	RECIST response	12	3	REACTOME_IKK_COMPLEX_RECRUITMENT_MEDIATED_BY_RIP1	-2.546971641478285	0.5022932276100052		-2.546971641478285	0.32978723404255317				resistance	2	ikk complex recruitment mediated by rip1
LGG	lower-grade glioma	PROCARBAZINE	A	RECIST response	12	3	REACTOME_TRANSPORT_OF_VITAMINS_NUCLEOSIDES_AND_RELATED_MOLECULES	-2.507027355626859	0.5022932276100052		-2.507027355626859	0.39361702127659576				resistance	3	transport of vitamins nucleosides and related molecules
LGG	lower-grade glioma	PROCARBAZINE	A	RECIST response	12	3	REACTOME_SYNTHESIS_SECRETION_AND_DEACYLATION_OF_GHRELIN	-2.4999061362130126	0.5022932276100052		-2.4999061362130126	0.24468085106382978				resistance	4	synthesis secretion and deacylation of ghrelin
LGG	lower-grade glioma	PROCARBAZINE	A	RECIST response	12	3	REACTOME_REGULATED_PROTEOLYSIS_OF_P75NTR	-2.481186294598473	0.5022932276100052		-2.481186294598473	0.3404255319148936				resistance	5	regulated proteolysis of p75ntr
LGG	lower-grade glioma	VINCRISTINE	A	RECIST response	10	3	REACTOME_RAF_MAP_KINASE_CASCADE	2.776365924447709	0.3870786201706788		2.776365924447709	0.5208333333333334				response	1	raf map kinase cascade
LGG	lower-grade glioma	VINCRISTINE	A	RECIST response	10	3	REACTOME_MYOGENESIS	2.6255382348438787	0.3870786201706788		2.6255382348438787	0.25				response	2	myogenesis
LGG	lower-grade glioma	VINCRISTINE	A	RECIST response	10	3	REACTOME_SIGNALLING_TO_P38_VIA_RIT_AND_RIN	2.5708285516809735	0.3870786201706788		2.5708285516809735	0.20833333333333334				response	3	signalling to p38 via rit and rin
LGG	lower-grade glioma	VINCRISTINE	A	RECIST response	10	3	REACTOME_ARMS_MEDIATED_ACTIVATION	2.4313402839908327	0.3870786201706788		2.4313402839908327	0.08333333333333333				response	4	arms mediated activation
LGG	lower-grade glioma	VINCRISTINE	A	RECIST response	10	3	REACTOME_SHC1_EVENTS_IN_EGFR_SIGNALING	2.430728000467608	0.3870786201706788		2.430728000467608	0.07291666666666667				response	5	shc1 events in egfr signaling
LGG	lower-grade glioma	VINCRISTINE	A	RECIST response	10	3	REACTOME_SYNTHESIS_SECRETION_AND_DEACYLATION_OF_GHRELIN	-2.826022120774612	0.3870786201706788		-2.826022120774612	0.6354166666666666				resistance	1	synthesis secretion and deacylation of ghrelin
LGG	lower-grade glioma	VINCRISTINE	A	RECIST response	10	3	REACTOME_SIGNALING_BY_THE_B_CELL_RECEPTOR_BCR	-2.7771139557394826	0.3870786201706788		-2.7771139557394826	0.4791666666666667				resistance	2	signaling by the b cell receptor bcr
LGG	lower-grade glioma	VINCRISTINE	A	RECIST response	10	3	REACTOME_TRAFFICKING_AND_PROCESSING_OF_ENDOSOMAL_TLR	-2.7566095432183397	0.3870786201706788		-2.7566095432183397	0.375				resistance	3	trafficking and processing of endosomal tlr
LGG	lower-grade glioma	VINCRISTINE	A	RECIST response	10	3	REACTOME_SYNTHESIS_SECRETION_AND_INACTIVATION_OF_GIP	-2.6816762801264686	0.3870786201706788		-2.6816762801264686	0.3229166666666667				resistance	4	synthesis secretion and inactivation of gip
LGG	lower-grade glioma	VINCRISTINE	A	RECIST response	10	3	REACTOME_TRANSPORT_OF_VITAMINS_NUCLEOSIDES_AND_RELATED_MOLECULES	-2.6701652634399426	0.3870786201706788		-2.6701652634399426	0.28125				resistance	5	transport of vitamins nucleosides and related molecules
LIHC	liver	SORAFENIB	A	RECIST response	17	3	REACTOME_PRE_NOTCH_TRANSCRIPTION_AND_TRANSLATION	2.8872949334251397	0.7998693313619019		2.8872949334251397	0.65625				response	1	pre notch transcription and translation
LIHC	liver	SORAFENIB	A	RECIST response	17	3	REACTOME_SIGNALING_BY_ROBO_RECEPTOR	2.865034437096959	0.7998693313619019		2.865034437096959	0.5625				response	2	signaling by robo receptor
LIHC	liver	SORAFENIB	A	RECIST response	17	3	REACTOME_NOTCH_HLH_TRANSCRIPTION_PATHWAY	2.6190176273787285	0.7998693313619019		2.6190176273787285	0.3229166666666667				response	3	notch hlh transcription pathway
LIHC	liver	SORAFENIB	A	RECIST response	17	3	REACTOME_ACTIVATION_OF_BH3_ONLY_PROTEINS	2.4549011520032975	0.7998693313619019		2.4549011520032975	0.3229166666666667				response	4	activation of bh3 only proteins
LIHC	liver	SORAFENIB	A	RECIST response	17	3	REACTOME_PRESYNAPTIC_NICOTINIC_ACETYLCHOLINE_RECEPTORS	2.411886991695527	0.7998693313619019		2.411886991695527	0.21875				response	5	presynaptic nicotinic acetylcholine receptors
LIHC	liver	SORAFENIB	A	RECIST response	17	3	REACTOME_VITAMIN_B5_PANTOTHENATE_METABOLISM	-2.4408709444665297	0.7998693313619019		-2.4408709444665297	0.23958333333333334				resistance	1	vitamin b5 pantothenate metabolism
LIHC	liver	SORAFENIB	A	RECIST response	17	3	REACTOME_STEROID_HORMONES	-2.1162179551766083	0.7998693313619019		-2.1162179551766083	0.03125				resistance	2	steroid hormones
LIHC	liver	SORAFENIB	A	RECIST response	17	3	REACTOME_ANDROGEN_BIOSYNTHESIS	-2.053550807136881	0.7998693313619019		-2.053550807136881	0.0				resistance	3	androgen biosynthesis
LIHC	liver	SORAFENIB	A	RECIST response	17	3	REACTOME_METABOLISM_OF_STEROID_HORMONES_AND_VITAMINS_A_AND_D	-2.0500521822339923	0.7998693313619019		-2.0500521822339923	0.020833333333333332				resistance	4	metabolism of steroid hormones and vitamins a and d
LIHC	liver	SORAFENIB	A	RECIST response	17	3	REACTOME_METABOLISM_OF_VITAMINS_AND_COFACTORS	-1.9783563234062116	0.7998693313619019		-1.9783563234062116	0.13541666666666666				resistance	5	metabolism of vitamins and cofactors
LUAD	lung adeno	DOCETAXEL	A	RECIST response	12	4	REACTOME_TRAFFICKING_OF_GLUR2_CONTAINING_AMPA_RECEPTORS	2.6165335325341426	0.9251187517088898	1.7061985431492026	3.0566331639682933	0.46938775510204084				response	1	trafficking of glur2 containing ampa receptors
LUAD	lung adeno	DOCETAXEL	A	RECIST response	12	4	REACTOME_SEMA3A_PAK_DEPENDENT_AXON_REPULSION	2.1923689399230954	0.9251187517088898	2.123921288791029	3.0520780902929916	0.14285714285714285				response	2	sema3a pak dependent axon repulsion
LUAD	lung adeno	DOCETAXEL	A	RECIST response	12	4	REACTOME_P2Y_RECEPTORS	1.636562941891636	0.9251187517088898	2.4105290546935767	2.8617261948712076	0.05102040816326531				response	3	p2y receptors
LUAD	lung adeno	DOCETAXEL	A	RECIST response	12	4	REACTOME_METABOLISM_OF_CARBOHYDRATES	1.8360375132039068	0.9251187517088898	2.157868788143993	2.8241182291067823	0.01020408163265306				response	4	metabolism of carbohydrates
LUAD	lung adeno	DOCETAXEL	A	RECIST response	12	4	REACTOME_REGULATION_OF_THE_FANCONI_ANEMIA_PATHWAY	1.1059940445010648	0.9323497927635062	2.8671744829144994	2.809454408532514	0.01020408163265306				response	5	regulation of the fanconi anemia pathway
LUAD	lung adeno	DOCETAXEL	A	RECIST response	12	4	REACTOME_MEMBRANE_TRAFFICKING	-1.5607102788328358	0.9323497927635062	-2.7232419489026243	-3.0292116705109606	0.0				resistance	1	membrane trafficking
LUAD	lung adeno	DOCETAXEL	A	RECIST response	12	4	REACTOME_AMINO_ACID_SYNTHESIS_AND_INTERCONVERSION_TRANSAMINATION	-0.9242875842296859	0.9323497927635062	-3.133876015356099	-2.8695550004315176	0.0				resistance	2	amino acid synthesis and interconversion transamination
LUAD	lung adeno	DOCETAXEL	A	RECIST response	12	4	REACTOME_CIRCADIAN_CLOCK	-2.070779834882243	0.9251187517088898	-1.7963341266864743	-2.7344625058464134	0.16326530612244897				resistance	3	circadian clock
LUAD	lung adeno	DOCETAXEL	A	RECIST response	12	4	REACTOME_AKT_PHOSPHORYLATES_TARGETS_IN_THE_CYTOSOL	-2.07903704152175	0.9251187517088898	-1.755679752153356	-2.7115542487376025	0.12244897959183673				resistance	4	akt phosphorylates targets in the cytosol
LUAD	lung adeno	DOCETAXEL	A	RECIST response	12	4	REACTOME_PIP3_ACTIVATES_AKT_SIGNALING	-1.9253803568258314	0.9251187517088898	-1.6391209705071812	-2.5204830601056227	0.030612244897959183				resistance	5	pip3 activates akt signaling
LUAD	lung adeno	ERLOTINIB	C	PFI among treated (Cox)	21	17	REACTOME_DOWNSTREAM_TCR_SIGNALING	2.9309410400410596	0.5685788569121887		2.9309410400410596	0.33	1.5039958144287267	2.40200226708938	338.0	response	1	downstream tcr signaling
LUAD	lung adeno	ERLOTINIB	C	PFI among treated (Cox)	21	17	REACTOME_TCR_SIGNALING	2.4744440778767087	0.8194658733876767		2.4744440778767087	0.1	1.4010643952838495	1.9780182289806019	338.0	response	2	tcr signaling
LUAD	lung adeno	ERLOTINIB	C	PFI among treated (Cox)	21	17	REACTOME_TRANSLOCATION_OF_ZAP_70_TO_IMMUNOLOGICAL_SYNAPSE	2.438570891802957	0.8194658733876767		2.438570891802957	0.1	2.101359301631476	1.7735174926257302	338.0	response	3	translocation of zap 70 to immunological synapse
LUAD	lung adeno	ERLOTINIB	C	PFI among treated (Cox)	21	17	REACTOME_REGULATION_OF_KIT_SIGNALING	2.3654711577755396	0.8194658733876767		2.3654711577755396	0.11	1.5528535788370261	1.7610541027195983	338.0	response	4	regulation of kit signaling
LUAD	lung adeno	ERLOTINIB	C	PFI among treated (Cox)	21	17	REACTOME_PHOSPHORYLATION_OF_CD3_AND_TCR_ZETA_CHAINS	2.360212494050879	0.8194658733876767		2.360212494050879	0.08	2.0632870894412716	1.6811044347788566	338.0	response	5	phosphorylation of cd3 and tcr zeta chains
LUAD	lung adeno	ERLOTINIB	C	PFI among treated (Cox)	21	17	REACTOME_IRON_UPTAKE_AND_TRANSPORT	-3.642422722847583	0.09387390924920556		-3.642422722847583	0.71	0.46154524853180434	-3.5899474063598156	338.0	resistance	1	iron uptake and transport
LUAD	lung adeno	ERLOTINIB	C	PFI among treated (Cox)	21	17	REACTOME_TRANSFERRIN_ENDOCYTOSIS_AND_RECYCLING	-3.634082587744489	0.09387390924920556		-3.634082587744489	0.78	0.3384050206942055	-3.5679848051506795	338.0	resistance	2	transferrin endocytosis and recycling
LUAD	lung adeno	ERLOTINIB	C	PFI among treated (Cox)	21	17	REACTOME_INSULIN_RECEPTOR_RECYCLING	-3.3270527330973914	0.19689683366657137		-3.3270527330973914	0.58	0.2193427752605956	-3.271562438982764	338.0	resistance	3	insulin receptor recycling
LUAD	lung adeno	ERLOTINIB	C	PFI among treated (Cox)	21	17	REACTOME_ALPHA_LINOLENIC_ACID_ALA_METABOLISM	-2.7717168571190025	0.7505500092565016		-2.7717168571190025	0.31	-0.46255054179731964	-2.5030723960213592	338.0	resistance	4	alpha linolenic acid ala metabolism
LUAD	lung adeno	ERLOTINIB	C	PFI among treated (Cox)	21	17	REACTOME_ACTIVATION_OF_CHAPERONE_GENES_BY_XBP1S	-2.674877515993302	0.8194658733876767		-2.674877515993302	0.34	1.1034917154289794	-2.8929751932988075	338.0	resistance	5	activation of chaperone genes by xbp1s
LUAD	lung adeno	ETOPOSIDE	A	RECIST response	15	12	REACTOME_REGULATION_OF_THE_FANCONI_ANEMIA_PATHWAY	2.007537495544027	0.9808915535283776	3.3300896631522385	3.774272359359613	0.23404255319148937				response	1	regulation of the fanconi anemia pathway
LUAD	lung adeno	ETOPOSIDE	A	RECIST response	15	12	REACTOME_METABOLISM_OF_RNA	1.1058379187476592	0.9808915535283776	3.3329015349762354	3.1386627676484373	0.0				response	2	metabolism of rna
LUAD	lung adeno	ETOPOSIDE	A	RECIST response	15	12	REACTOME_GLUCONEOGENESIS	1.8511501459731714	0.9808915535283776	2.286072475627389	2.925458171012142	0.1595744680851064				response	3	gluconeogenesis
LUAD	lung adeno	ETOPOSIDE	A	RECIST response	15	12	REACTOME_SIGNALING_BY_FGFR1_MUTANTS	0.9323953826398762	0.9808915535283776	2.7742728421907685	2.621010237386451	0.0				response	4	signaling by fgfr1 mutants
LUAD	lung adeno	ETOPOSIDE	A	RECIST response	15	12	REACTOME_GLUCOSE_METABOLISM	1.3939037378520585	0.9808915535283776	2.305943148663101	2.616186822806804	0.07446808510638298				response	5	glucose metabolism
LUAD	lung adeno	ETOPOSIDE	A	RECIST response	15	12	REACTOME_GAP_JUNCTION_DEGRADATION	-0.5671789086366376	0.9808915535283776	-3.456260826597522	-2.845001520479481	0.0				resistance	1	gap junction degradation
LUAD	lung adeno	ETOPOSIDE	A	RECIST response	15	12	REACTOME_O_LINKED_GLYCOSYLATION_OF_MUCINS	-1.7246497076714848	0.9808915535283776	-1.885329342738959	-2.552640666486598	0.07446808510638298				resistance	2	o linked glycosylation of mucins
LUAD	lung adeno	ETOPOSIDE	A	RECIST response	15	12	REACTOME_MHC_CLASS_II_ANTIGEN_PRESENTATION	-0.6583185859936551	0.9808915535283776	-2.9396804923146123	-2.5441695469747234	0.0				resistance	3	mhc class ii antigen presentation
LUAD	lung adeno	ETOPOSIDE	A	RECIST response	15	12	REACTOME_GENERIC_TRANSCRIPTION_PATHWAY	-1.1188340311564746	0.9808915535283776	-2.3013680097470712	-2.4184480561509667	0.02127659574468085				resistance	4	generic transcription pathway
LUAD	lung adeno	ETOPOSIDE	A	RECIST response	15	12	REACTOME_RIP_MEDIATED_NFKB_ACTIVATION_VIA_DAI	-0.8624343659691559	0.9808915535283776	-2.5459037162573863	-2.4100589705187403	0.0				resistance	5	rip mediated nfkb activation via dai
LUAD	lung adeno	GEMCITABINE	C	PFI among treated (Cox)	25	20	REACTOME_NOTCH1_INTRACELLULAR_DOMAIN_REGULATES_TRANSCRIPTION	1.1527247935217397	0.9896377787865775	2.300228112945013	2.4416064152804395	0.02	-1.0193755810964127	1.4422277032001154	338.0	response	1	notch1 intracellular domain regulates transcription
LUAD	lung adeno	GEMCITABINE	C	PFI among treated (Cox)	25	20	REACTOME_CELL_CELL_JUNCTION_ORGANIZATION	1.771004519928615	0.9896377787865775	1.153407020933143	2.0678712315235495	0.17	0.5132797333758679	1.4616454597069382	338.0	response	2	cell cell junction organization
LUAD	lung adeno	GEMCITABINE	C	PFI among treated (Cox)	25	20	REACTOME_TRAFFICKING_OF_GLUR2_CONTAINING_AMPA_RECEPTORS	1.0381548122086879	0.9896377787865775	1.818763659381556	2.020146424558568	0.02	0.7606929119899768	0.7888383740378053	338.0	response	3	trafficking of glur2 containing ampa receptors
LUAD	lung adeno	GEMCITABINE	C	PFI among treated (Cox)	25	20	REACTOME_SEMA3A_PAK_DEPENDENT_AXON_REPULSION	1.2609308824555026	0.9896377787865775	1.5806950419473336	2.009332960740737	0.0	0.07336875640475068	1.1292975843547324	338.0	response	4	sema3a pak dependent axon repulsion
LUAD	lung adeno	GEMCITABINE	C	PFI among treated (Cox)	25	20	REACTOME_REGULATION_OF_INSULIN_SECRETION_BY_ACETYLCHOLINE	2.766056945216322	0.9896377787865775	0.0440332528745821	1.9870338348159267	0.42	0.7582846781558513	2.408037622454367	338.0	response	5	regulation of insulin secretion by acetylcholine
LUAD	lung adeno	GEMCITABINE	C	PFI among treated (Cox)	25	20	REACTOME_REGULATION_OF_WATER_BALANCE_BY_RENAL_AQUAPORINS	-0.7493488317701484	0.9896377787865775	-3.6927755241919273	-3.1410562549747083	0.01	1.6545268160403304	-1.3041708838454356	338.0	resistance	1	regulation of water balance by renal aquaporins
LUAD	lung adeno	GEMCITABINE	C	PFI among treated (Cox)	25	20	REACTOME_ACTIVATION_OF_KAINATE_RECEPTORS_UPON_GLUTAMATE_BINDING	-1.5928179811559036	0.9896377787865775	-2.8409358511671616	-3.1351374009474817	0.01	-0.4976827247819708	-1.2890166546493398	338.0	resistance	2	activation of kainate receptors upon glutamate binding
LUAD	lung adeno	GEMCITABINE	C	PFI among treated (Cox)	25	20	REACTOME_DOWNSTREAM_SIGNALING_EVENTS_OF_B_CELL_RECEPTOR_BCR	-0.9977839611258443	0.9896377787865775	-3.342177720684978	-3.068816335298205	0.01	-1.876179687077508	-0.2425771555977305	338.0	resistance	3	downstream signaling events of b cell receptor bcr
LUAD	lung adeno	GEMCITABINE	C	PFI among treated (Cox)	25	20	REACTOME_REGULATION_OF_ORNITHINE_DECARBOXYLASE_ODC	-1.2534361117575954	0.9896377787865775	-2.947354694607179	-2.970407665526637	0.04	-2.3681976858115954	-0.31955889784483366	338.0	resistance	4	regulation of ornithine decarboxylase odc
LUAD	lung adeno	GEMCITABINE	C	PFI among treated (Cox)	25	20	REACTOME_POL_SWITCHING	-0.982602263798297	0.9896377787865775	-2.825643140333925	-2.692836149684398	0.0	-3.05475189289988	0.43126977131309446	338.0	resistance	5	pol switching
LUAD	lung adeno	VINORELBINE	A	RECIST response	16	13	REACTOME_GLUCOSE_METABOLISM	0.7835089881595818	0.9974924882219665	3.546553525526132	3.0618165663888353	0.0				response	1	glucose metabolism
LUAD	lung adeno	VINORELBINE	A	RECIST response	16	13	REACTOME_INTRINSIC_PATHWAY_FOR_APOPTOSIS	2.4516986477107374	0.9974924882219665	1.854217287178873	3.0447423567796554	0.3958333333333333				response	2	intrinsic pathway for apoptosis
LUAD	lung adeno	VINORELBINE	A	RECIST response	16	13	REACTOME_BASE_FREE_SUGAR_PHOSPHATE_REMOVAL_VIA_THE_SINGLE_NUCLEOTIDE_REPLACEMENT_PATHWAY	1.5275006033076695	0.9974924882219665	2.673936623806639	2.970864754022132	0.020833333333333332				response	3	base free sugar phosphate removal via the single nucleotide replacement pathway
LUAD	lung adeno	VINORELBINE	A	RECIST response	16	13	REACTOME_RESOLUTION_OF_AP_SITES_VIA_THE_MULTIPLE_NUCLEOTIDE_PATCH_REPLACEMENT_PATHWAY	1.8382739323047146	0.9974924882219665	2.347118841541005	2.959519612315482	0.125				response	4	resolution of ap sites via the multiple nucleotide patch replacement pathway
LUAD	lung adeno	VINORELBINE	A	RECIST response	16	13	REACTOME_METABOLISM_OF_RNA	0.466093959062542	0.9974924882219665	3.3568505526753665	2.70322998834977	0.0				response	5	metabolism of rna
LUAD	lung adeno	VINORELBINE	A	RECIST response	16	13	REACTOME_GAP_JUNCTION_DEGRADATION	-1.2211653254288226	0.9974924882219665	-2.9333887402826657	-2.937713352670735	0.0				resistance	1	gap junction degradation
LUAD	lung adeno	VINORELBINE	A	RECIST response	16	13	REACTOME_PROSTANOID_LIGAND_RECEPTORS	-0.6887397540816117	0.9974924882219665	-3.228029143753826	-2.7695738479999976	0.0				resistance	2	prostanoid ligand receptors
LUAD	lung adeno	VINORELBINE	A	RECIST response	16	13	REACTOME_MEMBRANE_TRAFFICKING	-1.07786579143773	0.9974924882219665	-2.723160848332235	-2.6877317124520586	0.0625				resistance	3	membrane trafficking
LUAD	lung adeno	VINORELBINE	A	RECIST response	16	13	REACTOME_SIGNALING_BY_BMP	-1.2508427853382698	0.9974924882219665	-2.4212815260315246	-2.5965840019295623	0.0				resistance	4	signaling by bmp
LUAD	lung adeno	VINORELBINE	A	RECIST response	16	13	REACTOME_DOWNSTREAM_SIGNALING_EVENTS_OF_B_CELL_RECEPTOR_BCR	-0.6591729725226524	0.9974924882219665	-2.884347357908335	-2.5056472549201465	0.0				resistance	5	downstream signaling events of b cell receptor bcr
LUSC	lung squamous	DOCETAXEL	A	RECIST response	13	8	REACTOME_GLUCOSE_METABOLISM	2.567793855081018	0.9897144564428888	3.3131087061221423	4.15842608052409	0.52				response	1	glucose metabolism
LUSC	lung squamous	DOCETAXEL	A	RECIST response	13	8	REACTOME_CREB_PHOSPHORYLATION_THROUGH_THE_ACTIVATION_OF_CAMKII	0.9658795161760102	0.9897144564428888	3.332376592764028	3.039326041908005	0.0				response	2	creb phosphorylation through the activation of camkii
LUSC	lung squamous	DOCETAXEL	A	RECIST response	13	8	REACTOME_TRANSPORT_OF_ORGANIC_ANIONS	1.7199916011463228	0.9897144564428888	2.181422704571487	2.758716511791269	0.04				response	3	transport of organic anions
LUSC	lung squamous	DOCETAXEL	A	RECIST response	13	8	REACTOME_GLUCONEOGENESIS	1.4945485780500782	0.9897144564428888	2.303762499054105	2.6858115196763475	0.03				response	4	gluconeogenesis
LUSC	lung squamous	DOCETAXEL	A	RECIST response	13	8	REACTOME_METABOLISM_OF_LIPIDS_AND_LIPOPROTEINS	1.0218025132709248	0.9897144564428888	2.72439603921772	2.648962400135949	0.01				response	5	metabolism of lipids and lipoproteins
LUSC	lung squamous	DOCETAXEL	A	RECIST response	13	8	REACTOME_DOWNREGULATION_OF_SMAD2_3_SMAD4_TRANSCRIPTIONAL_ACTIVITY	-1.7274482647208909	0.9897144564428888	-2.453778614746453	-2.956573880150826	0.15				resistance	1	downregulation of smad2 3 smad4 transcriptional activity
LUSC	lung squamous	DOCETAXEL	A	RECIST response	13	8	REACTOME_PHOSPHOLIPASE_C_MEDIATED_CASCADE	-0.8004951100164068	0.9897144564428888	-3.2915306245964744	-2.8934991457346317	0.01				resistance	2	phospholipase c mediated cascade
LUSC	lung squamous	DOCETAXEL	A	RECIST response	13	8	REACTOME_AMINO_ACID_SYNTHESIS_AND_INTERCONVERSION_TRANSAMINATION	-0.9381330369665787	0.9897144564428888	-3.133876015356099	-2.879345213950372	0.0				resistance	3	amino acid synthesis and interconversion transamination
LUSC	lung squamous	DOCETAXEL	A	RECIST response	13	8	REACTOME_REGULATION_OF_WATER_BALANCE_BY_RENAL_AQUAPORINS	-0.11757522326337833	0.9897144564428888	-3.911790143881378	-2.8491915749862793	0.0				resistance	4	regulation of water balance by renal aquaporins
LUSC	lung squamous	DOCETAXEL	A	RECIST response	13	8	REACTOME_DOWNSTREAM_SIGNALING_EVENTS_OF_B_CELL_RECEPTOR_BCR	-1.121155470773192	0.9897144564428888	-2.7746333573184288	-2.754738698414378	0.12				resistance	5	downstream signaling events of b cell receptor bcr
LUSC	lung squamous	GEMCITABINE	A	RECIST response	17	9	REACTOME_UNFOLDED_PROTEIN_RESPONSE	1.1680591372057478	0.9926807900665912	2.739255165314575	2.762888439539305	0.01				response	1	unfolded protein response
LUSC	lung squamous	GEMCITABINE	A	RECIST response	17	9	REACTOME_BASE_FREE_SUGAR_PHOSPHATE_REMOVAL_VIA_THE_SINGLE_NUCLEOTIDE_REPLACEMENT_PATHWAY	0.8830722779325286	0.9926807900665912	2.856431968952573	2.6442288112483485	0.0				response	2	base free sugar phosphate removal via the single nucleotide replacement pathway
LUSC	lung squamous	GEMCITABINE	A	RECIST response	17	9	REACTOME_PLATELET_CALCIUM_HOMEOSTASIS	0.7882514627563975	0.9926807900665912	2.8999851224696265	2.6079771000336374	0.01				response	3	platelet calcium homeostasis
LUSC	lung squamous	GEMCITABINE	A	RECIST response	17	9	REACTOME_REGULATION_OF_THE_FANCONI_ANEMIA_PATHWAY	1.1503732544153864	0.9926807900665912	2.461037040386502	2.5536527091013235	0.0				response	4	regulation of the fanconi anemia pathway
LUSC	lung squamous	GEMCITABINE	A	RECIST response	17	9	REACTOME_PHOSPHOLIPID_METABOLISM	1.5015916122726125	0.9926807900665912	2.0954059158432723	2.543461344041991	0.0				response	5	phospholipid metabolism
LUSC	lung squamous	GEMCITABINE	A	RECIST response	17	9	REACTOME_REGULATION_OF_WATER_BALANCE_BY_RENAL_AQUAPORINS	-1.678285055307506	0.9926807900665912	-3.6927755241919273	-3.7979133579277966	0.08				resistance	1	regulation of water balance by renal aquaporins
LUSC	lung squamous	GEMCITABINE	A	RECIST response	17	9	REACTOME_ACTIVATION_OF_KAINATE_RECEPTORS_UPON_GLUTAMATE_BINDING	-1.4737531235319117	0.9926807900665912	-2.8409358511671616	-3.0509458327205468	0.01				resistance	2	activation of kainate receptors upon glutamate binding
LUSC	lung squamous	GEMCITABINE	A	RECIST response	17	9	REACTOME_REGULATION_OF_ORNITHINE_DECARBOXYLASE_ODC	-1.0756230721314832	0.9926807900665912	-2.947354694607179	-2.844674859423621	0.0				resistance	3	regulation of ornithine decarboxylase odc
LUSC	lung squamous	GEMCITABINE	A	RECIST response	17	9	REACTOME_DOWNREGULATION_OF_SMAD2_3_SMAD4_TRANSCRIPTIONAL_ACTIVITY	-1.595162194256938	0.9926807900665912	-2.341489664926562	-2.7836332247992823	0.06				resistance	4	downregulation of smad2 3 smad4 transcriptional activity
LUSC	lung squamous	GEMCITABINE	A	RECIST response	17	9	REACTOME_TRANSFERRIN_ENDOCYTOSIS_AND_RECYCLING	-1.8888045809314822	0.9926807900665912	-2.003944486955765	-2.7525892633606843	0.08				resistance	5	transferrin endocytosis and recycling
LUSC	lung squamous	PACLITAXEL	A	RECIST response	10	5	REACTOME_CREB_PHOSPHORYLATION_THROUGH_THE_ACTIVATION_OF_CAMKII	2.149547347042672	0.8300439612153028	3.146089778508636	3.744580922180566	0.16				response	1	creb phosphorylation through the activation of camkii
LUSC	lung squamous	PACLITAXEL	A	RECIST response	10	5	REACTOME_GLUCOSE_METABOLISM	0.12923316076046104	0.9888976729464731	3.5942126405162025	2.6328737754633065	0.0				response	2	glucose metabolism
LUSC	lung squamous	PACLITAXEL	A	RECIST response	10	5	REACTOME_RAS_ACTIVATION_UOPN_CA2_INFUX_THROUGH_NMDA_RECEPTOR	2.5804743564873553	0.8300439612153028	1.056814528139466	2.571951635454079	0.48				response	3	ras activation uopn ca2 infux through nmda receptor
LUSC	lung squamous	PACLITAXEL	A	RECIST response	10	5	REACTOME_POST_NMDA_RECEPTOR_ACTIVATION_EVENTS	2.4544744217563874	0.8300439612153028	1.1578286696680045	2.5542840116473164	0.47				response	4	post nmda receptor activation events
LUSC	lung squamous	PACLITAXEL	A	RECIST response	10	5	REACTOME_DEVELOPMENTAL_BIOLOGY	1.4879976477205477	0.8300439612153028	2.1097167456570656	2.543968244329756	0.0				response	5	developmental biology
LUSC	lung squamous	PACLITAXEL	A	RECIST response	10	5	REACTOME_DOWNSTREAM_SIGNALING_EVENTS_OF_B_CELL_RECEPTOR_BCR	-2.4806384764934175	0.8300439612153028	-2.8256097717222093	-3.7520841189725083	0.39				resistance	1	downstream signaling events of b cell receptor bcr
LUSC	lung squamous	PACLITAXEL	A	RECIST response	10	5	REACTOME_REGULATION_OF_WATER_BALANCE_BY_RENAL_AQUAPORINS	-1.112060574537079	0.8314498357578443	-3.803704624848087	-3.4759709072060914	0.03				resistance	2	regulation of water balance by renal aquaporins
LUSC	lung squamous	PACLITAXEL	A	RECIST response	10	5	REACTOME_REGULATION_OF_ORNITHINE_DECARBOXYLASE_ODC	-1.9035762394984626	0.8300439612153028	-2.951571932947848	-3.433108196402259	0.01				resistance	3	regulation of ornithine decarboxylase odc
LUSC	lung squamous	PACLITAXEL	A	RECIST response	10	5	REACTOME_METABOLISM_OF_PROTEINS	-1.1757294224942658	0.8300439612153028	-3.187658802373683	-3.0853814027536584	0.0				resistance	4	metabolism of proteins
LUSC	lung squamous	PACLITAXEL	A	RECIST response	10	5	REACTOME_METABOLISM_OF_NUCLEOTIDES	-1.6227443999564346	0.8300439612153028	-2.683860093959392	-3.0452292415363402	0.01				resistance	5	metabolism of nucleotides
LUSC	lung squamous	VINORELBINE	A	RECIST response	21	17	REACTOME_GLUCOSE_METABOLISM	2.527596250797786	0.997981358493013	3.546553525526132	4.295072496781392	0.3469387755102041				response	1	glucose metabolism
LUSC	lung squamous	VINORELBINE	A	RECIST response	21	17	REACTOME_GLYCOLYSIS	2.6447409111847895	0.997981358493013	1.975539875044057	3.2670318749283305	0.5				response	2	glycolysis
LUSC	lung squamous	VINORELBINE	A	RECIST response	21	17	REACTOME_IMMUNOREGULATORY_INTERACTIONS_BETWEEN_A_LYMPHOID_AND_A_NON_LYMPHOID_CELL	1.5621635830656255	0.997981358493013	2.535462368242261	2.8974590969357843	0.01020408163265306				response	3	immunoregulatory interactions between a lymphoid and a non lymphoid cell
LUSC	lung squamous	VINORELBINE	A	RECIST response	21	17	REACTOME_METABOLISM_OF_RNA	0.6855950164779181	0.997981358493013	3.3568505526753665	2.8584406745258	0.0				response	4	metabolism of rna
LUSC	lung squamous	VINORELBINE	A	RECIST response	21	17	REACTOME_IL_2_SIGNALING	1.4871831188460423	0.997981358493013	2.226466861909517	2.6259470843455475	0.11224489795918367				response	5	il 2 signaling
LUSC	lung squamous	VINORELBINE	A	RECIST response	21	17	REACTOME_REGULATION_OF_WATER_BALANCE_BY_RENAL_AQUAPORINS	-1.0384582009562056	0.997981358493013	-3.7869613894057945	-3.4120869144153825	0.0				resistance	1	regulation of water balance by renal aquaporins
LUSC	lung squamous	VINORELBINE	A	RECIST response	21	17	REACTOME_GAP_JUNCTION_DEGRADATION	-1.1347395483273857	0.997981358493013	-2.9333887402826657	-2.876601099612991	0.04081632653061224				resistance	2	gap junction degradation
LUSC	lung squamous	VINORELBINE	A	RECIST response	21	17	REACTOME_AMINO_ACID_SYNTHESIS_AND_INTERCONVERSION_TRANSAMINATION	-1.0800231392856714	0.997981358493013	-2.943469641922758	-2.8450390296476025	0.0				resistance	3	amino acid synthesis and interconversion transamination
LUSC	lung squamous	VINORELBINE	A	RECIST response	21	17	REACTOME_CHONDROITIN_SULFATE_DERMATAN_SULFATE_METABOLISM	-1.0146860209534616	0.997981358493013	-2.9764108775149447	-2.8221316812796076	0.0				resistance	4	chondroitin sulfate dermatan sulfate metabolism
LUSC	lung squamous	VINORELBINE	A	RECIST response	21	17	REACTOME_TRANSFERRIN_ENDOCYTOSIS_AND_RECYCLING	-2.170763893158741	0.997981358493013	-1.7737243733079275	-2.7891744015293507	0.2755102040816326				resistance	5	transferrin endocytosis and recycling
OV	ovarian	BEVACIZUMAB	C	PFI among treated (Cox)	42	32	REACTOME_SHC_MEDIATED_SIGNALLING	2.8482997980569893	0.4602775316792904	2.317640739831273	3.6528715855472713	0.26	1.5323702080977468	0.8829529017978717	40.0	response	1	shc mediated signalling
OV	ovarian	BEVACIZUMAB	C	PFI among treated (Cox)	42	32	REACTOME_PLATELET_CALCIUM_HOMEOSTASIS	1.6063466741131187	0.7602029692039695	2.849505989697128	3.150763634548367	0.01	1.5728362626607542	-0.11466400085064735	40.0	response	2	platelet calcium homeostasis
OV	ovarian	BEVACIZUMAB	C	PFI among treated (Cox)	42	32	REACTOME_SIGNALLING_TO_ERKS	2.946135975849343	0.4602775316792904	1.454706587520592	3.111865619493269	0.3	0.32049242917858856	1.8023930769567205	40.0	response	3	signalling to erks
OV	ovarian	BEVACIZUMAB	C	PFI among treated (Cox)	42	32	REACTOME_SIGNALLING_TO_RAS	3.431722960191955	0.4036384119139242	0.862851434980275	3.0367226771363995	0.55	0.32668815123993766	2.207132852639342	40.0	response	4	signalling to ras
OV	ovarian	BEVACIZUMAB	C	PFI among treated (Cox)	42	32	REACTOME_MAP_KINASE_ACTIVATION_IN_TLR_CASCADE	1.2250470597089904	0.8389474278888888	2.7593682588169544	2.817407090793253	0.0	-0.2672648455000576	0.8492163386742457	40.0	response	5	map kinase activation in tlr cascade
OV	ovarian	BEVACIZUMAB	C	PFI among treated (Cox)	42	32	REACTOME_METABOLISM_OF_PROTEINS	-1.8165985813551149	0.6952247587336409	-2.984307199491733	-3.394753033474503	0.04	-0.6882090806354161	-0.5698592378661487	40.0	resistance	1	metabolism of proteins
OV	ovarian	BEVACIZUMAB	C	PFI among treated (Cox)	42	32	REACTOME_PROSTANOID_LIGAND_RECEPTORS	-1.3432535152731042	0.7980096619623416	-2.874037825100794	-2.9820753050176876	0.02	0.8303492263303919	-1.5141742009231218	40.0	resistance	2	prostanoid ligand receptors
OV	ovarian	BEVACIZUMAB	C	PFI among treated (Cox)	42	32	REACTOME_PYRUVATE_METABOLISM	-1.5583451635504029	0.7784283883212024	-2.461184684530555	-2.8422368127597784	0.03	-1.5386055778067953	0.4536723392587221	40.0	resistance	3	pyruvate metabolism
OV	ovarian	BEVACIZUMAB	C	PFI among treated (Cox)	42	32	REACTOME_RNA_POL_III_TRANSCRIPTION_TERMINATION	-1.875076751153717	0.6597806022564958	-1.8664774756942075	-2.645678365981357	0.08	0.0032437766354267137	-1.183333501413072	40.0	resistance	4	rna pol iii transcription termination
OV	ovarian	BEVACIZUMAB	C	PFI among treated (Cox)	42	32	REACTOME_FORMATION_OF_ATP_BY_CHEMIOSMOTIC_COUPLING	-2.5848376748003923	0.4602775316792904	-1.120412135550213	-2.620007266889082	0.05	-1.3803601157713004	-0.6443957854210608	40.0	resistance	5	formation of atp by chemiosmotic coupling
OV	ovarian	CARBOPLATIN	B	first-course outcome	282	239	REACTOME_CELL_CELL_JUNCTION_ORGANIZATION	2.7711756799119707	0.9909709304840905	1.8478450476074044	3.2661408788701705	0.39				response	1	cell cell junction organization
OV	ovarian	CARBOPLATIN	B	first-course outcome	282	239	REACTOME_CTLA4_INHIBITORY_SIGNALING	2.0450291932059055	0.9909709304840905	2.430086898154551	3.164384934798016	0.07				response	2	ctla4 inhibitory signaling
OV	ovarian	CARBOPLATIN	B	first-course outcome	282	239	REACTOME_CELL_CELL_COMMUNICATION	2.478462149679375	0.9909709304840905	1.9934490718356144	3.1621187495974663	0.24				response	3	cell cell communication
OV	ovarian	CARBOPLATIN	B	first-course outcome	282	239	REACTOME_ADHERENS_JUNCTIONS_INTERACTIONS	2.622874120658024	0.9909709304840905	1.7972271322925273	3.1254835694924896	0.31				response	4	adherens junctions interactions
OV	ovarian	CARBOPLATIN	B	first-course outcome	282	239	REACTOME_CELL_JUNCTION_ORGANIZATION	2.6058580704469754	0.9909709304840905	1.1993645277087397	2.6906987030801988	0.29				response	5	cell junction organization
OV	ovarian	CARBOPLATIN	B	first-course outcome	282	239	REACTOME_PROSTANOID_LIGAND_RECEPTORS	-1.1521085751542803	0.9909709304840905	-3.25219132134026	-3.114310323190499	0.02				resistance	1	prostanoid ligand receptors
OV	ovarian	CARBOPLATIN	B	first-course outcome	282	239	REACTOME_CHONDROITIN_SULFATE_DERMATAN_SULFATE_METABOLISM	-1.6984364848149	0.9909709304840905	-2.679513932966718	-3.095678428111861	0.06				resistance	2	chondroitin sulfate dermatan sulfate metabolism
OV	ovarian	CARBOPLATIN	B	first-course outcome	282	239	REACTOME_METABOLISM_OF_PROTEINS	-1.5836693589383934	0.9909709304840905	-2.5441449133091334	-2.9188054633848397	0.04				resistance	3	metabolism of proteins
OV	ovarian	CARBOPLATIN	B	first-course outcome	282	239	REACTOME_ACTIVATION_OF_KAINATE_RECEPTORS_UPON_GLUTAMATE_BINDING	-1.2891310366082833	0.9909709304840905	-2.520203183001644	-2.6936060584921444	0.06				resistance	4	activation of kainate receptors upon glutamate binding
OV	ovarian	CARBOPLATIN	B	first-course outcome	282	239	REACTOME_SIGNALING_BY_BMP	-1.4985582966206625	0.9909709304840905	-2.255778937470823	-2.654717317087236	0.07				resistance	5	signaling by bmp
OV	ovarian	CISPLATIN	B	first-course outcome	78	68	REACTOME_CREB_PHOSPHORYLATION_THROUGH_THE_ACTIVATION_OF_CAMKII	1.2950771774879333	0.9992555517600046	2.661188198271466	2.7975020753730155	0.02				response	1	creb phosphorylation through the activation of camkii
OV	ovarian	CISPLATIN	B	first-course outcome	78	68	REACTOME_TRANSPORT_OF_ORGANIC_ANIONS	0.7288930280055232	0.9992555517600046	2.8085853448590807	2.501374945753316	0.0				response	2	transport of organic anions
OV	ovarian	CISPLATIN	B	first-course outcome	78	68	REACTOME_JNK_C_JUN_KINASES_PHOSPHORYLATION_AND_ACTIVATION_MEDIATED_BY_ACTIVATED_HUMAN_TAK1	1.2096666894868986	0.9992555517600046	2.178349486542158	2.3956892128398612	0.01				response	3	jnk c jun kinases phosphorylation and activation mediated by activated human tak1
OV	ovarian	CISPLATIN	B	first-course outcome	78	68	REACTOME_REGULATION_OF_BETA_CELL_DEVELOPMENT	1.2813920026445893	0.9992555517600046	2.096804358284728	2.388745554992838	0.01				response	4	regulation of beta cell development
OV	ovarian	CISPLATIN	B	first-course outcome	78	68	REACTOME_CELL_CELL_COMMUNICATION	0.9537748378752421	0.9992555517600046	2.3603914507603574	2.343469456674085	0.01				response	5	cell cell communication
OV	ovarian	CISPLATIN	B	first-course outcome	78	68	REACTOME_MTORC1_MEDIATED_SIGNALLING	-2.15887629323964	0.9992555517600046	-2.0270171061726936	-2.95987360804847	0.25				resistance	1	mtorc1 mediated signalling
OV	ovarian	CISPLATIN	B	first-course outcome	78	68	REACTOME_METABOLISM_OF_PROTEINS	-1.2798405076048083	0.9992555517600046	-2.551778969934498	-2.7093641154945	0.1				resistance	2	metabolism of proteins
OV	ovarian	CISPLATIN	B	first-course outcome	78	68	REACTOME_SPHINGOLIPID_DE_NOVO_BIOSYNTHESIS	-2.5406303934027354	0.9992555517600046	-0.9836711690904107	-2.4920575337852484	0.38				resistance	3	sphingolipid de novo biosynthesis
OV	ovarian	CISPLATIN	B	first-course outcome	78	68	REACTOME_INSULIN_RECEPTOR_RECYCLING	-2.000921769406564	0.9992555517600046	-1.4618039287753528	-2.448516822573356	0.11				resistance	4	insulin receptor recycling
OV	ovarian	CISPLATIN	B	first-course outcome	78	68	REACTOME_METABOLISM_OF_VITAMINS_AND_COFACTORS	-1.689569148150391	0.9992555517600046	-1.729269818858744	-2.4174842173569706	0.16				resistance	5	metabolism of vitamins and cofactors
OV	ovarian	CYCLOPHOSPHAMIDE	C	PFI among treated (Cox)	20	19	REACTOME_SHC_MEDIATED_SIGNALLING	3.196568623066373	0.46797977384694656	2.0744699643943445	3.7271871290894336	0.55	1.5323702080977468	1.9586192275760872	40.0	response	1	shc mediated signalling
OV	ovarian	CYCLOPHOSPHAMIDE	C	PFI among treated (Cox)	20	19	REACTOME_PLATELET_CALCIUM_HOMEOSTASIS	1.4341938517873254	0.9998982828623871	2.73174205356736	2.9457615286648173	0.01	1.5728362626607542	-0.137091835468506	40.0	response	2	platelet calcium homeostasis
OV	ovarian	CYCLOPHOSPHAMIDE	C	PFI among treated (Cox)	20	19	REACTOME_SHC1_EVENTS_IN_ERBB4_SIGNALING	1.256144869087651	0.9998982828623871	1.8800467248869708	2.2176223431997024	0.01	0.34529401820581607	0.739391132981293	40.0	response	3	shc1 events in erbb4 signaling
OV	ovarian	CYCLOPHOSPHAMIDE	C	PFI among treated (Cox)	20	19	REACTOME_THE_ROLE_OF_NEF_IN_HIV1_REPLICATION_AND_DISEASE_PATHOGENESIS	0.6406450507890532	0.9998982828623871	2.4317751687324707	2.17252917187833	0.01	0.6508647604013492	-0.18717655254219448	40.0	response	4	the role of nef in hiv1 replication and disease pathogenesis
OV	ovarian	CYCLOPHOSPHAMIDE	C	PFI among treated (Cox)	20	19	REACTOME_SHC1_EVENTS_IN_EGFR_SIGNALING	1.9858425292110122	0.9998982828623871	1.0201526636085745	2.125559585056893	0.06	1.2344526494840078	0.7033466135245304	40.0	response	5	shc1 events in egfr signaling
OV	ovarian	CYCLOPHOSPHAMIDE	C	PFI among treated (Cox)	20	19	REACTOME_PYRUVATE_METABOLISM	-3.7801095296489438	0.10549906490024931	-2.142584115194404	-4.1879768391592	0.78	-1.5386055778067953	-2.1351627208425152	40.0	resistance	1	pyruvate metabolism
OV	ovarian	CYCLOPHOSPHAMIDE	C	PFI among treated (Cox)	20	19	REACTOME_INSULIN_SYNTHESIS_AND_PROCESSING	-2.009167483569646	0.9998982828623871	-1.64585112383288	-2.5844884426573373	0.1	0.36664408695679307	-1.6998240399549833	40.0	resistance	2	insulin synthesis and processing
OV	ovarian	CYCLOPHOSPHAMIDE	C	PFI among treated (Cox)	20	19	REACTOME_REGULATION_OF_PYRUVATE_DEHYDROGENASE_PDH_COMPLEX	-2.996279860857479	0.6130928738923763	-0.5985158363783042	-2.5419044144956455	0.53	-1.0998390772827287	-1.5254236360857425	40.0	resistance	3	regulation of pyruvate dehydrogenase pdh complex
OV	ovarian	CYCLOPHOSPHAMIDE	C	PFI among treated (Cox)	20	19	REACTOME_REGULATION_OF_WATER_BALANCE_BY_RENAL_AQUAPORINS	-0.44692079275914787	0.9998982828623871	-3.122471303197428	-2.5239413557645585	0.01	0.3567316056572706	-0.5680674973283012	40.0	resistance	4	regulation of water balance by renal aquaporins
OV	ovarian	CYCLOPHOSPHAMIDE	C	PFI among treated (Cox)	20	19	REACTOME_PYRUVATE_METABOLISM_AND_CITRIC_ACID_TCA_CYCLE	-2.199586214154273	0.9998982828623871	-1.1760079294247938	-2.3869055094583542	0.14	-1.0167489854186398	-1.059779230754314	40.0	resistance	5	pyruvate metabolism and citric acid tca cycle
OV	ovarian	DOCETAXEL	B	first-course outcome	35	30	REACTOME_PHOSPHOLIPID_METABOLISM	2.204179368672424	0.31608093010862776	2.8198533503319174	3.552527604511058	0.061224489795918366				response	1	phospholipid metabolism
OV	ovarian	DOCETAXEL	B	first-course outcome	35	30	REACTOME_METABOLISM_OF_LIPIDS_AND_LIPOPROTEINS	2.1467523264918675	0.31608093010862776	2.72439603921772	3.444422041559017	0.030612244897959183				response	2	metabolism of lipids and lipoproteins
OV	ovarian	DOCETAXEL	B	first-course outcome	35	30	REACTOME_DOWNSTREAM_SIGNAL_TRANSDUCTION	2.27457971737384	0.29341678743825206	2.345972155447816	3.2672235620963948	0.01020408163265306				response	3	downstream signal transduction
OV	ovarian	DOCETAXEL	B	first-course outcome	35	30	REACTOME_GLUCOSE_METABOLISM	1.223791970168999	0.5240339188363687	3.3131087061221423	3.2080732337752993	0.0				response	4	glucose metabolism
OV	ovarian	DOCETAXEL	B	first-course outcome	35	30	REACTOME_ALPHA_LINOLENIC_ACID_ALA_METABOLISM	2.1918242363508726	0.31608093010862776	2.2511083654366035	3.141627771078715	0.01020408163265306				response	5	alpha linolenic acid ala metabolism
OV	ovarian	DOCETAXEL	B	first-course outcome	35	30	REACTOME_METABOLISM_OF_PROTEINS	-2.0622887432461376	0.31608093010862776	-2.844555307470236	-3.4696627024864153	0.02040816326530612				resistance	1	metabolism of proteins
OV	ovarian	DOCETAXEL	B	first-course outcome	35	30	REACTOME_AMINO_ACID_SYNTHESIS_AND_INTERCONVERSION_TRANSAMINATION	-1.6518073400694184	0.42111163593316503	-3.133876015356099	-3.3839891532329736	0.0				resistance	2	amino acid synthesis and interconversion transamination
OV	ovarian	DOCETAXEL	B	first-course outcome	35	30	REACTOME_METABOLISM_OF_NUCLEOTIDES	-2.0397735497504894	0.31608093010862776	-2.430115427360162	-3.1606888068659416	0.08163265306122448				resistance	3	metabolism of nucleotides
OV	ovarian	DOCETAXEL	B	first-course outcome	35	30	REACTOME_FORMATION_OF_TRANSCRIPTION_COUPLED_NER_TC_NER_REPAIR_COMPLEX	-2.4224474152075883	0.28041102966604975	-1.76251645759556	-2.9592163334798225	0.01020408163265306				resistance	4	formation of transcription coupled ner tc ner repair complex
OV	ovarian	DOCETAXEL	B	first-course outcome	35	30	REACTOME_REGULATION_OF_ORNITHINE_DECARBOXYLASE_ODC	-1.293977082866928	0.5132082973519753	-2.814178188342623	-2.9049044504395334	0.0				resistance	5	regulation of ornithine decarboxylase odc
OV	ovarian	DOXORUBICIN	C	PFI among treated (Cox)	115	112	REACTOME_PLATELET_CALCIUM_HOMEOSTASIS	0.6306414079325032	0.9043810535923386	2.9970515307399603	2.565166276997853	0.0	1.5728362626607542	-1.194696373296242	40.0	response	1	platelet calcium homeostasis
OV	ovarian	DOXORUBICIN	C	PFI among treated (Cox)	115	112	REACTOME_SIGNALING_BY_NODAL	2.624298499717932	0.38956673221203064	0.7493308553789984	2.385516194199038	0.16	-0.3112922717748209	1.2343115180809676	40.0	response	2	signaling by nodal
OV	ovarian	DOXORUBICIN	C	PFI among treated (Cox)	115	112	REACTOME_PLC_BETA_MEDIATED_EVENTS	2.8803596582721065	0.2970335994400982	0.3690720309974564	2.297695182484966	0.31	0.97646686940445	0.5444409855221084	40.0	response	3	plc beta mediated events
OV	ovarian	DOXORUBICIN	C	PFI among treated (Cox)	115	112	REACTOME_DOWNSTREAM_SIGNAL_TRANSDUCTION	0.2439740764932896	0.9547976342421255	2.9436129966397693	2.2539644350349652	0.0	1.896791759582142	-1.6572967224929265	40.0	response	4	downstream signal transduction
OV	ovarian	DOXORUBICIN	C	PFI among treated (Cox)	115	112	REACTOME_SIGNALING_BY_FGFR1_MUTANTS	0.2885517160917708	0.949542845944406	2.777776047071906	2.168221154673614	0.0	0.8220446670394066	-0.6565281562668197	40.0	response	5	signaling by fgfr1 mutants
OV	ovarian	DOXORUBICIN	C	PFI among treated (Cox)	115	112	REACTOME_GAP_JUNCTION_DEGRADATION	-1.7369648001244098	0.6122059661508638	-3.5838629395405484	-3.7623933762425814	0.04	1.0062476222200383	-1.529856396579881	40.0	resistance	1	gap junction degradation
OV	ovarian	DOXORUBICIN	C	PFI among treated (Cox)	115	112	REACTOME_DOWNSTREAM_SIGNALING_EVENTS_OF_B_CELL_RECEPTOR_BCR	-2.764320276515462	0.3199078606520816	-2.470343191511307	-3.7014660354712183	0.26	0.23966614996640043	-1.2811258653526465	40.0	resistance	2	downstream signaling events of b cell receptor bcr
OV	ovarian	DOXORUBICIN	C	PFI among treated (Cox)	115	112	REACTOME_INTEGRATION_OF_PROVIRUS	-2.9155552518773615	0.2970335994400982	-2.1505209265010565	-3.5822568197390092	0.27	-1.2963659071535116	-0.027750538119419767	40.0	resistance	3	integration of provirus
OV	ovarian	DOXORUBICIN	C	PFI among treated (Cox)	115	112	REACTOME_AKT_PHOSPHORYLATES_TARGETS_IN_THE_CYTOSOL	-3.5224623829828747	0.2388999711448304	-1.1149473584575158	-3.279143875313054	0.55	1.7092443530731576	-2.49218017282272	40.0	resistance	4	akt phosphorylates targets in the cytosol
OV	ovarian	DOXORUBICIN	C	PFI among treated (Cox)	115	112	REACTOME_MHC_CLASS_II_ANTIGEN_PRESENTATION	-1.475753036364779	0.6463456497439878	-2.9348035496550064	-3.118734470781578	0.0	1.0901314513840301	-1.4777058508485454	40.0	resistance	5	mhc class ii antigen presentation
OV	ovarian	GEMCITABINE	B	first-course outcome	22	16	REACTOME_SYNTHESIS_OF_PIPS_AT_THE_EARLY_ENDOSOME_MEMBRANE	1.6948994823505474	0.9472040191559981	2.1919699016300167	2.748431698999035	0.01				response	1	synthesis of pips at the early endosome membrane
OV	ovarian	GEMCITABINE	B	first-course outcome	22	16	REACTOME_SHC_MEDIATED_SIGNALLING	2.2104403307735563	0.9472040191559981	1.415832995940128	2.5641624597551465	0.14				response	2	shc mediated signalling
OV	ovarian	GEMCITABINE	B	first-course outcome	22	16	REACTOME_SYNTHESIS_OF_PIPS_AT_THE_LATE_ENDOSOME_MEMBRANE	1.7180429141342535	0.9472040191559981	1.7550264001802705	2.4558308636827126	0.06				response	3	synthesis of pips at the late endosome membrane
OV	ovarian	GEMCITABINE	B	first-course outcome	22	16	REACTOME_NOTCH1_INTRACELLULAR_DOMAIN_REGULATES_TRANSCRIPTION	0.9694953329219331	0.9472040191559981	2.300228112945013	2.3120436211771627	0.02				response	4	notch1 intracellular domain regulates transcription
OV	ovarian	GEMCITABINE	B	first-course outcome	22	16	REACTOME_SIGNALING_BY_FGFR1_MUTANTS	1.2236697256542877	0.9472040191559981	2.045246652049226	2.31147293780592	0.0				response	5	signaling by fgfr1 mutants
OV	ovarian	GEMCITABINE	B	first-course outcome	22	16	REACTOME_METABOLISM_OF_PROTEINS	-2.4594533488253982	0.9472040191559981	-2.736136316509275	-3.6738366846208916	0.25				resistance	1	metabolism of proteins
OV	ovarian	GEMCITABINE	B	first-course outcome	22	16	REACTOME_PYRUVATE_METABOLISM	-2.179574355304779	0.9472040191559981	-2.384987987272675	-3.22763298558527	0.08				resistance	2	pyruvate metabolism
OV	ovarian	GEMCITABINE	B	first-course outcome	22	16	REACTOME_BILE_ACID_AND_BILE_SALT_METABOLISM	-1.8721910431370241	0.9472040191559981	-2.0407895818843813	-2.7668951346042108	0.07				resistance	3	bile acid and bile salt metabolism
OV	ovarian	GEMCITABINE	B	first-course outcome	22	16	REACTOME_REGULATION_OF_WATER_BALANCE_BY_RENAL_AQUAPORINS	0.02757187202273209	0.997926969424522	-3.6927755241919273	-2.5916903568785377	0.0				resistance	4	regulation of water balance by renal aquaporins
OV	ovarian	GEMCITABINE	B	first-course outcome	22	16	REACTOME_PROSTANOID_LIGAND_RECEPTORS	-1.5740553646008009	0.9472040191559981	-2.0832739806439897	-2.586122381055147	0.1				resistance	5	prostanoid ligand receptors
OV	ovarian	PACLITAXEL	B	first-course outcome	287	249	REACTOME_GLUCOSE_METABOLISM	0.17908824034521756	0.9881909394160583	3.5942126405162025	2.668126640314283	0.0				response	1	glucose metabolism
OV	ovarian	PACLITAXEL	B	first-course outcome	287	249	REACTOME_G1_PHASE	1.999530584143097	0.9788165715671769	1.6780274392164989	2.600426216524566	0.18				response	2	g1 phase
OV	ovarian	PACLITAXEL	B	first-course outcome	287	249	REACTOME_CELL_CELL_JUNCTION_ORGANIZATION	2.6437205160716806	0.9788165715671769	1.0101110538130555	2.5836490803789856	0.39				response	3	cell cell junction organization
OV	ovarian	PACLITAXEL	B	first-course outcome	287	249	REACTOME_ADHERENS_JUNCTIONS_INTERACTIONS	2.3903172788288107	0.9788165715671769	1.2212456318181888	2.5537606248003186	0.25				response	4	adherens junctions interactions
OV	ovarian	PACLITAXEL	B	first-course outcome	287	249	REACTOME_G0_AND_EARLY_G1	2.0123711593913542	0.9788165715671769	1.5525525490529548	2.5207817286536653	0.08				response	5	g0 and early g1
OV	ovarian	PACLITAXEL	B	first-course outcome	287	249	REACTOME_METABOLISM_OF_PROTEINS	-1.7945667040873736	0.9788165715671769	-3.187658802373683	-3.522965441019194	0.14				resistance	1	metabolism of proteins
OV	ovarian	PACLITAXEL	B	first-course outcome	287	249	REACTOME_PROSTANOID_LIGAND_RECEPTORS	-1.2772484832415856	0.9788165715671769	-3.505073031612912	-3.3816119729679377	0.04				resistance	2	prostanoid ligand receptors
OV	ovarian	PACLITAXEL	B	first-course outcome	287	249	REACTOME_CHONDROITIN_SULFATE_DERMATAN_SULFATE_METABOLISM	-1.7611242204972533	0.9788165715671769	-2.806694899206238	-3.229935874775905	0.06				resistance	3	chondroitin sulfate dermatan sulfate metabolism
OV	ovarian	PACLITAXEL	B	first-course outcome	287	249	REACTOME_REGULATION_OF_WATER_BALANCE_BY_RENAL_AQUAPORINS	-0.7194708760036755	0.9788165715671769	-3.803704624848087	-3.198368069149139	0.0				resistance	4	regulation of water balance by renal aquaporins
OV	ovarian	PACLITAXEL	B	first-course outcome	287	249	REACTOME_POST_TRANSLATIONAL_PROTEIN_MODIFICATION	-2.1335616989523105	0.9788165715671769	-2.3484891646462587	-3.16928855927357	0.15				resistance	5	post translational protein modification
OV	ovarian	TAMOXIFEN	C	PFI among treated (Cox)	27	26	REACTOME_METABOLISM_OF_RNA	-0.04179586254167439	0.998564849838596	3.4263820598343284	2.3932638516160254	0.01	-0.03451074057316636	0.002587291436493833	40.0	response	1	metabolism of rna
OV	ovarian	TAMOXIFEN	C	PFI among treated (Cox)	27	26	REACTOME_CONVERSION_FROM_APC_C_CDC20_TO_APC_C_CDH1_IN_LATE_ANAPHASE	0.9400740644521807	0.998564849838596	2.4258152025450195	2.380043125416738	0.0	0.631572931607023	-0.11088036747173816	40.0	response	2	conversion from apc c cdc20 to apc c cdh1 in late anaphase
OV	ovarian	TAMOXIFEN	C	PFI among treated (Cox)	27	26	REACTOME_METABOLISM_OF_LIPIDS_AND_LIPOPROTEINS	0.7799647170545936	0.998564849838596	2.4912291601325665	2.313083373134955	0.01	0.804582962887009	-0.2227649434256107	40.0	response	3	metabolism of lipids and lipoproteins
OV	ovarian	TAMOXIFEN	C	PFI among treated (Cox)	27	26	REACTOME_STEROID_HORMONES	1.9367635142382675	0.998564849838596	1.3330392889148397	2.312099735252344	0.11	-0.4287166801975341	1.5743148807260219	40.0	response	4	steroid hormones
OV	ovarian	TAMOXIFEN	C	PFI among treated (Cox)	27	26	REACTOME_METABOLISM_OF_STEROID_HORMONES_AND_VITAMINS_A_AND_D	2.3384209334114843	0.998564849838596	0.8804015926359988	2.2760512356041875	0.23	-0.35841675160607317	1.809584019126969	40.0	response	5	metabolism of steroid hormones and vitamins a and d
OV	ovarian	TAMOXIFEN	C	PFI among treated (Cox)	27	26	REACTOME_NEURONAL_SYSTEM	-2.335083666165074	0.998564849838596	-2.4205197738806845	-3.362719441090429	0.26	1.1999779504410735	-2.3625382755591744	40.0	resistance	1	neuronal system
OV	ovarian	TAMOXIFEN	C	PFI among treated (Cox)	27	26	REACTOME_TANDEM_PORE_DOMAIN_POTASSIUM_CHANNELS	-2.467491361139725	0.998564849838596	-1.4227923262023787	-2.7508459760590083	0.27	0.01155248746557711	-2.0117092973848436	40.0	resistance	2	tandem pore domain potassium channels
OV	ovarian	TAMOXIFEN	C	PFI among treated (Cox)	27	26	REACTOME_PHOSPHOLIPASE_C_MEDIATED_CASCADE	-0.5356654082408434	0.998564849838596	-2.937504612713989	-2.455902074030985	0.0	-0.7796140513273296	0.2935460786262849	40.0	resistance	3	phospholipase c mediated cascade
OV	ovarian	TAMOXIFEN	C	PFI among treated (Cox)	27	26	REACTOME_RIP_MEDIATED_NFKB_ACTIVATION_VIA_DAI	-1.2206675209843503	0.998564849838596	-2.2440432377262494	-2.4499204723342527	0.01	-0.3389357511989674	-0.6265759003529323	40.0	resistance	4	rip mediated nfkb activation via dai
OV	ovarian	TAMOXIFEN	C	PFI among treated (Cox)	27	26	REACTOME_PLATELET_AGGREGATION_PLUG_FORMATION	-1.1715675176324587	0.998564849838596	-2.2505241419084654	-2.419784218303313	0.0	1.0601703411361505	-1.578706908639688	40.0	resistance	5	platelet aggregation plug formation
OV	ovarian	TOPOTECAN	C	PFI among treated (Cox)	97	97	REACTOME_AMINO_ACID_SYNTHESIS_AND_INTERCONVERSION_TRANSAMINATION	2.6698674834674163	0.9745453179886342		2.6698674834674163	0.37	-0.7807878022140278	1.9929723910122659	40.0	response	1	amino acid synthesis and interconversion transamination
OV	ovarian	TOPOTECAN	C	PFI among treated (Cox)	97	97	REACTOME_PASSIVE_TRANSPORT_BY_AQUAPORINS	2.622017266016536	0.9745453179886342		2.622017266016536	0.38	-0.6616540129643229	1.977426212882957	40.0	response	2	passive transport by aquaporins
OV	ovarian	TOPOTECAN	C	PFI among treated (Cox)	97	97	REACTOME_INTERACTION_BETWEEN_L1_AND_ANKYRINS	2.452169038124568	0.9745453179886342		2.452169038124568	0.28	1.3230964333152628	-0.16929970907834632	40.0	response	3	interaction between l1 and ankyrins
OV	ovarian	TOPOTECAN	C	PFI among treated (Cox)	97	97	REACTOME_ION_TRANSPORT_BY_P_TYPE_ATPASES	2.3788256550103255	0.9745453179886342		2.3788256550103255	0.16	-0.10483683789338948	1.2496781073263812	40.0	response	4	ion transport by p type atpases
OV	ovarian	TOPOTECAN	C	PFI among treated (Cox)	97	97	REACTOME_BASIGIN_INTERACTIONS	2.1702530222139877	0.9745453179886342		2.1702530222139877	0.19	-1.0327565387429278	1.7199413276438051	40.0	response	5	basigin interactions
OV	ovarian	TOPOTECAN	C	PFI among treated (Cox)	97	97	REACTOME_TANDEM_PORE_DOMAIN_POTASSIUM_CHANNELS	-2.334987553722167	0.9745453179886342		-2.334987553722167	0.14	0.01155248746557711	-0.9124438716947657	40.0	resistance	1	tandem pore domain potassium channels
OV	ovarian	TOPOTECAN	C	PFI among treated (Cox)	97	97	REACTOME_IL1_SIGNALING	-1.8750624943474599	0.9745453179886342		-1.8750624943474599	0.05	-1.5514390268220517	0.9232204091850942	40.0	resistance	2	il1 signaling
OV	ovarian	TOPOTECAN	C	PFI among treated (Cox)	97	97	REACTOME_PROSTANOID_LIGAND_RECEPTORS	-1.8687921556219784	0.9745453179886342		-1.8687921556219784	0.1	0.8303492263303919	-1.4834097950134697	40.0	resistance	3	prostanoid ligand receptors
OV	ovarian	TOPOTECAN	C	PFI among treated (Cox)	97	97	REACTOME_RNA_POL_III_CHAIN_ELONGATION	-1.8493531545677357	0.9745453179886342		-1.8493531545677357	0.02	-0.11655903990647733	-0.6830957709770841	40.0	resistance	4	rna pol iii chain elongation
OV	ovarian	TOPOTECAN	C	PFI among treated (Cox)	97	97	REACTOME_TRAF6_MEDIATED_INDUCTION_OF_TAK1_COMPLEX	-1.8378857004239821	0.9745453179886342		-1.8378857004239821	0.05	1.2248098348441427	-1.7575379623914014	40.0	resistance	5	traf6 mediated induction of tak1 complex
PAAD	pancreatic	OXALIPLATIN	C	PFI among treated (Cox)	21	19	REACTOME_METABOLISM_OF_LIPIDS_AND_LIPOPROTEINS	2.110296887613964	0.21318206515289986	3.025620134500046	3.631641753948236	0.09	-0.33702630979735676	2.0545891388964272	65.0	response	1	metabolism of lipids and lipoproteins
PAAD	pancreatic	OXALIPLATIN	C	PFI among treated (Cox)	21	19	REACTOME_PHOSPHOLIPID_METABOLISM	2.58156400237809	0.2108127358015512	2.040169569873784	3.2680591497768257	0.1	-0.7407054834472401	2.60131353816342	65.0	response	2	phospholipid metabolism
PAAD	pancreatic	OXALIPLATIN	C	PFI among treated (Cox)	21	19	REACTOME_SIGNALING_BY_FGFR1_MUTANTS	1.4525721319305853	0.32478883121305213	2.9124814219667847	3.0865589682032692	0.0	0.7282307313904864	0.8539600599695776	65.0	response	3	signaling by fgfr1 mutants
PAAD	pancreatic	OXALIPLATIN	C	PFI among treated (Cox)	21	19	REACTOME_HEPARAN_SULFATE_HEPARIN_HS_GAG_METABOLISM	2.3267120331845033	0.2108127358015512	1.930011004866274	3.009957725838707	0.0	0.012749346120113119	2.068311420367767	65.0	response	4	heparan sulfate heparin hs gag metabolism
PAAD	pancreatic	OXALIPLATIN	C	PFI among treated (Cox)	21	19	REACTOME_DOWNSTREAM_SIGNAL_TRANSDUCTION	1.6532430953856756	0.28571658799199434	2.526019819066976	2.955185147170924	0.0	-1.364567200508316	2.143529048718993	65.0	response	5	downstream signal transduction
PAAD	pancreatic	OXALIPLATIN	C	PFI among treated (Cox)	21	19	REACTOME_POL_SWITCHING	-2.2500050155909115	0.2108127358015512	-2.757367955375271	-3.5407473837004164	0.0	-1.4213324642191534	-0.8548294222723348	65.0	resistance	1	pol switching
PAAD	pancreatic	OXALIPLATIN	C	PFI among treated (Cox)	21	19	REACTOME_PACKAGING_OF_TELOMERE_ENDS	-2.26236710685522	0.2108127358015512	-2.5433231510708434	-3.3981361696616474	0.01	0.0547556174845729	-1.8302816256280106	65.0	resistance	2	packaging of telomere ends
PAAD	pancreatic	OXALIPLATIN	C	PFI among treated (Cox)	21	19	REACTOME_AMINO_ACID_SYNTHESIS_AND_INTERCONVERSION_TRANSAMINATION	-2.2952567916371094	0.2108127358015512	-2.439088063825749	-3.347687351773432	0.06	0.07143249894320265	-2.0132420634557118	65.0	resistance	3	amino acid synthesis and interconversion transamination
PAAD	pancreatic	OXALIPLATIN	C	PFI among treated (Cox)	21	19	REACTOME_MITOTIC_G2_G2_M_PHASES	-2.4137550379965114	0.2108127358015512	-2.2933725735874626	-3.3284418540614653	0.09	0.7628446942228636	-2.365715183034539	65.0	resistance	4	mitotic g2 g2 m phases
PAAD	pancreatic	OXALIPLATIN	C	PFI among treated (Cox)	21	19	REACTOME_TELOMERE_MAINTENANCE	-2.500022005764566	0.2108127358015512	-2.1750106688572317	-3.305747306493756	0.03	-0.2947081361701633	-1.6574048793061846	65.0	resistance	5	telomere maintenance
PRAD	prostate	BICALUTAMIDE	A	RECIST response	18	15	REACTOME_NUCLEAR_EVENTS_KINASE_AND_TRANSCRIPTION_FACTOR_ACTIVATION	2.6593981200744308	0.47846029525458583		2.6593981200744308	0.5				response	1	nuclear events kinase and transcription factor activation
PRAD	prostate	BICALUTAMIDE	A	RECIST response	18	15	REACTOME_SIGNALING_BY_ERBB2	2.6045314196212033	0.47846029525458583		2.6045314196212033	0.3125				response	2	signaling by erbb2
PRAD	prostate	BICALUTAMIDE	A	RECIST response	18	15	REACTOME_ERK_MAPK_TARGETS	2.5814585711332527	0.47846029525458583		2.5814585711332527	0.4166666666666667				response	3	erk mapk targets
PRAD	prostate	BICALUTAMIDE	A	RECIST response	18	15	REACTOME_MAPK_TARGETS_NUCLEAR_EVENTS_MEDIATED_BY_MAP_KINASES	2.561018418642993	0.47846029525458583		2.561018418642993	0.375				response	4	mapk targets nuclear events mediated by map kinases
PRAD	prostate	BICALUTAMIDE	A	RECIST response	18	15	REACTOME_G_PROTEIN_ACTIVATION	2.529660474327734	0.47846029525458583		2.529660474327734	0.25				response	5	g protein activation
PRAD	prostate	BICALUTAMIDE	A	RECIST response	18	15	REACTOME_FORMATION_OF_THE_HIV1_EARLY_ELONGATION_COMPLEX	-2.5374731375377295	0.47846029525458583		-2.5374731375377295	0.19791666666666666				resistance	1	formation of the hiv1 early elongation complex
PRAD	prostate	BICALUTAMIDE	A	RECIST response	18	15	REACTOME_VIRAL_MESSENGER_RNA_SYNTHESIS	-2.5076964824962156	0.47846029525458583		-2.5076964824962156	0.16666666666666666				resistance	2	viral messenger rna synthesis
PRAD	prostate	BICALUTAMIDE	A	RECIST response	18	15	REACTOME_ABORTIVE_ELONGATION_OF_HIV1_TRANSCRIPT_IN_THE_ABSENCE_OF_TAT	-2.4841243120448393	0.47846029525458583		-2.4841243120448393	0.09375				resistance	3	abortive elongation of hiv1 transcript in the absence of tat
PRAD	prostate	BICALUTAMIDE	A	RECIST response	18	15	REACTOME_FORMATION_OF_TRANSCRIPTION_COUPLED_NER_TC_NER_REPAIR_COMPLEX	-2.321483973556966	0.47846029525458583		-2.321483973556966	0.03125				resistance	4	formation of transcription coupled ner tc ner repair complex
PRAD	prostate	BICALUTAMIDE	A	RECIST response	18	15	REACTOME_FORMATION_OF_RNA_POL_II_ELONGATION_COMPLEX_	-2.2634430829250927	0.47846029525458583		-2.2634430829250927	0.03125				resistance	5	formation of rna pol ii elongation complex 
PRAD	prostate	LEUPROLIDE	A	RECIST response	21	16	REACTOME_NA_CL_DEPENDENT_NEUROTRANSMITTER_TRANSPORTERS	3.2579652751431776	0.37760056998958136		3.2579652751431776	0.64				response	1	na cl dependent neurotransmitter transporters
PRAD	prostate	LEUPROLIDE	A	RECIST response	21	16	REACTOME_MAP_KINASE_ACTIVATION_IN_TLR_CASCADE	2.6368989075760836	0.728119589676032		2.6368989075760836	0.34				response	2	map kinase activation in tlr cascade
PRAD	prostate	LEUPROLIDE	A	RECIST response	21	16	REACTOME_PREFOLDIN_MEDIATED_TRANSFER_OF_SUBSTRATE_TO_CCT_TRIC	2.553741445044895	0.728119589676032		2.553741445044895	0.3				response	3	prefoldin mediated transfer of substrate to cct tric
PRAD	prostate	LEUPROLIDE	A	RECIST response	21	16	REACTOME_AMINO_ACID_TRANSPORT_ACROSS_THE_PLASMA_MEMBRANE	2.405240834216158	0.728119589676032		2.405240834216158	0.05				response	4	amino acid transport across the plasma membrane
PRAD	prostate	LEUPROLIDE	A	RECIST response	21	16	REACTOME_FORMATION_OF_TUBULIN_FOLDING_INTERMEDIATES_BY_CCT_TRIC	2.3539046416831417	0.728119589676032		2.3539046416831417	0.14				response	5	formation of tubulin folding intermediates by cct tric
PRAD	prostate	LEUPROLIDE	A	RECIST response	21	16	REACTOME_TRYPTOPHAN_CATABOLISM	-3.645502142479438	0.17960363892163117		-3.645502142479438	0.86				resistance	1	tryptophan catabolism
PRAD	prostate	LEUPROLIDE	A	RECIST response	21	16	REACTOME_TRAF6_MEDIATED_IRF7_ACTIVATION	-2.8826739656765255	0.728119589676032		-2.8826739656765255	0.37				resistance	2	traf6 mediated irf7 activation
PRAD	prostate	LEUPROLIDE	A	RECIST response	21	16	REACTOME_SYNTHESIS_OF_PC	-2.849710875051135	0.728119589676032		-2.849710875051135	0.36				resistance	3	synthesis of pc
PRAD	prostate	LEUPROLIDE	A	RECIST response	21	16	REACTOME_NEF_MEDIATES_DOWN_MODULATION_OF_CELL_SURFACE_RECEPTORS_BY_RECRUITING_THEM_TO_CLATHRIN_ADAPTERS	-2.55349548753171	0.728119589676032		-2.55349548753171	0.18				resistance	4	nef mediates down modulation of cell surface receptors by recruiting them to clathrin adapters
PRAD	prostate	LEUPROLIDE	A	RECIST response	21	16	REACTOME_ER_PHAGOSOME_PATHWAY	-2.51424909716555	0.728119589676032		-2.51424909716555	0.23				resistance	5	er phagosome pathway
READ	rectal	OXALIPLATIN	A	RECIST response	19	14	REACTOME_ALPHA_LINOLENIC_ACID_ALA_METABOLISM	2.1882166466339634	0.9993420213385108	2.2749239656226226	3.1559169923157113	0.17				response	1	alpha linolenic acid ala metabolism
READ	rectal	OXALIPLATIN	A	RECIST response	19	14	REACTOME_SYNTHESIS_OF_BILE_ACIDS_AND_BILE_SALTS_VIA_24_HYDROXYCHOLESTEROL	2.4930014225874717	0.9993420213385108	1.771684242502496	3.015588153414177	0.33				response	2	synthesis of bile acids and bile salts via 24 hydroxycholesterol
READ	rectal	OXALIPLATIN	A	RECIST response	19	14	REACTOME_SIGNALING_BY_FGFR3_MUTANTS	0.8219729697927867	0.9993420213385108	2.620544203034646	2.4342272372574194	0.0				response	3	signaling by fgfr3 mutants
READ	rectal	OXALIPLATIN	A	RECIST response	19	14	REACTOME_TRAFFICKING_OF_GLUR2_CONTAINING_AMPA_RECEPTORS	1.255940666958608	0.9993420213385108	2.11423719347991	2.3830756189208455	0.01				response	4	trafficking of glur2 containing ampa receptors
READ	rectal	OXALIPLATIN	A	RECIST response	19	14	REACTOME_METABOLISM_OF_LIPIDS_AND_LIPOPROTEINS	0.29819748469039103	0.9993420213385108	3.025620134500046	2.3502939779568837	0.0				response	5	metabolism of lipids and lipoproteins
READ	rectal	OXALIPLATIN	A	RECIST response	19	14	REACTOME_GAP_JUNCTION_DEGRADATION	-1.4374278546350954	0.9993420213385108	-2.901386089252491	-3.068004762029661	0.08				resistance	1	gap junction degradation
READ	rectal	OXALIPLATIN	A	RECIST response	19	14	REACTOME_PACKAGING_OF_TELOMERE_ENDS	-1.5484706943572109	0.9993420213385108	-2.5433231510708434	-2.8933351753195566	0.03				resistance	2	packaging of telomere ends
READ	rectal	OXALIPLATIN	A	RECIST response	19	14	REACTOME_REVERSIBLE_HYDRATION_OF_CARBON_DIOXIDE	-1.7576162742967443	0.9993420213385108	-2.302477383484937	-2.8709197576699204	0.15				resistance	3	reversible hydration of carbon dioxide
READ	rectal	OXALIPLATIN	A	RECIST response	19	14	REACTOME_NEF_MEDIATED_DOWNREGULATION_OF_MHC_CLASS_I_COMPLEX_CELL_SURFACE_EXPRESSION	-1.2414449188917056	0.9993420213385108	-2.537502637279497	-2.672119442716989	0.05				resistance	4	nef mediated downregulation of mhc class i complex cell surface expression
READ	rectal	OXALIPLATIN	A	RECIST response	19	14	REACTOME_SIGNALING_BY_BMP	-1.3726559329250616	0.9993420213385108	-2.278008457102517	-2.581409546024752	0.0				resistance	5	signaling by bmp
SARC	sarcoma	IFOSFAMIDE	A	RECIST response	16	9	REACTOME_TRANSPORT_OF_ORGANIC_ANIONS	2.429150486847389	0.7997903627127187	2.0929115974227988	3.197580764734022	0.09				response	1	transport of organic anions
SARC	sarcoma	IFOSFAMIDE	A	RECIST response	16	9	REACTOME_HEPARAN_SULFATE_HEPARIN_HS_GAG_METABOLISM	2.031930049674706	0.7997903627127187	2.08234255371841	2.9092300575093035	0.07				response	2	heparan sulfate heparin hs gag metabolism
SARC	sarcoma	IFOSFAMIDE	A	RECIST response	16	9	REACTOME_REGULATED_PROTEOLYSIS_OF_P75NTR	3.030079927747743	0.7997903627127187	1.0281947150675128	2.8696335198520813	0.69				response	3	regulated proteolysis of p75ntr
SARC	sarcoma	IFOSFAMIDE	A	RECIST response	16	9	REACTOME_SIGNALING_BY_FGFR1_MUTANTS	1.424282745064083	0.8786507511168211	2.627332342151476	2.8649245029278467	0.0				response	4	signaling by fgfr1 mutants
SARC	sarcoma	IFOSFAMIDE	A	RECIST response	16	9	REACTOME_PHOSPHOLIPID_METABOLISM	1.7781648044150513	0.7997903627127187	2.2531881548440413	2.8505970148485598	0.15				response	5	phospholipid metabolism
SARC	sarcoma	IFOSFAMIDE	A	RECIST response	16	9	REACTOME_REGULATION_OF_WATER_BALANCE_BY_RENAL_AQUAPORINS	-2.0869768843030716	0.7997903627127187	-3.257822491142028	-3.7793438824588534	0.04				resistance	1	regulation of water balance by renal aquaporins
SARC	sarcoma	IFOSFAMIDE	A	RECIST response	16	9	REACTOME_POL_SWITCHING	-1.8670345958417096	0.7997903627127187	-2.6513991013921987	-3.1950151076558995	0.0				resistance	2	pol switching
SARC	sarcoma	IFOSFAMIDE	A	RECIST response	16	9	REACTOME_CGMP_EFFECTS	-2.0946931253651835	0.7997903627127187	-2.08004900880335	-2.9519884727757693	0.14				resistance	3	cgmp effects
SARC	sarcoma	IFOSFAMIDE	A	RECIST response	16	9	REACTOME_NEURONAL_SYSTEM	-1.7679740426161346	0.7997903627127187	-2.18045445862454	-2.7919605682575175	0.01				resistance	4	neuronal system
SARC	sarcoma	IFOSFAMIDE	A	RECIST response	16	9	REACTOME_REVERSIBLE_HYDRATION_OF_CARBON_DIOXIDE	-2.383286171033833	0.7997903627127187	-1.4435277815565497	-2.7059660962159544	0.1				resistance	5	reversible hydration of carbon dioxide
SKCM	melanoma	DACARBAZINE	A	RECIST response	27	12	REACTOME_AMINE_DERIVED_HORMONES	3.0264428011046114	0.10123643710712209	1.6273416971292112	3.29072257688197	0.11				response	1	amine derived hormones
SKCM	melanoma	DACARBAZINE	A	RECIST response	27	12	REACTOME_COMMON_PATHWAY	2.248812997261647	0.20376442694001745	1.8834225455873312	2.9219317738085864	0.03				response	2	common pathway
SKCM	melanoma	DACARBAZINE	A	RECIST response	27	12	REACTOME_INTRINSIC_PATHWAY_FOR_APOPTOSIS	1.6830673415735968	0.40103008747666136	2.249561442579525	2.7807884811640795	0.0				response	3	intrinsic pathway for apoptosis
SKCM	melanoma	DACARBAZINE	A	RECIST response	27	12	REACTOME_MRNA_DECAY_BY_3_TO_5_EXORIBONUCLEASE	0.8585279736221249	0.784699900723823	3.0339663838509794	2.752409155899605	0.0				response	4	mrna decay by 3 to 5 exoribonuclease
SKCM	melanoma	DACARBAZINE	A	RECIST response	27	12	REACTOME_IMMUNOREGULATORY_INTERACTIONS_BETWEEN_A_LYMPHOID_AND_A_NON_LYMPHOID_CELL	1.1337648773003044	0.6573730614856387	2.716842917653384	2.722790883501532	0.0				response	5	immunoregulatory interactions between a lymphoid and a non lymphoid cell
SKCM	melanoma	DACARBAZINE	A	RECIST response	27	12	REACTOME_DAG_AND_IP3_SIGNALING	-2.8585709202796377	0.11943085758928101	-2.2033832809492844	-3.5793421417447036	0.09				resistance	1	dag and ip3 signaling
SKCM	melanoma	DACARBAZINE	A	RECIST response	27	12	REACTOME_DOWNREGULATION_OF_SMAD2_3_SMAD4_TRANSCRIPTIONAL_ACTIVITY	-2.527399758454771	0.16087188425324334	-2.380457350003282	-3.4703790424852903	0.07				resistance	2	downregulation of smad2 3 smad4 transcriptional activity
SKCM	melanoma	DACARBAZINE	A	RECIST response	27	12	REACTOME_GENERIC_TRANSCRIPTION_PATHWAY	-2.6017790004421117	0.15458300330812036	-2.1902080952771064	-3.3884465707414884	0.04				resistance	3	generic transcription pathway
SKCM	melanoma	DACARBAZINE	A	RECIST response	27	12	REACTOME_CIRCADIAN_CLOCK	-3.1702500161676133	0.09173973737035877	-1.4991913116278734	-3.301793627236905	0.1				resistance	4	circadian clock
SKCM	melanoma	DACARBAZINE	A	RECIST response	27	12	REACTOME_BMAL1_CLOCK_NPAS2_ACTIVATES_CIRCADIAN_EXPRESSION	-3.0156695873464954	0.10123643710712209	-1.4685608128650236	-3.170829724392431	0.1				resistance	5	bmal1 clock npas2 activates circadian expression
SKCM	melanoma	INTERFERON ALFA-2B, RECOMBINANT	A	RECIST response	18	10	REACTOME_SYNTHESIS_OF_BILE_ACIDS_AND_BILE_SALTS_VIA_7ALPHA_HYDROXYCHOLESTEROL	2.565085160931365	0.6104520601392355		2.565085160931365	0.4				response	1	synthesis of bile acids and bile salts via 7alpha hydroxycholesterol
SKCM	melanoma	INTERFERON ALFA-2B, RECOMBINANT	A	RECIST response	18	10	REACTOME_SYNTHESIS_OF_BILE_ACIDS_AND_BILE_SALTS	2.559247121136872	0.6104520601392355		2.559247121136872	0.26				response	2	synthesis of bile acids and bile salts
SKCM	melanoma	INTERFERON ALFA-2B, RECOMBINANT	A	RECIST response	18	10	REACTOME_SYNTHESIS_OF_SUBSTRATES_IN_N_GLYCAN_BIOSYTHESIS	2.4869879006774562	0.6104520601392355		2.4869879006774562	0.14				response	3	synthesis of substrates in n glycan biosythesis
SKCM	melanoma	INTERFERON ALFA-2B, RECOMBINANT	A	RECIST response	18	10	REACTOME_GLYCOLYSIS	2.4049020253108755	0.6104520601392355		2.4049020253108755	0.14				response	4	glycolysis
SKCM	melanoma	INTERFERON ALFA-2B, RECOMBINANT	A	RECIST response	18	10	REACTOME_RESPIRATORY_ELECTRON_TRANSPORT_ATP_SYNTHESIS_BY_CHEMIOSMOTIC_COUPLING_AND_HEAT_PRODUCTION_BY_UNCOUPLING_PROTEINS_	2.3434812836897025	0.6104520601392355		2.3434812836897025	0.1				response	5	respiratory electron transport atp synthesis by chemiosmotic coupling and heat production by uncoupling proteins 
SKCM	melanoma	INTERFERON ALFA-2B, RECOMBINANT	A	RECIST response	18	10	REACTOME_SIGNALING_BY_HIPPO	-3.1371707925893038	0.5767801947477803		-3.1371707925893038	0.64				resistance	1	signaling by hippo
SKCM	melanoma	INTERFERON ALFA-2B, RECOMBINANT	A	RECIST response	18	10	REACTOME_SIGNALING_BY_FGFR1_FUSION_MUTANTS	-3.037754280539646	0.5767801947477803		-3.037754280539646	0.48				resistance	2	signaling by fgfr1 fusion mutants
SKCM	melanoma	INTERFERON ALFA-2B, RECOMBINANT	A	RECIST response	18	10	REACTOME_IRAK2_MEDIATED_ACTIVATION_OF_TAK1_COMPLEX_UPON_TLR7_8_OR_9_STIMULATION	-3.014847426853802	0.5767801947477803		-3.014847426853802	0.42				resistance	3	irak2 mediated activation of tak1 complex upon tlr7 8 or 9 stimulation
SKCM	melanoma	INTERFERON ALFA-2B, RECOMBINANT	A	RECIST response	18	10	REACTOME_NUCLEAR_SIGNALING_BY_ERBB4	-2.7072369277654498	0.6104520601392355		-2.7072369277654498	0.35				resistance	4	nuclear signaling by erbb4
SKCM	melanoma	INTERFERON ALFA-2B, RECOMBINANT	A	RECIST response	18	10	REACTOME_JNK_C_JUN_KINASES_PHOSPHORYLATION_AND_ACTIVATION_MEDIATED_BY_ACTIVATED_HUMAN_TAK1	-2.6625811615307144	0.6104520601392355		-2.6625811615307144	0.22				resistance	5	jnk c jun kinases phosphorylation and activation mediated by activated human tak1
SKCM	melanoma	IPILIMUMAB	A	RECIST response	15	5	REACTOME_YAP1_AND_WWTR1_TAZ_STIMULATED_GENE_EXPRESSION	2.0089592001514434	0.9947589293880813		2.0089592001514434	0.04				response	1	yap1 and wwtr1 taz stimulated gene expression
SKCM	melanoma	IPILIMUMAB	A	RECIST response	15	5	REACTOME_NOTCH_HLH_TRANSCRIPTION_PATHWAY	1.9999495192188437	0.9947589293880813		1.9999495192188437	0.06				response	2	notch hlh transcription pathway
SKCM	melanoma	IPILIMUMAB	A	RECIST response	15	5	REACTOME_SIGNALING_BY_NOTCH	1.9149211704404678	0.9947589293880813		1.9149211704404678	0.18				response	3	signaling by notch
SKCM	melanoma	IPILIMUMAB	A	RECIST response	15	5	REACTOME_INWARDLY_RECTIFYING_K_CHANNELS	1.9125029191611385	0.9947589293880813		1.9125029191611385	0.11				response	4	inwardly rectifying k channels
SKCM	melanoma	IPILIMUMAB	A	RECIST response	15	5	REACTOME_REGULATION_OF_INSULIN_SECRETION_BY_ACETYLCHOLINE	1.8814416792087931	0.9947589293880813		1.8814416792087931	0.05				response	5	regulation of insulin secretion by acetylcholine
SKCM	melanoma	IPILIMUMAB	A	RECIST response	15	5	REACTOME_CYCLIN_A_B1_ASSOCIATED_EVENTS_DURING_G2_M_TRANSITION	-2.4855579866410404	0.9947589293880813		-2.4855579866410404	0.4				resistance	1	cyclin a b1 associated events during g2 m transition
SKCM	melanoma	IPILIMUMAB	A	RECIST response	15	5	REACTOME_GAP_JUNCTION_TRAFFICKING	-2.1933090415871264	0.9947589293880813		-2.1933090415871264	0.31				resistance	2	gap junction trafficking
SKCM	melanoma	IPILIMUMAB	A	RECIST response	15	5	REACTOME_CYCLIN_E_ASSOCIATED_EVENTS_DURING_G1_S_TRANSITION_	-2.1317417968837256	0.9947589293880813		-2.1317417968837256	0.08				resistance	3	cyclin e associated events during g1 s transition 
SKCM	melanoma	IPILIMUMAB	A	RECIST response	15	5	REACTOME_GAP_JUNCTION_ASSEMBLY	-2.128284587596462	0.9947589293880813		-2.128284587596462	0.15				resistance	4	gap junction assembly
SKCM	melanoma	IPILIMUMAB	A	RECIST response	15	5	REACTOME_ERKS_ARE_INACTIVATED	-2.111391226228735	0.9947589293880813		-2.111391226228735	0.11				resistance	5	erks are inactivated
STAD	stomach	ETOPOSIDE	A	RECIST response	17	12	REACTOME_METABOLISM_OF_LIPIDS_AND_LIPOPROTEINS	2.3629278865841394	0.5077255917105228	2.978140401389073	3.776705605206282	0.04				response	1	metabolism of lipids and lipoproteins
STAD	stomach	ETOPOSIDE	A	RECIST response	17	12	REACTOME_REGULATION_OF_THE_FANCONI_ANEMIA_PATHWAY	1.3095947549077238	0.6162647308107526	3.3300896631522385	3.2807523145757598	0.01				response	2	regulation of the fanconi anemia pathway
STAD	stomach	ETOPOSIDE	A	RECIST response	17	12	REACTOME_ADHERENS_JUNCTIONS_INTERACTIONS	2.839944710925755	0.5077255917105228	1.798834217391077	3.280112036638097	0.5				response	3	adherens junctions interactions
STAD	stomach	ETOPOSIDE	A	RECIST response	17	12	REACTOME_GLYCOSPHINGOLIPID_METABOLISM	2.732358993248391	0.5077255917105228	1.862834300913653	3.249292339164931	0.17				response	4	glycosphingolipid metabolism
STAD	stomach	ETOPOSIDE	A	RECIST response	17	12	REACTOME_KERATAN_SULFATE_KERATIN_METABOLISM	2.0000662396029782	0.553016981587662	2.563545074902908	3.226960507186766	0.09				response	5	keratan sulfate keratin metabolism
STAD	stomach	ETOPOSIDE	A	RECIST response	17	12	REACTOME_REGULATION_OF_WATER_BALANCE_BY_RENAL_AQUAPORINS	-1.4042260971379419	0.5893403371392238	-3.333705847238642	-3.3502238066690464	0.0				resistance	1	regulation of water balance by renal aquaporins
STAD	stomach	ETOPOSIDE	A	RECIST response	17	12	REACTOME_ACTIVATION_OF_KAINATE_RECEPTORS_UPON_GLUTAMATE_BINDING	-1.7875214721910988	0.5575001539165757	-2.5822841199043465	-3.0899191666375856	0.07				resistance	2	activation of kainate receptors upon glutamate binding
STAD	stomach	ETOPOSIDE	A	RECIST response	17	12	REACTOME_GENERIC_TRANSCRIPTION_PATHWAY	-1.9931321727242473	0.553016981587662	-2.3013680097470712	-3.0366702008323347	0.14				resistance	3	generic transcription pathway
STAD	stomach	ETOPOSIDE	A	RECIST response	17	12	REACTOME_OXYGEN_DEPENDENT_PROLINE_HYDROXYLATION_OF_HYPOXIA_INDUCIBLE_FACTOR_ALPHA	-2.393034449520807	0.5077255917105228	-1.826310245229552	-2.983527245821462	0.14				resistance	4	oxygen dependent proline hydroxylation of hypoxia inducible factor alpha
STAD	stomach	ETOPOSIDE	A	RECIST response	17	12	REACTOME_NEURONAL_SYSTEM	-1.6096976308993154	0.5575001539165757	-2.5169943581401144	-2.9180118893179827	0.0				resistance	5	neuronal system
TGCT	testicular germ cell	BLEOMYCIN	C	PFI among treated (Cox)	53	22	REACTOME_PLATELET_CALCIUM_HOMEOSTASIS	1.1207020568638641	0.9480461136692355	3.202166985268452	3.056730013873156	0.01	-0.38775815800146285	0.9435224641709896	73.0	response	1	platelet calcium homeostasis
TGCT	testicular germ cell	BLEOMYCIN	C	PFI among treated (Cox)	53	22	REACTOME_CTLA4_INHIBITORY_SIGNALING	1.244259612415454	0.9480461136692355	2.917888482445792	2.9430831421790566	0.02	0.07418991157228307	0.7454122903171891	73.0	response	2	ctla4 inhibitory signaling
TGCT	testicular germ cell	BLEOMYCIN	C	PFI among treated (Cox)	53	22	REACTOME_P2Y_RECEPTORS	1.520763435279255	0.9480461136692355	2.183519867078293	2.6193238425331202	0.03	-0.04155781257126667	0.9750926267487906	73.0	response	3	p2y receptors
TGCT	testicular germ cell	BLEOMYCIN	C	PFI among treated (Cox)	53	22	REACTOME_DOWNSTREAM_SIGNAL_TRANSDUCTION	0.6595695375137426	0.9480461136692355	3.01350896780884	2.5972587189441465	0.02	-1.3050932753988567	1.400878098915637	73.0	response	4	downstream signal transduction
TGCT	testicular germ cell	BLEOMYCIN	C	PFI among treated (Cox)	53	22	REACTOME_IL_3_5_AND_GM_CSF_SIGNALING	1.3372867945482527	0.9480461136692355	2.130718327696181	2.4522499391287207	0.0	0.39457982351701415	0.5580522460517335	73.0	response	5	il 3 5 and gm csf signaling
TGCT	testicular germ cell	BLEOMYCIN	C	PFI among treated (Cox)	53	22	REACTOME_METABOLISM_OF_PROTEINS	-1.1824040673103517	0.9480461136692355	-2.8086557539688592	-2.8221054637477003	0.01	1.0498822134695487	-1.5390822458177589	73.0	resistance	1	metabolism of proteins
TGCT	testicular germ cell	BLEOMYCIN	C	PFI among treated (Cox)	53	22	REACTOME_POL_SWITCHING	-1.1541265259299807	0.9480461136692355	-2.732769783170093	-2.748450737933625	0.0	0.7463665697259858	-1.2842569340829517	73.0	resistance	2	pol switching
TGCT	testicular germ cell	BLEOMYCIN	C	PFI among treated (Cox)	53	22	REACTOME_NEF_MEDIATED_DOWNREGULATION_OF_MHC_CLASS_I_COMPLEX_CELL_SURFACE_EXPRESSION	-1.4504944197596865	0.9480461136692355	-2.4201717590973755	-2.7369743027792506	0.06	0.05611507376821398	-0.8296235669795873	73.0	resistance	3	nef mediated downregulation of mhc class i complex cell surface expression
TGCT	testicular germ cell	BLEOMYCIN	C	PFI among treated (Cox)	53	22	REACTOME_MICRORNA_MIRNA_BIOGENESIS	-1.2929189518005382	0.9480461136692355	-2.524975117387626	-2.699658786174852	0.07	-0.04820995794955428	-0.7686831800543257	73.0	resistance	4	microrna mirna biogenesis
TGCT	testicular germ cell	BLEOMYCIN	C	PFI among treated (Cox)	53	22	REACTOME_GAP_JUNCTION_DEGRADATION	-0.3675617061366799	0.9480461136692355	-3.1813052733017706	-2.509427906689948	0.0	-1.6549020470728486	1.0092273664208637	73.0	resistance	5	gap junction degradation
TGCT	testicular germ cell	CISPLATIN	C	PFI among treated (Cox)	53	23	REACTOME_CTLA4_INHIBITORY_SIGNALING	1.271441096764008	0.9961823903101398	2.827675703966125	2.898513286671983	0.02	0.07418991157228307	0.7422854800421573	73.0	response	1	ctla4 inhibitory signaling
TGCT	testicular germ cell	CISPLATIN	C	PFI among treated (Cox)	53	23	REACTOME_PLATELET_CALCIUM_HOMEOSTASIS	1.2880222176799514	0.9961823903101398	2.6843826795508874	2.8089144404505766	0.05	-0.38775815800146285	1.0566826051533065	73.0	response	2	platelet calcium homeostasis
TGCT	testicular germ cell	CISPLATIN	C	PFI among treated (Cox)	53	23	REACTOME_INFLAMMASOMES	1.2783936493208303	0.9961823903101398	2.3064844385678165	2.534891605673126	0.0	0.15696944217498587	0.7701896747613288	73.0	response	3	inflammasomes
TGCT	testicular germ cell	CISPLATIN	C	PFI among treated (Cox)	53	23	REACTOME_IL_3_5_AND_GM_CSF_SIGNALING	1.330838547484836	0.9961823903101398	1.902157936811039	2.286073737597881	0.0	0.39457982351701415	0.5437962529568398	73.0	response	4	il 3 5 and gm csf signaling
TGCT	testicular germ cell	CISPLATIN	C	PFI among treated (Cox)	53	23	REACTOME_IL_2_SIGNALING	1.1715195347013303	0.9961823903101398	2.006028289917015	2.246865614332194	0.0	0.3619311170992711	0.4633875598231461	73.0	response	5	il 2 signaling
TGCT	testicular germ cell	CISPLATIN	C	PFI among treated (Cox)	53	23	REACTOME_PLATELET_AGGREGATION_PLUG_FORMATION	-1.4291065741222715	0.9961823903101398	-2.562893463821378	-2.8227702973269095	0.03	-0.5442452010852753	-0.49614120281870305	73.0	resistance	1	platelet aggregation plug formation
TGCT	testicular germ cell	CISPLATIN	C	PFI among treated (Cox)	53	23	REACTOME_MICRORNA_MIRNA_BIOGENESIS	-1.1351958993214473	0.9961823903101398	-2.662502116821691	-2.6853780201135113	0.07	-0.04820995794955428	-0.6780897279402263	73.0	resistance	2	microrna mirna biogenesis
TGCT	testicular germ cell	CISPLATIN	C	PFI among treated (Cox)	53	23	REACTOME_SIGNALING_BY_BMP	-1.6049188582403686	0.9961823903101398	-2.1387888217473665	-2.647201087299485	0.04	-0.5776379537530034	-0.5427377568202665	73.0	resistance	3	signaling by bmp
TGCT	testicular germ cell	CISPLATIN	C	PFI among treated (Cox)	53	23	REACTOME_NEF_MEDIATED_DOWNREGULATION_OF_MHC_CLASS_I_COMPLEX_CELL_SURFACE_EXPRESSION	-1.167176791293301	0.9961823903101398	-2.54612519227785	-2.6257010131766187	0.07	0.05611507376821398	-0.7183443301397839	73.0	resistance	4	nef mediated downregulation of mhc class i complex cell surface expression
TGCT	testicular germ cell	CISPLATIN	C	PFI among treated (Cox)	53	23	REACTOME_METABOLISM_OF_PROTEINS	-0.9908639881332288	0.9961823903101398	-2.551778969934498	-2.50502685897246	0.02	1.0498822134695487	-1.4252163929783215	73.0	resistance	5	metabolism of proteins
TGCT	testicular germ cell	ETOPOSIDE	C	PFI among treated (Cox)	54	23	REACTOME_PLATELET_CALCIUM_HOMEOSTASIS	1.0509548234932937	0.99937897092463	3.1318440263345435	2.957685431052555	0.01	-0.38775815800146285	0.9241544109833156	73.0	response	1	platelet calcium homeostasis
TGCT	testicular germ cell	ETOPOSIDE	C	PFI among treated (Cox)	54	23	REACTOME_DOWNSTREAM_SIGNAL_TRANSDUCTION	0.4302464890336639	0.99937897092463	3.066492856577152	2.4725681033232187	0.0	-1.3050932753988567	1.246258587056983	73.0	response	2	downstream signal transduction
TGCT	testicular germ cell	ETOPOSIDE	C	PFI among treated (Cox)	54	23	REACTOME_CTLA4_INHIBITORY_SIGNALING	0.7492824173658751	0.99937897092463	2.554294175987478	2.3359814113293096	0.0	0.07418991157228307	0.42041129851066394	73.0	response	3	ctla4 inhibitory signaling
TGCT	testicular germ cell	ETOPOSIDE	C	PFI among treated (Cox)	54	23	REACTOME_INFLAMMASOMES	1.1616334397674621	0.99937897092463	2.1295264292139797	2.3272014613258065	0.0	0.15696944217498587	0.6927506503746718	73.0	response	4	inflammasomes
TGCT	testicular germ cell	ETOPOSIDE	C	PFI among treated (Cox)	54	23	REACTOME_ACYL_CHAIN_REMODELLING_OF_PS	1.8049750892228185	0.99937897092463	1.3724707341436986	2.246793488555337	0.16	0.7168961824806447	0.30029795373592105	73.0	response	5	acyl chain remodelling of ps
TGCT	testicular germ cell	ETOPOSIDE	C	PFI among treated (Cox)	54	23	REACTOME_GAP_JUNCTION_DEGRADATION	-0.47661094327133346	0.99937897092463	-3.456260826597522	-2.7809602980114065	0.0	-1.6549020470728486	0.9013935252460369	73.0	resistance	1	gap junction degradation
TGCT	testicular germ cell	ETOPOSIDE	C	PFI among treated (Cox)	54	23	REACTOME_MICRORNA_MIRNA_BIOGENESIS	-0.9795216821490046	0.99937897092463	-2.7551131777760194	-2.640785634708656	0.04	-0.04820995794955428	-0.5790152151039513	73.0	resistance	2	microrna mirna biogenesis
TGCT	testicular germ cell	ETOPOSIDE	C	PFI among treated (Cox)	54	23	REACTOME_PLATELET_AGGREGATION_PLUG_FORMATION	-1.0500211471206753	0.99937897092463	-2.5871499343186355	-2.571868336021345	0.06	-0.5442452010852753	-0.25975245275275133	73.0	resistance	3	platelet aggregation plug formation
TGCT	testicular germ cell	ETOPOSIDE	C	PFI among treated (Cox)	54	23	REACTOME_POL_SWITCHING	-0.6498386640156363	0.99937897092463	-2.837676666121036	-2.466045739431682	0.0	0.7463665697259858	-0.9870560179974698	73.0	resistance	4	pol switching
TGCT	testicular germ cell	ETOPOSIDE	C	PFI among treated (Cox)	54	23	REACTOME_METABOLISM_OF_PROTEINS	-0.7684271251083992	0.99937897092463	-2.6320327374482915	-2.404488227966511	0.0	1.0498822134695487	-1.3003990380580956	73.0	resistance	5	metabolism of proteins
UCEC	endometrial	DOXORUBICIN	A	RECIST response	11	6	REACTOME_IMMUNOREGULATORY_INTERACTIONS_BETWEEN_A_LYMPHOID_AND_A_NON_LYMPHOID_CELL	2.5797045334167072	0.5051149114550517	2.537977762730635	3.618747855564126	0.19				response	1	immunoregulatory interactions between a lymphoid and a non lymphoid cell
UCEC	endometrial	DOXORUBICIN	A	RECIST response	11	6	REACTOME_DOWNSTREAM_SIGNAL_TRANSDUCTION	1.9043007400326493	0.551356258894119	2.9436129966397693	3.4279926778084815	0.01				response	2	downstream signal transduction
UCEC	endometrial	DOXORUBICIN	A	RECIST response	11	6	REACTOME_THE_ROLE_OF_NEF_IN_HIV1_REPLICATION_AND_DISEASE_PATHOGENESIS	2.5455134028043074	0.5051149114550517	2.26440866251413	3.4011285093654706	0.08				response	3	the role of nef in hiv1 replication and disease pathogenesis
UCEC	endometrial	DOXORUBICIN	A	RECIST response	11	6	REACTOME_IL_3_5_AND_GM_CSF_SIGNALING	2.3995399627954024	0.5051149114550517	2.254157222359904	3.2906608372120654	0.07				response	4	il 3 5 and gm csf signaling
UCEC	endometrial	DOXORUBICIN	A	RECIST response	11	6	REACTOME_SYNTHESIS_OF_PIPS_AT_THE_EARLY_ENDOSOME_MEMBRANE	1.9832878219112353	0.5222401547805119	2.579442625797532	3.226337640301201	0.06				response	5	synthesis of pips at the early endosome membrane
UCEC	endometrial	DOXORUBICIN	A	RECIST response	11	6	REACTOME_NEURONAL_SYSTEM	-1.5479358198768538	0.6345907394343684	-2.4175015781896056	-2.803987674543532	0.0				resistance	1	neuronal system
UCEC	endometrial	DOXORUBICIN	A	RECIST response	11	6	REACTOME_POL_SWITCHING	-0.904584552159744	0.7840263642821023	-2.9649415501208023	-2.736168146900924	0.0				resistance	2	pol switching
UCEC	endometrial	DOXORUBICIN	A	RECIST response	11	6	REACTOME_MICRORNA_MIRNA_BIOGENESIS	-0.8334813660004771	0.7992167505019285	-2.5727537429619827	-2.4085719438630537	0.0				resistance	3	microrna mirna biogenesis
UCEC	endometrial	DOXORUBICIN	A	RECIST response	11	6	REACTOME_GENERIC_TRANSCRIPTION_PATHWAY	-1.1362782351375655	0.7174183834827292	-2.202675299224275	-2.360996686214047	0.0				resistance	4	generic transcription pathway
UCEC	endometrial	DOXORUBICIN	A	RECIST response	11	6	REACTOME_GLUTAMATE_NEUROTRANSMITTER_RELEASE_CYCLE	-2.9011912248263414	0.5051149114550517	-0.4345734043034137	-2.3587417896998786	0.64				resistance	5	glutamate neurotransmitter release cycle
