sample	drug	best_avg_response	mrecist	responder	best_response	treatment	tumour_type	paper_category	time_to_double	day_last
X-007	ALPELISIB	196.175	PD	0	303.7	BYL719	GC	PD	4.0	11
X-010	ALPELISIB	12.674999999999997	PD	0	98.5	BYL719	GC	PD	21.6	38
X-011	ALPELISIB	40.25	PD	0	152.0	BYL719	GC	PD	11.631016042780749	60
X-015	ALPELISIB	7.375	SD	0	16.299999999999997	BYL719	GC	SD-->PD	44.299401197604794	67
X-017	ALPELISIB	2.25	SD	0	5.700000000000003	BYL719	GC	SD-->PD	83.58695652173913	125
X-020	ALPELISIB	16.75	SD	0	15.0	BYL719	GC	SD	43.21153846153846	109
X-023	ALPELISIB	-8.777777777777771	SD	0	-40.4	BYL719	GC	SD	49.0	49
X-024	ALPELISIB	15.016666666666666	SD	0	4.099999999999994	BYL719	GC	SD-->PD	40.24050632911393	122
X-025	ALPELISIB	0.46000000000000796	SD	0	2.799999999999997	BYL719	GC	SD-->PD	195.0	218
X-027	ALPELISIB	-56.28	PR	1	-78.2	BYL719	GC	PR	153.0	153
X-028	ALPELISIB	32.099999999999994	PD	0	67.4	BYL719	GC	PD	34.25	84
X-029	ALPELISIB	18.974999999999994	PD	0	130.0	BYL719	GC	PD	16.527859237536656	29
X-031	ALPELISIB	-10.760000000000005	SD	0	-20.400000000000006	BYL719	GC	SD-->PD	52.56263736263736	77
X-034	ALPELISIB	2.1857142857142833	SD	0	-4.599999999999994	BYL719	GC	SD	32.0	32
X-035	ALPELISIB	-46.292857142857144	PR	1	-80.3	BYL719	GC	PR-->-->PD	135.33478260869566	156
X-037	ALPELISIB	14.900000000000006	SD	0	-8.099999999999994	BYL719	GC	SD-->PD	122.0	122
X-038	ALPELISIB	22.440000000000012	PD	0	100.19999999999999	BYL719	GC	PD	20.983539094650208	24
X-039	ALPELISIB	111.0	PD	0	380.2	BYL719	GC	PD	6.0	26
X-050	ALPELISIB	33.875	PD	0	89.69999999999999	BYL719	GC	PD	20.985645933014354	38
X-056	ALPELISIB	15.549999999999997	SD	0	-12.0	BYL719	GC	SD-->PD	38.0	38
X-057	ALPELISIB	11.899999999999991	PD	0	61.400000000000006	BYL719	GC	PD	25.0	25
X-064	ALPELISIB	-4.724999999999994	SD	0	-11.799999999999997	BYL719	GC	SD-->PD	33.0	33
X-065	ALPELISIB	-13.885714285714286	SD	0	-30.5	BYL719	GC	SD-->PD	104.44654088050315	127
X-067	ALPELISIB	27.25	PD	0	55.0	BYL719	GC	PD	42.45519713261649	96
X-074	ALPELISIB	25.674999999999997	PD	0	92.4	BYL719	GC	PD	22.547747747747746	54
X-075	ALPELISIB	14.125	PD	0	105.0	BYL719	GC	PD	19.613152804642166	49
X-077	ALPELISIB	-11.47999999999999	SD	0	-22.599999999999994	BYL719	GC	SD-->PD	57.88059701492537	107
X-078	ALPELISIB	18.700000000000003	PD	0	117.30000000000001	BYL719	GC	PD	19.93006993006993	57
X-084	ALPELISIB	13.049999999999997	PD	0	77.30000000000001	BYL719	GC	PD	26.045544554455446	29
X-089	ALPELISIB	16.799999999999997	PD	0	67.1	BYL719	GC	PD	27.968888888888888	50
X-090	ALPELISIB	-30.46666666666667	PR	1	-58.0	BYL719	GC	PR	28.0	28
X-091	ALPELISIB	8.174999999999997	SD	0	8.299999999999997	BYL719	GC	SD-->PD	69.54347826086956	109
X-0933	ALPELISIB	-29.58	PR	1	-55.9	BYL719	CRC	PR-->PD	57.22727272727272	72
X-096	ALPELISIB	-25.51428571428572	PR	1	-61.7	BYL719	GC	PR	27.0	27
X-097	ALPELISIB	-28.12777777777778	SD	0	-47.5	BYL719	GC	SD-->-->PD	110.61739130434782	113
X-098	ALPELISIB	-6.700000000000003	SD	0	-23.400000000000006	BYL719	GC	SD-->PD	26.925035360678926	54
X-0991	ALPELISIB	-7.914285714285711	SD	0	-14.900000000000006	BYL719	PDAC	SD-->PD	55.45381526104418	105
X-1004	ALPELISIB	9.299999999999997	SD	0	20.0	BYL719	BRCA	SD-->PD	32.32911392405063	42
X-1008	ALPELISIB	-30.67916666666666	PR	1	-63.1	BYL719	BRCA	PR	88.0	88
X-101	ALPELISIB	16.599999999999994	PD	0	83.9	BYL719	GC	PD	27.352331606217618	74
X-102	ALPELISIB	-25.299999999999997	SD	0	-41.2	BYL719	GC	SD-->-->PD	134.75103734439833	156
X-1027	ALPELISIB	15.025000000000006	PD	0	173.2	BYL719	CRC	PD	15.477508650519031	21
X-105	ALPELISIB	9.474999999999994	SD	0	11.700000000000003	BYL719	GC	SD-->PD	39.0	39
X-1055	ALPELISIB	-30.691666666666663	SD	0	-46.5	BYL719	CRC	SD-->PD	93.0	93
X-1119	ALPELISIB	48.05000000000001	PD	0	180.89999999999998	BYL719	CRC	PD	13.026607538802661	20
X-114	ALPELISIB	-36.13636363636363	PR	1	-62.4	BYL719	GC	PR-->PD	96.10555555555555	112
X-1156	ALPELISIB	63.079999999999984	PD	0	136.4	BYL719	NSCLC	PD	11.192429022082019	31
X-1167	ALPELISIB	27.674999999999997	PD	0	365.3	BYL719	CRC	PD	11.95668202764977	29
X-1172	ALPELISIB	-16.92	PD	0	93.4	BYL719	NSCLC	PD	26.34797891036907	29
X-1173	ALPELISIB	37.599999999999994	PD	0	158.89999999999998	BYL719	CRC	PD	14.111111111111112	22
X-118	ALPELISIB	45.84	PD	0	121.0	BYL719	GC	PD	18.439024390243905	41
X-1189	ALPELISIB	37.67500000000001	PD	0	242.0	BYL719	NSCLC	PD	9.881656804733726	25
X-119	ALPELISIB	1.1799999999999926	SD	0	0.7999999999999972	BYL719	GC	SD-->PD	32.0	32
X-1199	ALPELISIB	16.049999999999997	PD	0	45.599999999999994	BYL719	PDAC	PD	46.0	46
X-1228	ALPELISIB	-43.31333333333334	PR	1	-62.7	BYL719	NSCLC	PR-->-->PD	146.80511182108626	147
X-127	ALPELISIB	-7.0	SD	0	-16.0	BYL719	GC	SD-->PD	31.0	31
X-1270	ALPELISIB	-3.214285714285708	SD	0	-9.099999999999994	BYL719	CRC	SD-->PD	66.0	66
X-128	ALPELISIB	-49.57333333333334	PR	1	-59.3	BYL719	GC	PR-->-->PD	112.76565656565657	138
X-1286	ALPELISIB	11.924999999999997	PD	0	45.099999999999994	BYL719	BRCA	PD	34.573964497041416	60
X-1289	ALPELISIB	36.34	PD	0	90.6	BYL719	PDAC	PD	21.387453874538746	48
X-129	ALPELISIB	-79.86727272727273	CR	1	-100.0	BYL719	GC	CR-->PD	251.0	251
X-1290	ALPELISIB	31.700000000000017	PD	0	352.0	BYL719	CRC	PD	12.161928306551298	24
X-1298	ALPELISIB	72.47500000000002	PD	0	274.0	BYL719	BRCA	PD	8.187610619469027	21
X-1303	ALPELISIB	-17.92	SD	0	-29.099999999999994	BYL719	CRC	SD-->PD	28.0	28
X-131	ALPELISIB	45.97999999999999	PD	0	115.30000000000001	BYL719	GC	PD	18.87775061124694	31
X-1323	ALPELISIB	-20.924999999999997	SD	0	-32.400000000000006	BYL719	NSCLC	SD-->PD	50.465931863727455	55
X-1329	ALPELISIB	45.94999999999999	PD	0	105.30000000000001	BYL719	CRC	PD	12.349122807017542	13
X-135	ALPELISIB	27.0	SD	0	18.599999999999994	BYL719	GC	SD	33.86057692307692	45
X-136	ALPELISIB	-34.14999999999999	PR	1	-52.0	BYL719	GC	PR-->PD	75.20289855072464	91
X-1362	ALPELISIB	15.859999999999985	PD	0	92.30000000000001	BYL719	PDAC	PD	21.941176470588236	29
X-137	ALPELISIB	29.75999999999999	PD	0	131.0	BYL719	GC	PD	15.199324324324325	48
X-1371	ALPELISIB	76.1	PD	0	221.10000000000002	BYL719	BRCA	PD	9.251612903225809	22
X-138	ALPELISIB	-10.092307692307699	SD	0	-25.799999999999997	BYL719	GC	SD-->-->PD	101.33398821218074	113
X-1383	ALPELISIB	-9.716666666666654	SD	0	-14.799999999999997	BYL719	BRCA	SD-->PD	67.44671201814059	88
X-1407	ALPELISIB	32.775000000000006	PD	0	119.0	BYL719	BRCA	PD	19.75147928994083	53
X-141	ALPELISIB	-18.91428571428571	SD	0	-48.3	BYL719	GC	SD-->PD	110.59587020648968	139
X-142	ALPELISIB	62.93333333333334	PD	0	196.7	BYL719	GC	PD	9.256756756756756	55
X-1441	ALPELISIB	3.799999999999997	SD	0	-0.09999999999999432	BYL719	CRC	SD-->PD	90.0	90
X-1442	ALPELISIB	36.275000000000006	PD	0	127.9	BYL719	NSCLC	PD	19.38728323699422	21
X-1443	ALPELISIB	93.46666666666667	PD	0	179.89999999999998	BYL719	CRC	PD	8.702857142857143	48
X-146	ALPELISIB	-20.900000000000006	SD	0	-22.900000000000006	BYL719	GC	SD-->PD	65.14204545454545	91
X-1468	ALPELISIB	1.4571428571428697	SD	0	-2.5	BYL719		SD-->-->PD	89.3433242506812	91
X-1479	ALPELISIB	-2.049999999999997	SD	0	1.2000000000000028	BYL719	CRC	SD-->PD	46.295373665480426	78
X-1499	ALPELISIB	153.775	PD	0	268.6	BYL719	NSCLC	PD	4.0	9
X-1500	ALPELISIB	-34.90833333333333	PR	1	-57.2	BYL719	CRC	PR-->PD	49.0	49
X-152	ALPELISIB	-2.4166666666666714	SD	0	-8.700000000000003	BYL719		SD-->PD	37.25	91
X-1536	ALPELISIB	19.599999999999994	PD	0	114.5	BYL719	CRC	PD	19.94353369763206	44
X-1538	ALPELISIB	-1.6749999999999972	SD	0	-6.900000000000006	BYL719	CRC	SD	56.0	56
X-154	ALPELISIB	53.920000000000016	PD	0	294.9	BYL719	GC	PD	9.697674418604652	42
X-158	ALPELISIB	-4.400000000000006	SD	0	-10.900000000000006	BYL719	GC	SD-->PD	87.6046511627907	107
X-1586	ALPELISIB	-28.65714285714286	SD	0	-47.7	BYL719	NSCLC	SD-->PD	83.91525423728814	110
X-160	ALPELISIB	-0.15000000000000568	SD	0	-3.299999999999997	BYL719	GC	SD-->PD	84.80930930930931	98
X-1600	ALPELISIB	49.420000000000016	PD	0	275.8	BYL719	BRCA	PD	11.931787175989086	26
X-161	ALPELISIB	15.724999999999994	PD	0	69.5	BYL719	GC	PD	24.681318681318682	67
X-162	ALPELISIB	-4.179999999999993	SD	0	-28.5	BYL719	GC	SD-->PD	108.0	108
X-1631	ALPELISIB	22.78	PD	0	47.400000000000006	BYL719	BRCA	PD	29.320987654320987	34
X-165	ALPELISIB	14.49600000000001	SD	0	-21.099999999999994	BYL719	GC	SD-->-->PD	178.59468170829976	225
X-1658	ALPELISIB	22.459999999999994	SD	0	18.700000000000003	BYL719	NSCLC	SD	48.15942028985507	50
X-166	ALPELISIB	-34.94054054054054	PR	1	-100.0	BYL719	GC	PR-->PD	175.0	175
X-1683	ALPELISIB	-74.76578947368421	PR	1	-90.1	BYL719	NSCLC	PR	134.0	134
X-169	ALPELISIB	16.0	SD	0	17.900000000000006	BYL719	GC	SD	12.0	12
X-171	ALPELISIB	40.07499999999999	PD	0	120.5	BYL719	GC	PD	13.633333333333333	15
X-1725	ALPELISIB	33.68000000000001	PD	0	10.0	BYL719	NSCLC	PD	37.01	127
X-1787	ALPELISIB	61.133333333333326	PD	0	173.60000000000002	BYL719	NSCLC	PD	8.33011049723757	23
X-1823	ALPELISIB	51.155555555555566	PD	0	-70.1	BYL719	NSCLC	PD	6.578496669838249	40
X-1828	ALPELISIB	87.41428571428574	PD	0	81.69999999999999	BYL719	BRCA	PD	4.404958677685951	32
X-1832	ALPELISIB	89.30000000000001	PD	0	379.2	BYL719	BRCA	PD	6.9910813823857305	17
X-1834	ALPELISIB	-11.5	SD	0	-4.599999999999994	BYL719	NSCLC	SD-->PD	33.82197496522949	68
X-1835	ALPELISIB	59.73333333333332	PD	0	78.1	BYL719	NSCLC	PD	10.21641791044776	43
X-1855	ALPELISIB	3.200000000000003	SD	0	4.700000000000003	BYL719	CRC	SD-->PD	64.07407407407408	91
X-1869	ALPELISIB	29.75999999999999	PD	0	105.19999999999999	BYL719	NSCLC	PD	11.646575342465754	16
X-1870	ALPELISIB	36.82499999999999	PD	0	74.6	BYL719	NSCLC	PD	29.19904076738609	64
X-1916	ALPELISIB	115.6	PD	0	462.6	BYL719	BRCA	PD	7.770392749244714	17
X-1921	ALPELISIB	7.75	SD	0	14.700000000000003	BYL719	BRCA	SD-->PD	62.47682119205298	94
X-1934	ALPELISIB	82.025	PD	0	203.60000000000002	BYL719	NSCLC	PD	6.181395348837209	11
X-1948	ALPELISIB	-3.7249999999999943	SD	0	-9.5	BYL719	PDAC	SD	53.0	53
X-1980	ALPELISIB	29.69999999999999	PD	0	94.6	BYL719	NSCLC	PD	24.0	33
X-1993	ALPELISIB	-21.549999999999997	SD	0	-43.7	BYL719	NSCLC	SD-->PD	36.041666666666664	48
X-2017	ALPELISIB	17.879999999999995	SD	0	22.599999999999994	BYL719	NSCLC	SD-->PD	40.088235294117645	50
X-2026	ALPELISIB	-1.1200000000000045	SD	0	-4.900000000000006	BYL719	PDAC	SD-->PD	41.925	52
X-2042	ALPELISIB	-17.799999999999997	SD	0	-23.599999999999994	BYL719	NSCLC	SD-->PD	91.231654676259	110
X-2043	ALPELISIB	31.04000000000002	PD	0	76.19999999999999	BYL719	PDAC	PD	27.43324250681199	34
X-2081	ALPELISIB	2.4200000000000017	SD	0	0.0	BYL719	PDAC	SD-->PD	27.041322314049587	42
X-2082	ALPELISIB	3.8999999999999915	SD	0	-3.0999999999999943	BYL719	NSCLC	SD-->PD	35.114731839782756	42
X-2088	ALPELISIB	146.625	PD	0	341.3	BYL719	NSCLC	PD	4.374485596707819	22
X-2094	ALPELISIB	60.16	PD	0	147.4	BYL719	NSCLC	PD	11.345291479820627	31
X-2145	ALPELISIB	44.0	PD	0	115.30000000000001	BYL719	CRC	PD	18.854545454545452	40
X-2182	ALPELISIB	239.21999999999997	PD	0	630.9	BYL719	CRC	PD	5.0941704035874436	15
X-2195	ALPELISIB	49.724999999999994	PD	0	145.4	BYL719	BRCA	PD	13.609958506224066	37
X-2239	ALPELISIB	36.78	PD	0	109.80000000000001	BYL719	CRC	PD	20.19672131147541	55
X-2283	ALPELISIB	94.1	PD	0	222.8	BYL719	PDAC	PD	6.849162011173185	32
X-2339	ALPELISIB	-4.016666666666666	SD	0	-8.599999999999994	BYL719	PDAC	SD-->PD	68.97520661157024	69
X-2344	ALPELISIB	48.82499999999999	PD	0	245.8	BYL719	BRCA	PD	10.477011494252874	25
X-2353	ALPELISIB	-5.1200000000000045	SD	0	-6.900000000000006	BYL719	BRCA	SD-->PD	50.97872340425532	91
X-2374	ALPELISIB	25.200000000000003	PD	0	136.9	BYL719	CRC	PD	18.410526315789472	42
X-2403	ALPELISIB	25.700000000000003	PD	0	76.4	BYL719	CRC	PD	22.12568306010929	37
X-2428	ALPELISIB	2.4000000000000057	SD	0	-1.7999999999999972	BYL719	PDAC	SD-->PD	31.992125984251967	55
X-2470	ALPELISIB	2.759999999999991	SD	0	-2.299999999999997	BYL719	PDAC	SD-->PD	40.9041095890411	70
X-2483	ALPELISIB	13.78	PD	0	43.30000000000001	BYL719	CRC	PD	40.689655172413794	70
X-2484	ALPELISIB	-30.3125	PR	1	-50.9	BYL719	CRC	PR-->PD	87.0	87
X-2487	ALPELISIB	10.359999999999985	PD	0	81.9	BYL719	BRCA	PD	29.83529411764706	60
X-2524	ALPELISIB	30.420000000000016	PD	0	120.9	BYL719	BRCA	PD	18.703296703296704	36
X-2538	ALPELISIB	-18.275000000000006	SD	0	-33.2	BYL719	CRC	SD-->PD	89.5	94
X-2564	ALPELISIB	28.379999999999995	PD	0	72.9	BYL719	PDAC	PD	27.574074074074076	37
X-2573	ALPELISIB	-19.799999999999997	SD	0	-35.7	BYL719	CRC	SD-->-->PD	91.0	91
X-2633	ALPELISIB	-35.126666666666665	SD	0	-43.5	BYL719	PDAC	SD-->PD	120.0	120
X-2640	ALPELISIB	-3.0200000000000102	SD	0	-4.0	BYL719	BRCA	SD-->PD	63.63235294117647	87
X-2659	ALPELISIB	32.120000000000005	PD	0	117.19999999999999	BYL719	CRC	PD	18.486803519061585	23
X-2684	ALPELISIB	5.780000000000001	PD	0	62.5	BYL719	PDAC	PD	22.586206896551722	41
X-2780	ALPELISIB	-7.6000000000000085	SD	0	-24.099999999999994	BYL719	BRCA	SD-->PD	38.3328335832084	43
X-2822	ALPELISIB	8.424999999999997	PD	0	50.19999999999999	BYL719	CRC	PD	30.17741935483871	36
X-2846	ALPELISIB	14.09999999999998	PD	0	50.0	BYL719	CRC	PD	33.0	33
X-2861	ALPELISIB	21.33333333333333	PD	0	143.4	BYL719	CRC	PD	15.81701030927835	20
X-2997	ALPELISIB	28.25	PD	0	119.4	BYL719	PDAC	PD	18.098039215686274	37
X-3028	ALPELISIB	33.22	PD	0	10.200000000000003	BYL719	PDAC	PD	91.0	91
X-3029	ALPELISIB	-50.272	PR	1	-78.1	BYL719	NSCLC	PR-->PD	84.0	84
X-3038	ALPELISIB	0.28333333333334565	SD	0	-3.5	BYL719	PDAC	SD-->PD	83.21428571428571	100
X-3052	ALPELISIB	11.040000000000006	SD	0	15.099999999999994	BYL719	PDAC	SD-->PD	29.128205128205128	37
X-3077	ALPELISIB	-43.7	PR	1	-65.9	BYL719	BRCA	PR	43.0	43
X-3078	ALPELISIB	-5.239999999999995	SD	0	-6.299999999999997	BYL719	BRCA	SD	32.0	32
X-3093	ALPELISIB	9.679999999999993	PD	0	65.30000000000001	BYL719	CRC	PD	27.674657534246574	30
X-3201	ALPELISIB	19.849999999999994	PD	0	75.5	BYL719	BRCA	PD	26.249336870026525	53
X-3205	ALPELISIB	17.599999999999994	PD	0	35.69999999999999	BYL719	CRC	PD	22.0	22
X-3224	ALPELISIB	-11.375	SD	0	-15.099999999999994	BYL719	CRC	SD-->PD	110.0	110
X-3237	ALPELISIB	-17.89999999999999	SD	0	-23.200000000000003	BYL719	NSCLC	SD-->PD	45.921108742004265	52
X-3267	ALPELISIB	3.200000000000003	SD	0	3.4000000000000057	BYL719	CRC	SD-->PD	80.17448405253283	87
X-3268	ALPELISIB	-3.112499999999997	SD	0	-9.0	BYL719	PDAC	SD-->PD	120.0	120
X-3298	ALPELISIB	15.240000000000009	PD	0	123.5	BYL719	BRCA	PD	22.014519056261342	33
X-3450	ALPELISIB	-16.32941176470588	SD	0	-31.400000000000006	BYL719	BRCA	SD-->PD	90.97315436241611	91
X-3468	ALPELISIB	-2.3916666666666657	SD	0	-8.099999999999994	BYL719	BRCA	SD-->PD	71.719165085389	130
X-3697	ALPELISIB	-31.91111111111111	SD	0	-42.7	BYL719	BRCA	SD-->PD	39.0	39
X-3792	ALPELISIB	2.174999999999997	SD	0	-14.799999999999997	BYL719	CRC	SD-->PD	32.0	32
X-3800	ALPELISIB	-0.22999999999998977	SD	0	-12.299999999999997	BYL719	PDAC	SD-->PD	62.333333333333336	95
X-3816	ALPELISIB	3.4200000000000017	SD	0	5.900000000000006	BYL719	PDAC	SD-->PD	27.822580645161292	51
X-3843	ALPELISIB	-0.42499999999999716	SD	0	12.5	BYL719	NSCLC	SD-->PD	45.025380710659896	70
X-3846	ALPELISIB	4.820000000000007	SD	0	6.599999999999994	BYL719	PDAC	SD-->PD	37.21848739495798	77
X-3873	ALPELISIB	-1.4799999999999898	PD	0	66.6	BYL719	BRCA	PD	29.7318718381113	49
X-3898	ALPELISIB	4.825000000000003	SD	0	6.599999999999994	BYL719	PDAC	SD	18.0	18
X-3947	ALPELISIB	92.02000000000001	PD	0	564.5	BYL719	PDAC	PD	6.760493827160492	20
X-3990	ALPELISIB	-6.733333333333334	SD	0	-13.400000000000006	BYL719	PDAC	SD-->PD	42.99111111111111	62
X-4015	ALPELISIB	5.1200000000000045	SD	0	12.099999999999994	BYL719	PDAC	SD-->PD	31.475247524752476	62
X-4018	ALPELISIB	45.55000000000001	PD	0	72.9	BYL719	PDAC	PD	18.0	18
X-4087	ALPELISIB	11.450000000000003	SD	0	22.900000000000006	BYL719	CRC	SD	3.0	3
X-4145	ALPELISIB	15.179999999999993	PD	0	101.5	BYL719	CRC	PD	19.739884393063583	33
X-4215	ALPELISIB	2.825000000000003	PD	0	71.1	BYL719	PDAC	PD	26.621118012422357	35
X-4226	ALPELISIB	-1.0799999999999983	SD	0	-1.0	BYL719	PDAC	SD-->PD	51.28771929824561	91
X-4316	ALPELISIB	6.359999999999985	PD	0	72.5	BYL719	PDAC	PD	29.666666666666668	115
X-4347	ALPELISIB	8.920000000000002	PD	0	63.099999999999994	BYL719	BRCA	PD	45.98392282958199	98
X-4377	ALPELISIB	40.57499999999999	PD	0	159.0	BYL719	PDAC	PD	12.117154811715482	28
X-4378	ALPELISIB	-23.93529411764706	SD	0	-45.2	BYL719	PDAC	SD	119.0	119
X-4439	ALPELISIB	-16.72222222222223	SD	0	-28.599999999999994	BYL719	PDAC	SD	83.0	83
X-4567	ALPELISIB	-85.16538461538461	CR	1	-100.0	BYL719	BRCA	CR	95.0	95
X-4649	ALPELISIB	5.018181818181816	SD	0	0.29999999999999716	BYL719	PDAC	SD	46.0	46
X-4676	ALPELISIB	77.125	PD	0	237.3	BYL719	PDAC	PD	8.196113074204947	36
X-4819	ALPELISIB	173.03999999999996	PD	0	398.7	BYL719	NSCLC	PD	4.061488673139159	11
X-4824	ALPELISIB	1.4000000000000057	SD	0	5.799999999999997	BYL719	BRCA	SD-->PD	39.0	39
X-4888	ALPELISIB	8.333333333333329	SD	0	-11.099999999999994	BYL719	BRCA	SD-->-->PD	84.0	84
X-4927	ALPELISIB	85.67500000000001	PD	0	319.4	BYL719	PDAC	PD	6.37219730941704	18
X-4949	ALPELISIB	-7.0	SD	0	-11.5	BYL719	BRCA	SD-->PD	38.4478672985782	41
X-5205	ALPELISIB	-2.9000000000000057	SD	0	-0.5	BYL719	PDAC	SD-->PD	45.0	45
X-5249	ALPELISIB	77.42500000000001	PD	0	296.9	BYL719	BRCA	PD	8.380119005950299	28
X-5254	ALPELISIB	7.75	PD	0	50.80000000000001	BYL719	CRC	PD	26.0	26
X-5355	ALPELISIB	8.950000000000003	SD	0	8.5	BYL719	BRCA	SD-->PD	58.6325	70
X-5405	ALPELISIB	53.125	PD	0	293.0	BYL719	CRC	PD	10.135693215339233	26
X-5438	ALPELISIB	-8.219999999999999	SD	0	0.5999999999999943	BYL719	CRC	SD-->PD	31.98841698841699	57
X-5446	ALPELISIB	17.724999999999994	PD	0	50.400000000000006	BYL719	CRC	PD	30.866666666666664	46
X-5494	ALPELISIB	34.94999999999999	PD	0	110.1	BYL719	CRC	PD	20.061919504643964	25
X-5495	ALPELISIB	2.875	SD	0	28.400000000000006	BYL719	CRC	SD-->PD	46.0	46
X-5502	ALPELISIB	-0.6285714285714192	SD	0	-9.200000000000003	BYL719	BRCA	SD-->-->PD	150.0	150
X-5578	ALPELISIB	15.799999999999997	PD	0	140.7	BYL719	CRC	PD	21.88294797687861	80
X-5975	ALPELISIB	3.549999999999997	PD	0	64.69999999999999	BYL719	BRCA	PD	23.299065420560748	37
X-6047	ALPELISIB	93.25	PD	0	311.6	BYL719	BRCA	PD	5.704878048780488	19
X-0933	ALPELISIB + BINIMETINIB	-23.94	SD	0	-48.4	BYL719 + binimetinib	CRC	SD-->-->PD	98.0	98
X-1027	ALPELISIB + BINIMETINIB	104.125	PD	0	168.60000000000002	BYL719 + binimetinib	CRC	PD	7.0	13
X-1055	ALPELISIB + BINIMETINIB	-54.37	PR	1	-75.1	BYL719 + binimetinib	CRC	PR	35.0	35
X-1119	ALPELISIB + BINIMETINIB	16.07499999999999	SD	0	25.900000000000006	BYL719 + binimetinib	CRC	SD	51.0	51
X-1167	ALPELISIB + BINIMETINIB	-28.84285714285714	SD	0	-48.2	BYL719 + binimetinib	CRC	SD-->PD	56.0	56
X-1173	ALPELISIB + BINIMETINIB	-44.8	PR	1	-61.8	BYL719 + binimetinib	CRC	PR-->-->PD	98.0	98
X-1270	ALPELISIB + BINIMETINIB	-8.929999999999993	SD	0	-23.5	BYL719 + binimetinib	CRC	SD-->PD	87.0	87
X-1290	ALPELISIB + BINIMETINIB	74.20000000000002	PD	0	78.69999999999999	BYL719 + binimetinib	CRC	PD	5.067226890756302	24
X-1303	ALPELISIB + BINIMETINIB	0.09999999999999432	SD	0	-18.400000000000006	BYL719 + binimetinib	CRC	SD-->-->PD	92.0	92
X-1329	ALPELISIB + BINIMETINIB	-38.03333333333333	PR	1	-57.9	BYL719 + binimetinib	CRC	PR-->-->PD	92.0	92
X-1441	ALPELISIB + BINIMETINIB	-34.3	PR	1	-56.4	BYL719 + binimetinib	CRC	PR	88.0	88
X-1443	ALPELISIB + BINIMETINIB	-44.6	PR	1	-59.6	BYL719 + binimetinib	CRC	PR	83.0	83
X-1479	ALPELISIB + BINIMETINIB	-34.215	PR	1	-61.1	BYL719 + binimetinib	CRC	PR-->-->PD	90.0	90
X-1500	ALPELISIB + BINIMETINIB	-66.67333333333333	PR	1	-85.9	BYL719 + binimetinib	CRC	PR-->-->PD	122.0	122
X-1536	ALPELISIB + BINIMETINIB	-14.92857142857143	SD	0	-24.200000000000003	BYL719 + binimetinib	CRC	SD	20.0	20
X-1538	ALPELISIB + BINIMETINIB	-1.7999999999999972	SD	0	-3.9000000000000057	BYL719 + binimetinib	CRC	SD	53.0	53
X-1855	ALPELISIB + BINIMETINIB	-29.111111111111114	SD	0	-44.0	BYL719 + binimetinib	CRC	SD-->-->PD	84.0	84
X-2145	ALPELISIB + BINIMETINIB	-49.766666666666666	PR	1	-68.3	BYL719 + binimetinib	CRC	PR	95.0	95
X-2182	ALPELISIB + BINIMETINIB	166.64	PD	0	570.4	BYL719 + binimetinib	CRC	PD	4.30952380952381	18
X-2239	ALPELISIB + BINIMETINIB	-4.525000000000006	SD	0	-14.5	BYL719 + binimetinib	CRC	SD	43.0	43
X-2374	ALPELISIB + BINIMETINIB	9.038095238095252	SD	0	-5.799999999999997	BYL719 + binimetinib	CRC	SD-->-->PD	89.0	89
X-2403	ALPELISIB + BINIMETINIB	13.140000000000015	PD	0	134.6	BYL719 + binimetinib	CRC	PD	16.463276836158194	28
X-2483	ALPELISIB + BINIMETINIB	10.62857142857142	SD	0	2.9000000000000057	BYL719 + binimetinib	CRC	SD	90.0	90
X-2484	ALPELISIB + BINIMETINIB	-2.375	SD	0	-0.7000000000000028	BYL719 + binimetinib	CRC	SD-->PD	89.0	89
X-2538	ALPELISIB + BINIMETINIB	-6.11999999999999	SD	0	-10.099999999999994	BYL719 + binimetinib	CRC	SD-->PD	65.78823529411764	66
X-2573	ALPELISIB + BINIMETINIB	-11.242857142857147	SD	0	-28.900000000000006	BYL719 + binimetinib	CRC	SD-->PD	91.0	91
X-2659	ALPELISIB + BINIMETINIB	5.163636363636357	SD	0	-6.400000000000006	BYL719 + binimetinib	CRC	SD-->PD	75.52	90
X-2822	ALPELISIB + BINIMETINIB	-1.0888888888888886	SD	0	-9.099999999999994	BYL719 + binimetinib	CRC	SD-->PD	87.0	87
X-2846	ALPELISIB + BINIMETINIB	-42.4	PR	1	-70.1	BYL719 + binimetinib	CRC	PR	92.0	92
X-2861	ALPELISIB + BINIMETINIB	-29.742857142857147	SD	0	-36.1	BYL719 + binimetinib	CRC	SD	32.0	32
X-3093	ALPELISIB + BINIMETINIB	8.933333333333337	SD	0	16.400000000000006	BYL719 + binimetinib	CRC	SD	6.0	6
X-3205	ALPELISIB + BINIMETINIB	9.521428571428572	SD	0	-9.900000000000006	BYL719 + binimetinib	CRC	SD-->PD	77.0	77
X-3224	ALPELISIB + BINIMETINIB	31.345454545454544	PD	0	7.599999999999994	BYL719 + binimetinib	CRC	PD	38.0	38
X-3267	ALPELISIB + BINIMETINIB	-28.171999999999997	PR	1	-52.5	BYL719 + binimetinib	CRC	PR	90.0	90
X-3792	ALPELISIB + BINIMETINIB	8.400000000000006	PD	0	95.80000000000001	BYL719 + binimetinib	CRC	PD	17.974248927038627	28
X-4087	ALPELISIB + BINIMETINIB	28.375	PD	0	138.4	BYL719 + binimetinib	CRC	PD	14.777537796976242	20
X-5254	ALPELISIB + BINIMETINIB	33.0	PD	0	71.6	BYL719 + binimetinib	CRC	PD	26.34169278996865	27
X-5405	ALPELISIB + BINIMETINIB	-17.460000000000008	SD	0	-47.3	BYL719 + binimetinib	CRC	SD-->PD	50.0	50
X-5438	ALPELISIB + BINIMETINIB	-9.522222222222226	SD	0	-21.900000000000006	BYL719 + binimetinib	CRC	SD-->PD	105.0	105
X-5446	ALPELISIB + BINIMETINIB	-14.399999999999991	SD	0	-38.7	BYL719 + binimetinib	CRC	SD-->PD	84.0	84
X-5494	ALPELISIB + BINIMETINIB	-59.15555555555555	PR	1	-77.0	BYL719 + binimetinib	CRC	PR	81.0	81
X-5495	ALPELISIB + BINIMETINIB	-45.276923076923076	PR	1	-83.5	BYL719 + binimetinib	CRC	PR	39.0	39
X-5578	ALPELISIB + BINIMETINIB	-13.833333333333329	SD	0	-29.0	BYL719 + binimetinib	CRC	SD-->PD	80.0	80
X-0933	ALPELISIB + CETUXIMAB	40.900000000000006	PD	0	75.4	BYL719 + cetuximab	CRC	PD	24.3	36
X-1027	ALPELISIB + CETUXIMAB	19.74000000000001	PD	0	120.19999999999999	BYL719 + cetuximab	CRC	PD	20.657971014492755	31
X-1055	ALPELISIB + CETUXIMAB	-32.95	PR	1	-59.2	BYL719 + cetuximab	CRC	PR	29.0	29
X-1119	ALPELISIB + CETUXIMAB	18.700000000000003	PD	0	165.7	BYL719 + cetuximab	CRC	PD	15.570247933884298	28
X-1167	ALPELISIB + CETUXIMAB	45.19999999999999	PD	0	335.2	BYL719 + cetuximab	CRC	PD	12.11232349165597	28
X-1173	ALPELISIB + CETUXIMAB	31.849999999999994	PD	0	157.2	BYL719 + cetuximab	CRC	PD	16.46350832266325	28
X-1270	ALPELISIB + CETUXIMAB	19.775000000000006	PD	0	61.69999999999999	BYL719 + cetuximab	CRC	PD	37.0	37
X-1290	ALPELISIB + CETUXIMAB	44.47999999999999	PD	0	145.7	BYL719 + cetuximab	CRC	PD	16.322259136212622	21
X-1303	ALPELISIB + CETUXIMAB	28.94999999999999	PD	0	64.0	BYL719 + cetuximab	CRC	PD	27.78709677419355	76
X-1329	ALPELISIB + CETUXIMAB	63.16	PD	0	185.3	BYL719 + cetuximab	CRC	PD	9.20754716981132	28
X-1441	ALPELISIB + CETUXIMAB	-4.700000000000003	SD	0	-7.400000000000006	BYL719 + cetuximab	CRC	SD-->PD	62.102473498233216	78
X-1443	ALPELISIB + CETUXIMAB	-51.75	PR	1	-74.7	BYL719 + cetuximab	CRC	PR	91.0	91
X-1479	ALPELISIB + CETUXIMAB	11.099999999999994	SD	0	27.099999999999994	BYL719 + cetuximab	CRC	SD-->PD	28.0	28
X-1500	ALPELISIB + CETUXIMAB	-80.47826086956522	CR	1	-100.0	BYL719 + cetuximab	CRC	CR	118.0	118
X-1536	ALPELISIB + CETUXIMAB	7.25	SD	0	8.799999999999997	BYL719 + cetuximab	CRC	SD	91.0	91
X-1855	ALPELISIB + CETUXIMAB	12.950000000000003	PD	0	68.69999999999999	BYL719 + cetuximab	CRC	PD	30.942857142857147	45
X-2145	ALPELISIB + CETUXIMAB	6.800000000000011	PD	0	158.7	BYL719 + cetuximab	CRC	PD	17.413394919168592	40
X-2182	ALPELISIB + CETUXIMAB	44.42500000000001	PD	0	188.39999999999998	BYL719 + cetuximab	CRC	PD	13.426559356136822	28
X-2239	ALPELISIB + CETUXIMAB	15.47999999999999	PD	0	108.1	BYL719 + cetuximab	CRC	PD	20.987577639751553	40
X-2374	ALPELISIB + CETUXIMAB	27.375	PD	0	54.69999999999999	BYL719 + cetuximab	CRC	PD	51.02777777777778	89
X-2403	ALPELISIB + CETUXIMAB	-13.100000000000009	SD	0	-14.900000000000006	BYL719 + cetuximab	CRC	SD-->PD	38.11834319526627	67
X-2483	ALPELISIB + CETUXIMAB	16.125	PD	0	70.5	BYL719 + cetuximab	CRC	PD	24.722397476340696	47
X-2484	ALPELISIB + CETUXIMAB	-9.950000000000003	SD	0	-15.299999999999997	BYL719 + cetuximab	CRC	SD-->PD	43.350515463917525	47
X-2538	ALPELISIB + CETUXIMAB	15.299999999999997	PD	0	131.2	BYL719 + cetuximab	CRC	PD	13.37245696400626	35
X-2573	ALPELISIB + CETUXIMAB	-24.44285714285715	SD	0	-38.5	BYL719 + cetuximab	CRC	SD-->PD	77.0	77
X-2659	ALPELISIB + CETUXIMAB	16.299999999999997	PD	0	43.900000000000006	BYL719 + cetuximab	CRC	PD	33.0	33
X-2822	ALPELISIB + CETUXIMAB	2.559999999999988	SD	0	3.200000000000003	BYL719 + cetuximab	CRC	SD-->PD	87.0	87
X-2846	ALPELISIB + CETUXIMAB	-79.605	CR	1	-100.0	BYL719 + cetuximab	CRC	CR	73.0	73
X-2861	ALPELISIB + CETUXIMAB	50.633333333333326	PD	0	409.5	BYL719 + cetuximab	CRC	PD	10.250363901018922	27
X-3093	ALPELISIB + CETUXIMAB	2.759999999999991	SD	0	4.599999999999994	BYL719 + cetuximab	CRC	SD-->PD	46.191489361702125	64
X-3205	ALPELISIB + CETUXIMAB	122.78000000000003	PD	0	390.9	BYL719 + cetuximab	CRC	PD	6.156654888103651	22
X-3224	ALPELISIB + CETUXIMAB	5.6555555555555515	SD	0	-16.099999999999994	BYL719 + cetuximab	CRC	SD	34.0	34
X-3267	ALPELISIB + CETUXIMAB	-1.8400000000000034	SD	0	-7.900000000000006	BYL719 + cetuximab	CRC	SD-->PD	83.0	83
X-3792	ALPELISIB + CETUXIMAB	38.69999999999999	PD	0	110.30000000000001	BYL719 + cetuximab	CRC	PD	17.99166666666666	31
X-4087	ALPELISIB + CETUXIMAB	0.0	SD	0	0.0	BYL719 + cetuximab	CRC	SD-->PD	31.0	31
X-5254	ALPELISIB + CETUXIMAB	43.66	PD	0	104.80000000000001	BYL719 + cetuximab	CRC	PD	20.397489539748953	28
X-5405	ALPELISIB + CETUXIMAB	-1.625	SD	0	-4.299999999999997	BYL719 + cetuximab	CRC	SD-->PD	39.243967828418235	53
X-5438	ALPELISIB + CETUXIMAB	2.4749999999999943	SD	0	24.099999999999994	BYL719 + cetuximab	CRC	SD-->PD	55.45783132530121	92
X-5446	ALPELISIB + CETUXIMAB	12.049999999999997	SD	0	11.799999999999997	BYL719 + cetuximab	CRC	SD-->PD	68.63617886178862	84
X-5495	ALPELISIB + CETUXIMAB	24.379999999999995	SD	0	26.099999999999994	BYL719 + cetuximab	CRC	SD	83.35632183908046	125
X-5578	ALPELISIB + CETUXIMAB	38.68333333333334	PD	0	-25.299999999999997	BYL719 + cetuximab	CRC	PD	8.08695652173913	71
X-0933	ALPELISIB + CETUXIMAB + ENCORAFENIB	-34.28399999999999	PR	1	-51.5	BYL719 + cetuximab + encorafenib	CRC	PR-->-->PD	102.0	102
X-1027	ALPELISIB + CETUXIMAB + ENCORAFENIB	68.84	PD	0	342.9	BYL719 + cetuximab + encorafenib	CRC	PD	10.063736263736264	22
X-1055	ALPELISIB + CETUXIMAB + ENCORAFENIB	-54.716	PR	1	-83.7	BYL719 + cetuximab + encorafenib	CRC	PR	86.0	86
X-1119	ALPELISIB + CETUXIMAB + ENCORAFENIB	54.099999999999994	PD	0	272.7	BYL719 + cetuximab + encorafenib	CRC	PD	11.528735632183906	28
X-1167	ALPELISIB + CETUXIMAB + ENCORAFENIB	-0.5	SD	0	-1.2999999999999972	BYL719 + cetuximab + encorafenib	CRC	SD-->PD	37.0	37
X-1173	ALPELISIB + CETUXIMAB + ENCORAFENIB	19.400000000000006	PD	0	72.0	BYL719 + cetuximab + encorafenib	CRC	PD	24.741379310344826	49
X-1270	ALPELISIB + CETUXIMAB + ENCORAFENIB	26.474999999999994	PD	0	101.80000000000001	BYL719 + cetuximab + encorafenib	CRC	PD	17.0	41
X-1290	ALPELISIB + CETUXIMAB + ENCORAFENIB	52.82499999999999	PD	0	270.3	BYL719 + cetuximab + encorafenib	CRC	PD	9.977363515312916	29
X-1303	ALPELISIB + CETUXIMAB + ENCORAFENIB	14.159999999999997	PD	0	42.400000000000006	BYL719 + cetuximab + encorafenib	CRC	PD	59.0	59
X-1329	ALPELISIB + CETUXIMAB + ENCORAFENIB	51.400000000000006	PD	0	70.80000000000001	BYL719 + cetuximab + encorafenib	CRC	PD	12.179487179487179	54
X-1441	ALPELISIB + CETUXIMAB + ENCORAFENIB	8.174999999999997	SD	0	15.5	BYL719 + cetuximab + encorafenib	CRC	SD-->PD	88.0	88
X-1443	ALPELISIB + CETUXIMAB + ENCORAFENIB	-84.51	CR	1	-100.0	BYL719 + cetuximab + encorafenib	CRC	CR	96.0	96
X-1479	ALPELISIB + CETUXIMAB + ENCORAFENIB	27.14999999999999	PD	0	77.69999999999999	BYL719 + cetuximab + encorafenib	CRC	PD	24.430769230769233	67
X-1500	ALPELISIB + CETUXIMAB + ENCORAFENIB	-72.24285714285715	CR	1	-100.0	BYL719 + cetuximab + encorafenib	CRC	CR	69.0	69
X-1536	ALPELISIB + CETUXIMAB + ENCORAFENIB	3.5400000000000063	SD	0	7.099999999999994	BYL719 + cetuximab + encorafenib	CRC	SD-->PD	45.16289592760181	49
X-1855	ALPELISIB + CETUXIMAB + ENCORAFENIB	0.8200000000000074	SD	0	-0.7000000000000028	BYL719 + cetuximab + encorafenib	CRC	SD-->PD	64.09803921568627	87
X-2145	ALPELISIB + CETUXIMAB + ENCORAFENIB	-32.400000000000006	PR	1	-57.0	BYL719 + cetuximab + encorafenib	CRC	PR-->-->PD	100.0	100
X-2182	ALPELISIB + CETUXIMAB + ENCORAFENIB	123.16	PD	0	458.1	BYL719 + cetuximab + encorafenib	CRC	PD	7.219284603421461	21
X-2239	ALPELISIB + CETUXIMAB + ENCORAFENIB	-8.950000000000003	SD	0	-21.700000000000003	BYL719 + cetuximab + encorafenib	CRC	SD	41.0	41
X-2374	ALPELISIB + CETUXIMAB + ENCORAFENIB	28.80000000000001	PD	0	91.1	BYL719 + cetuximab + encorafenib	CRC	PD	23.79940119760479	33
X-2403	ALPELISIB + CETUXIMAB + ENCORAFENIB	-21.159999999999997	PR	1	-93.9	BYL719 + cetuximab + encorafenib	CRC	PR	15.0	15
X-2483	ALPELISIB + CETUXIMAB + ENCORAFENIB	11.72	SD	0	10.5	BYL719 + cetuximab + encorafenib	CRC	SD	94.0	94
X-2484	ALPELISIB + CETUXIMAB + ENCORAFENIB	-6.166666666666671	SD	0	-21.200000000000003	BYL719 + cetuximab + encorafenib	CRC	SD-->PD	31.888613861386137	32
X-2538	ALPELISIB + CETUXIMAB + ENCORAFENIB	8.224999999999994	PD	0	111.19999999999999	BYL719 + cetuximab + encorafenib	CRC	PD	14.57177615571776	39
X-2573	ALPELISIB + CETUXIMAB + ENCORAFENIB	-11.55714285714285	SD	0	-23.599999999999994	BYL719 + cetuximab + encorafenib	CRC	SD-->PD	55.954887218045116	73
X-2659	ALPELISIB + CETUXIMAB + ENCORAFENIB	34.275000000000006	PD	0	61.80000000000001	BYL719 + cetuximab + encorafenib	CRC	PD	23.0	23
X-2822	ALPELISIB + CETUXIMAB + ENCORAFENIB	6.75	PD	0	65.19999999999999	BYL719 + cetuximab + encorafenib	CRC	PD	23.304635761589402	42
X-2846	ALPELISIB + CETUXIMAB + ENCORAFENIB	-70.02083333333333	PR	1	-87.8	BYL719 + cetuximab + encorafenib	CRC	PR	97.0	97
X-2861	ALPELISIB + CETUXIMAB + ENCORAFENIB	30.53333333333333	PD	0	267.9	BYL719 + cetuximab + encorafenib	CRC	PD	11.8	27
X-3093	ALPELISIB + CETUXIMAB + ENCORAFENIB	70.07499999999999	PD	0	301.9	BYL719 + cetuximab + encorafenib	CRC	PD	9.222360248447206	32
X-3205	ALPELISIB + CETUXIMAB + ENCORAFENIB	78.32	PD	0	186.3	BYL719 + cetuximab + encorafenib	CRC	PD	7.192751235584843	28
X-3224	ALPELISIB + CETUXIMAB + ENCORAFENIB	47.5	PD	0	97.80000000000001	BYL719 + cetuximab + encorafenib	CRC	PD	21.640410958904106	38
X-3267	ALPELISIB + CETUXIMAB + ENCORAFENIB	-5.36	SD	0	-6.299999999999997	BYL719 + cetuximab + encorafenib	CRC	SD-->PD	50.12280701754386	77
X-3792	ALPELISIB + CETUXIMAB + ENCORAFENIB	25.25999999999999	PD	0	138.9	BYL719 + cetuximab + encorafenib	CRC	PD	18.813333333333333	31
X-4087	ALPELISIB + CETUXIMAB + ENCORAFENIB	31.0	PD	0	147.8	BYL719 + cetuximab + encorafenib	CRC	PD	16.718875502008032	27
X-5254	ALPELISIB + CETUXIMAB + ENCORAFENIB	14.159999999999997	PD	0	69.30000000000001	BYL719 + cetuximab + encorafenib	CRC	PD	23.75748502994012	28
X-5405	ALPELISIB + CETUXIMAB + ENCORAFENIB	61.579999999999984	PD	0	225.2	BYL719 + cetuximab + encorafenib	CRC	PD	10.550190597204574	28
X-5438	ALPELISIB + CETUXIMAB + ENCORAFENIB	20.099999999999994	SD	0	23.0	BYL719 + cetuximab + encorafenib	CRC	SD	74.0	74
X-5446	ALPELISIB + CETUXIMAB + ENCORAFENIB	54.900000000000006	PD	0	223.2	BYL719 + cetuximab + encorafenib	CRC	PD	13.165467625899282	35
X-5494	ALPELISIB + CETUXIMAB + ENCORAFENIB	-68.83181818181818	PR	1	-91.3	BYL719 + cetuximab + encorafenib	CRC	PR	88.0	88
X-5495	ALPELISIB + CETUXIMAB + ENCORAFENIB	84.85999999999999	PD	0	259.5	BYL719 + cetuximab + encorafenib	CRC	PD	9.969914040114613	17
X-5578	ALPELISIB + CETUXIMAB + ENCORAFENIB	58.43333333333334	PD	0	147.6	BYL719 + cetuximab + encorafenib	CRC	PD	11.927699530516431	81
X-007	ALPELISIB + ELGEMTUMAB	40.625	PD	0	47.900000000000006	BYL719 + LJM716	GC	PD	22.831521739130434	30
X-010	ALPELISIB + ELGEMTUMAB	132.82000000000002	PD	0	342.8	BYL719 + LJM716	GC	PD	5.686971235194585	21
X-011	ALPELISIB + ELGEMTUMAB	7.025000000000006	SD	0	19.0	BYL719 + LJM716	GC	SD	25.0	25
X-015	ALPELISIB + ELGEMTUMAB	-50.845454545454544	CR	1	-100.0	BYL719 + LJM716	GC	CR	136.0	136
X-017	ALPELISIB + ELGEMTUMAB	-5.416666666666671	SD	0	-29.299999999999997	BYL719 + LJM716	GC	SD-->PD	78.10810810810811	87
X-020	ALPELISIB + ELGEMTUMAB	-43.18095238095238	PR	1	-64.2	BYL719 + LJM716	GC	PR-->-->PD	99.0	99
X-023	ALPELISIB + ELGEMTUMAB	-1.4333333333333371	SD	0	-18.599999999999994	BYL719 + LJM716	GC	SD	7.0	7
X-024	ALPELISIB + ELGEMTUMAB	6.6200000000000045	PD	0	64.9	BYL719 + LJM716	GC	PD	22.39840637450199	36
X-025	ALPELISIB + ELGEMTUMAB	21.400000000000006	SD	0	32.599999999999994	BYL719 + LJM716	GC	SD	51.0	51
X-028	ALPELISIB + ELGEMTUMAB	-5.775000000000006	SD	0	19.5	BYL719 + LJM716	GC	SD-->PD	35.135802469135804	37
X-029	ALPELISIB + ELGEMTUMAB	160.52499999999998	PD	0	291.2	BYL719 + LJM716	GC	PD	5.0	15
X-034	ALPELISIB + ELGEMTUMAB	15.879999999999995	SD	0	20.200000000000003	BYL719 + LJM716	GC	SD-->PD	24.817391304347826	35
X-035	ALPELISIB + ELGEMTUMAB	-64.05555555555556	PR	1	-94.4	BYL719 + LJM716	GC	PR	66.0	66
X-038	ALPELISIB + ELGEMTUMAB	19.875	PD	0	172.7	BYL719 + LJM716	GC	PD	13.796352583586627	32
X-039	ALPELISIB + ELGEMTUMAB	28.599999999999994	PD	0	179.0	BYL719 + LJM716	GC	PD	14.535240040858017	34
X-050	ALPELISIB + ELGEMTUMAB	-65.95454545454545	PR	1	-92.9	BYL719 + LJM716	GC	PR	54.0	54
X-056	ALPELISIB + ELGEMTUMAB	8.025000000000006	SD	0	0.7000000000000028	BYL719 + LJM716	GC	SD-->PD	51.06036217303823	78
X-057	ALPELISIB + ELGEMTUMAB	-4.200000000000003	SD	0	26.5	BYL719 + LJM716	GC	SD-->PD	33.0	33
X-064	ALPELISIB + ELGEMTUMAB	11.450000000000003	SD	0	25.799999999999997	BYL719 + LJM716	GC	SD	14.0	14
X-065	ALPELISIB + ELGEMTUMAB	-62.86153846153846	PR	1	-87.5	BYL719 + LJM716	GC	PR-->-->PD	141.69366197183098	168
X-067	ALPELISIB + ELGEMTUMAB	43.45999999999998	PD	0	60.900000000000006	BYL719 + LJM716	GC	PD	26.27788649706458	45
X-074	ALPELISIB + ELGEMTUMAB	12.02000000000001	SD	0	2.4000000000000057	BYL719 + LJM716	GC	SD-->PD	45.589506172839506	69
X-075	ALPELISIB + ELGEMTUMAB	-8.341666666666654	SD	0	-33.5	BYL719 + LJM716	GC	SD	48.0	48
X-077	ALPELISIB + ELGEMTUMAB	49.19999999999999	PD	0	280.4	BYL719 + LJM716	GC	PD	11.05310734463277	34
X-078	ALPELISIB + ELGEMTUMAB	-18.039999999999992	SD	0	-38.5	BYL719 + LJM716	GC	SD-->PD	38.517687661777394	63
X-080	ALPELISIB + ELGEMTUMAB	56.04000000000002	PD	0	122.9	BYL719 + LJM716		PD	10.794117647058822	55
X-084	ALPELISIB + ELGEMTUMAB	16.724999999999994	PD	0	45.599999999999994	BYL719 + LJM716	GC	PD	28.0	28
X-090	ALPELISIB + ELGEMTUMAB	-14.450000000000003	SD	0	-28.5	BYL719 + LJM716	GC	SD	43.0	43
X-091	ALPELISIB + ELGEMTUMAB	7.349999999999994	SD	0	11.200000000000003	BYL719 + LJM716	GC	SD-->PD	46.18220338983051	58
X-0933	ALPELISIB + ELGEMTUMAB	-29.379999999999995	PR	1	-52.1	BYL719 + LJM716	CRC	PR-->PD	45.87596899224806	48
X-096	ALPELISIB + ELGEMTUMAB	31.47999999999999	PD	0	82.19999999999999	BYL719 + LJM716	GC	PD	24.77142857142857	28
X-097	ALPELISIB + ELGEMTUMAB	-2.8499999999999943	SD	0	1.5999999999999943	BYL719 + LJM716	GC	SD-->PD	40.00355871886121	58
X-098	ALPELISIB + ELGEMTUMAB	34.099999999999994	PD	0	69.6	BYL719 + LJM716	GC	PD	28.471544715447155	67
X-099	ALPELISIB + ELGEMTUMAB	3.799999999999997	SD	0	-22.900000000000006	BYL719 + LJM716	GC	SD-->PD	24.91176470588235	27
X-0991	ALPELISIB + ELGEMTUMAB	-9.342857142857142	SD	0	-14.299999999999997	BYL719 + LJM716	PDAC	SD-->PD	83.3108108108108	116
X-1004	ALPELISIB + ELGEMTUMAB	2.700000000000003	SD	0	27.700000000000003	BYL719 + LJM716	BRCA	SD-->PD	28.455197132616487	34
X-1008	ALPELISIB + ELGEMTUMAB	-16.760000000000005	SD	0	-26.400000000000006	BYL719 + LJM716	BRCA	SD-->PD	76.0	97
X-101	ALPELISIB + ELGEMTUMAB	72.66666666666666	PD	0	179.8	BYL719 + LJM716	GC	PD	8.0	39
X-102	ALPELISIB + ELGEMTUMAB	-35.15833333333333	PR	1	-69.0	BYL719 + LJM716	GC	PR	99.0	99
X-1027	ALPELISIB + ELGEMTUMAB	-3.049999999999997	PD	0	65.6	BYL719 + LJM716	CRC	PD	21.0	21
X-105	ALPELISIB + ELGEMTUMAB	34.866666666666674	PD	0	59.19999999999999	BYL719 + LJM716	GC	PD	26.0	26
X-1055	ALPELISIB + ELGEMTUMAB	-22.875	SD	0	-42.5	BYL719 + LJM716	CRC	SD	49.0	49
X-1119	ALPELISIB + ELGEMTUMAB	17.174999999999997	PD	0	219.8	BYL719 + LJM716	CRC	PD	14.588235294117647	20
X-114	ALPELISIB + ELGEMTUMAB	-9.379999999999995	SD	0	-15.900000000000006	BYL719 + LJM716	GC	SD-->PD	60.510791366906474	63
X-1156	ALPELISIB + ELGEMTUMAB	128.32	PD	0	600.4	BYL719 + LJM716	NSCLC	PD	5.579067990832698	20
X-1167	ALPELISIB + ELGEMTUMAB	10.525000000000006	PD	0	130.2	BYL719 + LJM716	CRC	PD	18.560581583198708	29
X-1172	ALPELISIB + ELGEMTUMAB	18.659999999999997	PD	0	149.4	BYL719 + LJM716	NSCLC	PD	14.379888268156424	28
X-1173	ALPELISIB + ELGEMTUMAB	-24.990909090909085	SD	0	-34.099999999999994	BYL719 + LJM716	CRC	SD-->PD	53.0	53
X-118	ALPELISIB + ELGEMTUMAB	15.25	PD	0	82.0	BYL719 + LJM716	GC	PD	22.98495212038304	60
X-1189	ALPELISIB + ELGEMTUMAB	-76.27272727272728	CR	1	-100.0	BYL719 + LJM716	NSCLC	CR	7.233687405159333	119
X-119	ALPELISIB + ELGEMTUMAB	57.900000000000006	PD	0	207.0	BYL719 + LJM716	GC	PD	12.08869179600887	20
X-1199	ALPELISIB + ELGEMTUMAB	2.200000000000003	SD	0	-4.400000000000006	BYL719 + LJM716	PDAC	SD	46.0	46
X-1228	ALPELISIB + ELGEMTUMAB	-42.35	PR	1	-63.5	BYL719 + LJM716	NSCLC	PR-->PD	70.37362637362638	83
X-127	ALPELISIB + ELGEMTUMAB	25.849999999999994	SD	0	10.299999999999997	BYL719 + LJM716	GC	SD	33.0	33
X-1270	ALPELISIB + ELGEMTUMAB	10.199999999999989	PD	0	65.6	BYL719 + LJM716	CRC	PD	28.271719038817007	43
X-128	ALPELISIB + ELGEMTUMAB	-64.75384615384615	PR	1	-82.7	BYL719 + LJM716	GC	PR-->-->PD	143.67403314917127	154
X-1286	ALPELISIB + ELGEMTUMAB	3.4000000000000057	SD	0	13.400000000000006	BYL719 + LJM716	BRCA	SD-->PD	26.835249042145595	81
X-1289	ALPELISIB + ELGEMTUMAB	-80.28928571428571	CR	1	-100.0	BYL719 + LJM716	PDAC	CR	95.0	95
X-129	ALPELISIB + ELGEMTUMAB	-79.32083333333333	CR	1	-96.8	BYL719 + LJM716	GC	CR-->-->PD	285.0	285
X-1290	ALPELISIB + ELGEMTUMAB	-26.662499999999994	SD	0	-44.7	BYL719 + LJM716	CRC	SD	92.0	92
X-1298	ALPELISIB + ELGEMTUMAB	54.68000000000001	PD	0	318.0	BYL719 + LJM716	BRCA	PD	10.550413223140495	31
X-1303	ALPELISIB + ELGEMTUMAB	-18.900000000000006	SD	0	-42.2	BYL719 + LJM716	CRC	SD	32.0	32
X-131	ALPELISIB + ELGEMTUMAB	70.525	PD	0	185.0	BYL719 + LJM716	GC	PD	7.091954022988506	20
X-1323	ALPELISIB + ELGEMTUMAB	18.900000000000006	PD	0	152.8	BYL719 + LJM716	NSCLC	PD	17.294736842105262	37
X-1329	ALPELISIB + ELGEMTUMAB	17.27499999999999	PD	0	85.1	BYL719 + LJM716	CRC	PD	21.472016895459344	45
X-135	ALPELISIB + ELGEMTUMAB	59.400000000000006	PD	0	121.30000000000001	BYL719 + LJM716	GC	PD	12.485781990521327	14
X-136	ALPELISIB + ELGEMTUMAB	-56.2625	PR	1	-83.7	BYL719 + LJM716	GC	PR-->PD	88.0	88
X-1362	ALPELISIB + ELGEMTUMAB	73.28	PD	0	215.5	BYL719 + LJM716	PDAC	PD	8.784431137724553	34
X-137	ALPELISIB + ELGEMTUMAB	-83.34	CR	1	-100.0	BYL719 + LJM716	GC	CR-->PD	53.2405614714424	71
X-1371	ALPELISIB + ELGEMTUMAB	2.450000000000003	SD	0	-23.0	BYL719 + LJM716	BRCA	SD-->PD	44.11194029850746	48
X-138	ALPELISIB + ELGEMTUMAB	19.900000000000006	SD	0	34.19999999999999	BYL719 + LJM716	GC	SD	14.0	14
X-1383	ALPELISIB + ELGEMTUMAB	-19.14285714285714	SD	0	-34.7	BYL719 + LJM716	BRCA	SD-->PD	91.0	91
X-1407	ALPELISIB + ELGEMTUMAB	-1.2000000000000028	SD	0	-45.4	BYL719 + LJM716	BRCA	SD-->PD	95.0	95
X-141	ALPELISIB + ELGEMTUMAB	7.650000000000006	PD	0	139.9	BYL719 + LJM716	GC	PD	16.163636363636364	28
X-142	ALPELISIB + ELGEMTUMAB	27.859999999999985	PD	0	180.8	BYL719 + LJM716	GC	PD	15.264285714285712	55
X-144	ALPELISIB + ELGEMTUMAB	23.879999999999995	PD	0	99.4	BYL719 + LJM716	GC	PD	21.04147465437788	31
X-1441	ALPELISIB + ELGEMTUMAB	-6.549999999999997	SD	0	-17.299999999999997	BYL719 + LJM716	CRC	SD-->PD	88.0	88
X-1442	ALPELISIB + ELGEMTUMAB	25.200000000000003	PD	0	85.9	BYL719 + LJM716	NSCLC	PD	21.59078212290503	34
X-1443	ALPELISIB + ELGEMTUMAB	-19.64285714285714	SD	0	-33.7	BYL719 + LJM716	CRC	SD	32.0	32
X-146	ALPELISIB + ELGEMTUMAB	-56.27333333333333	PR	1	-81.9	BYL719 + LJM716	GC	PR	64.0	64
X-1468	ALPELISIB + ELGEMTUMAB	-11.86	SD	0	-11.900000000000006	BYL719 + LJM716		SD-->PD	39.58045977011494	91
X-1479	ALPELISIB + ELGEMTUMAB	-12.066666666666663	SD	0	-15.0	BYL719 + LJM716	CRC	SD-->PD	64.16032064128257	83
X-1499	ALPELISIB + ELGEMTUMAB	54.400000000000006	PD	0	136.8	BYL719 + LJM716	NSCLC	PD	9.274809160305344	15
X-1500	ALPELISIB + ELGEMTUMAB	-21.525000000000006	SD	0	-34.099999999999994	BYL719 + LJM716	CRC	SD-->PD	49.0	49
X-1536	ALPELISIB + ELGEMTUMAB	9.179999999999993	SD	0	7.400000000000006	BYL719 + LJM716	CRC	SD-->PD	39.47887323943662	43
X-154	ALPELISIB + ELGEMTUMAB	21.67500000000001	PD	0	98.4	BYL719 + LJM716	GC	PD	21.177285318559555	46
X-1586	ALPELISIB + ELGEMTUMAB	-37.325	PR	1	-51.1	BYL719 + LJM716	NSCLC	PR-->PD	59.95907928388747	106
X-160	ALPELISIB + ELGEMTUMAB	21.58	SD	0	17.700000000000003	BYL719 + LJM716	GC	SD	34.05544554455446	69
X-1600	ALPELISIB + ELGEMTUMAB	86.17500000000001	PD	0	520.9	BYL719 + LJM716	BRCA	PD	7.033057851239669	20
X-161	ALPELISIB + ELGEMTUMAB	56.099999999999994	PD	0	191.39999999999998	BYL719 + LJM716	GC	PD	10.949748743718594	34
X-162	ALPELISIB + ELGEMTUMAB	25.5	PD	0	39.80000000000001	BYL719 + LJM716	GC	PD	25.327731092436974	71
X-1631	ALPELISIB + ELGEMTUMAB	16.366666666666674	PD	0	119.0	BYL719 + LJM716	BRCA	PD	18.859504132231404	25
X-165	ALPELISIB + ELGEMTUMAB	11.150000000000006	SD	0	26.599999999999994	BYL719 + LJM716	GC	SD-->PD	34.0	34
X-1658	ALPELISIB + ELGEMTUMAB	-41.19230769230769	PR	1	-94.3	BYL719 + LJM716	NSCLC	PR	42.0	42
X-166	ALPELISIB + ELGEMTUMAB	-65.94285714285715	PR	1	-90.8	BYL719 + LJM716	GC	PR	111.0	111
X-1683	ALPELISIB + ELGEMTUMAB	-72.46666666666667	PR	1	-91.2	BYL719 + LJM716	NSCLC	PR	36.0	36
X-169	ALPELISIB + ELGEMTUMAB	-54.23333333333333	PR	1	-76.1	BYL719 + LJM716	GC	PR	28.0	28
X-171	ALPELISIB + ELGEMTUMAB	88.57999999999998	PD	0	446.79999999999995	BYL719 + LJM716	GC	PD	8.70580474934037	17
X-1725	ALPELISIB + ELGEMTUMAB	-7.280000000000001	SD	0	-26.299999999999997	BYL719 + LJM716	NSCLC	SD-->PD	41.89054726368159	57
X-177	ALPELISIB + ELGEMTUMAB	67.9	PD	0	159.89999999999998	BYL719 + LJM716	GC	PD	9.674603174603174	30
X-1787	ALPELISIB + ELGEMTUMAB	-0.7999999999999972	SD	0	13.900000000000006	BYL719 + LJM716	NSCLC	SD-->PD	25.23076923076923	41
X-1823	ALPELISIB + ELGEMTUMAB	31.30000000000001	PD	0	226.0	BYL719 + LJM716	NSCLC	PD	13.917808219178081	40
X-1828	ALPELISIB + ELGEMTUMAB	-7.960000000000008	SD	0	-16.299999999999997	BYL719 + LJM716	BRCA	SD-->PD	40.2532751091703	101
X-1832	ALPELISIB + ELGEMTUMAB	17.879999999999995	PD	0	132.0	BYL719 + LJM716	BRCA	PD	17.34285714285714	70
X-1834	ALPELISIB + ELGEMTUMAB	52.099999999999994	PD	0	149.2	BYL719 + LJM716	NSCLC	PD	10.555819477434682	21
X-1835	ALPELISIB + ELGEMTUMAB	2.239999999999995	SD	0	17.900000000000006	BYL719 + LJM716	NSCLC	SD-->PD	29.1808	50
X-1855	ALPELISIB + ELGEMTUMAB	2.5	SD	0	5.900000000000006	BYL719 + LJM716	CRC	SD-->PD	41.585585585585584	63
X-1869	ALPELISIB + ELGEMTUMAB	139.5	PD	0	362.0	BYL719 + LJM716	NSCLC	PD	2.569558101472995	6
X-1870	ALPELISIB + ELGEMTUMAB	-11.189999999999998	SD	0	-28.0	BYL719 + LJM716	NSCLC	SD-->PD	73.34499205087441	92
X-1916	ALPELISIB + ELGEMTUMAB	-18.620000000000005	SD	0	-59.8	BYL719 + LJM716	BRCA	SD	14.0	14
X-1921	ALPELISIB + ELGEMTUMAB	3.7750000000000057	PD	0	49.599999999999994	BYL719 + LJM716	BRCA	PD	36.39473684210526	67
X-1934	ALPELISIB + ELGEMTUMAB	-8.320000000000007	PD	0	208.2	BYL719 + LJM716	NSCLC	PD	13.840759678597516	19
X-1948	ALPELISIB + ELGEMTUMAB	32.974999999999994	PD	0	26.299999999999997	BYL719 + LJM716	PDAC	PD	31.104166666666664	64
X-1980	ALPELISIB + ELGEMTUMAB	99.52000000000001	PD	0	218.2	BYL719 + LJM716	NSCLC	PD	5.503067484662578	25
X-1993	ALPELISIB + ELGEMTUMAB	1.6599999999999966	PD	0	37.19999999999999	BYL719 + LJM716	NSCLC	PD	43.79	97
X-2017	ALPELISIB + ELGEMTUMAB	68.47999999999999	PD	0	141.0	BYL719 + LJM716	NSCLC	PD	9.307125307125308	50
X-2026	ALPELISIB + ELGEMTUMAB	38.34	PD	0	121.80000000000001	BYL719 + LJM716	PDAC	PD	14.758793969849245	48
X-2042	ALPELISIB + ELGEMTUMAB	-1.7999999999999972	SD	0	3.4000000000000057	BYL719 + LJM716	NSCLC	SD-->PD	46.23785166240409	78
X-2043	ALPELISIB + ELGEMTUMAB	11.275000000000006	PD	0	43.599999999999994	BYL719 + LJM716	PDAC	PD	53.96774193548387	70
X-2081	ALPELISIB + ELGEMTUMAB	59.920000000000016	PD	0	167.3	BYL719 + LJM716	PDAC	PD	10.342857142857142	34
X-2082	ALPELISIB + ELGEMTUMAB	2.3799999999999955	SD	0	22.099999999999994	BYL719 + LJM716	NSCLC	SD-->PD	35.565217391304344	61
X-2088	ALPELISIB + ELGEMTUMAB	64.07999999999998	PD	0	177.8	BYL719 + LJM716	NSCLC	PD	9.236234458259325	12
X-2094	ALPELISIB + ELGEMTUMAB	75.94	PD	0	115.1	BYL719 + LJM716	NSCLC	PD	9.543478260869566	46
X-2145	ALPELISIB + ELGEMTUMAB	1.0499999999999972	PD	0	157.10000000000002	BYL719 + LJM716	CRC	PD	19.85631349782293	40
X-2182	ALPELISIB + ELGEMTUMAB	120.30000000000001	PD	0	651.1	BYL719 + LJM716	CRC	PD	8.01453104359313	18
X-2195	ALPELISIB + ELGEMTUMAB	-12.959999999999994	SD	0	-0.5999999999999943	BYL719 + LJM716	BRCA	SD-->PD	22.677966101694917	35
X-2339	ALPELISIB + ELGEMTUMAB	2.0999999999999943	SD	0	8.400000000000006	BYL719 + LJM716	PDAC	SD-->PD	62.69318181818182	63
X-2344	ALPELISIB + ELGEMTUMAB	-13.86	SD	0	-28.5	BYL719 + LJM716	BRCA	SD-->PD	28.924855491329478	46
X-2353	ALPELISIB + ELGEMTUMAB	52.640000000000015	PD	0	45.80000000000001	BYL719 + LJM716	BRCA	PD	8.981949458483754	14
X-2374	ALPELISIB + ELGEMTUMAB	11.325000000000003	PD	0	58.5	BYL719 + LJM716	CRC	PD	22.237574552683895	45
X-2403	ALPELISIB + ELGEMTUMAB	41.0	PD	0	139.5	BYL719 + LJM716	CRC	PD	11.964285714285714	27
X-2428	ALPELISIB + ELGEMTUMAB	17.885714285714286	SD	0	15.0	BYL719 + LJM716	PDAC	SD-->PD	97.0	97
X-2483	ALPELISIB + ELGEMTUMAB	16.125	SD	0	32.599999999999994	BYL719 + LJM716	CRC	SD-->PD	56.94827586206897	69
X-2484	ALPELISIB + ELGEMTUMAB	-8.97999999999999	SD	0	-56.2	BYL719 + LJM716	CRC	SD-->PD	66.0	66
X-2487	ALPELISIB + ELGEMTUMAB	-6.174999999999997	SD	0	-9.799999999999997	BYL719 + LJM716	BRCA	SD-->PD	42.28671328671329	67
X-2524	ALPELISIB + ELGEMTUMAB	10.52000000000001	PD	0	42.5	BYL719 + LJM716	BRCA	PD	39.18631178707224	70
X-2538	ALPELISIB + ELGEMTUMAB	15.825000000000003	SD	0	33.19999999999999	BYL719 + LJM716	CRC	SD-->PD	43.39285714285715	48
X-2564	ALPELISIB + ELGEMTUMAB	8.0	SD	0	18.299999999999997	BYL719 + LJM716	PDAC	SD-->PD	57.82507288629738	88
X-2573	ALPELISIB + ELGEMTUMAB	-56.971428571428575	PR	1	-68.6	BYL719 + LJM716	CRC	PR	58.0	58
X-2633	ALPELISIB + ELGEMTUMAB	-5.422222222222217	SD	0	-13.099999999999994	BYL719 + LJM716	PDAC	SD-->PD	99.57894736842105	108
X-2640	ALPELISIB + ELGEMTUMAB	-17.825000000000003	SD	0	-27.200000000000003	BYL719 + LJM716	BRCA	SD	31.0	31
X-2659	ALPELISIB + ELGEMTUMAB	15.559999999999988	PD	0	61.599999999999994	BYL719 + LJM716	CRC	PD	20.0	20
X-2684	ALPELISIB + ELGEMTUMAB	15.525000000000006	PD	0	39.099999999999994	BYL719 + LJM716	PDAC	PD	51.98039215686275	95
X-2780	ALPELISIB + ELGEMTUMAB	12.974999999999994	PD	0	94.5	BYL719 + LJM716	BRCA	PD	22.6694214876033	32
X-2822	ALPELISIB + ELGEMTUMAB	-0.8799999999999955	SD	0	-1.7000000000000028	BYL719 + LJM716	CRC	SD-->PD	64.21323529411765	84
X-2846	ALPELISIB + ELGEMTUMAB	-40.51666666666667	PR	1	-61.2	BYL719 + LJM716	CRC	PR-->PD	53.26030085022891	55
X-2861	ALPELISIB + ELGEMTUMAB	4.0	PD	0	174.10000000000002	BYL719 + LJM716	CRC	PD	16.93362831858407	27
X-2997	ALPELISIB + ELGEMTUMAB	35.625	PD	0	47.099999999999994	BYL719 + LJM716	PDAC	PD	30.0	30
X-3028	ALPELISIB + ELGEMTUMAB	34.120000000000005	PD	0	89.9	BYL719 + LJM716	PDAC	PD	21.054830287206265	38
X-3029	ALPELISIB + ELGEMTUMAB	-58.19166666666667	PR	1	-80.7	BYL719 + LJM716	NSCLC	PR	39.0	39
X-3038	ALPELISIB + ELGEMTUMAB	-10.053333333333327	SD	0	-20.099999999999994	BYL719 + LJM716	PDAC	SD	101.0	101
X-3052	ALPELISIB + ELGEMTUMAB	-21.772727272727266	SD	0	-35.5	BYL719 + LJM716	PDAC	SD-->PD	58.622718052738335	75
X-3077	ALPELISIB + ELGEMTUMAB	-75.39090909090909	CR	1	-100.0	BYL719 + LJM716	BRCA	CR	36.0	36
X-3078	ALPELISIB + ELGEMTUMAB	-16.066666666666663	SD	0	-30.0	BYL719 + LJM716	BRCA	SD-->PD	56.82101167315175	72
X-3093	ALPELISIB + ELGEMTUMAB	7.920000000000002	SD	0	5.599999999999994	BYL719 + LJM716	CRC	SD	13.0	13
X-3201	ALPELISIB + ELGEMTUMAB	-3.933333333333337	PD	0	54.80000000000001	BYL719 + LJM716	BRCA	PD	29.60372340425532	45
X-3205	ALPELISIB + ELGEMTUMAB	113.975	PD	0	188.10000000000002	BYL719 + LJM716	CRC	PD	5.0	19
X-3209	ALPELISIB + ELGEMTUMAB	-18.85714285714286	SD	0	-29.599999999999994	BYL719 + LJM716	PDAC	SD	45.0	45
X-3224	ALPELISIB + ELGEMTUMAB	-32.486363636363635	PR	1	-59.5	BYL719 + LJM716	CRC	PR	90.0	90
X-3237	ALPELISIB + ELGEMTUMAB	36.28	PD	0	176.3	BYL719 + LJM716	NSCLC	PD	14.613636363636367	24
X-3267	ALPELISIB + ELGEMTUMAB	0.20000000000000284	SD	0	-7.0	BYL719 + LJM716	CRC	SD-->PD	87.0	87
X-3268	ALPELISIB + ELGEMTUMAB	-8.825000000000003	SD	0	-14.200000000000003	BYL719 + LJM716	PDAC	SD-->-->PD	148.0	148
X-3298	ALPELISIB + ELGEMTUMAB	9.659999999999997	PD	0	39.599999999999994	BYL719 + LJM716	BRCA	PD	39.720670391061454	60
X-3450	ALPELISIB + ELGEMTUMAB	-76.3	CR	1	-96.8	BYL719 + LJM716	BRCA	CR	66.0	66
X-3468	ALPELISIB + ELGEMTUMAB	-39.86	PR	1	-50.5	BYL719 + LJM716	BRCA	PR-->PD	147.0	147
X-3697	ALPELISIB + ELGEMTUMAB	-23.566666666666663	SD	0	-44.2	BYL719 + LJM716	BRCA	SD-->PD	41.422818791946305	42
X-3792	ALPELISIB + ELGEMTUMAB	-19.275000000000006	SD	0	-28.5	BYL719 + LJM716	CRC	SD-->PD	41.0	41
X-3800	ALPELISIB + ELGEMTUMAB	5.740000000000009	SD	0	5.0	BYL719 + LJM716	PDAC	SD-->PD	43.14204545454545	55
X-3816	ALPELISIB + ELGEMTUMAB	-8.14	SD	0	-16.0	BYL719 + LJM716	PDAC	SD-->PD	27.52367688022284	48
X-3843	ALPELISIB + ELGEMTUMAB	14.800000000000011	SD	0	-2.5	BYL719 + LJM716	NSCLC	SD	54.0	54
X-3873	ALPELISIB + ELGEMTUMAB	-35.099999999999994	PR	1	-64.7	BYL719 + LJM716	BRCA	PR	50.0	50
X-3898	ALPELISIB + ELGEMTUMAB	4.700000000000003	PD	0	51.19999999999999	BYL719 + LJM716	PDAC	PD	41.0	41
X-3947	ALPELISIB + ELGEMTUMAB	110.19999999999999	PD	0	430.9	BYL719 + LJM716	PDAC	PD	6.4639269406392685	22
X-3990	ALPELISIB + ELGEMTUMAB	31.474999999999994	PD	0	130.5	BYL719 + LJM716	PDAC	PD	14.554999999999998	35
X-4015	ALPELISIB + ELGEMTUMAB	13.75	SD	0	-11.0	BYL719 + LJM716	PDAC	SD-->PD	97.0	97
X-4087	ALPELISIB + ELGEMTUMAB	24.125	PD	0	58.0	BYL719 + LJM716	CRC	PD	20.0	20
X-4145	ALPELISIB + ELGEMTUMAB	35.30000000000001	PD	0	59.599999999999994	BYL719 + LJM716	CRC	PD	58.0	58
X-4215	ALPELISIB + ELGEMTUMAB	-66.02413793103449	CR	1	-97.8	BYL719 + LJM716	PDAC	CR	97.0	97
X-4226	ALPELISIB + ELGEMTUMAB	14.97999999999999	PD	0	43.69999999999999	BYL719 + LJM716	PDAC	PD	43.5426944971537	63
X-4316	ALPELISIB + ELGEMTUMAB	0.28000000000000114	SD	0	1.2000000000000028	BYL719 + LJM716	PDAC	SD-->PD	41.22044728434505	51
X-4347	ALPELISIB + ELGEMTUMAB	-11.875	SD	0	-14.599999999999994	BYL719 + LJM716	BRCA	SD-->PD	63.05820105820106	88
X-4378	ALPELISIB + ELGEMTUMAB	11.400000000000006	PD	0	61.69999999999999	BYL719 + LJM716	PDAC	PD	45.0	45
X-4439	ALPELISIB + ELGEMTUMAB	-32.016666666666666	SD	0	-41.4	BYL719 + LJM716	PDAC	SD	76.0	76
X-4567	ALPELISIB + ELGEMTUMAB	-85.3576923076923	CR	1	-97.2	BYL719 + LJM716	BRCA	CR	95.0	95
X-4649	ALPELISIB + ELGEMTUMAB	-11.55714285714285	SD	0	-20.0	BYL719 + LJM716	PDAC	SD-->PD	62.0	62
X-4676	ALPELISIB + ELGEMTUMAB	17.224999999999994	PD	0	79.30000000000001	BYL719 + LJM716	PDAC	PD	38.0	38
X-4819	ALPELISIB + ELGEMTUMAB	233.5333333333333	PD	0	435.4	BYL719 + LJM716	NSCLC	PD	3.0	5
X-4824	ALPELISIB + ELGEMTUMAB	10.150000000000006	SD	0	10.900000000000006	BYL719 + LJM716	BRCA	SD-->PD	43.0	43
X-4888	ALPELISIB + ELGEMTUMAB	13.983333333333334	SD	0	6.200000000000003	BYL719 + LJM716	BRCA	SD-->PD	44.6875	80
X-4927	ALPELISIB + ELGEMTUMAB	-13.349999999999994	SD	0	-41.8	BYL719 + LJM716	PDAC	SD-->PD	25.396984924623116	52
X-4949	ALPELISIB + ELGEMTUMAB	-10.0	PD	0	59.599999999999994	BYL719 + LJM716	BRCA	PD	39.23076923076923	46
X-5205	ALPELISIB + ELGEMTUMAB	7.775000000000006	PD	0	48.900000000000006	BYL719 + LJM716	PDAC	PD	32.37850467289719	45
X-5249	ALPELISIB + ELGEMTUMAB	52.17500000000001	PD	0	152.2	BYL719 + LJM716	BRCA	PD	9.531428571428568	32
X-5254	ALPELISIB + ELGEMTUMAB	-25.385714285714286	SD	0	-28.299999999999997	BYL719 + LJM716	CRC	SD-->PD	47.0	47
X-5355	ALPELISIB + ELGEMTUMAB	-14.112499999999997	SD	0	-21.0	BYL719 + LJM716	BRCA	SD-->PD	59.0	59
X-5405	ALPELISIB + ELGEMTUMAB	-13.525000000000006	SD	0	-21.5	BYL719 + LJM716	CRC	SD-->PD	89.0	89
X-5438	ALPELISIB + ELGEMTUMAB	32.349999999999994	PD	0	40.0	BYL719 + LJM716	CRC	PD	74.0	74
X-5446	ALPELISIB + ELGEMTUMAB	74.72	PD	0	154.1	BYL719 + LJM716	CRC	PD	9.191011235955054	35
X-5494	ALPELISIB + ELGEMTUMAB	-62.825	PR	1	-80.7	BYL719 + LJM716	CRC	PR	53.0	53
X-5495	ALPELISIB + ELGEMTUMAB	-12.066666666666663	SD	0	-15.900000000000006	BYL719 + LJM716	CRC	SD-->PD	31.0	31
X-5502	ALPELISIB + ELGEMTUMAB	-4.560000000000002	SD	0	-9.400000000000006	BYL719 + LJM716	BRCA	SD-->PD	44.46511627906977	67
X-5578	ALPELISIB + ELGEMTUMAB	-8.850000000000009	SD	0	-41.8	BYL719 + LJM716	CRC	SD-->PD	100.1762114537445	105
X-5975	ALPELISIB + ELGEMTUMAB	13.200000000000003	PD	0	63.900000000000006	BYL719 + LJM716	BRCA	PD	26.347692307692306	39
X-6047	ALPELISIB + ELGEMTUMAB	-1.5499999999999972	PD	0	76.1	BYL719 + LJM716	BRCA	PD	22.0	31
X-0933	ALPELISIB + ENCORAFENIB	-11.450000000000003	SD	0	-12.700000000000003	BYL719 + encorafenib	CRC	SD-->PD	57.0	57
X-1027	ALPELISIB + ENCORAFENIB	174.39999999999998	PD	0	374.5	BYL719 + encorafenib	CRC	PD	7.0	17
X-1055	ALPELISIB + ENCORAFENIB	-27.049999999999997	SD	0	-35.7	BYL719 + encorafenib	CRC	SD-->PD	88.0	88
X-1119	ALPELISIB + ENCORAFENIB	62.32499999999999	PD	0	245.39999999999998	BYL719 + encorafenib	CRC	PD	8.712589073634204	20
X-1167	ALPELISIB + ENCORAFENIB	81.68	PD	0	185.0	BYL719 + encorafenib	CRC	PD	6.4413793103448285	33
X-1173	ALPELISIB + ENCORAFENIB	-9.599999999999994	SD	0	-27.400000000000006	BYL719 + encorafenib	CRC	SD-->PD	42.53652392947103	43
X-1270	ALPELISIB + ENCORAFENIB	72.32	PD	0	184.2	BYL719 + encorafenib	CRC	PD	10.513761467889909	27
X-1290	ALPELISIB + ENCORAFENIB	26.299999999999997	PD	0	84.5	BYL719 + encorafenib	CRC	PD	23.371681415929203	27
X-1329	ALPELISIB + ENCORAFENIB	-0.3499999999999943	SD	0	-13.5	BYL719 + encorafenib	CRC	SD-->PD	57.30263157894737	81
X-1441	ALPELISIB + ENCORAFENIB	-1.828571428571422	SD	0	-5.700000000000003	BYL719 + encorafenib	CRC	SD	42.0	42
X-1443	ALPELISIB + ENCORAFENIB	5.224999999999994	SD	0	-1.2000000000000028	BYL719 + encorafenib	CRC	SD-->PD	37.7256371814093	69
X-1479	ALPELISIB + ENCORAFENIB	-3.0250000000000057	SD	0	-7.599999999999994	BYL719 + encorafenib	CRC	SD-->PD	46.10801393728223	90
X-1500	ALPELISIB + ENCORAFENIB	62.44999999999999	PD	0	36.0	BYL719 + encorafenib	CRC	PD	32.2962962962963	36
X-1536	ALPELISIB + ENCORAFENIB	8.900000000000006	PD	0	103.30000000000001	BYL719 + encorafenib	CRC	PD	22.7117903930131	43
X-1855	ALPELISIB + ENCORAFENIB	-22.785185185185185	PR	1	-63.0	BYL719 + encorafenib	CRC	PR	91.0	91
X-2145	ALPELISIB + ENCORAFENIB	-61.38461538461539	PR	1	-82.2	BYL719 + encorafenib	CRC	PR	48.0	48
X-2182	ALPELISIB + ENCORAFENIB	112.26	PD	0	487.6	BYL719 + encorafenib	CRC	PD	8.560625814863103	24
X-2239	ALPELISIB + ENCORAFENIB	-31.683333333333337	PR	1	-50.7	BYL719 + encorafenib	CRC	PR	56.0	56
X-2374	ALPELISIB + ENCORAFENIB	20.340000000000003	PD	0	85.80000000000001	BYL719 + encorafenib	CRC	PD	27.251612903225805	63
X-2403	ALPELISIB + ENCORAFENIB	33.22	PD	0	163.39999999999998	BYL719 + encorafenib	CRC	PD	15.215716486902927	28
X-2483	ALPELISIB + ENCORAFENIB	5.974999999999994	SD	0	2.0	BYL719 + encorafenib	CRC	SD	99.0	99
X-2484	ALPELISIB + ENCORAFENIB	18.599999999999994	PD	0	66.1	BYL719 + encorafenib	CRC	PD	26.90566037735849	36
X-2538	ALPELISIB + ENCORAFENIB	22.849999999999994	PD	0	54.599999999999994	BYL719 + encorafenib	CRC	PD	27.168986083499007	37
X-2573	ALPELISIB + ENCORAFENIB	42.83333333333334	PD	0	32.69999999999999	BYL719 + encorafenib	CRC	PD	58.0	58
X-2659	ALPELISIB + ENCORAFENIB	28.95999999999998	PD	0	97.5	BYL719 + encorafenib	CRC	PD	23.0	23
X-2822	ALPELISIB + ENCORAFENIB	14.320000000000007	PD	0	49.5	BYL719 + encorafenib	CRC	PD	28.69939879759519	52
X-2846	ALPELISIB + ENCORAFENIB	-5.366666666666674	SD	0	-26.799999999999997	BYL719 + encorafenib	CRC	SD-->PD	50.0	50
X-2861	ALPELISIB + ENCORAFENIB	71.25	PD	0	291.8	BYL719 + encorafenib	CRC	PD	8.951219512195122	33
X-3093	ALPELISIB + ENCORAFENIB	208.94	PD	0	503.20000000000005	BYL719 + encorafenib	CRC	PD	4.155511811023622	13
X-3205	ALPELISIB + ENCORAFENIB	29.680000000000007	PD	0	76.6	BYL719 + encorafenib	CRC	PD	28.0	28
X-3224	ALPELISIB + ENCORAFENIB	26.266666666666666	PD	0	93.69999999999999	BYL719 + encorafenib	CRC	PD	27.2992700729927	34
X-3267	ALPELISIB + ENCORAFENIB	5.959999999999994	PD	0	44.099999999999994	BYL719 + encorafenib	CRC	PD	43.542750929368026	83
X-3792	ALPELISIB + ENCORAFENIB	7.340000000000003	PD	0	77.6	BYL719 + encorafenib	CRC	PD	16.0	16
X-4087	ALPELISIB + ENCORAFENIB	41.579999999999984	PD	0	80.0	BYL719 + encorafenib	CRC	PD	24.0	24
X-5254	ALPELISIB + ENCORAFENIB	39.875	PD	0	154.1	BYL719 + encorafenib	CRC	PD	11.520965692503177	21
X-5405	ALPELISIB + ENCORAFENIB	29.599999999999994	PD	0	222.7	BYL719 + encorafenib	CRC	PD	13.526418786692759	36
X-5438	ALPELISIB + ENCORAFENIB	-23.32307692307691	SD	0	-40.7	BYL719 + encorafenib	CRC	SD	92.0	92
X-5446	ALPELISIB + ENCORAFENIB	12.425000000000011	PD	0	95.80000000000001	BYL719 + encorafenib	CRC	PD	18.755555555555556	31
X-5494	ALPELISIB + ENCORAFENIB	-15.649999999999991	SD	0	-24.099999999999994	BYL719 + encorafenib	CRC	SD-->PD	51.45867768595041	54
X-5495	ALPELISIB + ENCORAFENIB	45.48000000000002	PD	0	87.1	BYL719 + encorafenib	CRC	PD	15.645669291338582	45
X-5578	ALPELISIB + ENCORAFENIB	-27.650000000000006	SD	0	-44.1	BYL719 + encorafenib	CRC	SD-->PD	58.0	58
X-007	ALPELISIB + HSP990	8.716666666666654	SD	0	-12.700000000000003	BYL719 + HSP990	GC	SD-->PD	27.993606138107417	30
X-010	ALPELISIB + HSP990	-0.0799999999999983	SD	0	-10.700000000000003	BYL719 + HSP990	GC	SD-->PD	75.05246422893482	91
X-011	ALPELISIB + HSP990	10.549999999999997	PD	0	37.19999999999999	BYL719 + HSP990	GC	PD	29.46419098143236	69
X-015	ALPELISIB + HSP990	31.44999999999999	PD	0	72.1	BYL719 + HSP990	GC	PD	26.4234693877551	61
X-017	ALPELISIB + HSP990	-12.299999999999997	SD	0	-21.599999999999994	BYL719 + HSP990	GC	SD-->PD	47.19402985074627	97
X-020	ALPELISIB + HSP990	21.625	PD	0	50.80000000000001	BYL719 + HSP990	GC	PD	36.552023121387286	63
X-023	ALPELISIB + HSP990	-18.828571428571436	SD	0	-34.599999999999994	BYL719 + HSP990	GC	SD-->-->PD	112.37254901960785	115
X-024	ALPELISIB + HSP990	-45.23076923076923	PR	1	-77.6	BYL719 + HSP990	GC	PR	41.0	41
X-025	ALPELISIB + HSP990	-5.685714285714283	SD	0	-35.099999999999994	BYL719 + HSP990	GC	SD-->-->PD	139.0	139
X-027	ALPELISIB + HSP990	-36.15555555555555	PR	1	-64.6	BYL719 + HSP990	GC	PR	27.0	27
X-028	ALPELISIB + HSP990	64.47999999999999	PD	0	260.8	BYL719 + HSP990	GC	PD	8.972649572649573	34
X-029	ALPELISIB + HSP990	57.94999999999999	PD	0	126.19999999999999	BYL719 + HSP990	GC	PD	10.12857142857143	12
X-031	ALPELISIB + HSP990	37.775000000000006	PD	0	178.60000000000002	BYL719 + HSP990	GC	PD	13.833948339483396	41
X-034	ALPELISIB + HSP990	-15.266666666666666	SD	0	-31.099999999999994	BYL719 + HSP990	GC	SD	37.0	37
X-035	ALPELISIB + HSP990	37.599999999999994	PD	0	19.599999999999994	BYL719 + HSP990	GC	PD	51.417582417582416	63
X-037	ALPELISIB + HSP990	16.620000000000005	PD	0	72.19999999999999	BYL719 + HSP990	GC	PD	27.13690476190476	42
X-038	ALPELISIB + HSP990	-27.14285714285714	PR	1	-53.6	BYL719 + HSP990	GC	PR-->PD	97.0	97
X-039	ALPELISIB + HSP990	34.80000000000001	PD	0	148.4	BYL719 + HSP990	GC	PD	16.79816513761468	33
X-050	ALPELISIB + HSP990	15.320000000000007	SD	0	27.200000000000003	BYL719 + HSP990	GC	SD-->PD	26.372611464968152	49
X-056	ALPELISIB + HSP990	-1.5999999999999943	SD	0	5.099999999999994	BYL719 + HSP990	GC	SD	28.0	28
X-057	ALPELISIB + HSP990	-19.099999999999994	SD	0	-10.799999999999997	BYL719 + HSP990	GC	SD-->PD	33.0	33
X-064	ALPELISIB + HSP990	11.400000000000006	SD	0	8.099999999999994	BYL719 + HSP990	GC	SD	28.0	28
X-065	ALPELISIB + HSP990	-20.436000000000007	PR	1	-64.1	BYL719 + HSP990	GC	PR-->PD	106.0	106
X-067	ALPELISIB + HSP990	26.849999999999994	PD	0	73.30000000000001	BYL719 + HSP990	GC	PD	29.377659574468083	68
X-074	ALPELISIB + HSP990	6.549999999999997	SD	0	24.599999999999994	BYL719 + HSP990	GC	SD-->PD	35.07835051546392	88
X-075	ALPELISIB + HSP990	19.299999999999997	SD	0	10.5	BYL719 + HSP990	GC	SD	30.0	30
X-077	ALPELISIB + HSP990	53.655555555555566	PD	0	40.900000000000006	BYL719 + HSP990	GC	PD	13.590476190476188	70
X-078	ALPELISIB + HSP990	-10.125	SD	0	-23.400000000000006	BYL719 + HSP990	GC	SD-->PD	36.66133333333333	67
X-084	ALPELISIB + HSP990	24.440000000000012	PD	0	40.30000000000001	BYL719 + HSP990	GC	PD	38.0	38
X-089	ALPELISIB + HSP990	-3.8583333333333343	SD	0	-44.3	BYL719 + HSP990	GC	SD-->-->PD	91.20776699029126	106
X-090	ALPELISIB + HSP990	-89.94	CR	1	-100.0	BYL719 + HSP990	GC	CR	48.0	48
X-091	ALPELISIB + HSP990	-24.71052631578948	PR	1	-54.8	BYL719 + HSP990	GC	PR-->-->PD	96.0	96
X-096	ALPELISIB + HSP990	17.200000000000003	SD	0	-23.400000000000006	BYL719 + HSP990	GC	SD	21.0	21
X-097	ALPELISIB + HSP990	-38.46666666666667	PR	1	-58.2	BYL719 + HSP990	GC	PR-->PD	37.0	37
X-098	ALPELISIB + HSP990	0.9500000000000028	SD	0	1.9000000000000057	BYL719 + HSP990	GC	SD	9.0	9
X-099	ALPELISIB + HSP990	-38.160000000000004	PR	1	-60.5	BYL719 + HSP990	GC	PR	37.0	37
X-101	ALPELISIB + HSP990	18.375	SD	0	28.099999999999994	BYL719 + HSP990	GC	SD-->PD	21.954794520547946	67
X-102	ALPELISIB + HSP990	-5.150000000000006	SD	0	-24.099999999999994	BYL719 + HSP990	GC	SD-->PD	44.142480211081796	48
X-105	ALPELISIB + HSP990	-25.12222222222222	SD	0	-45.4	BYL719 + HSP990	GC	SD	34.0	34
X-114	ALPELISIB + HSP990	7.059999999999988	SD	0	-9.599999999999994	BYL719 + HSP990	GC	SD-->PD	75.83720930232558	112
X-118	ALPELISIB + HSP990	27.275000000000006	PD	0	94.5	BYL719 + HSP990	GC	PD	22.445344129554655	53
X-119	ALPELISIB + HSP990	20.840000000000003	SD	0	19.799999999999997	BYL719 + HSP990	GC	SD	30.0	30
X-127	ALPELISIB + HSP990	7.674999999999997	SD	0	-8.599999999999994	BYL719 + HSP990	GC	SD-->PD	30.0	30
X-128	ALPELISIB + HSP990	-19.931250000000006	SD	0	-57.7	BYL719 + HSP990	GC	SD-->PD	92.65691489361701	104
X-129	ALPELISIB + HSP990	-29.233333333333334	PR	1	-59.9	BYL719 + HSP990	GC	PR	9.0	9
X-131	ALPELISIB + HSP990	5.079999999999998	SD	0	3.5	BYL719 + HSP990	GC	SD-->PD	30.0	30
X-135	ALPELISIB + HSP990	-18.70370370370371	SD	0	-60.5	BYL719 + HSP990	GC	SD	115.0	115
X-136	ALPELISIB + HSP990	-33.34	PR	1	-52.1	BYL719 + HSP990	GC	PR	38.0	38
X-137	ALPELISIB + HSP990	-75.2	CR	1	-100.0	BYL719 + HSP990	GC	CR	45.0	45
X-138	ALPELISIB + HSP990	-24.023076923076914	PR	1	-59.0	BYL719 + HSP990	GC	PR-->PD	82.46254071661238	93
X-141	ALPELISIB + HSP990	-66.81875	CR	1	-100.0	BYL719 + HSP990	GC	CR	139.0	139
X-142	ALPELISIB + HSP990	15.420000000000002	SD	0	2.200000000000003	BYL719 + HSP990	GC	SD-->PD	55.48898678414097	82
X-144	ALPELISIB + HSP990	110.44999999999999	PD	0	133.9	BYL719 + HSP990	GC	PD	4.0	36
X-146	ALPELISIB + HSP990	-64.1	PR	1	-94.6	BYL719 + HSP990	GC	PR	40.0	40
X-154	ALPELISIB + HSP990	18.825000000000003	SD	0	-2.799999999999997	BYL719 + HSP990	GC	SD-->PD	36.10012836970475	66
X-158	ALPELISIB + HSP990	20.724999999999994	PD	0	64.30000000000001	BYL719 + HSP990	GC	PD	28.167300380228134	48
X-160	ALPELISIB + HSP990	14.488888888888894	SD	0	-10.5	BYL719 + HSP990	GC	SD-->PD	63.7005076142132	69
X-161	ALPELISIB + HSP990	-14.724999999999994	SD	0	-25.200000000000003	BYL719 + HSP990	GC	SD-->PD	52.95845697329377	97
X-162	ALPELISIB + HSP990	-2.5600000000000023	PD	0	139.9	BYL719 + HSP990	GC	PD	18.842359767891683	59
X-165	ALPELISIB + HSP990	-35.95238095238095	PR	1	-66.5	BYL719 + HSP990	GC	PR	89.0	89
X-166	ALPELISIB + HSP990	29.883333333333326	SD	0	11.5	BYL719 + HSP990	GC	SD	19.0	19
X-169	ALPELISIB + HSP990	-3.25	SD	0	-7.700000000000003	BYL719 + HSP990	GC	SD	34.0	34
X-171	ALPELISIB + HSP990	77.25	PD	0	167.5	BYL719 + HSP990	GC	PD	6.886255924170616	13
X-177	ALPELISIB + HSP990	16.349999999999994	PD	0	37.099999999999994	BYL719 + HSP990	GC	PD	43.78241758241758	77
X-1156	ALPELISIB + PIM447	29.74000000000001	PD	0	131.5	BYL719 + LGH447	NSCLC	PD	15.4	34
X-1172	ALPELISIB + PIM447	-12.099999999999994	SD	0	28.599999999999994	BYL719 + LGH447	NSCLC	SD-->PD	29.485925925925926	42
X-1189	ALPELISIB + PIM447	-80.45757575757575	CR	1	-100.0	BYL719 + LGH447	NSCLC	CR	119.0	119
X-1228	ALPELISIB + PIM447	-96.23076923076923	CR	1	-100.0	BYL719 + LGH447	NSCLC	CR	140.0	140
X-1323	ALPELISIB + PIM447	-39.987500000000004	PR	1	-54.7	BYL719 + LGH447	NSCLC	PR-->PD	65.79069767441861	85
X-1442	ALPELISIB + PIM447	97.475	PD	0	265.8	BYL719 + LGH447	NSCLC	PD	7.525401069518717	21
X-1499	ALPELISIB + PIM447	124.15	PD	0	517.1	BYL719 + LGH447	NSCLC	PD	5.721081081081081	15
X-1586	ALPELISIB + PIM447	-36.43333333333334	PR	1	-59.5	BYL719 + LGH447	NSCLC	PR-->PD	54.493506493506494	63
X-1658	ALPELISIB + PIM447	-12.474999999999994	SD	0	-7.400000000000006	BYL719 + LGH447	NSCLC	SD-->PD	67.29540481400437	102
X-1683	ALPELISIB + PIM447	-68.5725	PR	1	-79.7	BYL719 + LGH447	NSCLC	PR	141.0	141
X-1725	ALPELISIB + PIM447	45.12	PD	0	127.19999999999999	BYL719 + LGH447	NSCLC	PD	18.002754820936637	29
X-1787	ALPELISIB + PIM447	59.17500000000001	PD	0	52.0	BYL719 + LGH447	NSCLC	PD	10.32398753894081	47
X-1823	ALPELISIB + PIM447	31.67500000000001	PD	0	76.6	BYL719 + LGH447	NSCLC	PD	12.0	12
X-1834	ALPELISIB + PIM447	40.94999999999999	PD	0	106.0	BYL719 + LGH447	NSCLC	PD	12.355828220858896	13
X-1835	ALPELISIB + PIM447	38.43333333333334	PD	0	136.3	BYL719 + LGH447	NSCLC	PD	11.519553072625698	43
X-1869	ALPELISIB + PIM447	-70.19999999999999	CR	1	-100.0	BYL719 + LGH447	NSCLC	CR-->PD	22.134471718249735	23
X-1870	ALPELISIB + PIM447	-14.075000000000003	SD	0	-10.5	BYL719 + LGH447	NSCLC	SD-->PD	35.66624525916561	98
X-1934	ALPELISIB + PIM447	46.57499999999999	PD	0	139.9	BYL719 + LGH447	NSCLC	PD	5.479034307496823	7
X-1980	ALPELISIB + PIM447	1.4500000000000028	PD	0	118.5	BYL719 + LGH447	NSCLC	PD	17.46575342465753	29
X-1993	ALPELISIB + PIM447	-0.9399999999999977	SD	0	0.09999999999999432	BYL719 + LGH447	NSCLC	SD	30.0	30
X-2017	ALPELISIB + PIM447	-0.8666666666666742	SD	0	-1.7999999999999972	BYL719 + LGH447	NSCLC	SD-->PD	45.3894449499545	49
X-2042	ALPELISIB + PIM447	-14.47999999999999	SD	0	-25.5	BYL719 + LGH447	NSCLC	SD-->PD	40.85648148148148	71
X-2082	ALPELISIB + PIM447	20.025000000000006	PD	0	212.5	BYL719 + LGH447	NSCLC	PD	17.725581395348836	26
X-2088	ALPELISIB + PIM447	-17.900000000000006	SD	0	-48.1	BYL719 + LGH447	NSCLC	SD-->PD	127.0	127
X-2094	ALPELISIB + PIM447	12.579999999999998	PD	0	124.6	BYL719 + LGH447	NSCLC	PD	17.700869565217392	31
X-3029	ALPELISIB + PIM447	-51.56666666666666	PR	1	-80.8	BYL719 + LGH447	NSCLC	PR	38.0	38
X-3237	ALPELISIB + PIM447	-14.916666666666671	SD	0	-20.900000000000006	BYL719 + LGH447	NSCLC	SD-->PD	43.794721407624635	47
X-3843	ALPELISIB + PIM447	12.066666666666663	SD	0	-18.900000000000006	BYL719 + LGH447	NSCLC	SD	91.0	91
X-4819	ALPELISIB + PIM447	131.23333333333335	PD	0	224.5	BYL719 + LGH447	NSCLC	PD	3.0	5
X-1004	ALPELISIB + RIBOCICLIB	52.55000000000001	PD	0	119.0	BYL719 + LEE011	BRCA	PD	16.206521739130434	35
X-1008	ALPELISIB + RIBOCICLIB	-26.700000000000003	SD	0	-35.900000000000006	BYL719 + LEE011	BRCA	SD-->-->PD	95.0	95
X-1286	ALPELISIB + RIBOCICLIB	-21.493750000000006	SD	0	-37.0	BYL719 + LEE011	BRCA	SD	52.0	52
X-1298	ALPELISIB + RIBOCICLIB	49.16	PD	0	196.10000000000002	BYL719 + LEE011	BRCA	PD	9.983050847457628	32
X-1371	ALPELISIB + RIBOCICLIB	-12.950000000000003	SD	0	-27.5	BYL719 + LEE011	BRCA	SD-->PD	28.340425531914892	32
X-1383	ALPELISIB + RIBOCICLIB	15.375	SD	0	21.0	BYL719 + LEE011	BRCA	SD-->PD	26.86021505376344	35
X-1407	ALPELISIB + RIBOCICLIB	1.417647058823519	SD	0	-65.5	BYL719 + LEE011	BRCA	SD-->PD	56.0	56
X-1468	ALPELISIB + RIBOCICLIB	-30.721428571428575	SD	0	-46.8	BYL719 + LEE011		SD	97.0	97
X-1600	ALPELISIB + RIBOCICLIB	-8.560000000000002	SD	0	-15.400000000000006	BYL719 + LEE011	BRCA	SD-->PD	43.201183431952664	49
X-1631	ALPELISIB + RIBOCICLIB	-11.045454545454547	SD	0	-22.599999999999994	BYL719 + LEE011	BRCA	SD-->PD	63.94462025316456	94
X-1828	ALPELISIB + RIBOCICLIB	9.033333333333346	SD	0	-21.299999999999997	BYL719 + LEE011	BRCA	SD	46.0	46
X-1832	ALPELISIB + RIBOCICLIB	83.52000000000001	PD	0	387.2	BYL719 + LEE011	BRCA	PD	11.836171662125341	25
X-1916	ALPELISIB + RIBOCICLIB	64.6	PD	0	274.2	BYL719 + LEE011	BRCA	PD	9.76068376068376	28
X-1921	ALPELISIB + RIBOCICLIB	-25.34285714285714	SD	0	-35.7	BYL719 + LEE011	BRCA	SD-->-->PD	140.0	140
X-2195	ALPELISIB + RIBOCICLIB	-30.96666666666667	PR	1	-60.7	BYL719 + LEE011	BRCA	PR	21.0	21
X-2344	ALPELISIB + RIBOCICLIB	-35.32857142857142	SD	0	-46.8	BYL719 + LEE011	BRCA	SD-->PD	88.0	88
X-2353	ALPELISIB + RIBOCICLIB	3.2750000000000057	SD	0	2.700000000000003	BYL719 + LEE011	BRCA	SD	95.0	95
X-2487	ALPELISIB + RIBOCICLIB	-25.35714285714286	SD	0	-47.8	BYL719 + LEE011	BRCA	SD-->PD	55.0	55
X-2524	ALPELISIB + RIBOCICLIB	12.724999999999994	PD	0	161.60000000000002	BYL719 + LEE011	BRCA	PD	21.589498806682577	32
X-2640	ALPELISIB + RIBOCICLIB	-29.71666666666667	SD	0	-43.6	BYL719 + LEE011	BRCA	SD	38.0	38
X-2780	ALPELISIB + RIBOCICLIB	-5.133333333333326	SD	0	-35.900000000000006	BYL719 + LEE011	BRCA	SD	5.0	5
X-3077	ALPELISIB + RIBOCICLIB	-61.60454545454545	PR	1	-83.1	BYL719 + LEE011	BRCA	PR	74.0	74
X-3078	ALPELISIB + RIBOCICLIB	-35.42857142857143	SD	0	-47.5	BYL719 + LEE011	BRCA	SD-->PD	39.0	39
X-3201	ALPELISIB + RIBOCICLIB	-1.2800000000000011	SD	0	-2.9000000000000057	BYL719 + LEE011	BRCA	SD-->PD	63.0	63
X-3298	ALPELISIB + RIBOCICLIB	-6.974999999999994	PD	0	40.19999999999999	BYL719 + LEE011	BRCA	PD	44.89066666666667	77
X-3450	ALPELISIB + RIBOCICLIB	-17.83888888888889	SD	0	-26.599999999999994	BYL719 + LEE011	BRCA	SD	60.0	60
X-3468	ALPELISIB + RIBOCICLIB	-32.41666666666667	PR	1	-65.0	BYL719 + LEE011	BRCA	PR	38.0	38
X-3697	ALPELISIB + RIBOCICLIB	-26.436363636363637	PR	1	-66.7	BYL719 + LEE011	BRCA	PR	34.0	34
X-3873	ALPELISIB + RIBOCICLIB	-29.60000000000001	PR	1	-51.1	BYL719 + LEE011	BRCA	PR	10.0	10
X-4347	ALPELISIB + RIBOCICLIB	-42.62	PR	1	-73.3	BYL719 + LEE011	BRCA	PR	48.0	48
X-4567	ALPELISIB + RIBOCICLIB	-84.77916666666667	CR	1	-100.0	BYL719 + LEE011	BRCA	CR	88.0	88
X-4824	ALPELISIB + RIBOCICLIB	-12.739999999999995	SD	0	-63.3	BYL719 + LEE011	BRCA	SD	50.0	50
X-4888	ALPELISIB + RIBOCICLIB	-24.36071428571428	PR	1	-54.3	BYL719 + LEE011	BRCA	PR	102.0	102
X-4949	ALPELISIB + RIBOCICLIB	-16.620000000000005	SD	0	-29.599999999999994	BYL719 + LEE011	BRCA	SD-->PD	24.708089097303635	32
X-5249	ALPELISIB + RIBOCICLIB	-13.699999999999989	SD	0	-37.7	BYL719 + LEE011	BRCA	SD	31.0	31
X-5355	ALPELISIB + RIBOCICLIB	-32.400000000000006	PR	1	-50.4	BYL719 + LEE011	BRCA	PR	52.0	52
X-5502	ALPELISIB + RIBOCICLIB	-20.950000000000003	SD	0	-46.0	BYL719 + LEE011	BRCA	SD	27.0	27
X-5975	ALPELISIB + RIBOCICLIB	-44.111111111111114	PR	1	-93.3	BYL719 + LEE011	BRCA	PR	58.0	58
X-6047	ALPELISIB + RIBOCICLIB	28.099999999999994	PD	0	90.6	BYL719 + LEE011	BRCA	PD	21.266742338251987	28
X-007	BINIMETINIB	51.66	PD	0	55.900000000000006	binimetinib	GC	PD	30.0	30
X-010	BINIMETINIB	62.12	PD	0	63.80000000000001	binimetinib	GC	PD	6.625418060200667	58
X-011	BINIMETINIB	14.150000000000006	PD	0	78.80000000000001	binimetinib	GC	PD	27.89189189189189	68
X-015	BINIMETINIB	-55.6	PR	1	-82.7	binimetinib	GC	PR-->PD	90.86987104337632	105
X-017	BINIMETINIB	16.283333333333346	SD	0	5.700000000000003	binimetinib	GC	SD-->PD	38.27643400138217	61
X-020	BINIMETINIB	1.3703703703703667	SD	0	-63.6	binimetinib	GC	SD	155.0	155
X-025	BINIMETINIB	-25.27777777777777	SD	0	-38.9	binimetinib	GC	SD-->PD	127.30459770114942	139
X-028	BINIMETINIB	50.05000000000001	PD	0	110.6	binimetinib	GC	PD	18.049079754601227	30
X-029	BINIMETINIB	-6.450000000000003	SD	0	-6.099999999999994	binimetinib	GC	SD-->PD	33.0	33
X-031	BINIMETINIB	15.450000000000003	PD	0	83.69999999999999	binimetinib	GC	PD	26.65714285714286	68
X-034	BINIMETINIB	19.966666666666654	SD	0	27.599999999999994	binimetinib	GC	SD	35.58620689655172	37
X-035	BINIMETINIB	31.94999999999999	PD	0	10.799999999999997	binimetinib	GC	PD	30.0	30
X-037	BINIMETINIB	47.5	PD	0	34.19999999999999	binimetinib	GC	PD	56.0	56
X-038	BINIMETINIB	17.959999999999994	PD	0	60.0	binimetinib	GC	PD	33.72727272727273	52
X-056	BINIMETINIB	-64.36896551724138	PR	1	-88.6	binimetinib	GC	PR-->-->PD	158.0	158
X-057	BINIMETINIB	41.099999999999994	PD	0	107.9	binimetinib	GC	PD	13.256470588235294	14
X-064	BINIMETINIB	-13.033333333333346	SD	0	-43.2	binimetinib	GC	SD	5.0	5
X-065	BINIMETINIB	25.32499999999999	PD	0	122.80000000000001	binimetinib	GC	PD	17.06508875739645	41
X-067	BINIMETINIB	-6.549999999999997	SD	0	-9.299999999999997	binimetinib	GC	SD-->PD	85.85066666666667	96
X-075	BINIMETINIB	5.400000000000006	PD	0	71.19999999999999	binimetinib	GC	PD	33.479166666666664	56
X-077	BINIMETINIB	36.640000000000015	PD	0	17.099999999999994	binimetinib	GC	PD	72.07447864945382	77
X-084	BINIMETINIB	31.150000000000006	PD	0	67.0	binimetinib	GC	PD	30.82370820668693	40
X-089	BINIMETINIB	14.046428571428578	SD	0	-91.6	binimetinib	GC	SD	16.438127090301002	155
X-090	BINIMETINIB	-83.00357142857143	CR	1	-100.0	binimetinib	GC	CR	111.0	111
X-091	BINIMETINIB	27.650000000000006	PD	0	79.0	binimetinib	GC	PD	25.30188679245283	62
X-0933	BINIMETINIB	32.69999999999999	PD	0	41.599999999999994	binimetinib	CRC	PD	29.0	29
X-096	BINIMETINIB	71.84	PD	0	107.1	binimetinib	GC	PD	10.238805970149253	28
X-097	BINIMETINIB	51.625	PD	0	157.39999999999998	binimetinib	GC	PD	11.377567140600316	30
X-098	BINIMETINIB	82.80000000000001	PD	0	306.1	binimetinib	GC	PD	7.150987224157956	33
X-099	BINIMETINIB	-15.825000000000003	SD	0	-42.2	binimetinib	GC	SD-->PD	51.784588441330996	55
X-0991	BINIMETINIB	-18.0	SD	0	-46.7	binimetinib	PDAC	SD	119.0	119
X-0991	BINIMETINIB	-10.900000000000006	SD	0	-24.200000000000003	binimetinib-3.5mpk	PDAC	SD-->-->PD	113.0	113
X-1004	BINIMETINIB	35.19999999999999	PD	0	77.80000000000001	binimetinib	BRCA	PD	27.91304347826087	35
X-1008	BINIMETINIB	17.47999999999999	PD	0	43.099999999999994	binimetinib	BRCA	PD	29.026315789473685	98
X-1027	BINIMETINIB	35.80000000000001	PD	0	63.30000000000001	binimetinib	CRC	PD	10.0	10
X-1055	BINIMETINIB	11.285714285714292	SD	0	6.099999999999994	binimetinib	CRC	SD-->PD	59.1554524361949	95
X-1119	BINIMETINIB	41.68000000000001	PD	0	154.5	binimetinib	CRC	PD	17.382624768946396	27
X-114	BINIMETINIB	-7.733333333333334	SD	0	-23.0	binimetinib	GC	SD-->PD	132.0	132
X-1156	BINIMETINIB	57.099999999999994	PD	0	170.0	binimetinib	NSCLC	PD	15.93491124260355	46
X-1167	BINIMETINIB	39.099999999999994	PD	0	136.8	binimetinib	CRC	PD	15.066202090592334	35
X-1172	BINIMETINIB	-29.460000000000008	PR	1	-53.4	binimetinib	NSCLC	PR-->PD	76.0	76
X-1173	BINIMETINIB	12.224999999999994	PD	0	81.0	binimetinib	CRC	PD	20.71747211895911	29
X-118	BINIMETINIB	42.640000000000015	PD	0	74.1	binimetinib	GC	PD	31.051948051948052	70
X-1189	BINIMETINIB	6.099999999999994	PD	0	306.1	binimetinib	NSCLC	PD	11.733273862622658	25
X-119	BINIMETINIB	8.059999999999988	SD	0	6.299999999999997	binimetinib	GC	SD-->PD	29.46119235095613	48
X-1199	BINIMETINIB	-60.42666666666666	PR	1	-88.4	binimetinib	PDAC	PR	51.0	51
X-1199	BINIMETINIB	-11.078571428571422	SD	0	-43.7	binimetinib-3.5mpk	PDAC	SD	96.0	96
X-1228	BINIMETINIB	-2.174999999999997	PD	0	75.9	binimetinib	NSCLC	PD	18.39735894357743	28
X-127	BINIMETINIB	-87.25666666666666	CR	1	-100.0	binimetinib	GC	CR	119.0	119
X-1270	BINIMETINIB	61.599999999999994	PD	0	94.19999999999999	binimetinib	CRC	PD	9.0	9
X-128	BINIMETINIB	-41.54	PR	1	-68.3	binimetinib	GC	PR-->PD	96.37841726618706	104
X-1286	BINIMETINIB	2.825000000000003	SD	0	34.69999999999999	binimetinib	BRCA	SD-->PD	43.192982456140356	81
X-1289	BINIMETINIB	16.13333333333334	SD	0	-23.099999999999994	binimetinib-3.5mpk	PDAC	SD	33.603658536585364	39
X-129	BINIMETINIB	-0.9500000000000028	SD	0	-13.0	binimetinib	GC	SD-->PD	30.0	30
X-1290	BINIMETINIB	80.875	PD	0	184.89999999999998	binimetinib	CRC	PD	6.617718446601941	12
X-1298	BINIMETINIB	68.475	PD	0	92.19999999999999	binimetinib	BRCA	PD	8.816568047337277	22
X-1303	BINIMETINIB	5.781818181818167	SD	0	-17.599999999999994	binimetinib	CRC	SD-->-->PD	92.0	92
X-131	BINIMETINIB	41.31999999999999	PD	0	23.200000000000003	binimetinib	GC	PD	22.59167604049494	30
X-1317	BINIMETINIB	-22.24117647058823	SD	0	-46.5	binimetinib	PDAC	SD	55.0	55
X-1317	BINIMETINIB	-40.52	PR	1	-86.5	binimetinib-3.5mpk	PDAC	PR	44.0	44
X-1323	BINIMETINIB	-30.260000000000005	PR	1	-50.7	binimetinib	NSCLC	PR-->PD	42.602739726027394	70
X-1329	BINIMETINIB	23.174999999999997	PD	0	107.80000000000001	binimetinib	CRC	PD	22.106017191977077	75
X-1362	BINIMETINIB	13.149999999999991	SD	0	5.799999999999997	binimetinib	PDAC	SD	31.0	31
X-1362	BINIMETINIB	-1.3250000000000028	SD	0	-9.299999999999997	binimetinib-3.5mpk	PDAC	SD-->PD	45.98421052631579	54
X-1371	BINIMETINIB	5.340000000000003	SD	0	3.799999999999997	binimetinib	BRCA	SD-->PD	28.873873873873872	36
X-138	BINIMETINIB	15.099999999999994	SD	0	25.0	binimetinib	GC	SD-->PD	34.940298507462686	97
X-1383	BINIMETINIB	31.67500000000001	PD	0	110.9	binimetinib	BRCA	PD	19.987616099071207	56
X-1407	BINIMETINIB	-16.314285714285717	SD	0	-74.6	binimetinib	BRCA	SD	102.0	102
X-1441	BINIMETINIB	-32.58571428571429	PR	1	-57.6	binimetinib	CRC	PR-->-->PD	91.0	91
X-1442	BINIMETINIB	-19.959999999999994	SD	0	-29.599999999999994	binimetinib	NSCLC	SD-->PD	97.0	97
X-1443	BINIMETINIB	-31.566666666666663	SD	0	-39.8	binimetinib	CRC	SD	29.0	29
X-1468	BINIMETINIB	1.2399999999999949	SD	0	1.2000000000000028	binimetinib		SD-->PD	71.01632653061225	91
X-1479	BINIMETINIB	1.0799999999999983	SD	0	-1.0999999999999943	binimetinib	CRC	SD-->PD	70.4608695652174	87
X-1499	BINIMETINIB	102.64000000000001	PD	0	236.3	binimetinib	NSCLC	PD	3.8449039881831606	16
X-1500	BINIMETINIB	-6.669230769230779	SD	0	-29.099999999999994	binimetinib	CRC	SD-->PD	86.54761904761905	129
X-1536	BINIMETINIB	-17.55185185185185	SD	0	-52.2	binimetinib	CRC	SD	89.0	89
X-154	BINIMETINIB	39.31999999999999	PD	0	246.8	binimetinib	GC	PD	12.969788519637461	42
X-158	BINIMETINIB	4.257142857142853	SD	0	-12.099999999999994	binimetinib	GC	SD-->PD	36.0	36
X-1586	BINIMETINIB	-28.900000000000006	SD	0	-33.900000000000006	binimetinib	NSCLC	SD-->PD	68.00607902735563	100
X-160	BINIMETINIB	7.97999999999999	SD	0	19.700000000000003	binimetinib	GC	SD-->PD	28.0	28
X-1600	BINIMETINIB	116.82499999999999	PD	0	948.5999999999999	binimetinib	BRCA	PD	6.458278145695365	18
X-161	BINIMETINIB	23.825000000000003	SD	0	29.400000000000006	binimetinib	GC	SD	39.44424131627056	131
X-1631	BINIMETINIB	37.30000000000001	PD	0	99.5	binimetinib	BRCA	PD	20.0561797752809	45
X-165	BINIMETINIB	3.5	SD	0	1.7000000000000028	binimetinib	GC	SD-->PD	35.5	48
X-1655	BINIMETINIB	-5.525000000000006	PD	0	270.2	binimetinib	CM	PD	17.69793322734499	32
X-1658	BINIMETINIB	59.19999999999999	PD	0	92.9	binimetinib	NSCLC	PD	6.3195548489666145	42
X-166	BINIMETINIB	10.147999999999996	SD	0	-32.099999999999994	binimetinib	GC	SD-->PD	15.973451327433628	105
X-1683	BINIMETINIB	-45.7875	PR	1	-59.8	binimetinib	NSCLC	PR-->PD	76.98360655737704	97
X-171	BINIMETINIB	209.60000000000002	PD	0	512.0	binimetinib	GC	PD	3.876304023845007	13
X-1725	BINIMETINIB	-12.200000000000003	SD	0	-37.9	binimetinib	NSCLC	SD-->PD	72.74570024570025	98
X-1787	BINIMETINIB	-4.560000000000002	SD	0	5.299999999999997	binimetinib	NSCLC	SD-->PD	26.411714770797964	52
X-1823	BINIMETINIB	78.71999999999997	PD	0	212.39999999999998	binimetinib	NSCLC	PD	8.613832853025936	13
X-1828	BINIMETINIB	-36.33076923076923	PR	1	-61.0	binimetinib	BRCA	PR-->PD	88.0	88
X-1832	BINIMETINIB	72.20000000000002	PD	0	327.1	binimetinib	BRCA	PD	7.933905579399141	17
X-1834	BINIMETINIB	-20.60000000000001	SD	0	-38.2	binimetinib	NSCLC	SD-->PD	118.0	118
X-1835	BINIMETINIB	-86.34117647058824	CR	1	-100.0	binimetinib	NSCLC	CR	65.0	65
X-1855	BINIMETINIB	-1.7916666666666714	SD	0	-8.0	binimetinib	CRC	SD	87.0	87
X-1869	BINIMETINIB	130.6	PD	0	312.9	binimetinib	NSCLC	PD	4.631196581196582	11
X-1870	BINIMETINIB	-16.379999999999995	SD	0	-21.799999999999997	binimetinib	NSCLC	SD-->PD	97.43856920684293	121
X-1906	BINIMETINIB	-69.14736842105263	CR	1	-100.0	binimetinib	CM	CR-->-->PD	162.0	162
X-1916	BINIMETINIB	48.875	PD	0	329.1	binimetinib	BRCA	PD	10.373480662983425	19
X-1921	BINIMETINIB	3.625	SD	0	-2.5	binimetinib	BRCA	SD-->PD	52.74	59
X-1934	BINIMETINIB	162.34000000000003	PD	0	407.2	binimetinib	NSCLC	PD	6.356466876971609	15
X-1948	BINIMETINIB	-2.375	SD	0	-8.299999999999997	binimetinib	PDAC	SD	18.0	18
X-1948	BINIMETINIB	-4.324999999999989	SD	0	6.900000000000006	binimetinib-3.5mpk	PDAC	SD-->PD	31.030612244897956	41
X-1959	BINIMETINIB	-27.318181818181813	SD	0	-47.5	binimetinib	PDAC	SD	35.0	35
X-1980	BINIMETINIB	-12.728571428571428	SD	0	-22.200000000000003	binimetinib	NSCLC	SD-->PD	44.0	44
X-1993	BINIMETINIB	-0.6148148148148067	SD	0	-49.2	binimetinib	NSCLC	SD	88.0	88
X-2017	BINIMETINIB	-79.10454545454546	CR	1	-100.0	binimetinib	NSCLC	CR	89.0	89
X-2026	BINIMETINIB	10.650000000000006	SD	0	-4.900000000000006	binimetinib	PDAC	SD-->PD	102.0	102
X-2042	BINIMETINIB	24.35000000000001	SD	0	17.5	binimetinib	NSCLC	SD	35.0	35
X-2043	BINIMETINIB	-15.771428571428572	SD	0	-35.0	binimetinib	PDAC	SD	27.0	27
X-2043	BINIMETINIB	32.51999999999998	PD	0	129.7	binimetinib-3.5mpk	PDAC	PD	17.97269624573379	27
X-2081	BINIMETINIB	-24.271428571428572	PR	1	-50.8	binimetinib	PDAC	PR-->PD	51.0	51
X-2081	BINIMETINIB	67.32499999999999	PD	0	152.4	binimetinib-3.5mpk	PDAC	PD	5.489603024574669	24
X-2082	BINIMETINIB	-61.26470588235294	PR	1	-77.1	binimetinib	NSCLC	PR-->-->PD	100.0	100
X-2088	BINIMETINIB	160.93333333333334	PD	0	266.7	binimetinib	NSCLC	PD	7.0	11
X-2094	BINIMETINIB	-71.14666666666666	CR	1	-100.0	binimetinib	NSCLC	CR	49.0	49
X-2145	BINIMETINIB	-27.36363636363636	SD	0	-44.6	binimetinib	CRC	SD-->PD	91.0	91
X-2163	BINIMETINIB	-13.820000000000007	SD	0	-17.599999999999994	binimetinib	CM	SD-->PD	54.016597510373444	58
X-2182	BINIMETINIB	172.44	PD	0	490.6	binimetinib	CRC	PD	5.3583815028901745	16
X-2195	BINIMETINIB	13.0	PD	0	61.900000000000006	binimetinib	BRCA	PD	31.70028818443804	32
X-2239	BINIMETINIB	-10.559999999999988	SD	0	-20.5	binimetinib	CRC	SD-->PD	64.18282548476454	78
X-2283	BINIMETINIB	134.82	PD	0	465.29999999999995	binimetinib-3.5mpk	PDAC	PD	2.0	22
X-2306	BINIMETINIB	-5.525000000000006	SD	0	-6.700000000000003	binimetinib	CM	SD-->PD	32.0	32
X-2339	BINIMETINIB	-11.15357142857144	SD	0	-44.7	binimetinib	PDAC	SD	99.0	99
X-2339	BINIMETINIB	-30.00344827586207	PR	1	-70.4	binimetinib-3.5mpk	PDAC	PR	101.0	101
X-2344	BINIMETINIB	111.625	PD	0	298.2	binimetinib	BRCA	PD	4.0	18
X-2353	BINIMETINIB	10.0	SD	0	1.4000000000000057	binimetinib	BRCA	SD-->-->PD	76.75	88
X-2374	BINIMETINIB	7.133333333333326	SD	0	-3.4000000000000057	binimetinib	CRC	SD-->PD	91.0	91
X-2403	BINIMETINIB	82.07999999999998	PD	0	273.0	binimetinib	CRC	PD	6.436766623207301	28
X-2428	BINIMETINIB	-15.539130434782606	SD	0	-57.2	binimetinib	PDAC	SD	77.0	77
X-2428	BINIMETINIB	-54.10833333333333	PR	1	-89.2	binimetinib-3.5mpk	PDAC	PR	82.0	82
X-2470	BINIMETINIB	10.274999999999991	SD	0	-42.8	binimetinib-3.5mpk	PDAC	SD-->-->PD	104.0	104
X-2483	BINIMETINIB	3.0999999999999943	SD	0	9.299999999999997	binimetinib	CRC	SD-->PD	89.0	89
X-2484	BINIMETINIB	5.219999999999999	PD	0	50.19999999999999	binimetinib	CRC	PD	28.596774193548388	30
X-2487	BINIMETINIB	36.30000000000001	PD	0	148.3	binimetinib	BRCA	PD	16.077707006369426	34
X-2524	BINIMETINIB	103.96	PD	0	367.1	binimetinib	BRCA	PD	7.345864661654135	17
X-2538	BINIMETINIB	13.400000000000006	PD	0	56.900000000000006	binimetinib	CRC	PD	42.0	42
X-2564	BINIMETINIB	-10.87222222222222	SD	0	-45.5	binimetinib	PDAC	SD-->PD	63.0	63
X-2564	BINIMETINIB	54.78	PD	0	33.80000000000001	binimetinib-3.5mpk	PDAC	PD	44.02777777777778	86
X-2573	BINIMETINIB	-11.450000000000003	SD	0	-31.099999999999994	binimetinib	CRC	SD-->PD	74.63870967741936	92
X-2602	BINIMETINIB	5.0	PD	0	46.099999999999994	binimetinib	CM	PD	38.0	38
X-2613	BINIMETINIB	11.159999999999997	SD	0	-11.799999999999997	binimetinib	CM	SD	34.622166246851386	56
X-2633	BINIMETINIB	3.9749999999999943	SD	0	-10.299999999999997	binimetinib	PDAC	SD	21.0	21
X-2633	BINIMETINIB	-19.388888888888886	SD	0	-37.0	binimetinib-3.5mpk	PDAC	SD-->PD	65.57042253521126	73
X-2640	BINIMETINIB	-3.9200000000000017	SD	0	-0.5	binimetinib	BRCA	SD-->PD	80.0	80
X-2659	BINIMETINIB	43.025000000000006	PD	0	135.2	binimetinib	CRC	PD	15.82857142857143	22
X-2684	BINIMETINIB	-5.299999999999997	SD	0	-17.0	binimetinib	PDAC	SD-->PD	29.0	29
X-2684	BINIMETINIB	83.69999999999999	PD	0	137.6	binimetinib-3.5mpk	PDAC	PD	10.29647630619684	28
X-2700	BINIMETINIB	-9.418750000000003	SD	0	-30.0	binimetinib	CM	SD-->-->PD	85.0	85
X-2723	BINIMETINIB	7.400000000000006	SD	0	-8.5	binimetinib	CM	SD-->PD	35.292307692307695	44
X-2753	BINIMETINIB	57.724999999999994	PD	0	454.70000000000005	binimetinib	CM	PD	8.93894993894994	25
X-2780	BINIMETINIB	14.740000000000009	SD	0	10.0	binimetinib	BRCA	SD-->PD	31.028112449799195	42
X-2822	BINIMETINIB	4.25	SD	0	8.700000000000003	binimetinib	CRC	SD-->PD	69.63602941176471	91
X-2838	BINIMETINIB	31.180000000000007	PD	0	179.2	binimetinib	CM	PD	17.052443384982123	24
X-2846	BINIMETINIB	-5.474999999999994	SD	0	9.200000000000003	binimetinib	CRC	SD-->PD	46.0	46
X-2861	BINIMETINIB	75.69999999999999	PD	0	280.5	binimetinib	CRC	PD	8.812176165803109	23
X-2921	BINIMETINIB	129.375	PD	0	565.9	binimetinib	CM	PD	3.2599869024230514	19
X-2992	BINIMETINIB	-0.6333333333333258	SD	0	-13.599999999999994	binimetinib	CM	SD-->PD	27.643382352941178	33
X-2997	BINIMETINIB	27.859999999999985	PD	0	119.19999999999999	binimetinib	PDAC	PD	19.05697445972495	63
X-2997	BINIMETINIB	102.475	PD	0	420.29999999999995	binimetinib-3.5mpk	PDAC	PD	5.629699248120301	25
X-3028	BINIMETINIB	29.349999999999994	PD	0	35.099999999999994	binimetinib	PDAC	PD	40.51086956521739	127
X-3028	BINIMETINIB	89.80000000000001	PD	0	138.2	binimetinib-3.5mpk	PDAC	PD	7.483516483516484	27
X-3029	BINIMETINIB	-79.30526315789474	CR	1	-100.0	binimetinib	NSCLC	CR	64.0	64
X-3038	BINIMETINIB	17.825000000000003	SD	0	1.5999999999999943	binimetinib	PDAC	SD-->PD	43.0	43
X-3038	BINIMETINIB	27.179999999999993	PD	0	105.80000000000001	binimetinib-3.5mpk	PDAC	PD	15.01530612244898	39
X-3052	BINIMETINIB	-0.8250000000000028	SD	0	12.5	binimetinib	PDAC	SD-->PD	77.8673835125448	94
X-3052	BINIMETINIB	25.940000000000012	PD	0	206.10000000000002	binimetinib-3.5mpk	PDAC	PD	16.04437869822485	22
X-3077	BINIMETINIB	30.829999999999984	PD	0	-3.5999999999999943	binimetinib	BRCA	PD	20.0	20
X-3078	BINIMETINIB	66.92500000000001	PD	0	260.8	binimetinib	BRCA	PD	8.322966507177034	33
X-3093	BINIMETINIB	-6.1000000000000085	SD	0	-9.900000000000006	binimetinib	CRC	SD	7.0	7
X-3127	BINIMETINIB	9.159999999999997	SD	0	26.099999999999994	binimetinib	CM	SD-->PD	43.0	43
X-3201	BINIMETINIB	33.224999999999994	PD	0	55.19999999999999	binimetinib	BRCA	PD	42.170370370370364	95
X-3205	BINIMETINIB	16.72	PD	0	129.2	binimetinib	CRC	PD	16.623205741626794	22
X-3209	BINIMETINIB	19.075000000000003	SD	0	9.299999999999997	binimetinib	PDAC	SD	42.0	42
X-3211	BINIMETINIB	-56.46774193548387	PR	1	-71.5	binimetinib	CM	PR-->-->PD	208.0	208
X-3224	BINIMETINIB	145.44	PD	0	381.3	binimetinib	CRC	PD	4.893758300132802	21
X-3237	BINIMETINIB	-36.63333333333333	PR	1	-59.3	binimetinib	NSCLC	PR-->PD	49.0	49
X-3267	BINIMETINIB	-10.088461538461544	SD	0	-30.099999999999994	binimetinib	CRC	SD	89.0	89
X-3268	BINIMETINIB	-23.067999999999998	PR	1	-54.8	binimetinib	PDAC	PR	89.0	89
X-3268	BINIMETINIB	-4.439999999999998	SD	0	-24.799999999999997	binimetinib-3.5mpk	PDAC	SD-->PD	90.0	90
X-3298	BINIMETINIB	28.05000000000001	PD	0	112.30000000000001	binimetinib	BRCA	PD	17.95744680851064	42
X-3450	BINIMETINIB	6.326315789473682	SD	0	-3.0	binimetinib	BRCA	SD-->-->PD	89.68739205526771	91
X-3468	BINIMETINIB	15.549999999999997	PD	0	59.5	binimetinib	BRCA	PD	42.765957446808514	95
X-3483	BINIMETINIB	-13.099999999999994	SD	0	-40.9	binimetinib	CM	SD-->-->PD	182.0	182
X-3486	BINIMETINIB	4.4090909090909065	SD	0	-4.099999999999994	binimetinib	CM	SD-->PD	55.0	55
X-3503	BINIMETINIB	27.125	PD	0	77.5	binimetinib	CM	PD	24.891304347826086	25
X-3671	BINIMETINIB	0.7199999999999989	SD	0	1.4000000000000057	binimetinib	CRC	SD-->PD	32.090634441087616	69
X-3676	BINIMETINIB	13.52000000000001	PD	0	140.0	binimetinib	CM	PD	17.52173913043478	29
X-3697	BINIMETINIB	2.200000000000003	SD	0	9.700000000000003	binimetinib	BRCA	SD-->PD	57.87878787878788	71
X-3746	BINIMETINIB	-34.906666666666666	PR	1	-55.8	binimetinib	CM	PR-->-->PD	90.26692456479691	98
X-3773	BINIMETINIB	-8.116666666666674	SD	0	-23.099999999999994	binimetinib	CM	SD-->PD	23.04982206405694	43
X-3782	BINIMETINIB	-10.981818181818184	SD	0	-85.6	binimetinib		SD	35.0	35
X-3782	BINIMETINIB	-53.22592592592592	CR	1	-100.0	binimetinib-3.5mpk		CR	98.0	98
X-3792	BINIMETINIB	53.125	PD	0	195.60000000000002	binimetinib	CRC	PD	9.687179487179488	28
X-3800	BINIMETINIB	-31.875	PR	1	-66.0	binimetinib	PDAC	PR	42.0	42
X-3816	BINIMETINIB	16.599999999999994	SD	0	20.299999999999997	binimetinib	PDAC	SD	28.0	28
X-3816	BINIMETINIB	-6.924999999999997	SD	0	23.0	binimetinib-3.5mpk	PDAC	SD-->PD	39.67674418604651	63
X-3843	BINIMETINIB	23.525000000000006	PD	0	94.4	binimetinib	NSCLC	PD	26.46153846153847	50
X-3846	BINIMETINIB	-32.150000000000006	PR	1	-57.0	binimetinib	PDAC	PR-->PD	93.49298597194388	96
X-3846	BINIMETINIB	-2.0250000000000057	PD	0	48.900000000000006	binimetinib-3.5mpk	PDAC	PD	15.773333333333335	50
X-3851	BINIMETINIB	0.5200000000000102	SD	0	-19.099999999999994	binimetinib	CM	SD-->PD	20.869230769230768	28
X-3873	BINIMETINIB	-0.9833333333333343	SD	0	-15.700000000000003	binimetinib	BRCA	SD-->PD	60.59920239282154	70
X-3880	BINIMETINIB	-61.19117647058823	PR	1	-84.9	binimetinib	CM	PR-->-->PD	255.67123287671234	262
X-3898	BINIMETINIB	90.47999999999999	PD	0	146.3	binimetinib	PDAC	PD	7.51063829787234	58
X-3898	BINIMETINIB	114.9	PD	0	294.6	binimetinib-3.5mpk	PDAC	PD	4.038135593220339	33
X-3947	BINIMETINIB	31.94999999999999	PD	0	28.400000000000006	binimetinib	PDAC	PD	28.962758620689655	163
X-3947	BINIMETINIB	120.30000000000001	PD	0	546.7	binimetinib-3.5mpk	PDAC	PD	4.093617021276595	16
X-3990	BINIMETINIB	2.0	SD	0	4.0	binimetinib	PDAC	SD	3.0	3
X-3990	BINIMETINIB	99.11999999999998	PD	0	161.89999999999998	binimetinib-3.5mpk	PDAC	PD	4.0	28
X-4015	BINIMETINIB	-5.635714285714286	SD	0	-33.2	binimetinib	PDAC	SD-->-->PD	89.0	89
X-4018	BINIMETINIB	11.883333333333326	SD	0	-3.0	binimetinib	PDAC	SD	44.0	44
X-4018	BINIMETINIB	-52.979166666666664	CR	1	-100.0	binimetinib-3.5mpk	PDAC	CR	98.0	98
X-4087	BINIMETINIB	-10.02857142857144	SD	0	-32.400000000000006	binimetinib	CRC	SD	27.0	27
X-4145	BINIMETINIB	-24.554545454545462	SD	0	-44.0	binimetinib	CRC	SD	51.0	51
X-4145	BINIMETINIB	83.32499999999999	PD	0	149.2	binimetinib-3.5mpk	CRC	PD	4.0	27
X-4157	BINIMETINIB	13.579999999999998	SD	0	-14.700000000000003	binimetinib	CM	SD-->PD	88.82300884955752	108
X-4215	BINIMETINIB	22.5625	SD	0	0.5999999999999943	binimetinib	PDAC	SD	22.0	22
X-4215	BINIMETINIB	111.72500000000002	PD	0	158.89999999999998	binimetinib-3.5mpk	PDAC	PD	5.243362831858407	27
X-4226	BINIMETINIB	-5.891666666666666	SD	0	-30.299999999999997	binimetinib	PDAC	SD	35.0	35
X-4226	BINIMETINIB	37.25999999999999	PD	0	52.0	binimetinib-3.5mpk	PDAC	PD	27.703703703703702	34
X-4316	BINIMETINIB	-26.8962962962963	SD	0	-45.2	binimetinib	PDAC	SD-->-->PD	122.0	122
X-4316	BINIMETINIB	10.140000000000015	SD	0	29.19999999999999	binimetinib-3.5mpk	PDAC	SD-->PD	20.723076923076924	39
X-4339	BINIMETINIB	0.12000000000000455	SD	0	-5.299999999999997	binimetinib	CM	SD-->PD	77.97802197802199	85
X-4347	BINIMETINIB	-31.706249999999997	PR	1	-58.8	binimetinib	BRCA	PR	56.0	56
X-4377	BINIMETINIB	-3.174999999999997	SD	0	-29.700000000000003	binimetinib	PDAC	SD-->PD	35.0	35
X-4377	BINIMETINIB	73.82	PD	0	300.3	binimetinib-3.5mpk	PDAC	PD	9.986722571628231	28
X-4378	BINIMETINIB	-12.799999999999997	SD	0	-22.400000000000006	binimetinib	PDAC	SD-->PD	49.0	49
X-4378	BINIMETINIB	47.24000000000001	PD	0	184.5	binimetinib-3.5mpk	PDAC	PD	13.123839009287925	23
X-4426	BINIMETINIB	44.88	PD	0	107.5	binimetinib	CM	PD	19.420103092783506	29
X-4439	BINIMETINIB	25.900000000000006	SD	0	19.599999999999994	binimetinib	PDAC	SD	26.49425287356322	77
X-4439	BINIMETINIB	-11.224999999999994	SD	0	25.299999999999997	binimetinib-3.5mpk	PDAC	SD-->PD	30.17932922655715	36
X-4455	BINIMETINIB	65.55000000000001	PD	0	221.10000000000002	binimetinib	CM	PD	8.052307692307693	23
X-4530	BINIMETINIB	-9.685714285714283	SD	0	-32.5	binimetinib	CM	SD-->PD	40.0	40
X-4538	BINIMETINIB	38.650000000000006	PD	0	100.1	binimetinib	CM	PD	21.992924528301888	32
X-4567	BINIMETINIB	-43.470370370370375	PR	1	-80.3	binimetinib	BRCA	PR	97.0	97
X-4644	BINIMETINIB	-29.69999999999999	SD	0	-46.0	binimetinib	CM	SD-->PD	76.40920716112532	85
X-4649	BINIMETINIB	13.575000000000003	SD	0	9.0	binimetinib	PDAC	SD-->PD	77.0	77
X-4649	BINIMETINIB	68.57999999999998	PD	0	160.0	binimetinib-3.5mpk	PDAC	PD	9.766423357664234	23
X-4668	BINIMETINIB	19.5	PD	0	85.9	binimetinib	CM	PD	21.09727626459144	37
X-4676	BINIMETINIB	-38.224	PR	1	-100.0	binimetinib	PDAC	PR	96.0	96
X-4676	BINIMETINIB	57.34	PD	0	219.39999999999998	binimetinib-3.5mpk	PDAC	PD	9.794729542302358	19
X-4819	BINIMETINIB	17.900000000000006	SD	0	-8.799999999999997	binimetinib	NSCLC	SD-->PD	20.86176232821342	27
X-4824	BINIMETINIB	9.959999999999994	SD	0	1.9000000000000057	binimetinib	BRCA	SD	45.0	45
X-4832	BINIMETINIB	69.475	PD	0	288.6	binimetinib	CM	PD	10.86652763295099	21
X-4849	BINIMETINIB	29.420000000000016	PD	0	53.5	binimetinib	CM	PD	24.0	24
X-4888	BINIMETINIB	13.149999999999991	PD	0	36.900000000000006	binimetinib	BRCA	PD	39.668508287292816	98
X-4927	BINIMETINIB	-25.988461538461536	SD	0	-48.5	binimetinib	PDAC	SD	94.0	94
X-4927	BINIMETINIB	120.84	PD	0	477.4	binimetinib-3.5mpk	PDAC	PD	6.329797492767599	23
X-4949	BINIMETINIB	30.125	PD	0	172.7	binimetinib	BRCA	PD	13.366492146596858	46
X-5189	BINIMETINIB	-34.525000000000006	PR	1	-70.6	binimetinib	CM	PR-->PD	64.0	64
X-5205	BINIMETINIB	3.7166666666666544	SD	0	-9.200000000000003	binimetinib	PDAC	SD-->PD	34.0	34
X-5205	BINIMETINIB	-48.208333333333336	CR	1	-100.0	binimetinib-3.5mpk	PDAC	CR	46.0	46
X-5249	BINIMETINIB	11.5	SD	0	24.299999999999997	binimetinib	BRCA	SD-->PD	34.38450292397661	39
X-5254	BINIMETINIB	25.74000000000001	PD	0	69.80000000000001	binimetinib	CRC	PD	22.382151029748282	34
X-5355	BINIMETINIB	-45.8375	PR	1	-63.1	binimetinib	BRCA	PR-->PD	121.58156028368795	140
X-5405	BINIMETINIB	-20.379999999999995	SD	0	-38.9	binimetinib	CRC	SD-->PD	48.0	48
X-5438	BINIMETINIB	-4.311111111111103	SD	0	-16.5	binimetinib	CRC	SD-->PD	106.0	106
X-5446	BINIMETINIB	78.78	PD	0	314.1	binimetinib	CRC	PD	6.824000000000001	27
X-5494	BINIMETINIB	-20.91428571428571	SD	0	-40.4	binimetinib	CRC	SD-->PD	57.0	57
X-5495	BINIMETINIB	-18.260000000000005	SD	0	-36.9	binimetinib	CRC	SD-->PD	45.856115107913666	50
X-5502	BINIMETINIB	-2.5999999999999943	SD	0	-3.700000000000003	binimetinib	BRCA	SD-->PD	67.0	67
X-5578	BINIMETINIB	57.56666666666666	PD	0	181.60000000000002	binimetinib	CRC	PD	11.504587155963304	33
X-5975	BINIMETINIB	13.299999999999997	SD	0	2.5	binimetinib	BRCA	SD	33.0	33
X-6047	BINIMETINIB	185.55	PD	0	531.2	binimetinib	BRCA	PD	4.0	14
X-007	BUPARLISIB	77.05000000000001	PD	0	189.10000000000002	BKM120	GC	PD	6.2075471698113205	14
X-010	BUPARLISIB	18.799999999999997	PD	0	49.099999999999994	BKM120	GC	PD	38.701149425287355	77
X-011	BUPARLISIB	28.69999999999999	PD	0	145.8	BKM120	GC	PD	17.728571428571428	60
X-015	BUPARLISIB	11.933333333333337	PD	0	110.19999999999999	BKM120	GC	PD	15.91346153846154	52
X-017	BUPARLISIB	15.25	PD	0	75.6	BKM120	GC	PD	36.6875	111
X-020	BUPARLISIB	40.92500000000001	PD	0	54.400000000000006	BKM120	GC	PD	33.636792452830186	64
X-025	BUPARLISIB	-21.51428571428572	SD	0	-36.3	BKM120	GC	SD	20.0	20
X-027	BUPARLISIB	41.599999999999994	PD	0	205.8	BKM120	GC	PD	11.778149386845039	27
X-028	BUPARLISIB	1.6400000000000006	SD	0	10.799999999999997	BKM120	GC	SD-->PD	34.0	34
X-029	BUPARLISIB	57.525000000000006	PD	0	266.3	BKM120	GC	PD	8.94949494949495	18
X-031	BUPARLISIB	4.375	SD	0	8.599999999999994	BKM120	GC	SD-->PD	71.25255972696246	95
X-034	BUPARLISIB	5.275000000000006	SD	0	12.599999999999994	BKM120	GC	SD-->PD	47.96951219512195	90
X-035	BUPARLISIB	3.5200000000000102	SD	0	-3.9000000000000057	BKM120	GC	SD-->PD	62.0	62
X-037	BUPARLISIB	-23.0	PR	1	-97.6	BKM120	GC	PR	201.0	201
X-038	BUPARLISIB	27.679999999999993	SD	0	20.0	BKM120	GC	SD	42.611428571428576	112
X-056	BUPARLISIB	-2.8666666666666742	SD	0	-0.7999999999999972	BKM120	GC	SD	44.0	44
X-057	BUPARLISIB	-3.8499999999999943	SD	0	-3.799999999999997	BKM120	GC	SD-->PD	36.0	36
X-064	BUPARLISIB	-9.224999999999994	SD	0	-18.0	BKM120	GC	SD-->PD	26.0	26
X-065	BUPARLISIB	-12.233333333333334	SD	0	-31.799999999999997	BKM120	GC	SD	41.0	41
X-067	BUPARLISIB	-5.94285714285715	SD	0	-22.900000000000006	BKM120	GC	SD	25.0	25
X-075	BUPARLISIB	32.75	PD	0	194.60000000000002	BKM120	GC	PD	13.14176245210728	45
X-077	BUPARLISIB	8.099999999999994	SD	0	9.299999999999997	BKM120	GC	SD-->PD	73.0	73
X-084	BUPARLISIB	11.950000000000003	SD	0	8.200000000000003	BKM120	GC	SD-->PD	24.0	24
X-089	BUPARLISIB	0.125	SD	0	-7.900000000000006	BKM120	GC	SD-->PD	59.91891891891892	89
X-090	BUPARLISIB	-20.47142857142856	SD	0	-31.200000000000003	BKM120	GC	SD	28.0	28
X-091	BUPARLISIB	3.325000000000003	SD	0	8.099999999999994	BKM120	GC	SD-->PD	88.31138287864535	160
X-0933	BUPARLISIB	-21.224999999999994	SD	0	-27.799999999999997	BKM120	CRC	SD-->PD	62.0	62
X-097	BUPARLISIB	15.174999999999997	PD	0	64.19999999999999	BKM120	GC	PD	27.679738562091504	49
X-098	BUPARLISIB	10.733333333333334	PD	0	197.7	BKM120	GC	PD	23.1981981981982	39
X-1004	BUPARLISIB	23.700000000000003	PD	0	64.6	BKM120	BRCA	PD	14.860349127182044	27
X-1008	BUPARLISIB	10.540000000000006	SD	0	25.299999999999997	BKM120	BRCA	SD-->PD	86.75265957446808	87
X-102	BUPARLISIB	-55.638461538461534	PR	1	-78.6	BKM120	GC	PR-->PD	103.75510204081633	125
X-1027	BUPARLISIB	66.01999999999998	PD	0	157.2	BKM120	CRC	PD	11.649025069637885	24
X-1055	BUPARLISIB	-3.6571428571428584	SD	0	-8.200000000000003	BKM120	CRC	SD-->PD	65.0	65
X-1119	BUPARLISIB	10.599999999999994	PD	0	110.80000000000001	BKM120	CRC	PD	19.136	23
X-114	BUPARLISIB	-29.58888888888889	SD	0	-46.7	BKM120	GC	SD-->PD	92.8961937716263	93
X-1156	BUPARLISIB	98.45000000000002	PD	0	498.0	BKM120	NSCLC	PD	4.415611814345992	20
X-1167	BUPARLISIB	-8.799999999999997	SD	0	-13.799999999999997	BKM120	CRC	SD-->PD	33.67197875166003	43
X-1172	BUPARLISIB	-60.628571428571426	PR	1	-71.9	BKM120	NSCLC	PR-->PD	84.66504854368932	90
X-1173	BUPARLISIB	-25.64999999999999	PR	1	-51.6	BKM120	CRC	PR-->PD	62.0	62
X-118	BUPARLISIB	33.633333333333326	PD	0	145.3	BKM120	GC	PD	13.647826086956524	52
X-1189	BUPARLISIB	-69.67941176470588	CR	1	-100.0	BKM120	NSCLC	CR	122.0	122
X-119	BUPARLISIB	25.200000000000003	PD	0	42.5	BKM120	GC	PD	32.0	32
X-1199	BUPARLISIB	0.7249999999999943	SD	0	-0.4000000000000057	BKM120	PDAC	SD	34.0	34
X-1228	BUPARLISIB	-69.41081081081082	PR	1	-82.8	BKM120	NSCLC	PR	131.0	131
X-127	BUPARLISIB	-87.28888888888889	CR	1	-100.0	BKM120	GC	CR	334.0	334
X-1270	BUPARLISIB	118.51999999999998	PD	0	381.3	BKM120	CRC	PD	6.462264150943397	21
X-128	BUPARLISIB	-87.11363636363636	CR	1	-100.0	BKM120	GC	CR-->-->PD	140.50588235294117	156
X-1286	BUPARLISIB	-19.268292682926827	SD	0	-49.5	BKM120	BRCA	SD	144.0	144
X-1289	BUPARLISIB	82.5	PD	0	184.8	BKM120	PDAC	PD	6.015028901734103	32
X-129	BUPARLISIB	-26.950000000000003	PR	1	-60.0	BKM120	GC	PR	9.0	9
X-1290	BUPARLISIB	108.875	PD	0	272.7	BKM120	CRC	PD	7.258099945085118	12
X-1298	BUPARLISIB	-46.19666666666667	PR	1	-66.4	BKM120	BRCA	PR	114.0	114
X-1303	BUPARLISIB	34.5	PD	0	183.60000000000002	BKM120	CRC	PD	16.648171500630518	23
X-131	BUPARLISIB	33.359999999999985	PD	0	107.9	BKM120	GC	PD	19.343490304709142	31
X-1323	BUPARLISIB	-22.325000000000003	SD	0	-29.700000000000003	BKM120	NSCLC	SD-->PD	75.0	75
X-1329	BUPARLISIB	44.42500000000001	PD	0	223.8	BKM120	CRC	PD	15.555555555555555	29
X-1362	BUPARLISIB	27.275000000000006	PD	0	90.5	BKM120	PDAC	PD	17.335740072202167	28
X-1371	BUPARLISIB	8.900000000000006	PD	0	63.900000000000006	BKM120	BRCA	PD	26.306513409961685	35
X-138	BUPARLISIB	11.875	PD	0	63.69999999999999	BKM120	GC	PD	26.0	26
X-1383	BUPARLISIB	-23.099999999999994	SD	0	-39.7	BKM120	BRCA	SD-->PD	119.6936170212766	151
X-1407	BUPARLISIB	12.259999999999991	SD	0	14.400000000000006	BKM120	BRCA	SD-->PD	41.032719836400815	81
X-1441	BUPARLISIB	-39.8111111111111	PR	1	-51.7	BKM120	CRC	PR	81.0	81
X-1442	BUPARLISIB	24.150000000000006	PD	0	44.80000000000001	BKM120	NSCLC	PD	29.49378330373002	55
X-1443	BUPARLISIB	139.83333333333334	PD	0	210.7	BKM120	CRC	PD	7.0	29
X-1468	BUPARLISIB	-13.941666666666663	SD	0	-27.200000000000003	BKM120		SD-->-->PD	91.0	91
X-1479	BUPARLISIB	5.140000000000015	SD	0	2.4000000000000057	BKM120	CRC	SD-->PD	45.86330935251799	84
X-1499	BUPARLISIB	52.69999999999999	PD	0	216.7	BKM120	NSCLC	PD	7.43878954607978	15
X-1500	BUPARLISIB	-54.95	PR	1	-94.4	BKM120	CRC	PR	154.0	154
X-1536	BUPARLISIB	16.179999999999993	PD	0	42.30000000000001	BKM120	CRC	PD	40.64	44
X-154	BUPARLISIB	8.116666666666674	SD	0	-8.400000000000006	BKM120	GC	SD-->PD	31.60655737704918	73
X-158	BUPARLISIB	-25.28	SD	0	-34.3	BKM120	GC	SD-->PD	50.045368620037806	78
X-1586	BUPARLISIB	-26.700000000000003	SD	0	-45.4	BKM120	NSCLC	SD-->PD	67.99435028248587	117
X-160	BUPARLISIB	-16.969230769230762	SD	0	-45.2	BKM120	GC	SD-->-->PD	221.0	221
X-1600	BUPARLISIB	-19.879999999999995	SD	0	-32.2	BKM120	BRCA	SD-->PD	42.19753086419753	51
X-161	BUPARLISIB	31.650000000000006	PD	0	79.19999999999999	BKM120	GC	PD	28.316964285714285	88
X-1631	BUPARLISIB	11.0	SD	0	19.200000000000003	BKM120	BRCA	SD-->PD	44.24116424116424	67
X-165	BUPARLISIB	-37.14545454545455	PR	1	-61.8	BKM120	GC	PR	147.0	147
X-1655	BUPARLISIB	46.900000000000006	PD	0	92.0	BKM120	CM	PD	7.640062597809077	32
X-1658	BUPARLISIB	-12.72	SD	0	-34.599999999999994	BKM120	NSCLC	SD-->PD	21.5123010130246	42
X-166	BUPARLISIB	-3.2285714285714278	SD	0	-20.299999999999997	BKM120	GC	SD-->-->PD	103.38335809806836	107
X-1683	BUPARLISIB	-48.18000000000001	PR	1	-68.4	BKM120	NSCLC	PR-->PD	93.09734513274336	110
X-171	BUPARLISIB	68.5	PD	0	370.0	BKM120	GC	PD	9.16144578313253	19
X-1725	BUPARLISIB	10.840000000000003	SD	0	-81.5	BKM120	NSCLC	SD-->PD	134.0	134
X-1787	BUPARLISIB	1.2800000000000011	SD	0	-27.200000000000003	BKM120	NSCLC	SD-->PD	44.77121067683508	58
X-1823	BUPARLISIB	120.17499999999998	PD	0	386.2	BKM120	NSCLC	PD	5.650079239302695	12
X-1828	BUPARLISIB	-0.6400000000000006	SD	0	-2.5	BKM120	BRCA	SD-->PD	52.0	52
X-1832	BUPARLISIB	36.19999999999999	PD	0	215.10000000000002	BKM120	BRCA	PD	14.075862068965517	35
X-1834	BUPARLISIB	-1.9749999999999943	SD	0	-18.0	BKM120	NSCLC	SD-->PD	27.927813163481954	47
X-1835	BUPARLISIB	24.58	PD	0	149.3	BKM120	NSCLC	PD	18.349462365591396	35
X-1855	BUPARLISIB	-0.1666666666666714	SD	0	0.20000000000000284	BKM120	CRC	SD-->PD	84.0	84
X-1869	BUPARLISIB	-82.95714285714286	CR	1	-100.0	BKM120	NSCLC	CR	37.0	37
X-1870	BUPARLISIB	-12.850000000000009	SD	0	-32.7	BKM120	NSCLC	SD-->PD	86.50568181818181	106
X-1906	BUPARLISIB	6.575000000000003	SD	0	18.200000000000003	BKM120	CM	SD-->PD	44.53846153846154	47
X-1916	BUPARLISIB	27.72	PD	0	41.5	BKM120	BRCA	PD	26.871559633027523	42
X-1921	BUPARLISIB	-3.5	SD	0	33.19999999999999	BKM120	BRCA	SD-->PD	42.198218262806236	88
X-1934	BUPARLISIB	98.4	PD	0	307.1	BKM120	NSCLC	PD	5.8347978910369065	12
X-1948	BUPARLISIB	-10.387500000000003	SD	0	-23.599999999999994	BKM120	PDAC	SD-->PD	39.0	39
X-1980	BUPARLISIB	-13.950000000000003	SD	0	-18.799999999999997	BKM120	NSCLC	SD-->PD	96.32702020202021	98
X-1993	BUPARLISIB	22.859999999999985	PD	0	115.1	BKM120	NSCLC	PD	12.878542510121457	23
X-2017	BUPARLISIB	39.04000000000002	PD	0	101.4	BKM120	NSCLC	PD	20.325301204819276	50
X-2026	BUPARLISIB	25.900000000000006	PD	0	83.19999999999999	BKM120	PDAC	PD	25.47142857142857	32
X-2042	BUPARLISIB	-11.099999999999994	SD	0	-34.8	BKM120	NSCLC	SD-->PD	105.0	105
X-2043	BUPARLISIB	59.0	PD	0	207.7	BKM120	PDAC	PD	10.67032967032967	27
X-2081	BUPARLISIB	27.08	PD	0	156.5	BKM120	PDAC	PD	19.142974527526704	28
X-2082	BUPARLISIB	26.775000000000006	PD	0	170.3	BKM120	NSCLC	PD	14.307332293291733	37
X-2088	BUPARLISIB	88.475	PD	0	414.70000000000005	BKM120	NSCLC	PD	6.059171597633137	23
X-2094	BUPARLISIB	62.18000000000001	PD	0	315.1	BKM120	NSCLC	PD	10.747346072186836	24
X-2145	BUPARLISIB	-5.099999999999994	SD	0	-12.5	BKM120	CRC	SD-->PD	60.945205479452056	75
X-2163	BUPARLISIB	5.3799999999999955	SD	0	-7.799999999999997	BKM120	CM	SD-->PD	45.87719298245614	55
X-2182	BUPARLISIB	161.60000000000002	PD	0	627.3	BKM120	CRC	PD	6.504559270516717	16
X-2195	BUPARLISIB	37.55000000000001	PD	0	108.19999999999999	BKM120	BRCA	PD	25.255319148936174	37
X-2283	BUPARLISIB	71.30000000000001	PD	0	273.5	BKM120	PDAC	PD	10.056410256410256	17
X-2306	BUPARLISIB	0.6500000000000057	SD	0	8.099999999999994	BKM120	CM	SD-->PD	32.0	32
X-2339	BUPARLISIB	20.02000000000001	SD	0	19.400000000000006	BKM120	PDAC	SD-->PD	24.526690391459073	80
X-2344	BUPARLISIB	-15.691666666666663	SD	0	-41.3	BKM120	BRCA	SD	43.0	43
X-2353	BUPARLISIB	21.840000000000003	PD	0	92.6	BKM120	BRCA	PD	24.204545454545453	84
X-2374	BUPARLISIB	5.6200000000000045	SD	0	-79.1	BKM120	CRC	SD-->PD	37.07692307692307	43
X-2403	BUPARLISIB	15.375	PD	0	61.099999999999994	BKM120	CRC	PD	27.0	27
X-2428	BUPARLISIB	-13.125	SD	0	-37.9	BKM120	PDAC	SD-->PD	77.11304347826088	78
X-2470	BUPARLISIB	10.25	SD	0	-3.5	BKM120	PDAC	SD-->PD	56.737541528239205	57
X-2483	BUPARLISIB	1.5499999999999972	SD	0	8.099999999999994	BKM120	CRC	SD-->PD	39.97345132743363	70
X-2484	BUPARLISIB	1.0833333333333286	SD	0	-14.599999999999994	BKM120	CRC	SD-->PD	26.928940568475454	42
X-2487	BUPARLISIB	28.420000000000016	PD	0	148.7	BKM120	BRCA	PD	17.628205128205128	53
X-2524	BUPARLISIB	64.66	PD	0	232.2	BKM120	BRCA	PD	10.722135007849294	27
X-2538	BUPARLISIB	9.52000000000001	SD	0	13.599999999999994	BKM120	CRC	SD-->PD	76.15463917525773	79
X-2564	BUPARLISIB	16.099999999999994	SD	0	19.5	BKM120	PDAC	SD-->PD	43.09486166007905	47
X-2573	BUPARLISIB	33.349999999999994	PD	0	487.5	BKM120	CRC	PD	14.597014925373134	23
X-2602	BUPARLISIB	19.0	PD	0	46.400000000000006	BKM120	CM	PD	37.0	37
X-2613	BUPARLISIB	54.75	PD	0	262.8	BKM120	CM	PD	10.195652173913043	20
X-2633	BUPARLISIB	-12.97999999999999	SD	0	-32.2	BKM120	PDAC	SD-->PD	63.0	63
X-2640	BUPARLISIB	-30.54074074074073	SD	0	-49.4	BKM120	BRCA	SD	91.0	91
X-2659	BUPARLISIB	14.849999999999994	PD	0	45.099999999999994	BKM120	CRC	PD	31.0	31
X-2684	BUPARLISIB	8.257142857142853	SD	0	-13.900000000000006	BKM120	PDAC	SD-->PD	85.3157894736842	91
X-2700	BUPARLISIB	18.200000000000003	PD	0	106.1	BKM120	CM	PD	22.23510971786834	27
X-2723	BUPARLISIB	36.80000000000001	PD	0	180.7	BKM120	CM	PD	12.33106960950764	23
X-2753	BUPARLISIB	3.674999999999997	PD	0	203.5	BKM120	CM	PD	18.93076923076923	25
X-2780	BUPARLISIB	-8.57142857142857	SD	0	-27.5	BKM120	BRCA	SD-->PD	54.0	54
X-2822	BUPARLISIB	5.179999999999993	SD	0	9.400000000000006	BKM120	CRC	SD-->PD	21.0	21
X-2838	BUPARLISIB	14.22	SD	0	-5.900000000000006	BKM120	CM	SD-->PD	20.676767676767675	37
X-2846	BUPARLISIB	-6.0	SD	0	-10.5	BKM120	CRC	SD-->PD	68.0	68
X-2861	BUPARLISIB	30.099999999999994	PD	0	121.1	BKM120	CRC	PD	18.5902004454343	27
X-2921	BUPARLISIB	50.125	PD	0	386.7	BKM120	CM	PD	8.800668151447661	23
X-2992	BUPARLISIB	49.125	PD	0	233.2	BKM120	CM	PD	10.485881207400194	22
X-2997	BUPARLISIB	14.799999999999997	PD	0	36.599999999999994	BKM120	PDAC	PD	40.962418300653596	58
X-3028	BUPARLISIB	2.0799999999999983	SD	0	-2.700000000000003	BKM120	PDAC	SD-->PD	93.17705735660847	97
X-3029	BUPARLISIB	-57.8074074074074	PR	1	-76.7	BKM120	NSCLC	PR	91.0	91
X-3038	BUPARLISIB	-0.14000000000000057	SD	0	9.799999999999997	BKM120	PDAC	SD-->PD	60.37114537444934	62
X-3052	BUPARLISIB	0.0799999999999983	SD	0	5.099999999999994	BKM120	PDAC	SD-->PD	30.90173410404624	36
X-3077	BUPARLISIB	-42.84444444444445	PR	1	-59.8	BKM120	BRCA	PR	32.0	32
X-3078	BUPARLISIB	7.900000000000006	PD	0	40.30000000000001	BKM120	BRCA	PD	25.0	25
X-3093	BUPARLISIB	8.125	SD	0	33.900000000000006	BKM120	CRC	SD-->PD	27.330827067669173	35
X-3127	BUPARLISIB	10.799999999999997	PD	0	46.900000000000006	BKM120	CM	PD	31.02834008097166	43
X-3201	BUPARLISIB	64.56	PD	0	201.8	BKM120	BRCA	PD	9.658291457286435	27
X-3205	BUPARLISIB	-0.7750000000000057	SD	0	-1.7999999999999972	BKM120	CRC	SD-->PD	36.0	36
X-3209	BUPARLISIB	-6.450000000000003	SD	0	-25.400000000000006	BKM120	PDAC	SD	13.0	13
X-3211	BUPARLISIB	-12.340000000000003	SD	0	-20.0	BKM120	CM	SD-->PD	58.689277899343544	64
X-3224	BUPARLISIB	-13.950000000000003	SD	0	-28.099999999999994	BKM120	CRC	SD-->PD	49.0	49
X-3237	BUPARLISIB	4.759999999999991	PD	0	101.80000000000001	BKM120	NSCLC	PD	20.810026385224273	24
X-3267	BUPARLISIB	-0.6599999999999966	SD	0	6.700000000000003	BKM120	CRC	SD-->PD	83.49896480331263	89
X-3268	BUPARLISIB	-7.183333333333337	SD	0	-27.099999999999994	BKM120	PDAC	SD-->PD	115.0	115
X-3298	BUPARLISIB	19.549999999999997	PD	0	57.19999999999999	BKM120	BRCA	PD	26.771289537712896	74
X-3450	BUPARLISIB	-34.98461538461538	PR	1	-57.1	BKM120	BRCA	PR	59.0	59
X-3468	BUPARLISIB	-2.762962962962959	SD	0	-16.299999999999997	BKM120	BRCA	SD	94.0	94
X-3483	BUPARLISIB	-16.039999999999992	SD	0	-26.0	BKM120	CM	SD-->PD	34.31712062256809	46
X-3486	BUPARLISIB	25.040000000000006	PD	0	48.400000000000006	BKM120	CM	PD	12.0	12
X-3503	BUPARLISIB	19.159999999999997	PD	0	41.5	BKM120	CM	PD	15.767253044654938	28
X-3676	BUPARLISIB	70.52000000000001	PD	0	350.1	BKM120	CM	PD	8.221962616822431	16
X-3697	BUPARLISIB	-2.6700000000000017	SD	0	-28.0	BKM120	BRCA	SD	71.0	71
X-3746	BUPARLISIB	-3.4666666666666544	PD	0	99.19999999999999	BKM120	CM	PD	20.193236714975846	25
X-3773	BUPARLISIB	21.040000000000006	PD	0	125.19999999999999	BKM120	CM	PD	16.647058823529413	43
X-3792	BUPARLISIB	16.075000000000003	PD	0	67.80000000000001	BKM120	CRC	PD	13.994708994708995	27
X-3800	BUPARLISIB	17.724999999999994	SD	0	-2.4000000000000057	BKM120	PDAC	SD	49.00569476082005	54
X-3816	BUPARLISIB	15.0	PD	0	115.69999999999999	BKM120	PDAC	PD	20.41779975278121	31
X-3843	BUPARLISIB	47.0	PD	0	119.19999999999999	BKM120	NSCLC	PD	12.590733590733592	56
X-3846	BUPARLISIB	-18.89999999999999	SD	0	-37.5	BKM120	PDAC	SD-->PD	39.433693796243595	50
X-3851	BUPARLISIB	15.52000000000001	PD	0	73.9	BKM120	CM	PD	22.504798464491362	25
X-3873	BUPARLISIB	-30.099999999999994	SD	0	-45.7	BKM120	BRCA	SD	14.0	14
X-3880	BUPARLISIB	17.47999999999999	SD	0	4.099999999999994	BKM120	CM	SD-->PD	46.0	46
X-3898	BUPARLISIB	10.700000000000003	SD	0	-1.0	BKM120	PDAC	SD-->PD	46.59334298118669	48
X-3947	BUPARLISIB	121.11999999999998	PD	0	389.9	BKM120	PDAC	PD	5.242098184263618	26
X-3990	BUPARLISIB	76.55000000000001	PD	0	254.10000000000002	BKM120	PDAC	PD	6.618131868131868	28
X-4018	BUPARLISIB	50.75	PD	0	56.19999999999999	BKM120	PDAC	PD	28.904918032786885	55
X-4087	BUPARLISIB	21.82499999999999	PD	0	100.1	BKM120	CRC	PD	19.980392156862745	20
X-4145	BUPARLISIB	64.80000000000001	PD	0	292.4	BKM120	CRC	PD	10.450424929178471	27
X-4157	BUPARLISIB	9.5	PD	0	60.5	BKM120	CM	PD	28.0	28
X-4215	BUPARLISIB	40.599999999999994	PD	0	77.80000000000001	BKM120	PDAC	PD	22.0	22
X-4226	BUPARLISIB	10.316666666666663	SD	0	-21.599999999999994	BKM120	PDAC	SD-->PD	36.27483443708609	44
X-4316	BUPARLISIB	19.980000000000018	PD	0	93.4	BKM120	PDAC	PD	16.500810372771475	28
X-4339	BUPARLISIB	-10.242857142857147	SD	0	-26.400000000000006	BKM120	CM	SD-->PD	44.0	44
X-4347	BUPARLISIB	-11.699999999999989	SD	0	-22.0	BKM120	BRCA	SD-->-->PD	67.0	67
X-4377	BUPARLISIB	20.58	PD	0	193.39999999999998	BKM120	PDAC	PD	16.38152610441767	29
X-4378	BUPARLISIB	21.275000000000006	PD	0	102.30000000000001	BKM120	PDAC	PD	16.0	41
X-4426	BUPARLISIB	47.25	PD	0	107.9	BKM120	CM	PD	12.701923076923078	22
X-4439	BUPARLISIB	-14.733333333333334	SD	0	-38.0	BKM120	PDAC	SD	51.0	51
X-4455	BUPARLISIB	131.975	PD	0	419.9	BKM120	CM	PD	8.395833333333332	12
X-4530	BUPARLISIB	8.574999999999989	PD	0	207.39999999999998	BKM120	CM	PD	14.827433628318584	22
X-4538	BUPARLISIB	1.9749999999999943	SD	0	12.400000000000006	BKM120	CM	SD-->PD	36.3013698630137	47
X-4567	BUPARLISIB	-84.84347826086957	CR	1	-100.0	BKM120	BRCA	CR	84.0	84
X-4644	BUPARLISIB	12.699999999999989	PD	0	126.9	BKM120	CM	PD	19.020631067961165	24
X-4649	BUPARLISIB	19.25999999999999	SD	0	29.0	BKM120	PDAC	SD-->PD	57.0	57
X-4668	BUPARLISIB	43.0	PD	0	227.3	BKM120	CM	PD	13.988919667590029	20
X-4676	BUPARLISIB	7.275000000000006	SD	0	16.099999999999994	BKM120	PDAC	SD-->PD	41.0	41
X-4819	BUPARLISIB	204.82000000000005	PD	0	475.20000000000005	BKM120	NSCLC	PD	4.73936170212766	11
X-4824	BUPARLISIB	-5.4375	SD	0	-27.0	BKM120	BRCA	SD	88.0	88
X-4832	BUPARLISIB	121.5	PD	0	319.1	BKM120	CM	PD	6.0	14
X-4849	BUPARLISIB	67.12	PD	0	168.3	BKM120	CM	PD	7.875894988066826	20
X-4888	BUPARLISIB	24.450000000000003	PD	0	60.099999999999994	BKM120	BRCA	PD	41.95238095238095	77
X-4927	BUPARLISIB	161.10000000000002	PD	0	616.7	BKM120	PDAC	PD	5.120967741935484	21
X-4949	BUPARLISIB	-21.16666666666667	SD	0	-47.0	BKM120	BRCA	SD	26.0	26
X-5189	BUPARLISIB	-0.20000000000000284	SD	0	0.5999999999999943	BKM120	CM	SD	18.0	18
X-5205	BUPARLISIB	26.0	PD	0	118.80000000000001	BKM120	PDAC	PD	15.587467362924281	34
X-5249	BUPARLISIB	-18.179999999999993	SD	0	-34.099999999999994	BKM120	BRCA	SD-->PD	40.0	40
X-5254	BUPARLISIB	4.299999999999997	PD	0	79.80000000000001	BKM120	CRC	PD	22.853211009174313	23
X-5355	BUPARLISIB	-48.47083333333333	PR	1	-64.9	BKM120	BRCA	PR	91.0	91
X-5405	BUPARLISIB	-0.32500000000000284	PD	0	55.30000000000001	BKM120	CRC	PD	26.524953789279113	49
X-5438	BUPARLISIB	-5.125	SD	0	-12.700000000000003	BKM120	CRC	SD-->PD	69.18934911242604	81
X-5446	BUPARLISIB	39.974999999999994	PD	0	160.60000000000002	BKM120	CRC	PD	12.724845995893224	25
X-5494	BUPARLISIB	-11.259090909090915	SD	0	-47.2	BKM120	CRC	SD	89.0	89
X-5495	BUPARLISIB	3.1857142857142833	SD	0	-4.5	BKM120	CRC	SD-->PD	88.0	88
X-5502	BUPARLISIB	7.003124999999997	SD	0	-14.599999999999994	BKM120	BRCA	SD-->-->PD	135.35204081632654	153
X-5578	BUPARLISIB	1.0	SD	0	12.900000000000006	BKM120	CRC	SD-->PD	41.51361161524501	43
X-5975	BUPARLISIB	22.474999999999994	PD	0	69.0	BKM120	BRCA	PD	24.924770642201835	37
X-6047	BUPARLISIB	15.299999999999997	PD	0	173.8	BKM120	BRCA	PD	14.820568927789935	28
X-0991	BUPARLISIB + BINIMETINIB	-34.099999999999994	PR	1	-52.9	BKM120 + binimetinib	PDAC	PR	95.0	95
X-1156	BUPARLISIB + BINIMETINIB	57.0	PD	0	179.10000000000002	BKM120 + binimetinib	NSCLC	PD	12.44724409448819	34
X-1172	BUPARLISIB + BINIMETINIB	-38.25	SD	0	-48.1	BKM120 + binimetinib	NSCLC	SD-->PD	65.63692307692308	90
X-1189	BUPARLISIB + BINIMETINIB	37.650000000000006	PD	0	-28.599999999999994	BKM120 + binimetinib	NSCLC	PD	10.294444444444444	121
X-1199	BUPARLISIB + BINIMETINIB	-34.78333333333333	PR	1	-66.4	BKM120 + binimetinib	PDAC	PR	63.0	63
X-1228	BUPARLISIB + BINIMETINIB	-86.23846153846154	CR	1	-100.0	BKM120 + binimetinib	NSCLC	CR	140.0	140
X-1317	BUPARLISIB + BINIMETINIB	-53.8875	PR	1	-81.1	BKM120 + binimetinib	PDAC	PR	81.0	81
X-1323	BUPARLISIB + BINIMETINIB	-24.56	SD	0	-35.5	BKM120 + binimetinib	NSCLC	SD-->PD	90.15447154471545	120
X-1362	BUPARLISIB + BINIMETINIB	-6.75	SD	0	-28.599999999999994	BKM120 + binimetinib	PDAC	SD-->PD	60.311594202898554	116
X-1442	BUPARLISIB + BINIMETINIB	-48.648387096774194	CR	1	-100.0	BKM120 + binimetinib	NSCLC	CR	23.806451612903224	125
X-1499	BUPARLISIB + BINIMETINIB	30.94	PD	0	151.9	BKM120 + binimetinib	NSCLC	PD	13.065450643776824	25
X-1586	BUPARLISIB + BINIMETINIB	-53.12	PR	1	-74.1	BKM120 + binimetinib	NSCLC	PR-->-->PD	106.0	106
X-1658	BUPARLISIB + BINIMETINIB	-16.120000000000005	SD	0	-22.299999999999997	BKM120 + binimetinib	NSCLC	SD-->PD	48.291666666666664	55
X-1683	BUPARLISIB + BINIMETINIB	-69.28055555555555	PR	1	-84.8	BKM120 + binimetinib	NSCLC	PR	131.0	131
X-1725	BUPARLISIB + BINIMETINIB	-21.159999999999997	SD	0	-28.0	BKM120 + binimetinib	NSCLC	SD-->PD	69.1963133640553	116
X-1787	BUPARLISIB + BINIMETINIB	19.25	SD	0	12.700000000000003	BKM120 + binimetinib	NSCLC	SD-->PD	49.02894736842105	90
X-1823	BUPARLISIB + BINIMETINIB	21.575000000000003	PD	0	104.30000000000001	BKM120 + binimetinib	NSCLC	PD	18.86422018348624	53
X-1834	BUPARLISIB + BINIMETINIB	9.375	SD	0	9.700000000000003	BKM120 + binimetinib	NSCLC	SD-->PD	22.71698113207547	47
X-1835	BUPARLISIB + BINIMETINIB	35.08333333333334	PD	0	-4.400000000000006	BKM120 + binimetinib	NSCLC	PD	39.554372623574146	50
X-1869	BUPARLISIB + BINIMETINIB	-57.1	CR	1	-100.0	BKM120 + binimetinib	NSCLC	CR	23.0	23
X-1870	BUPARLISIB + BINIMETINIB	-19.650000000000006	SD	0	-51.5	BKM120 + binimetinib	NSCLC	SD-->-->PD	133.0	133
X-1934	BUPARLISIB + BINIMETINIB	65.6	PD	0	165.60000000000002	BKM120 + binimetinib	NSCLC	PD	8.851851851851851	40
X-1948	BUPARLISIB + BINIMETINIB	28.599999999999994	SD	0	30.69999999999999	BKM120 + binimetinib	PDAC	SD	59.817708333333336	84
X-1959	BUPARLISIB + BINIMETINIB	-27.328571428571436	PR	1	-57.6	BKM120 + binimetinib	PDAC	PR	47.0	47
X-1980	BUPARLISIB + BINIMETINIB	-9.89	SD	0	-24.099999999999994	BKM120 + binimetinib	NSCLC	SD-->PD	90.71736662883087	92
X-1993	BUPARLISIB + BINIMETINIB	1.2750000000000057	PD	0	86.1	BKM120 + binimetinib	NSCLC	PD	22.0859375	46
X-2017	BUPARLISIB + BINIMETINIB	-25.63333333333334	SD	0	-46.1	BKM120 + binimetinib	NSCLC	SD-->PD	105.0	105
X-2026	BUPARLISIB + BINIMETINIB	-0.818181818181813	SD	0	-36.6	BKM120 + binimetinib	PDAC	SD-->PD	77.46551724137932	84
X-2042	BUPARLISIB + BINIMETINIB	-35.64	PR	1	-54.4	BKM120 + binimetinib	NSCLC	PR	49.0	49
X-2043	BUPARLISIB + BINIMETINIB	5.033333333333346	SD	0	-17.700000000000003	BKM120 + binimetinib	PDAC	SD-->PD	50.29203539823009	132
X-2081	BUPARLISIB + BINIMETINIB	-35.03	PR	1	-61.2	BKM120 + binimetinib	PDAC	PR-->PD	52.053824362606235	53
X-2082	BUPARLISIB + BINIMETINIB	-9.300000000000011	SD	0	-29.599999999999994	BKM120 + binimetinib	NSCLC	SD-->PD	62.908396946564885	100
X-2088	BUPARLISIB + BINIMETINIB	139.5	PD	0	316.8	BKM120 + binimetinib	NSCLC	PD	7.0	11
X-2094	BUPARLISIB + BINIMETINIB	21.659999999999997	PD	0	35.69999999999999	BKM120 + binimetinib	NSCLC	PD	33.52054794520548	82
X-2339	BUPARLISIB + BINIMETINIB	-45.385714285714286	PR	1	-70.5	BKM120 + binimetinib	PDAC	PR	99.0	99
X-2428	BUPARLISIB + BINIMETINIB	-40.76521739130435	PR	1	-57.9	BKM120 + binimetinib	PDAC	PR	81.0	81
X-2564	BUPARLISIB + BINIMETINIB	1.4842105263157919	SD	0	-19.200000000000003	BKM120 + binimetinib	PDAC	SD-->-->PD	102.0	102
X-2633	BUPARLISIB + BINIMETINIB	-47.94864864864864	PR	1	-69.8	BKM120 + binimetinib	PDAC	PR	127.0	127
X-2684	BUPARLISIB + BINIMETINIB	-10.099999999999994	SD	0	-44.0	BKM120 + binimetinib	PDAC	SD	11.0	11
X-2997	BUPARLISIB + BINIMETINIB	5.055555555555557	SD	0	-14.400000000000006	BKM120 + binimetinib	PDAC	SD-->PD	61.553333333333335	91
X-3028	BUPARLISIB + BINIMETINIB	0.5499999999999972	SD	0	-23.099999999999994	BKM120 + binimetinib	PDAC	SD-->-->PD	135.0	135
X-3029	BUPARLISIB + BINIMETINIB	-46.21851851851852	PR	1	-72.9	BKM120 + binimetinib	NSCLC	PR	88.0	88
X-3038	BUPARLISIB + BINIMETINIB	-8.762500000000003	SD	0	-35.599999999999994	BKM120 + binimetinib	PDAC	SD	54.0	54
X-3052	BUPARLISIB + BINIMETINIB	-6.433333333333337	SD	0	-26.400000000000006	BKM120 + binimetinib	PDAC	SD-->PD	67.92739443872297	91
X-3209	BUPARLISIB + BINIMETINIB	-31.53333333333333	PR	1	-76.0	BKM120 + binimetinib	PDAC	PR	81.0	81
X-3237	BUPARLISIB + BINIMETINIB	-22.379999999999995	SD	0	-19.400000000000006	BKM120 + binimetinib	NSCLC	SD-->PD	53.723886048210375	78
X-3268	BUPARLISIB + BINIMETINIB	5.871428571428581	SD	0	-1.0999999999999943	BKM120 + binimetinib	PDAC	SD-->PD	96.0	96
X-3782	BUPARLISIB + BINIMETINIB	-24.450000000000003	PR	1	-71.4	BKM120 + binimetinib		PR-->PD	116.0	116
X-3800	BUPARLISIB + BINIMETINIB	-68.78333333333333	CR	1	-100.0	BKM120 + binimetinib	PDAC	CR	106.0	106
X-3816	BUPARLISIB + BINIMETINIB	39.474999999999994	PD	0	33.30000000000001	BKM120 + binimetinib	PDAC	PD	84.0	84
X-3843	BUPARLISIB + BINIMETINIB	29.724999999999994	PD	0	73.30000000000001	BKM120 + binimetinib	NSCLC	PD	23.0	50
X-3846	BUPARLISIB + BINIMETINIB	-14.21875	SD	0	-44.8	BKM120 + binimetinib	PDAC	SD	53.0	53
X-3898	BUPARLISIB + BINIMETINIB	52.140000000000015	PD	0	64.4	BKM120 + binimetinib	PDAC	PD	18.916030534351144	93
X-3947	BUPARLISIB + BINIMETINIB	-28.15384615384616	SD	0	-43.3	BKM120 + binimetinib	PDAC	SD	42.0	42
X-3990	BUPARLISIB + BINIMETINIB	-27.67857142857143	PR	1	-55.8	BKM120 + binimetinib	PDAC	PR	94.0	94
X-4015	BUPARLISIB + BINIMETINIB	34.24000000000001	PD	0	79.1	BKM120 + binimetinib	PDAC	PD	28.434782608695652	71
X-4018	BUPARLISIB + BINIMETINIB	-16.335000000000008	SD	0	-45.5	BKM120 + binimetinib	PDAC	SD-->-->PD	93.0	93
X-4145	BUPARLISIB + BINIMETINIB	20.98571428571428	SD	0	13.400000000000006	BKM120 + binimetinib	CRC	SD-->PD	27.3953488372093	71
X-4226	BUPARLISIB + BINIMETINIB	-1.9545454545454533	SD	0	-17.5	BKM120 + binimetinib	PDAC	SD-->PD	71.33400402414487	122
X-4377	BUPARLISIB + BINIMETINIB	3.316666666666663	SD	0	-13.599999999999994	BKM120 + binimetinib	PDAC	SD-->PD	34.95539033457249	74
X-4378	BUPARLISIB + BINIMETINIB	-5.614285714285714	SD	0	-15.599999999999994	BKM120 + binimetinib	PDAC	SD-->PD	83.74025974025975	84
X-4439	BUPARLISIB + BINIMETINIB	-24.270370370370372	PR	1	-57.8	BKM120 + binimetinib	PDAC	PR-->PD	94.0	94
X-4649	BUPARLISIB + BINIMETINIB	-10.587499999999991	SD	0	-26.700000000000003	BKM120 + binimetinib	PDAC	SD-->-->PD	94.0	94
X-4676	BUPARLISIB + BINIMETINIB	-46.434615384615384	CR	1	-100.0	BKM120 + binimetinib	PDAC	CR	96.0	96
X-4819	BUPARLISIB + BINIMETINIB	133.9	PD	0	256.4	BKM120 + binimetinib	NSCLC	PD	3.0	5
X-4927	BUPARLISIB + BINIMETINIB	-30.60416666666667	PR	1	-68.1	BKM120 + binimetinib	PDAC	PR	81.0	81
X-5205	BUPARLISIB + BINIMETINIB	-25.48461538461538	SD	0	-43.6	BKM120 + binimetinib	PDAC	SD-->-->PD	84.0	84
X-1655	BUPARLISIB + ENCORAFENIB	46.650000000000006	PD	0	384.4	BKM120 + encorafenib	CM	PD	11.150170648464163	30
X-1906	BUPARLISIB + ENCORAFENIB	-95.36938775510204	CR	1	-100.0	BKM120 + encorafenib	CM	CR-->-->PD	401.0	401
X-2163	BUPARLISIB + ENCORAFENIB	7.0	PD	0	62.099999999999994	BKM120 + encorafenib	CM	PD	30.0	30
X-2306	BUPARLISIB + ENCORAFENIB	16.224999999999994	PD	0	91.69999999999999	BKM120 + encorafenib	CM	PD	23.161904761904765	27
X-2602	BUPARLISIB + ENCORAFENIB	-17.924999999999997	SD	0	-27.400000000000006	BKM120 + encorafenib	CM	SD-->PD	180.0	180
X-2613	BUPARLISIB + ENCORAFENIB	-60.18333333333333	PR	1	-73.9	BKM120 + encorafenib	CM	PR-->-->PD	304.3370786516854	333
X-2700	BUPARLISIB + ENCORAFENIB	20.375	PD	0	74.19999999999999	BKM120 + encorafenib	CM	PD	25.554455445544555	33
X-2723	BUPARLISIB + ENCORAFENIB	-60.65714285714286	PR	1	-84.9	BKM120 + encorafenib	CM	PR-->PD	137.21160409556313	140
X-2753	BUPARLISIB + ENCORAFENIB	95.375	PD	0	421.6	BKM120 + encorafenib	CM	PD	6.94636678200692	22
X-2838	BUPARLISIB + ENCORAFENIB	-16.614285714285714	SD	0	-37.6	BKM120 + encorafenib	CM	SD-->PD	82.16328963051251	83
X-2921	BUPARLISIB + ENCORAFENIB	-92.95625	CR	1	-100.0	BKM120 + encorafenib	CM	CR	272.0	272
X-2992	BUPARLISIB + ENCORAFENIB	-46.95	PR	1	-83.2	BKM120 + encorafenib	CM	PR-->-->PD	132.68409703504042	141
X-3127	BUPARLISIB + ENCORAFENIB	15.97999999999999	SD	0	2.200000000000003	BKM120 + encorafenib	CM	SD-->PD	61.0	61
X-3211	BUPARLISIB + ENCORAFENIB	-80.96136363636364	CR	1	-96.9	BKM120 + encorafenib	CM	CR	228.0	228
X-3483	BUPARLISIB + ENCORAFENIB	-96.7	CR	1	-100.0	BKM120 + encorafenib	CM	CR	272.0	272
X-3486	BUPARLISIB + ENCORAFENIB	65.19999999999999	PD	0	158.0	BKM120 + encorafenib	CM	PD	9.503875968992249	23
X-3503	BUPARLISIB + ENCORAFENIB	-1.8636363636363598	SD	0	-29.900000000000006	BKM120 + encorafenib	CM	SD-->PD	77.34615384615384	96
X-3676	BUPARLISIB + ENCORAFENIB	-25.78	SD	0	-34.3	BKM120 + encorafenib	CM	SD-->PD	58.58901830282862	60
X-3746	BUPARLISIB + ENCORAFENIB	-94.984375	CR	1	-100.0	BKM120 + encorafenib	CM	CR-->-->PD	253.0	253
X-3773	BUPARLISIB + ENCORAFENIB	9.959999999999994	PD	0	47.19999999999999	BKM120 + encorafenib	CM	PD	35.33160621761658	44
X-3851	BUPARLISIB + ENCORAFENIB	-2.299999999999997	PD	0	215.39999999999998	BKM120 + encorafenib	CM	PD	19.51222222222222	31
X-3880	BUPARLISIB + ENCORAFENIB	6.8999999999999915	SD	0	-5.799999999999997	BKM120 + encorafenib	CM	SD-->PD	43.0	43
X-4157	BUPARLISIB + ENCORAFENIB	9.759999999999991	SD	0	12.799999999999997	BKM120 + encorafenib	CM	SD-->PD	28.0	28
X-4339	BUPARLISIB + ENCORAFENIB	3.359999999999985	SD	0	-0.29999999999999716	BKM120 + encorafenib	CM	SD	40.0	40
X-4426	BUPARLISIB + ENCORAFENIB	52.0	PD	0	10.299999999999997	BKM120 + encorafenib	CM	PD	11.992021276595745	34
X-4455	BUPARLISIB + ENCORAFENIB	79.45999999999998	PD	0	485.4	BKM120 + encorafenib	CM	PD	8.139800285306706	21
X-4530	BUPARLISIB + ENCORAFENIB	-14.700000000000003	SD	0	-19.5	BKM120 + encorafenib	CM	SD-->PD	59.516768292682926	72
X-4538	BUPARLISIB + ENCORAFENIB	-49.2	PR	1	-65.0	BKM120 + encorafenib	CM	PR-->-->PD	158.78343949044586	182
X-4644	BUPARLISIB + ENCORAFENIB	-94.55	CR	1	-100.0	BKM120 + encorafenib	CM	CR-->-->PD	247.0	247
X-4668	BUPARLISIB + ENCORAFENIB	-20.060000000000002	SD	0	-26.5	BKM120 + encorafenib	CM	SD-->PD	44.0	44
X-4832	BUPARLISIB + ENCORAFENIB	63.25	PD	0	111.1	BKM120 + encorafenib	CM	PD	9.31063122923588	14
X-4849	BUPARLISIB + ENCORAFENIB	-48.196226415094344	PR	1	-78.4	BKM120 + encorafenib	CM	PR	237.0	237
X-5189	BUPARLISIB + ENCORAFENIB	12.650000000000006	PD	0	74.6	BKM120 + encorafenib	CM	PD	21.0	21
X-0933	BUPARLISIB + LJC049	11.025000000000006	PD	0	62.0	BKM120 + LJC049	CRC	PD	27.271356783919597	33
X-1027	BUPARLISIB + LJC049	176.14999999999998	PD	0	430.70000000000005	BKM120 + LJC049	CRC	PD	7.0	17
X-1055	BUPARLISIB + LJC049	-11.786666666666662	SD	0	-37.9	BKM120 + LJC049	CRC	SD	56.0	56
X-1119	BUPARLISIB + LJC049	58.275000000000006	PD	0	141.8	BKM120 + LJC049	CRC	PD	9.860465116279071	15
X-1167	BUPARLISIB + LJC049	116.42500000000001	PD	0	418.70000000000005	BKM120 + LJC049	CRC	PD	8.159366262814538	32
X-1173	BUPARLISIB + LJC049	16.459999999999994	SD	0	24.0	BKM120 + LJC049	CRC	SD-->PD	20.632887189292543	22
X-1270	BUPARLISIB + LJC049	1.8200000000000074	SD	0	-9.700000000000003	BKM120 + LJC049	CRC	SD-->PD	43.0	43
X-1290	BUPARLISIB + LJC049	7.3799999999999955	SD	0	27.5	BKM120 + LJC049	CRC	SD-->PD	16.0	16
X-1329	BUPARLISIB + LJC049	122.42500000000001	PD	0	521.0	BKM120 + LJC049	CRC	PD	6.506422018348624	21
X-1441	BUPARLISIB + LJC049	-8.150000000000006	SD	0	-11.200000000000003	BKM120 + LJC049	CRC	SD	14.0	14
X-1443	BUPARLISIB + LJC049	9.125	PD	0	212.60000000000002	BKM120 + LJC049	CRC	PD	15.212205270457698	46
X-1479	BUPARLISIB + LJC049	-2.0	SD	0	-3.0	BKM120 + LJC049	CRC	SD-->PD	33.0	33
X-1500	BUPARLISIB + LJC049	-22.12857142857142	PR	1	-55.0	BKM120 + LJC049	CRC	PR	31.0	31
X-1536	BUPARLISIB + LJC049	-0.9000000000000057	SD	0	-8.599999999999994	BKM120 + LJC049	CRC	SD-->PD	69.0	69
X-1855	BUPARLISIB + LJC049	3.9499999999999886	PD	0	64.0	BKM120 + LJC049	CRC	PD	24.75	45
X-2145	BUPARLISIB + LJC049	6.200000000000003	SD	0	0.5	BKM120 + LJC049	CRC	SD-->PD	45.89333333333333	54
X-2182	BUPARLISIB + LJC049	240.60000000000002	PD	0	516.5	BKM120 + LJC049	CRC	PD	3.0	15
X-2239	BUPARLISIB + LJC049	25.700000000000003	PD	0	109.5	BKM120 + LJC049	CRC	PD	19.5	48
X-2374	BUPARLISIB + LJC049	31.30000000000001	PD	0	107.30000000000001	BKM120 + LJC049	CRC	PD	21.43859649122807	28
X-2403	BUPARLISIB + LJC049	48.06	PD	0	239.39999999999998	BKM120 + LJC049	CRC	PD	11.493055555555555	28
X-2483	BUPARLISIB + LJC049	9.625	PD	0	61.900000000000006	BKM120 + LJC049	CRC	PD	29.5	36
X-2484	BUPARLISIB + LJC049	25.059999999999988	PD	0	131.5	BKM120 + LJC049	CRC	PD	18.957198443579767	30
X-2538	BUPARLISIB + LJC049	-9.349999999999994	SD	0	-13.799999999999997	BKM120 + LJC049	CRC	SD	28.0	28
X-2573	BUPARLISIB + LJC049	-43.3	PR	1	-62.8	BKM120 + LJC049	CRC	PR	30.0	30
X-2659	BUPARLISIB + LJC049	17.940000000000012	PD	0	47.80000000000001	BKM120 + LJC049	CRC	PD	33.0	33
X-2822	BUPARLISIB + LJC049	3.640000000000015	PD	0	53.900000000000006	BKM120 + LJC049	CRC	PD	28.562005277044857	52
X-2846	BUPARLISIB + LJC049	17.349999999999994	PD	0	64.19999999999999	BKM120 + LJC049	CRC	PD	25.0	25
X-2861	BUPARLISIB + LJC049	44.025000000000006	PD	0	121.19999999999999	BKM120 + LJC049	CRC	PD	12.233333333333334	14
X-3093	BUPARLISIB + LJC049	9.719999999999999	PD	0	75.9	BKM120 + LJC049	CRC	PD	22.142222222222223	30
X-3205	BUPARLISIB + LJC049	3.8799999999999955	SD	0	15.099999999999994	BKM120 + LJC049	CRC	SD-->PD	34.71555197421434	42
X-3224	BUPARLISIB + LJC049	232.925	PD	0	333.6	BKM120 + LJC049	CRC	PD	7.0	21
X-3267	BUPARLISIB + LJC049	-3.6166666666666742	SD	0	-7.200000000000003	BKM120 + LJC049	CRC	SD-->PD	38.0	38
X-3792	BUPARLISIB + LJC049	42.69999999999999	PD	0	121.0	BKM120 + LJC049	CRC	PD	15.004739336492891	16
X-4087	BUPARLISIB + LJC049	112.92000000000002	PD	0	307.2	BKM120 + LJC049	CRC	PD	6.283547257876313	30
X-5254	BUPARLISIB + LJC049	42.375	PD	0	150.5	BKM120 + LJC049	CRC	PD	12.604923798358733	25
X-5405	BUPARLISIB + LJC049	5.599999999999994	SD	0	8.5	BKM120 + LJC049	CRC	SD-->PD	17.0	17
X-5438	BUPARLISIB + LJC049	53.025000000000006	PD	0	191.0	BKM120 + LJC049	CRC	PD	14.878651685393258	47
X-5446	BUPARLISIB + LJC049	31.099999999999994	PD	0	119.80000000000001	BKM120 + LJC049	CRC	PD	17.816176470588236	31
X-5494	BUPARLISIB + LJC049	-21.8952380952381	SD	0	-44.9	BKM120 + LJC049	CRC	SD	86.0	86
X-5495	BUPARLISIB + LJC049	12.950000000000003	SD	0	-4.900000000000006	BKM120 + LJC049	CRC	SD	16.0	16
X-5578	BUPARLISIB + LJC049	-5.579999999999998	SD	0	-47.4	BKM120 + LJC049	CRC	SD	28.0	28
X-0991	BUPARLISIB + SONIDEGIB	-13.049999999999997	SD	0	-41.8	BKM120 + LDE225	PDAC	SD-->PD	75.07971014492753	95
X-1199	BUPARLISIB + SONIDEGIB	10.336363636363643	SD	0	-34.0	BKM120 + LDE225	PDAC	SD	35.0	35
X-1317	BUPARLISIB + SONIDEGIB	-20.487499999999997	PR	1	-54.3	BKM120 + LDE225	PDAC	PR	79.0	79
X-1362	BUPARLISIB + SONIDEGIB	-23.746153846153845	SD	0	-39.1	BKM120 + LDE225	PDAC	SD	40.0	40
X-1948	BUPARLISIB + SONIDEGIB	9.159999999999997	SD	0	-1.4000000000000057	BKM120 + LDE225	PDAC	SD-->PD	58.55793450881612	84
X-2043	BUPARLISIB + SONIDEGIB	40.31999999999999	PD	0	176.89999999999998	BKM120 + LDE225	PDAC	PD	10.577106518282989	29
X-2081	BUPARLISIB + SONIDEGIB	-9.776923076923069	SD	0	-35.599999999999994	BKM120 + LDE225	PDAC	SD-->PD	62.58728179551122	82
X-2428	BUPARLISIB + SONIDEGIB	-39.68947368421052	PR	1	-63.1	BKM120 + LDE225	PDAC	PR	81.0	81
X-2564	BUPARLISIB + SONIDEGIB	6.420000000000002	SD	0	4.400000000000006	BKM120 + LDE225	PDAC	SD-->PD	57.00828402366864	91
X-2633	BUPARLISIB + SONIDEGIB	-5.013333333333335	SD	0	-57.6	BKM120 + LDE225	PDAC	SD-->PD	132.0	132
X-2684	BUPARLISIB + SONIDEGIB	14.78	PD	0	39.0	BKM120 + LDE225	PDAC	PD	49.0	49
X-2997	BUPARLISIB + SONIDEGIB	17.05000000000001	SD	0	27.400000000000006	BKM120 + LDE225	PDAC	SD-->PD	69.0	69
X-3028	BUPARLISIB + SONIDEGIB	-20.325000000000003	SD	0	-38.2	BKM120 + LDE225	PDAC	SD	25.0	25
X-3038	BUPARLISIB + SONIDEGIB	22.69999999999999	SD	0	10.099999999999994	BKM120 + LDE225	PDAC	SD	65.35063291139241	95
X-3052	BUPARLISIB + SONIDEGIB	-5.125	SD	0	12.099999999999994	BKM120 + LDE225	PDAC	SD-->PD	29.232727272727274	107
X-3209	BUPARLISIB + SONIDEGIB	-17.273333333333326	SD	0	-45.7	BKM120 + LDE225	PDAC	SD-->PD	81.0	81
X-3268	BUPARLISIB + SONIDEGIB	40.349999999999994	PD	0	44.80000000000001	BKM120 + LDE225	PDAC	PD	22.908319185059423	84
X-3800	BUPARLISIB + SONIDEGIB	-46.627272727272725	PR	1	-79.1	BKM120 + LDE225	PDAC	PR	33.0	33
X-3846	BUPARLISIB + SONIDEGIB	-1.9294117647058755	SD	0	-48.1	BKM120 + LDE225	PDAC	SD-->-->PD	132.0	132
X-3898	BUPARLISIB + SONIDEGIB	-24.24516129032257	PR	1	-64.9	BKM120 + LDE225	PDAC	PR	113.0	113
X-3947	BUPARLISIB + SONIDEGIB	30.94999999999999	PD	0	162.7	BKM120 + LDE225	PDAC	PD	16.941860465116278	42
X-3990	BUPARLISIB + SONIDEGIB	-7.579999999999998	SD	0	-29.799999999999997	BKM120 + LDE225	PDAC	SD	49.0	49
X-4015	BUPARLISIB + SONIDEGIB	32.78	PD	0	73.30000000000001	BKM120 + LDE225	PDAC	PD	29.805194805194805	71
X-4018	BUPARLISIB + SONIDEGIB	13.424999999999997	PD	0	85.0	BKM120 + LDE225	PDAC	PD	21.65645514223195	67
X-4145	BUPARLISIB + SONIDEGIB	22.679999999999993	PD	0	50.900000000000006	BKM120 + LDE225	CRC	PD	31.553398058252426	71
X-4215	BUPARLISIB + SONIDEGIB	117.32	PD	0	147.2	BKM120 + LDE225	PDAC	PD	3.532147742818058	16
X-4226	BUPARLISIB + SONIDEGIB	-17.64	SD	0	-30.700000000000003	BKM120 + LDE225	PDAC	SD-->PD	81.0	81
X-4316	BUPARLISIB + SONIDEGIB	-9.933333333333337	SD	0	-20.200000000000003	BKM120 + LDE225	PDAC	SD-->PD	53.0	53
X-4377	BUPARLISIB + SONIDEGIB	-21.47999999999999	SD	0	-46.3	BKM120 + LDE225	PDAC	SD	29.0	29
X-4378	BUPARLISIB + SONIDEGIB	-46.88	PR	1	-66.3	BKM120 + LDE225	PDAC	PR-->PD	84.0	84
X-4439	BUPARLISIB + SONIDEGIB	-28.400000000000006	PR	1	-50.7	BKM120 + LDE225	PDAC	PR	43.0	43
X-4649	BUPARLISIB + SONIDEGIB	31.75	PD	0	-6.0	BKM120 + LDE225	PDAC	PD	13.224137931034482	94
X-4676	BUPARLISIB + SONIDEGIB	-38.74666666666667	PR	1	-51.5	BKM120 + LDE225	PDAC	PR-->PD	93.0	93
X-4927	BUPARLISIB + SONIDEGIB	13.450000000000003	SD	0	19.700000000000003	BKM120 + LDE225	PDAC	SD-->PD	35.64273504273504	55
X-5205	BUPARLISIB + SONIDEGIB	-43.76	PR	1	-77.3	BKM120 + LDE225	PDAC	PR-->PD	86.0	86
X-007	CAPMATINIB	202.0	PD	0	474.6	INC280	GC	PD	3.0	13
X-010	CAPMATINIB	62.06	PD	0	307.9	INC280	GC	PD	11.508615188257817	21
X-011	CAPMATINIB	34.224999999999994	PD	0	114.69999999999999	INC280	GC	PD	18.681614349775785	30
X-015	CAPMATINIB	97.75	PD	0	317.4	INC280	GC	PD	6.130489335006274	31
X-017	CAPMATINIB	8.049999999999997	PD	0	50.69999999999999	INC280	GC	PD	34.369620253164555	75
X-020	CAPMATINIB	34.70000000000002	PD	0	23.0	INC280	GC	PD	85.58558558558559	86
X-025	CAPMATINIB	32.25999999999999	PD	0	61.400000000000006	INC280	GC	PD	34.913907284768214	51
X-028	CAPMATINIB	54.599999999999994	PD	0	226.89999999999998	INC280	GC	PD	12.090634441087612	28
X-029	CAPMATINIB	137.725	PD	0	307.4	INC280	GC	PD	5.777408637873755	12
X-031	CAPMATINIB	10.174999999999997	PD	0	68.4	INC280	GC	PD	38.08428246013668	62
X-034	CAPMATINIB	20.97999999999999	PD	0	73.9	INC280	GC	PD	25.73566878980892	29
X-037	CAPMATINIB	28.39473684210526	SD	0	-78.8	INC280	GC	SD	23.390243902439025	73
X-038	CAPMATINIB	20.179999999999993	PD	0	102.9	INC280	GC	PD	19.369565217391305	52
X-056	CAPMATINIB	-0.29999999999999716	PD	0	141.5	INC280	GC	PD	18.152219873150106	49
X-057	CAPMATINIB	68.97999999999999	PD	0	325.2	INC280	GC	PD	10.788282290279628	42
X-064	CAPMATINIB	2.1400000000000006	SD	0	14.200000000000003	INC280	GC	SD-->PD	15.0	15
X-065	CAPMATINIB	23.099999999999994	PD	0	66.1	INC280	GC	PD	17.391608391608393	41
X-067	CAPMATINIB	4.049999999999997	SD	0	7.0	INC280	GC	SD	19.0	19
X-075	CAPMATINIB	42.599999999999994	PD	0	119.9	INC280	GC	PD	18.233727810650887	30
X-077	CAPMATINIB	32.224999999999994	PD	0	202.8	INC280	GC	PD	12.805309734513274	29
X-084	CAPMATINIB	39.55000000000001	PD	0	150.4	INC280	GC	PD	13.794871794871796	40
X-090	CAPMATINIB	-5.0	PD	0	50.099999999999994	INC280	GC	PD	32.0	32
X-091	CAPMATINIB	37.17500000000001	PD	0	297.8	INC280	GC	PD	13.240944881889764	27
X-096	CAPMATINIB	119.68	PD	0	293.2	INC280	GC	PD	5.881118881118882	17
X-097	CAPMATINIB	87.82500000000002	PD	0	357.2	INC280	GC	PD	8.22920517560074	27
X-098	CAPMATINIB	62.05000000000001	PD	0	341.3	INC280	GC	PD	9.042682926829269	36
X-099	CAPMATINIB	49.44999999999999	PD	0	83.69999999999999	INC280	GC	PD	25.0375	38
X-102	CAPMATINIB	17.799999999999997	PD	0	91.69999999999999	INC280	GC	PD	18.694444444444446	41
X-114	CAPMATINIB	36.599999999999994	PD	0	129.6	INC280	GC	PD	14.717647058823529	41
X-1156	CAPMATINIB	86.69999999999999	PD	0	396.8	INC280	NSCLC	PD	7.180000000000007	24
X-1172	CAPMATINIB	50.859999999999985	PD	0	234.39999999999998	INC280	NSCLC	PD	8.523066485753052	14
X-118	CAPMATINIB	66.55000000000001	PD	0	535.9	INC280	GC	PD	9.153846153846153	22
X-1189	CAPMATINIB	81.64999999999998	PD	0	290.4	INC280	NSCLC	PD	7.1504245855236555	11
X-119	CAPMATINIB	29.900000000000006	PD	0	104.4	INC280	GC	PD	16.72941176470588	25
X-1228	CAPMATINIB	-12.325000000000003	PD	0	91.9	INC280	NSCLC	PD	20.2682119205298	28
X-127	CAPMATINIB	28.5	PD	0	152.0	INC280	GC	PD	16.31205673758865	33
X-128	CAPMATINIB	50.81999999999999	PD	0	184.5	INC280	GC	PD	11.975193798449613	33
X-129	CAPMATINIB	14.099999999999994	PD	0	120.80000000000001	INC280	GC	PD	19.049999999999997	32
X-131	CAPMATINIB	139.7	PD	0	293.7	INC280	GC	PD	4.917748917748918	13
X-1323	CAPMATINIB	61.95999999999998	PD	0	445.0	INC280	NSCLC	PD	9.897852960312298	22
X-138	CAPMATINIB	44.67500000000001	PD	0	226.0	INC280	GC	PD	12.609037328094303	32
X-1442	CAPMATINIB	35.22	PD	0	72.1	INC280	NSCLC	PD	9.726277372262775	97
X-1499	CAPMATINIB	108.5	PD	0	229.60000000000002	INC280	NSCLC	PD	4.1226626776365	8
X-154	CAPMATINIB	-73.1375	CR	1	-95.5	INC280	GC	CR-->PD	88.0	88
X-158	CAPMATINIB	35.44999999999999	PD	0	163.0	INC280	GC	PD	18.588785046728972	32
X-1586	CAPMATINIB	-24.659999999999997	PD	0	42.80000000000001	INC280	NSCLC	PD	30.7012987012987	51
X-160	CAPMATINIB	5.6200000000000045	PD	0	95.1	INC280	GC	PD	24.43362831858407	49
X-161	CAPMATINIB	-13.840000000000003	SD	0	8.700000000000003	INC280	GC	SD-->PD	38.19939577039275	54
X-165	CAPMATINIB	-11.400000000000006	SD	0	-15.900000000000006	INC280	GC	SD-->PD	58.21671826625387	69
X-1658	CAPMATINIB	38.18000000000001	PD	0	216.8	INC280	NSCLC	PD	13.686210640608035	28
X-166	CAPMATINIB	71.4	PD	0	166.60000000000002	INC280	GC	PD	6.72929542645241	31
X-1683	CAPMATINIB	-43.5	PR	1	-51.3	INC280	NSCLC	PR-->PD	63.289592760180994	111
X-171	CAPMATINIB	-75.0	CR	1	-100.0	INC280	GC	CR	126.0	126
X-1725	CAPMATINIB	44.140000000000015	PD	0	95.80000000000001	INC280	NSCLC	PD	21.371681415929203	36
X-1787	CAPMATINIB	-15.900000000000006	SD	0	14.799999999999997	INC280	NSCLC	SD-->PD	26.059842519685038	39
X-1823	CAPMATINIB	134.54000000000002	PD	0	417.1	INC280	NSCLC	PD	5.118508655126498	15
X-1834	CAPMATINIB	20.549999999999997	SD	0	23.799999999999997	INC280	NSCLC	SD-->PD	27.336927223719677	68
X-1835	CAPMATINIB	59.880000000000024	PD	0	153.9	INC280	NSCLC	PD	9.093283582089551	36
X-1869	CAPMATINIB	152.32	PD	0	120.80000000000001	INC280	NSCLC	PD	4.017385005432814	14
X-1934	CAPMATINIB	98.625	PD	0	307.1	INC280	NSCLC	PD	4.3242894056847545	7
X-1980	CAPMATINIB	93.12	PD	0	283.5	INC280	NSCLC	PD	6.98235294117647	28
X-1993	CAPMATINIB	69.44999999999999	PD	0	111.19999999999999	INC280	NSCLC	PD	9.440000000000001	12
X-2017	CAPMATINIB	43.04000000000002	PD	0	235.60000000000002	INC280	NSCLC	PD	14.877076411960134	29
X-2042	CAPMATINIB	14.833333333333329	SD	0	30.69999999999999	INC280	NSCLC	SD-->PD	69.74438202247191	111
X-2082	CAPMATINIB	47.94999999999999	PD	0	113.30000000000001	INC280	NSCLC	PD	13.443181818181817	37
X-2088	CAPMATINIB	109.63333333333335	PD	0	195.60000000000002	INC280	NSCLC	PD	7.0	11
X-2094	CAPMATINIB	187.08000000000004	PD	0	711.9	INC280	NSCLC	PD	4.0	17
X-3029	CAPMATINIB	-38.260000000000005	PR	1	-55.6	INC280	NSCLC	PR-->PD	85.29411764705883	96
X-3237	CAPMATINIB	88.4	PD	0	282.4	INC280	NSCLC	PD	10.070910556003223	16
X-3843	CAPMATINIB	65.80000000000001	PD	0	205.7	INC280	NSCLC	PD	10.765100671140939	20
X-4819	CAPMATINIB	226.95999999999998	PD	0	601.0	INC280	NSCLC	PD	3.9555555555555557	11
X-007	CAPMATINIB + TRASTUZUMAB	142.35999999999999	PD	0	176.0	INC280 + trastuzumab	GC	PD	3.0	30
X-010	CAPMATINIB + TRASTUZUMAB	10.900000000000006	PD	0	213.7	INC280 + trastuzumab	GC	PD	19.66568914956012	31
X-011	CAPMATINIB + TRASTUZUMAB	34.474999999999994	PD	0	38.80000000000001	INC280 + trastuzumab	GC	PD	28.71639344262295	30
X-015	CAPMATINIB + TRASTUZUMAB	71.80000000000001	PD	0	388.8	INC280 + trastuzumab	GC	PD	8.876221498371336	31
X-017	CAPMATINIB + TRASTUZUMAB	74.75	PD	0	110.9	INC280 + trastuzumab	GC	PD	10.772466539196941	32
X-020	CAPMATINIB + TRASTUZUMAB	26.875	PD	0	124.69999999999999	INC280 + trastuzumab	GC	PD	19.823788546255507	49
X-025	CAPMATINIB + TRASTUZUMAB	11.640000000000015	SD	0	13.900000000000006	INC280 + trastuzumab	GC	SD-->PD	64.75	84
X-028	CAPMATINIB + TRASTUZUMAB	54.92500000000001	PD	0	160.60000000000002	INC280 + trastuzumab	GC	PD	12.217905405405405	30
X-029	CAPMATINIB + TRASTUZUMAB	168.27499999999998	PD	0	312.1	INC280 + trastuzumab	GC	PD	5.0	12
X-031	CAPMATINIB + TRASTUZUMAB	109.71999999999997	PD	0	266.8	INC280 + trastuzumab	GC	PD	6.368421052631579	14
X-034	CAPMATINIB + TRASTUZUMAB	14.059999999999988	SD	0	13.700000000000003	INC280 + trastuzumab	GC	SD-->PD	35.0	35
X-035	CAPMATINIB + TRASTUZUMAB	-76.96521739130435	CR	1	-100.0	INC280 + trastuzumab	GC	CR	97.0	97
X-037	CAPMATINIB + TRASTUZUMAB	86.47999999999999	PD	0	328.5	INC280 + trastuzumab	GC	PD	6.339731285988484	23
X-038	CAPMATINIB + TRASTUZUMAB	44.859999999999985	PD	0	180.89999999999998	INC280 + trastuzumab	GC	PD	12.763636363636364	45
X-056	CAPMATINIB + TRASTUZUMAB	16.325000000000003	PD	0	60.599999999999994	INC280 + trastuzumab	GC	PD	41.84057971014493	60
X-057	CAPMATINIB + TRASTUZUMAB	60.44	PD	0	316.2	INC280 + trastuzumab	GC	PD	11.575384615384616	24
X-064	CAPMATINIB + TRASTUZUMAB	-45.4	PR	1	-76.0	INC280 + trastuzumab	GC	PR-->PD	36.0	36
X-065	CAPMATINIB + TRASTUZUMAB	20.150000000000006	PD	0	79.4	INC280 + trastuzumab	GC	PD	23.46706586826347	42
X-067	CAPMATINIB + TRASTUZUMAB	44.0	PD	0	216.89999999999998	INC280 + trastuzumab	GC	PD	12.991101223581758	34
X-075	CAPMATINIB + TRASTUZUMAB	52.880000000000024	PD	0	108.1	INC280 + trastuzumab	GC	PD	15.132258064516128	27
X-077	CAPMATINIB + TRASTUZUMAB	8.025000000000006	PD	0	108.69999999999999	INC280 + trastuzumab	GC	PD	21.723591549295776	45
X-084	CAPMATINIB + TRASTUZUMAB	35.875	PD	0	132.5	INC280 + trastuzumab	GC	PD	15.95737704918033	33
X-090	CAPMATINIB + TRASTUZUMAB	-82.66428571428571	CR	1	-100.0	INC280 + trastuzumab	GC	CR-->-->PD	158.12	177
X-091	CAPMATINIB + TRASTUZUMAB	4.640000000000015	SD	0	16.799999999999997	INC280 + trastuzumab	GC	SD-->PD	49.87234042553192	69
X-096	CAPMATINIB + TRASTUZUMAB	25.66666666666667	SD	0	16.400000000000006	INC280 + trastuzumab	GC	SD	28.0	28
X-097	CAPMATINIB + TRASTUZUMAB	58.32499999999999	PD	0	210.0	INC280 + trastuzumab	GC	PD	10.008528784648188	33
X-098	CAPMATINIB + TRASTUZUMAB	61.06666666666669	PD	0	256.5	INC280 + trastuzumab	GC	PD	12.067567567567567	37
X-099	CAPMATINIB + TRASTUZUMAB	-46.48461538461538	PR	1	-77.4	INC280 + trastuzumab	GC	PR-->PD	60.0	60
X-102	CAPMATINIB + TRASTUZUMAB	30.92500000000001	PD	0	76.6	INC280 + trastuzumab	GC	PD	22.653710247349824	32
X-114	CAPMATINIB + TRASTUZUMAB	-1.3419354838709694	SD	0	-53.9	INC280 + trastuzumab	GC	SD-->PD	138.0	138
X-118	CAPMATINIB + TRASTUZUMAB	69.225	PD	0	305.1	INC280 + trastuzumab	GC	PD	9.645208485735186	26
X-119	CAPMATINIB + TRASTUZUMAB	102.44	PD	0	265.5	INC280 + trastuzumab	GC	PD	6.296446700507615	31
X-127	CAPMATINIB + TRASTUZUMAB	54.30000000000001	PD	0	164.10000000000002	INC280 + trastuzumab	GC	PD	12.280219780219781	33
X-128	CAPMATINIB + TRASTUZUMAB	32.120000000000005	PD	0	46.19999999999999	INC280 + trastuzumab	GC	PD	29.622673434856175	33
X-129	CAPMATINIB + TRASTUZUMAB	18.549999999999997	PD	0	86.0	INC280 + trastuzumab	GC	PD	20.525657071339175	30
X-131	CAPMATINIB + TRASTUZUMAB	16.040000000000006	PD	0	119.69999999999999	INC280 + trastuzumab	GC	PD	18.49904761904762	30
X-138	CAPMATINIB + TRASTUZUMAB	2.5250000000000057	PD	0	46.599999999999994	INC280 + trastuzumab	GC	PD	27.06315789473684	30
X-154	CAPMATINIB + TRASTUZUMAB	-78.88333333333334	CR	1	-100.0	INC280 + trastuzumab	GC	CR	23.0	23
X-158	CAPMATINIB + TRASTUZUMAB	-31.434375000000003	PR	1	-75.7	INC280 + trastuzumab	GC	PR-->-->PD	133.0	133
X-160	CAPMATINIB + TRASTUZUMAB	-10.350000000000009	SD	0	-23.5	INC280 + trastuzumab	GC	SD-->PD	76.95518207282913	80
X-161	CAPMATINIB + TRASTUZUMAB	59.859999999999985	PD	0	246.60000000000002	INC280 + trastuzumab	GC	PD	11.170068027210883	28
X-165	CAPMATINIB + TRASTUZUMAB	-6.066666666666663	SD	0	-18.0	INC280 + trastuzumab	GC	SD	5.0	5
X-166	CAPMATINIB + TRASTUZUMAB	8.924999999999997	PD	0	93.0	INC280 + trastuzumab	GC	PD	19.857142857142858	31
X-1655	CERITINIB	68.225	PD	0	260.4	LDK378	CM	PD	8.790794979079498	30
X-1906	CERITINIB	36.94999999999999	PD	0	184.89999999999998	LDK378	CM	PD	13.3782722513089	21
X-2163	CERITINIB	-12.700000000000003	SD	0	-24.5	LDK378	CM	SD-->PD	62.0	62
X-2306	CERITINIB	23.040000000000006	PD	0	76.80000000000001	LDK378	CM	PD	27.8955223880597	29
X-2602	CERITINIB	39.620000000000005	PD	0	152.3	LDK378	CM	PD	15.749633967789165	33
X-2613	CERITINIB	69.96666666666667	PD	0	271.8	LDK378	CM	PD	8.253240279162512	22
X-2700	CERITINIB	43.650000000000006	PD	0	99.1	LDK378	CM	PD	13.501510574018127	28
X-2723	CERITINIB	12.125	PD	0	112.5	LDK378	CM	PD	21.09090909090909	25
X-2753	CERITINIB	41.025000000000006	PD	0	343.1	LDK378	CM	PD	10.725352112676056	25
X-2838	CERITINIB	-13.699999999999989	SD	0	-26.299999999999997	LDK378	CM	SD-->PD	59.229551451187334	60
X-2921	CERITINIB	167.675	PD	0	712.2	LDK378	CM	PD	4.014955134596212	21
X-2992	CERITINIB	179.93999999999994	PD	0	574.0	LDK378	CM	PD	3.959745762711864	17
X-3127	CERITINIB	20.950000000000003	PD	0	91.1	LDK378	CM	PD	23.47840531561462	43
X-3211	CERITINIB	13.050000000000011	PD	0	42.0	LDK378	CM	PD	37.76190476190476	42
X-3483	CERITINIB	154.98000000000002	PD	0	367.1	LDK378	CM	PD	5.724727838258165	13
X-3486	CERITINIB	74.68	PD	0	334.8	LDK378	CM	PD	6.93661971830986	21
X-3503	CERITINIB	33.45999999999998	PD	0	129.2	LDK378	CM	PD	16.054054054054056	25
X-3676	CERITINIB	152.5	PD	0	351.8	LDK378	CM	PD	3.3860759493670884	9
X-3746	CERITINIB	80.66666666666666	PD	0	425.5	LDK378	CM	PD	9.196428571428571	22
X-3773	CERITINIB	16.39999999999999	SD	0	14.700000000000003	LDK378	CM	SD	13.0	13
X-3851	CERITINIB	33.900000000000006	PD	0	63.900000000000006	LDK378	CM	PD	27.59791122715405	28
X-3880	CERITINIB	89.88	PD	0	212.60000000000002	LDK378	CM	PD	7.7341977309562395	21
X-4157	CERITINIB	22.049999999999997	PD	0	65.4	LDK378	CM	PD	28.0	28
X-4339	CERITINIB	8.150000000000006	SD	0	16.299999999999997	LDK378	CM	SD-->PD	44.0	44
X-4426	CERITINIB	28.5	PD	0	222.5	LDK378	CM	PD	14.181034482758621	20
X-4455	CERITINIB	104.07499999999999	PD	0	447.6	LDK378	CM	PD	6.389458272327965	18
X-4530	CERITINIB	44.474999999999994	PD	0	238.7	LDK378	CM	PD	13.024186046511627	21
X-4538	CERITINIB	76.52000000000001	PD	0	352.1	LDK378	CM	PD	10.855614973262032	21
X-4644	CERITINIB	88.80000000000001	PD	0	476.79999999999995	LDK378	CM	PD	7.922535211267606	20
X-4668	CERITINIB	96.975	PD	0	514.8	LDK378	CM	PD	6.968253968253968	18
X-4832	CERITINIB	59.96666666666667	PD	0	128.6	LDK378	CM	PD	4.890038809831824	6
X-4849	CERITINIB	83.94	PD	0	347.6	LDK378	CM	PD	6.600425079702443	24
X-5189	CERITINIB	23.650000000000006	PD	0	156.2	LDK378	CM	PD	16.023255813953487	21
X-0933	CETUXIMAB	-1.7999999999999972	SD	0	10.0	cetuximab	CRC	SD-->PD	36.0	36
X-1027	CETUXIMAB	83.125	PD	0	499.1	cetuximab	CRC	PD	7.390018484288355	24
X-1055	CETUXIMAB	-41.207142857142856	PR	1	-67.5	cetuximab	CRC	PR	103.0	103
X-1119	CETUXIMAB	60.920000000000016	PD	0	241.8	cetuximab	CRC	PD	10.36156351791531	31
X-1156	CETUXIMAB	125.80000000000001	PD	0	674.5	cetuximab	NSCLC	PD	6.983031674208145	24
X-1167	CETUXIMAB	96.88	PD	0	393.6	cetuximab	CRC	PD	6.698630136986302	27
X-1172	CETUXIMAB	79.375	PD	0	293.3	cetuximab	NSCLC	PD	5.593830334190232	20
X-1173	CETUXIMAB	94.275	PD	0	655.7	cetuximab	CRC	PD	6.1536697247706424	19
X-1189	CETUXIMAB	38.875	PD	0	306.4	cetuximab	NSCLC	PD	10.16734693877551	22
X-1228	CETUXIMAB	-48.75	PR	1	-63.0	cetuximab	NSCLC	PR-->PD	113.8444976076555	128
X-1270	CETUXIMAB	36.72	PD	0	114.4	cetuximab	CRC	PD	18.310850439882696	38
X-1290	CETUXIMAB	-19.14	SD	0	-32.3	cetuximab	CRC	SD	76.0	76
X-1303	CETUXIMAB	-50.872	PR	1	-90.2	cetuximab	CRC	PR	92.0	92
X-1323	CETUXIMAB	11.28	PD	0	234.8	cetuximab	NSCLC	PD	15.641509433962264	22
X-1329	CETUXIMAB	88.975	PD	0	426.9	cetuximab	CRC	PD	6.640366972477064	25
X-1441	CETUXIMAB	-14.066666666666663	SD	0	-32.7	cetuximab	CRC	SD-->PD	48.70170454545455	86
X-1442	CETUXIMAB	145.1	PD	0	705.9	cetuximab	NSCLC	PD	7.0	21
X-1443	CETUXIMAB	-81.39444444444445	CR	1	-100.0	cetuximab	CRC	CR	83.0	83
X-1479	CETUXIMAB	18.150000000000006	SD	0	32.30000000000001	cetuximab	CRC	SD	43.2	46
X-1499	CETUXIMAB	209.71999999999997	PD	0	653.1	cetuximab	NSCLC	PD	4.965734896302976	15
X-1500	CETUXIMAB	-54.21666666666667	PR	1	-93.0	cetuximab	CRC	PR	123.0	123
X-1536	CETUXIMAB	24.375	PD	0	118.9	cetuximab	CRC	PD	19.75889328063241	42
X-1538	CETUXIMAB	20.58	PD	0	71.1	cetuximab	CRC	PD	17.0	17
X-1586	CETUXIMAB	19.28	PD	0	48.80000000000001	cetuximab	NSCLC	PD	16.139705882352942	31
X-1658	CETUXIMAB	47.5	PD	0	328.6	cetuximab	NSCLC	PD	11.20738137082601	21
X-1683	CETUXIMAB	-32.06	SD	0	-38.2	cetuximab	NSCLC	SD-->PD	110.43071786310517	128
X-1725	CETUXIMAB	20.940000000000012	PD	0	111.30000000000001	cetuximab	NSCLC	PD	20.052410901467503	36
X-1787	CETUXIMAB	200.3	PD	0	529.0	cetuximab	NSCLC	PD	5.210714285714285	12
X-1823	CETUXIMAB	39.660000000000025	PD	0	266.3	cetuximab	NSCLC	PD	12.768484848484848	29
X-1834	CETUXIMAB	47.025000000000006	PD	0	57.80000000000001	cetuximab	NSCLC	PD	24.704545454545453	69
X-1835	CETUXIMAB	20.02499999999999	PD	0	72.19999999999999	cetuximab	NSCLC	PD	26.05014749262537	42
X-1855	CETUXIMAB	1.7600000000000051	SD	0	0.0	cetuximab	CRC	SD-->PD	33.17363344051447	57
X-1869	CETUXIMAB	305.82500000000005	PD	0	655.1	cetuximab	NSCLC	PD	4.0	11
X-1870	CETUXIMAB	17.340000000000003	PD	0	60.80000000000001	cetuximab	NSCLC	PD	34.50729927007299	95
X-1934	CETUXIMAB	180.075	PD	0	479.9	cetuximab	NSCLC	PD	3.644067796610169	11
X-1980	CETUXIMAB	20.771428571428572	SD	0	-12.700000000000003	cetuximab	NSCLC	SD	42.37899543378995	50
X-1993	CETUXIMAB	15.575000000000003	PD	0	47.19999999999999	cetuximab	NSCLC	PD	38.654450261780106	53
X-2017	CETUXIMAB	74.32499999999999	PD	0	249.7	cetuximab	NSCLC	PD	7.281081081081081	26
X-2042	CETUXIMAB	65.85	PD	0	192.7	cetuximab	NSCLC	PD	12.268493150684932	42
X-2082	CETUXIMAB	28.17500000000001	PD	0	69.1	cetuximab	NSCLC	PD	25.517543859649123	47
X-2088	CETUXIMAB	473.5333333333333	PD	0	1075.6	cetuximab	NSCLC	PD	7.0	11
X-2094	CETUXIMAB	88.12	PD	0	231.60000000000002	cetuximab	NSCLC	PD	7.034722222222222	31
X-2145	CETUXIMAB	79.375	PD	0	292.9	cetuximab	CRC	PD	7.916764361078545	36
X-2182	CETUXIMAB	81.68	PD	0	291.2	cetuximab	CRC	PD	7.9971305595408895	27
X-2239	CETUXIMAB	27.55000000000001	PD	0	194.2	cetuximab	CRC	PD	17.330134357005758	28
X-2374	CETUXIMAB	14.059999999999988	SD	0	11.099999999999994	cetuximab	CRC	SD-->PD	65.45454545454545	91
X-2403	CETUXIMAB	18.233333333333334	PD	0	72.69999999999999	cetuximab	CRC	PD	24.710407239819006	54
X-2483	CETUXIMAB	30.80000000000001	PD	0	112.19999999999999	cetuximab	CRC	PD	19.25089605734767	45
X-2484	CETUXIMAB	11.97999999999999	PD	0	83.6	cetuximab	CRC	PD	25.19066147859922	29
X-2538	CETUXIMAB	29.55000000000001	PD	0	110.9	cetuximab	CRC	PD	19.04191616766467	39
X-2573	CETUXIMAB	25.849999999999994	SD	0	29.30000000000001	cetuximab	CRC	SD	28.0	28
X-2659	CETUXIMAB	101.65	PD	0	459.20000000000005	cetuximab	CRC	PD	6.821522309711286	22
X-2822	CETUXIMAB	32.17500000000001	PD	0	77.0	cetuximab	CRC	PD	30.52542372881356	63
X-2846	CETUXIMAB	-26.813636363636363	SD	0	-45.0	cetuximab	CRC	SD	105.0	105
X-2861	CETUXIMAB	122.4666666666667	PD	0	522.5	cetuximab	CRC	PD	6.48604427333975	20
X-3029	CETUXIMAB	-57.0375	PR	1	-93.1	cetuximab	NSCLC	PR	67.0	67
X-3093	CETUXIMAB	39.224999999999994	PD	0	308.2	cetuximab	CRC	PD	13.842105263157896	32
X-3205	CETUXIMAB	121.77999999999997	PD	0	453.4	cetuximab	CRC	PD	3.0	22
X-3224	CETUXIMAB	23.150000000000006	PD	0	83.4	cetuximab	CRC	PD	21.452954048140043	24
X-3237	CETUXIMAB	26.840000000000003	PD	0	153.1	cetuximab	NSCLC	PD	18.307984790874524	30
X-3267	CETUXIMAB	4.219999999999999	SD	0	7.200000000000003	cetuximab	CRC	SD-->PD	89.0	89
X-3671	CETUXIMAB	-86.15	CR	1	-100.0	cetuximab	CRC	CR	108.0	108
X-3792	CETUXIMAB	31.0	PD	0	107.6	cetuximab	CRC	PD	13.167883211678832	14
X-3843	CETUXIMAB	107.32499999999999	PD	0	421.1	cetuximab	NSCLC	PD	6.779130434782608	20
X-4087	CETUXIMAB	104.63333333333333	PD	0	358.9	cetuximab	CRC	PD	9.0	21
X-4819	CETUXIMAB	105.96666666666667	PD	0	192.2	cetuximab	NSCLC	PD	3.0	5
X-5254	CETUXIMAB	3.0400000000000063	PD	0	146.7	cetuximab	CRC	PD	17.351606805293006	31
X-5405	CETUXIMAB	32.599999999999994	PD	0	88.69999999999999	cetuximab	CRC	PD	18.447115384615383	28
X-5438	CETUXIMAB	-13.275000000000006	SD	0	-16.099999999999994	cetuximab	CRC	SD-->PD	60.77279521674141	75
X-5446	CETUXIMAB	43.56	PD	0	149.6	cetuximab	CRC	PD	14.874251497005988	42
X-5495	CETUXIMAB	36.10000000000002	PD	0	14.799999999999997	cetuximab	CRC	PD	32.0	32
X-5578	CETUXIMAB	18.433333333333337	PD	0	52.900000000000006	cetuximab	CRC	PD	23.6685552407932	33
X-0933	CETUXIMAB + ENCORAFENIB	-16.25	SD	0	-37.6	cetuximab + encorafenib	CRC	SD-->PD	70.97765363128491	72
X-1027	CETUXIMAB + ENCORAFENIB	79.75999999999999	PD	0	491.6	cetuximab + encorafenib	CRC	PD	8.78095238095238	22
X-1055	CETUXIMAB + ENCORAFENIB	-18.36153846153846	SD	0	-38.0	cetuximab + encorafenib	CRC	SD-->PD	82.0	82
X-1119	CETUXIMAB + ENCORAFENIB	58.44	PD	0	199.39999999999998	cetuximab + encorafenib	CRC	PD	12.677514792899407	28
X-1167	CETUXIMAB + ENCORAFENIB	59.25	PD	0	82.69999999999999	cetuximab + encorafenib	CRC	PD	11.948275862068966	27
X-1173	CETUXIMAB + ENCORAFENIB	72.52000000000001	PD	0	239.8	cetuximab + encorafenib	CRC	PD	9.128865979381443	28
X-1270	CETUXIMAB + ENCORAFENIB	66.55000000000001	PD	0	174.3	cetuximab + encorafenib	CRC	PD	11.0	35
X-1290	CETUXIMAB + ENCORAFENIB	73.13333333333333	PD	0	428.6	cetuximab + encorafenib	CRC	PD	8.534772182254196	29
X-1303	CETUXIMAB + ENCORAFENIB	3.700000000000003	SD	0	28.900000000000006	cetuximab + encorafenib	CRC	SD-->PD	51.68421052631579	75
X-1329	CETUXIMAB + ENCORAFENIB	65.30000000000001	PD	0	200.8	cetuximab + encorafenib	CRC	PD	8.424999999999999	49
X-1441	CETUXIMAB + ENCORAFENIB	5.058333333333337	SD	0	-9.099999999999994	cetuximab + encorafenib	CRC	SD-->-->PD	81.0	81
X-1443	CETUXIMAB + ENCORAFENIB	-60.62352941176471	CR	1	-95.3	cetuximab + encorafenib	CRC	CR	105.0	105
X-1479	CETUXIMAB + ENCORAFENIB	45.57499999999999	PD	0	130.2	cetuximab + encorafenib	CRC	PD	18.41880341880342	39
X-1500	CETUXIMAB + ENCORAFENIB	-79.61304347826086	CR	1	-100.0	cetuximab + encorafenib	CRC	CR	123.0	123
X-1536	CETUXIMAB + ENCORAFENIB	20.200000000000003	PD	0	52.0	cetuximab + encorafenib	CRC	PD	28.417391304347827	43
X-1855	CETUXIMAB + ENCORAFENIB	4.459999999999994	PD	0	38.900000000000006	cetuximab + encorafenib	CRC	PD	77.20338983050847	87
X-2145	CETUXIMAB + ENCORAFENIB	-4.433333333333337	SD	0	-15.099999999999994	cetuximab + encorafenib	CRC	SD-->PD	55.67826086956522	60
X-2182	CETUXIMAB + ENCORAFENIB	98.4	PD	0	358.2	cetuximab + encorafenib	CRC	PD	7.551204819277108	21
X-2239	CETUXIMAB + ENCORAFENIB	-23.33076923076922	SD	0	-38.8	cetuximab + encorafenib	CRC	SD	43.0	43
X-2374	CETUXIMAB + ENCORAFENIB	22.22500000000001	PD	0	48.30000000000001	cetuximab + encorafenib	CRC	PD	26.02944062806673	44
X-2403	CETUXIMAB + ENCORAFENIB	24.633333333333326	SD	0	32.900000000000006	cetuximab + encorafenib	CRC	SD	12.0	12
X-2483	CETUXIMAB + ENCORAFENIB	14.650000000000006	PD	0	41.30000000000001	cetuximab + encorafenib	CRC	PD	50.432432432432435	68
X-2484	CETUXIMAB + ENCORAFENIB	35.73333333333335	PD	0	190.89999999999998	cetuximab + encorafenib	CRC	PD	14.464285714285714	32
X-2538	CETUXIMAB + ENCORAFENIB	19.650000000000006	PD	0	91.30000000000001	cetuximab + encorafenib	CRC	PD	21.41167192429022	28
X-2573	CETUXIMAB + ENCORAFENIB	7.150000000000006	SD	0	33.69999999999999	cetuximab + encorafenib	CRC	SD-->PD	36.285714285714285	53
X-2659	CETUXIMAB + ENCORAFENIB	46.650000000000006	PD	0	224.7	cetuximab + encorafenib	CRC	PD	10.104851330203442	23
X-2822	CETUXIMAB + ENCORAFENIB	9.150000000000006	PD	0	59.5	cetuximab + encorafenib	CRC	PD	28.056939501779357	63
X-2846	CETUXIMAB + ENCORAFENIB	-47.73181818181818	PR	1	-74.6	cetuximab + encorafenib	CRC	PR	88.0	88
X-2861	CETUXIMAB + ENCORAFENIB	186.5333333333333	PD	0	541.3	cetuximab + encorafenib	CRC	PD	6.0	14
X-3093	CETUXIMAB + ENCORAFENIB	135.77499999999998	PD	0	791.7	cetuximab + encorafenib	CRC	PD	5.014031805425631	21
X-3205	CETUXIMAB + ENCORAFENIB	87.65	PD	0	121.69999999999999	cetuximab + encorafenib	CRC	PD	5.0	27
X-3224	CETUXIMAB + ENCORAFENIB	14.575000000000003	SD	0	28.80000000000001	cetuximab + encorafenib	CRC	SD	26.0	26
X-3267	CETUXIMAB + ENCORAFENIB	7.540000000000006	SD	0	14.200000000000003	cetuximab + encorafenib	CRC	SD-->PD	44.05521472392638	80
X-3792	CETUXIMAB + ENCORAFENIB	23.80000000000001	PD	0	66.5	cetuximab + encorafenib	CRC	PD	32.62711864406779	39
X-4087	CETUXIMAB + ENCORAFENIB	153.0666666666667	PD	0	730.3	cetuximab + encorafenib	CRC	PD	9.0	21
X-5254	CETUXIMAB + ENCORAFENIB	40.660000000000025	PD	0	83.9	cetuximab + encorafenib	CRC	PD	25.153846153846153	55
X-5405	CETUXIMAB + ENCORAFENIB	82.9	PD	0	537.3	cetuximab + encorafenib	CRC	PD	7.802631578947368	21
X-5438	CETUXIMAB + ENCORAFENIB	-11.700000000000003	SD	0	-26.5	cetuximab + encorafenib	CRC	SD-->PD	92.0	92
X-5446	CETUXIMAB + ENCORAFENIB	91.9	PD	0	157.7	cetuximab + encorafenib	CRC	PD	7.429237947122862	35
X-5494	CETUXIMAB + ENCORAFENIB	-75.55652173913043	CR	1	-100.0	cetuximab + encorafenib	CRC	CR	90.0	90
X-5495	CETUXIMAB + ENCORAFENIB	95.82	PD	0	226.7	cetuximab + encorafenib	CRC	PD	8.379679144385026	17
X-5578	CETUXIMAB + ENCORAFENIB	-3.5	SD	0	-13.799999999999997	cetuximab + encorafenib	CRC	SD-->PD	55.0	55
X-0933	CGM097	52.07499999999999	PD	0	94.5	CGM097	CRC	PD	22.424382716049383	27
X-1004	CGM097	46.33333333333334	PD	0	355.1	CGM097	BRCA	PD	10.51553672316384	18
X-1008	CGM097	42.599999999999994	PD	0	205.10000000000002	CGM097	BRCA	PD	9.984806629834255	38
X-1027	CGM097	169.5	PD	0	348.2	CGM097	CRC	PD	3.6632478632478627	14
X-1055	CGM097	8.75	SD	0	2.200000000000003	CGM097	CRC	SD-->PD	35.0	35
X-1119	CGM097	33.16	PD	0	83.19999999999999	CGM097	CRC	PD	21.615384615384617	27
X-1156	CGM097	138.11999999999998	PD	0	1014.2	CGM097	NSCLC	PD	6.391361256544502	20
X-1167	CGM097	10.974999999999994	PD	0	113.80000000000001	CGM097	CRC	PD	19.935185185185183	29
X-1172	CGM097	56.04000000000002	PD	0	259.3	CGM097	NSCLC	PD	7.350223546944858	14
X-1173	CGM097	40.025000000000006	PD	0	315.2	CGM097	CRC	PD	11.137096774193548	24
X-1189	CGM097	-50.13235294117647	CR	1	-100.0	CGM097	NSCLC	CR-->PD	122.0	122
X-1228	CGM097	-10.700000000000003	PD	0	146.6	CGM097	NSCLC	PD	18.908196721311477	28
X-1270	CGM097	119.95999999999998	PD	0	573.0	CGM097	CRC	PD	6.747628083491461	21
X-1286	CGM097	42.05000000000001	PD	0	229.7	CGM097	BRCA	PD	13.27361963190184	35
X-1290	CGM097	251.175	PD	0	818.1	CGM097	CRC	PD	4.0	15
X-1298	CGM097	64.94999999999999	PD	0	380.3	CGM097	BRCA	PD	9.395017793594306	21
X-1303	CGM097	40.18000000000001	PD	0	102.80000000000001	CGM097	CRC	PD	19.888888888888886	24
X-1323	CGM097	20.900000000000006	PD	0	236.2	CGM097	NSCLC	PD	12.302571860816943	26
X-1329	CGM097	67.1	PD	0	269.5	CGM097	CRC	PD	10.133264462809917	29
X-1371	CGM097	3.140000000000015	PD	0	227.3	CGM097	BRCA	PD	16.664451827242523	27
X-1383	CGM097	18.94999999999999	PD	0	59.099999999999994	CGM097	BRCA	PD	27.655844155844157	60
X-1407	CGM097	105.66	PD	0	280.7	CGM097	BRCA	PD	7.077064220183487	17
X-1441	CGM097	23.879999999999995	PD	0	72.4	CGM097	CRC	PD	29.32802547770701	84
X-1442	CGM097	138.14999999999998	PD	0	261.9	CGM097	NSCLC	PD	7.0	13
X-1443	CGM097	28.26666666666668	PD	0	118.80000000000001	CGM097	CRC	PD	18.61561119293078	29
X-1468	CGM097	15.859999999999985	PD	0	185.89999999999998	CGM097		PD	16.727714748784443	35
X-1479	CGM097	27.099999999999994	PD	0	221.89999999999998	CGM097	CRC	PD	15.362116991643454	22
X-1499	CGM097	-82.49642857142857	CR	1	-100.0	CGM097	NSCLC	CR	100.0	100
X-1500	CGM097	98.23999999999998	PD	0	216.39999999999998	CGM097	CRC	PD	6.611171960569552	29
X-1586	CGM097	-8.875	SD	0	-11.5	CGM097	NSCLC	SD-->PD	54.91428571428571	60
X-1600	CGM097	76.9	PD	0	279.8	CGM097	BRCA	PD	8.439764111204719	14
X-1631	CGM097	53.30000000000001	PD	0	265.0	CGM097	BRCA	PD	11.489473684210527	27
X-1655	CGM097	164.60000000000002	PD	0	357.6	CGM097	CM	PD	2.805054151624549	30
X-1658	CGM097	45.400000000000006	PD	0	351.9	CGM097	NSCLC	PD	9.350597609561751	20
X-1683	CGM097	-53.5	PR	1	-76.2	CGM097	NSCLC	PR-->PD	134.0	134
X-1725	CGM097	21.924999999999997	SD	0	11.400000000000006	CGM097	NSCLC	SD-->PD	28.54597701149425	63
X-1787	CGM097	128.26	PD	0	471.9	CGM097	NSCLC	PD	6.294685990338165	17
X-1823	CGM097	125.58000000000001	PD	0	341.3	CGM097	NSCLC	PD	5.186700767263427	15
X-1828	CGM097	32.25999999999999	PD	0	107.80000000000001	CGM097	BRCA	PD	16.869127516778523	49
X-1832	CGM097	84.80000000000001	PD	0	605.8	CGM097	BRCA	PD	7.209541627689429	17
X-1834	CGM097	87.94999999999999	PD	0	227.10000000000002	CGM097	NSCLC	PD	3.0403587443946183	21
X-1835	CGM097	-2.424999999999997	PD	0	164.5	CGM097	NSCLC	PD	17.84360625574977	43
X-1855	CGM097	2.299999999999997	PD	0	45.69999999999999	CGM097	CRC	PD	30.76243093922652	77
X-1869	CGM097	199.90000000000003	PD	0	492.20000000000005	CGM097	NSCLC	PD	3.0	7
X-1870	CGM097	11.099999999999994	PD	0	45.19999999999999	CGM097	NSCLC	PD	30.427745664739884	71
X-1906	CGM097	76.74000000000001	PD	0	362.7	CGM097	CM	PD	10.100840336134453	21
X-1916	CGM097	42.74000000000001	PD	0	279.6	CGM097	BRCA	PD	12.742671009771986	21
X-1921	CGM097	46.05000000000001	PD	0	235.60000000000002	CGM097	BRCA	PD	11.659751037344398	38
X-1934	CGM097	111.62000000000003	PD	0	359.6	CGM097	NSCLC	PD	5.815854665565648	12
X-1980	CGM097	64.35	PD	0	51.5	CGM097	NSCLC	PD	9.274939172749392	27
X-1993	CGM097	111.01999999999998	PD	0	386.5	CGM097	NSCLC	PD	5.193727870510875	15
X-2017	CGM097	50.30000000000001	PD	0	130.1	CGM097	NSCLC	PD	12.666666666666666	35
X-2042	CGM097	19.775000000000006	PD	0	126.5	CGM097	NSCLC	PD	21.768463073852296	88
X-2082	CGM097	9.325000000000003	PD	0	99.5	CGM097	NSCLC	PD	20.50418410041841	47
X-2088	CGM097	148.725	PD	0	749.6	CGM097	NSCLC	PD	4.938381588715664	15
X-2094	CGM097	128.6	PD	0	367.1	CGM097	NSCLC	PD	4.707070707070707	24
X-2145	CGM097	-16.537499999999994	SD	0	-42.3	CGM097	CRC	SD-->PD	63.0	63
X-2163	CGM097	61.78	PD	0	120.9	CGM097	CM	PD	5.852878464818763	30
X-2182	CGM097	257.18	PD	0	655.0	CGM097	CRC	PD	3.9724950884086443	13
X-2195	CGM097	8.755555555555546	SD	0	-16.5	CGM097	BRCA	SD	37.0	37
X-2306	CGM097	-26.814285714285717	SD	0	-47.0	CGM097	CM	SD	22.0	22
X-2344	CGM097	132.3	PD	0	492.6	CGM097	BRCA	PD	4.8815533980582515	18
X-2353	CGM097	23.74000000000001	PD	0	94.30000000000001	CGM097	BRCA	PD	21.58361774744027	70
X-2403	CGM097	10.420000000000002	PD	0	49.19999999999999	CGM097	CRC	PD	28.0	28
X-2483	CGM097	12.724999999999994	PD	0	101.9	CGM097	CRC	PD	20.82831325301205	70
X-2484	CGM097	1.539999999999992	PD	0	56.0	CGM097	CRC	PD	40.208530805687204	45
X-2487	CGM097	66.94	PD	0	184.89999999999998	CGM097	BRCA	PD	10.331034482758621	34
X-2524	CGM097	68.5	PD	0	244.39999999999998	CGM097	BRCA	PD	9.262385321100917	27
X-2538	CGM097	12.950000000000003	PD	0	42.099999999999994	CGM097	CRC	PD	33.91570881226054	44
X-2573	CGM097	37.099999999999994	PD	0	235.5	CGM097	CRC	PD	16.620689655172413	28
X-2602	CGM097	48.859999999999985	PD	0	113.1	CGM097	CM	PD	16.313043478260866	35
X-2613	CGM097	-39.065	PR	1	-79.8	CGM097	CM	PR-->-->PD	109.90835579514825	111
X-2640	CGM097	0.8799999999999955	SD	0	-3.299999999999997	CGM097	BRCA	SD-->PD	34.52	70
X-2659	CGM097	59.66	PD	0	267.0	CGM097	CRC	PD	10.723618090452263	23
X-2700	CGM097	49.44	PD	0	117.80000000000001	CGM097	CM	PD	15.872670807453417	27
X-2723	CGM097	29.625	PD	0	119.4	CGM097	CM	PD	20.04096834264432	23
X-2753	CGM097	2.7166666666666544	SD	0	-33.0	CGM097	CM	SD	15.0	15
X-2780	CGM097	24.640000000000015	PD	0	57.30000000000001	CGM097	BRCA	PD	23.990654205607477	27
X-2822	CGM097	16.825000000000003	PD	0	108.1	CGM097	CRC	PD	21.216129032258067	49
X-2838	CGM097	1.3799999999999955	SD	0	7.599999999999994	CGM097	CM	SD-->PD	28.0	28
X-2846	CGM097	99.85	PD	0	268.5	CGM097	CRC	PD	5.716049382716049	46
X-2861	CGM097	64.92500000000001	PD	0	231.0	CGM097	CRC	PD	7.944256756756757	33
X-2921	CGM097	269.65	PD	0	655.8	CGM097	CM	PD	5.0	14
X-2992	CGM097	38.47999999999999	PD	0	233.0	CGM097	CM	PD	11.405228758169935	21
X-3029	CGM097	-57.231818181818184	PR	1	-81.4	CGM097	NSCLC	PR	90.0	90
X-3077	CGM097	1.2750000000000057	PD	0	63.0	CGM097	BRCA	PD	24.853470437017993	32
X-3078	CGM097	36.76000000000002	PD	0	64.6	CGM097	BRCA	PD	15.911764705882353	39
X-3093	CGM097	39.359999999999985	PD	0	180.3	CGM097	CRC	PD	14.330827067669173	27
X-3127	CGM097	20.599999999999994	SD	0	-10.400000000000006	CGM097	CM	SD-->PD	126.4168618266979	131
X-3201	CGM097	47.05000000000001	PD	0	191.39999999999998	CGM097	BRCA	PD	11.555735056542812	38
X-3205	CGM097	29.319999999999993	PD	0	74.69999999999999	CGM097	CRC	PD	26.665399239543728	28
X-3211	CGM097	2.049999999999997	SD	0	11.400000000000006	CGM097	CM	SD	18.0	18
X-3224	CGM097	48.5	PD	0	89.19999999999999	CGM097	CRC	PD	9.804208600182983	24
X-3237	CGM097	93.30000000000001	PD	0	356.7	CGM097	NSCLC	PD	6.865655471289275	14
X-3267	CGM097	14.040000000000006	PD	0	65.5	CGM097	CRC	PD	26.91549295774648	27
X-3298	CGM097	42.07499999999999	PD	0	177.89999999999998	CGM097	BRCA	PD	12.301775147928995	18
X-3450	CGM097	21.179999999999993	PD	0	82.4	CGM097	BRCA	PD	25.92207792207792	91
X-3468	CGM097	15.174999999999997	PD	0	128.2	CGM097	BRCA	PD	18.926470588235293	46
X-3483	CGM097	-79.1390243902439	CR	1	-100.0	CGM097	CM	CR	181.0	181
X-3486	CGM097	96.85999999999999	PD	0	180.39999999999998	CGM097	CM	PD	7.790868924889543	12
X-3503	CGM097	8.679999999999993	PD	0	71.0	CGM097	CM	PD	22.0	22
X-3676	CGM097	224.10000000000002	PD	0	593.7	CGM097	CM	PD	2.9578893962455606	9
X-3697	CGM097	7.780000000000001	PD	0	64.0	CGM097	BRCA	PD	24.352941176470587	41
X-3746	CGM097	41.849999999999994	PD	0	225.0	CGM097	CM	PD	11.205479452054796	22
X-3773	CGM097	-26.325000000000003	SD	0	-33.8	CGM097	CM	SD-->PD	40.21643286573146	43
X-3792	CGM097	-5.424999999999997	SD	0	26.400000000000006	CGM097	CRC	SD-->PD	40.033557046979865	41
X-3843	CGM097	40.25	PD	0	244.0	CGM097	NSCLC	PD	13.158227848101266	29
X-3851	CGM097	39.04000000000002	PD	0	269.7	CGM097	CM	PD	16.761682242990656	26
X-3873	CGM097	2.1500000000000057	SD	0	9.400000000000006	CGM097	BRCA	SD	14.0	14
X-3880	CGM097	71.32499999999999	PD	0	128.3	CGM097	CM	PD	10.486486486486488	24
X-4087	CGM097	29.53333333333333	PD	0	62.19999999999999	CGM097	CRC	PD	6.0	6
X-4157	CGM097	35.900000000000006	PD	0	90.19999999999999	CGM097	CM	PD	20.463722397476342	28
X-4339	CGM097	11.5	PD	0	50.0	CGM097	CM	PD	64.84322033898304	66
X-4347	CGM097	2.2249999999999943	PD	0	79.30000000000001	CGM097	BRCA	PD	25.63157894736842	67
X-4426	CGM097	56.38	PD	0	231.39999999999998	CGM097	CM	PD	11.544740973312402	20
X-4455	CGM097	34.05000000000001	PD	0	164.60000000000002	CGM097	CM	PD	11.920489296636086	23
X-4530	CGM097	30.599999999999994	PD	0	300.3	CGM097	CM	PD	14.451781059947871	22
X-4538	CGM097	39.640000000000015	PD	0	60.900000000000006	CGM097	CM	PD	27.624161073825505	38
X-4567	CGM097	-4.450000000000003	PD	0	62.30000000000001	CGM097	BRCA	PD	16.827751196172247	59
X-4644	CGM097	122.17500000000001	PD	0	460.4	CGM097	CM	PD	5.710860366713681	20
X-4668	CGM097	62.400000000000006	PD	0	222.0	CGM097	CM	PD	9.422018348623853	20
X-4819	CGM097	162.7	PD	0	290.6	CGM097	NSCLC	PD	3.0	5
X-4824	CGM097	25.875	PD	0	143.1	CGM097	BRCA	PD	14.549295774647888	34
X-4832	CGM097	2.3499999999999943	SD	0	-20.5	CGM097	CM	SD	14.0	14
X-4849	CGM097	8.299999999999997	PD	0	44.30000000000001	CGM097	CM	PD	24.0	24
X-4888	CGM097	36.525000000000006	PD	0	88.5	CGM097	BRCA	PD	21.585241730279897	70
X-4949	CGM097	75.94999999999999	PD	0	223.7	CGM097	BRCA	PD	8.694656488549619	27
X-5189	CGM097	10.349999999999994	PD	0	75.30000000000001	CGM097	CM	PD	24.33362910381544	35
X-5249	CGM097	83.125	PD	0	177.7	CGM097	BRCA	PD	8.417630057803468	27
X-5254	CGM097	56.07499999999999	PD	0	398.6	CGM097	CRC	PD	9.806941431670282	20
X-5355	CGM097	79.125	PD	0	339.2	CGM097	BRCA	PD	8.057831325301205	21
X-5405	CGM097	28.400000000000006	PD	0	88.1	CGM097	CRC	PD	22.46311475409836	24
X-5438	CGM097	-5.325000000000003	SD	0	-9.299999999999997	CGM097	CRC	SD-->PD	105.0	105
X-5446	CGM097	91.43333333333331	PD	0	375.3	CGM097	CRC	PD	8.0	25
X-5494	CGM097	54.866666666666674	PD	0	136.7	CGM097	CRC	PD	9.923913043478262	36
X-5495	CGM097	29.180000000000007	PD	0	55.099999999999994	CGM097	CRC	PD	29.114243323442135	32
X-5502	CGM097	19.140000000000015	PD	0	137.0	CGM097	BRCA	PD	16.88950276243094	28
X-5578	CGM097	61.29999999999998	PD	0	216.5	CGM097	CRC	PD	12.601869158878506	43
X-5975	CGM097	39.30000000000001	PD	0	271.0	CGM097	BRCA	PD	11.00437636761488	19
X-6047	CGM097	145.39999999999998	PD	0	453.9	CGM097	BRCA	PD	4.0	14
X-0933	CKX620	-28.97619047619048	SD	0	-45.0	CKX620	CRC	SD	98.0	98
X-1027	CKX620	32.95999999999998	PD	0	95.80000000000001	CKX620	CRC	PD	24.0	24
X-1055	CKX620	-21.674999999999997	SD	0	-47.3	CKX620	CRC	SD	31.0	31
X-1119	CKX620	22.700000000000003	PD	0	35.0	CKX620	CRC	PD	56.0	56
X-1156	CKX620	130.64000000000001	PD	0	765.2	CKX620	NSCLC	PD	6.235382308845578	20
X-1167	CKX620	-5.239999999999995	SD	0	-6.0	CKX620	CRC	SD-->PD	43.0	43
X-1172	CKX620	11.120000000000005	SD	0	-30.200000000000003	CKX620	NSCLC	SD-->PD	40.679329608938545	75
X-1173	CKX620	51.25	PD	0	65.0	CKX620	CRC	PD	11.778611632270168	22
X-1189	CKX620	25.875	SD	0	7.400000000000006	CKX620	NSCLC	SD-->PD	33.93877551020408	34
X-1228	CKX620	-85.56666666666666	CR	1	-100.0	CKX620	NSCLC	CR	73.0	73
X-1270	CKX620	-6.739999999999995	SD	0	28.19999999999999	CKX620	CRC	SD-->PD	39.0	39
X-1290	CKX620	66.79999999999998	PD	0	519.5	CKX620	CRC	PD	7.991845056065239	25
X-1303	CKX620	-16.59375	SD	0	-73.0	CKX620	CRC	SD	55.0	55
X-1323	CKX620	-11.700000000000003	SD	0	-25.0	CKX620	NSCLC	SD-->PD	34.5292766934558	89
X-1329	CKX620	-4.650000000000006	SD	0	-2.9000000000000057	CKX620	CRC	SD-->PD	56.4	92
X-1441	CKX620	-21.227272727272734	PR	1	-56.2	CKX620	CRC	PR-->PD	88.0	88
X-1442	CKX620	0.5750000000000028	SD	0	-13.799999999999997	CKX620	NSCLC	SD-->PD	39.21130221130221	71
X-1443	CKX620	-6.049999999999997	SD	0	-15.099999999999994	CKX620	CRC	SD-->PD	29.0	29
X-1479	CKX620	-8.235294117647058	SD	0	-28.700000000000003	CKX620	CRC	SD	56.0	56
X-1499	CKX620	50.57499999999999	PD	0	182.2	CKX620	NSCLC	PD	13.116071428571427	26
X-1500	CKX620	2.8125	SD	0	-6.0	CKX620	CRC	SD-->PD	53.0	53
X-1536	CKX620	7.280000000000001	SD	0	8.099999999999994	CKX620	CRC	SD-->PD	95.0	95
X-1586	CKX620	-39.22105263157895	PR	1	-59.1	CKX620	NSCLC	PR-->-->PD	117.0	117
X-1658	CKX620	251.7	PD	0	425.0	CKX620	NSCLC	PD	3.0	13
X-1683	CKX620	-79.84	PR	1	-94.8	CKX620	NSCLC	PR	34.0	34
X-1725	CKX620	-16.760000000000005	SD	0	-25.400000000000006	CKX620	NSCLC	SD-->PD	85.0677966101695	113
X-1787	CKX620	28.32857142857145	SD	0	22.200000000000003	CKX620	NSCLC	SD	38.058352402745996	53
X-1823	CKX620	62.875	PD	0	92.80000000000001	CKX620	NSCLC	PD	7.359550561797757	46
X-1834	CKX620	6.304545454545448	SD	0	-23.900000000000006	CKX620	NSCLC	SD	86.0	86
X-1835	CKX620	-64.905	PR	1	-82.2	CKX620	NSCLC	PR	85.0	85
X-1855	CKX620	0.25	SD	0	-1.2999999999999972	CKX620	CRC	SD-->PD	77.52427184466019	84
X-1869	CKX620	-4.3799999999999955	SD	0	-100.0	CKX620	NSCLC	SD	14.0	14
X-1870	CKX620	-20.60000000000001	SD	0	-39.2	CKX620	NSCLC	SD-->PD	84.24367088607595	106
X-1934	CKX620	43.69999999999999	PD	0	140.1	CKX620	NSCLC	PD	5.680921052631579	7
X-1980	CKX620	8.974999999999994	PD	0	51.19999999999999	CKX620	NSCLC	PD	31.054545454545455	34
X-1993	CKX620	-67.74074074074073	CR	1	-95.8	CKX620	NSCLC	CR	85.0	85
X-2017	CKX620	-25.825000000000003	PR	1	-50.3	CKX620	NSCLC	PR-->-->PD	92.0	92
X-2042	CKX620	-38.93076923076923	PR	1	-59.9	CKX620	NSCLC	PR	60.0	60
X-2082	CKX620	-52.0	PR	1	-67.5	CKX620	NSCLC	PR-->PD	102.0	102
X-2088	CKX620	-18.924999999999997	SD	0	-69.0	CKX620	NSCLC	SD-->PD	55.0	55
X-2094	CKX620	24.033333333333346	SD	0	-29.599999999999994	CKX620	NSCLC	SD-->PD	7.507462686567165	82
X-2145	CKX620	-20.384	SD	0	-43.7	CKX620	CRC	SD-->PD	98.0	98
X-2182	CKX620	29.44	PD	0	170.7	CKX620	CRC	PD	18.46291866028708	27
X-2374	CKX620	-3.049999999999997	SD	0	-13.400000000000006	CKX620	CRC	SD	44.0	44
X-2403	CKX620	-12.079999999999998	SD	0	-17.200000000000003	CKX620	CRC	SD-->PD	41.0	41
X-2483	CKX620	3.7249999999999943	SD	0	6.5	CKX620	CRC	SD-->PD	70.0	70
X-2484	CKX620	9.340000000000003	PD	0	53.69999999999999	CKX620	CRC	PD	33.00313479623824	39
X-2538	CKX620	-1.9799999999999898	SD	0	-17.0	CKX620	CRC	SD-->PD	90.0	90
X-2573	CKX620	25.525000000000006	PD	0	41.099999999999994	CKX620	CRC	PD	28.0	28
X-2659	CKX620	19.0	PD	0	89.80000000000001	CKX620	CRC	PD	23.185714285714283	24
X-2822	CKX620	5.340000000000003	SD	0	9.400000000000006	CKX620	CRC	SD-->PD	38.43416927899687	62
X-2846	CKX620	-70.952	CR	1	-100.0	CKX620	CRC	CR	105.0	105
X-2861	CKX620	-18.96666666666667	SD	0	-17.799999999999997	CKX620	CRC	SD-->PD	53.0	53
X-3029	CKX620	-45.96923076923077	PR	1	-72.7	CKX620	NSCLC	PR	42.0	42
X-3093	CKX620	11.0	SD	0	13.099999999999994	CKX620	CRC	SD	14.0	14
X-3205	CKX620	-2.7461538461538453	SD	0	-46.0	CKX620	CRC	SD	106.0	106
X-3224	CKX620	127.92499999999998	PD	0	170.89999999999998	CKX620	CRC	PD	3.0	10
X-3237	CKX620	-20.849999999999994	SD	0	-18.0	CKX620	NSCLC	SD-->PD	42.916802610114196	61
X-3267	CKX620	-1.8333333333333286	SD	0	-11.200000000000003	CKX620	CRC	SD	59.0	59
X-3792	CKX620	6.759999999999991	PD	0	61.400000000000006	CKX620	CRC	PD	27.0	27
X-3843	CKX620	108.375	PD	0	194.0	CKX620	NSCLC	PD	6.0	13
X-4087	CKX620	2.674999999999997	SD	0	6.099999999999994	CKX620	CRC	SD-->PD	20.0	20
X-4819	CKX620	-14.383333333333326	SD	0	-58.1	CKX620	NSCLC	SD-->PD	29.485004284490145	46
X-5254	CKX620	20.924999999999997	PD	0	36.099999999999994	CKX620	CRC	PD	27.0	27
X-5405	CKX620	23.280000000000015	PD	0	61.80000000000001	CKX620	CRC	PD	31.0	31
X-5438	CKX620	-2.4000000000000057	SD	0	-0.7000000000000028	CKX620	CRC	SD-->PD	64.05217391304348	77
X-5446	CKX620	24.025000000000006	PD	0	76.19999999999999	CKX620	CRC	PD	28.819718309859155	52
X-5494	CKX620	78.96666666666667	PD	0	79.9	CKX620	CRC	PD	6.158069883527454	36
X-5495	CKX620	-5.125	SD	0	-20.700000000000003	CKX620	CRC	SD	10.0	10
X-5578	CKX620	28.76666666666665	PD	0	70.0	CKX620	CRC	PD	30.187808896210875	43
X-007	CLR457	26.533333333333346	SD	0	25.0	CLR457	GC	SD	36.835	37
X-010	CLR457	28.96666666666667	SD	0	24.0	CLR457	GC	SD	30.0	30
X-011	CLR457	-9.899999999999991	SD	0	-23.0	CLR457	GC	SD	30.0	30
X-015	CLR457	11.0	PD	0	74.0	CLR457	GC	PD	24.163017031630172	41
X-017	CLR457	6.440000000000012	SD	0	3.299999999999997	CLR457	GC	SD-->PD	60.56896551724138	102
X-020	CLR457	-10.888888888888886	SD	0	-18.599999999999994	CLR457	GC	SD-->-->PD	100.50921273031825	105
X-025	CLR457	5.071428571428569	SD	0	-30.200000000000003	CLR457	GC	SD	51.0	51
X-027	CLR457	-4.599999999999994	SD	0	-27.200000000000003	CLR457	GC	SD-->PD	35.0	35
X-028	CLR457	2.640000000000015	SD	0	2.0999999999999943	CLR457	GC	SD-->PD	46.37142857142857	69
X-029	CLR457	81.15	PD	0	204.0	CLR457	GC	PD	8.35407537248028	12
X-031	CLR457	5.859999999999985	SD	0	-8.299999999999997	CLR457	GC	SD	63.0	63
X-034	CLR457	45.349999999999994	PD	0	56.30000000000001	CLR457	GC	PD	24.416184971098268	35
X-037	CLR457	34.920000000000016	PD	0	178.5	CLR457	GC	PD	17.42603550295858	31
X-038	CLR457	52.140000000000015	PD	0	120.0	CLR457	GC	PD	12.523529411764706	52
X-056	CLR457	16.724999999999994	PD	0	77.30000000000001	CLR457	GC	PD	25.631999999999998	28
X-057	CLR457	8.52000000000001	SD	0	3.200000000000003	CLR457	GC	SD-->PD	29.0	29
X-064	CLR457	-0.7999999999999972	SD	0	-4.5	CLR457	GC	SD-->PD	54.367924528301884	58
X-065	CLR457	0.7818181818181671	SD	0	-91.0	CLR457	GC	SD-->-->PD	144.53702551337898	155
X-067	CLR457	13.879999999999995	SD	0	-24.599999999999994	CLR457	GC	SD-->-->PD	155.0	155
X-075	CLR457	42.67500000000001	PD	0	112.6	CLR457	GC	PD	17.911602209944753	30
X-077	CLR457	41.599999999999994	PD	0	244.60000000000002	CLR457	GC	PD	13.301075268817204	29
X-084	CLR457	-2.549999999999997	SD	0	-13.0	CLR457	GC	SD	36.0	36
X-090	CLR457	14.049999999999997	SD	0	9.5	CLR457	GC	SD	30.0	30
X-091	CLR457	14.21052631578948	SD	0	-13.400000000000006	CLR457	GC	SD	79.0	79
X-0933	CLR457	-15.0625	SD	0	-33.400000000000006	CLR457	CRC	SD-->PD	91.0	91
X-096	CLR457	33.920000000000016	PD	0	69.19999999999999	CLR457	GC	PD	28.0	28
X-097	CLR457	29.30000000000001	SD	0	29.69999999999999	CLR457	GC	SD	30.0	30
X-098	CLR457	39.366666666666674	PD	0	104.4	CLR457	GC	PD	20.31446540880503	60
X-099	CLR457	60.19999999999999	PD	0	152.8	CLR457	GC	PD	14.567460317460318	31
X-0991	CLR457	-13.677777777777777	SD	0	-24.299999999999997	CLR457	PDAC	SD-->PD	69.0	69
X-1004	CLR457	5.599999999999994	SD	0	27.599999999999994	CLR457	BRCA	SD-->PD	26.588957055214724	47
X-1008	CLR457	-7.460000000000008	SD	0	-15.0	CLR457	BRCA	SD-->PD	61.80434782608695	94
X-102	CLR457	-8.262500000000003	SD	0	-14.400000000000006	CLR457	GC	SD-->PD	105.01147540983607	155
X-1027	CLR457	24.24000000000001	PD	0	148.5	CLR457	CRC	PD	17.59060402684564	24
X-1055	CLR457	-22.127272727272725	SD	0	-44.9	CLR457	CRC	SD-->PD	93.0	93
X-1119	CLR457	9.75	PD	0	80.4	CLR457	CRC	PD	21.90291262135922	34
X-114	CLR457	-16.799999999999997	SD	0	-20.200000000000003	CLR457	GC	SD-->PD	113.25766871165644	124
X-1156	CLR457	74.25999999999999	PD	0	173.39999999999998	CLR457	NSCLC	PD	10.675642594859243	32
X-1167	CLR457	23.27499999999999	PD	0	208.8	CLR457	CRC	PD	19.13851653261841	32
X-1172	CLR457	14.540000000000006	PD	0	281.5	CLR457	NSCLC	PD	15.76247207743857	21
X-1173	CLR457	-29.58571428571429	SD	0	-39.4	CLR457	CRC	SD-->PD	90.0	90
X-118	CLR457	38.275000000000006	PD	0	186.3	CLR457	GC	PD	12.93273542600897	33
X-1189	CLR457	-19.950000000000003	SD	0	-91.9	CLR457	NSCLC	SD-->PD	18.574833174451857	124
X-119	CLR457	46.68000000000001	PD	0	65.69999999999999	CLR457	GC	PD	10.70093457943925	37
X-1199	CLR457	33.72	PD	0	74.9	CLR457	PDAC	PD	34.0	34
X-1228	CLR457	-40.879999999999995	SD	0	-48.0	CLR457	NSCLC	SD-->PD	50.248803827751196	55
X-127	CLR457	-19.766666666666666	SD	0	-39.6	CLR457	GC	SD	33.0	33
X-1270	CLR457	14.799999999999997	SD	0	19.099999999999994	CLR457	CRC	SD-->PD	62.1578947368421	66
X-128	CLR457	34.02000000000001	PD	0	90.80000000000001	CLR457	GC	PD	24.755725190839694	42
X-1286	CLR457	-19.480645161290326	SD	0	-33.2	CLR457	BRCA	SD	123.0	123
X-1289	CLR457	24.940000000000012	PD	0	88.9	CLR457	PDAC	PD	27.0	45
X-129	CLR457	-52.42222222222222	PR	1	-75.5	CLR457	GC	PR-->PD	45.9644128113879	70
X-1290	CLR457	37.0	PD	0	356.9	CLR457	CRC	PD	11.495511669658887	24
X-1298	CLR457	26.075000000000003	PD	0	146.2	CLR457	BRCA	PD	18.06896551724138	27
X-1303	CLR457	35.25	PD	0	127.9	CLR457	CRC	PD	17.962264150943394	22
X-131	CLR457	27.25999999999999	PD	0	42.30000000000001	CLR457	GC	PD	30.0	30
X-1323	CLR457	-9.579999999999998	SD	0	-18.299999999999997	CLR457	NSCLC	SD-->PD	35.39153439153439	57
X-1329	CLR457	66.975	PD	0	338.1	CLR457	CRC	PD	8.787790697674419	24
X-1362	CLR457	34.66	PD	0	129.3	CLR457	PDAC	PD	15.767080745341616	34
X-1371	CLR457	68.88	PD	0	220.5	CLR457	BRCA	PD	8.607438016528926	22
X-138	CLR457	-14.95714285714287	SD	0	-35.400000000000006	CLR457	GC	SD	23.0	23
X-1383	CLR457	18.120000000000005	SD	0	33.400000000000006	CLR457	BRCA	SD	41.69465648854962	73
X-1407	CLR457	-14.515384615384619	SD	0	-31.5	CLR457	BRCA	SD-->PD	71.56347438752783	80
X-1441	CLR457	-16.99166666666666	SD	0	-31.0	CLR457	CRC	SD-->PD	90.0	90
X-1442	CLR457	66.07999999999998	PD	0	129.0	CLR457	NSCLC	PD	8.11631205673759	27
X-1443	CLR457	-9.433333333333337	SD	0	-18.200000000000003	CLR457	CRC	SD-->PD	55.0	55
X-1468	CLR457	6.040000000000006	SD	0	7.700000000000003	CLR457		SD-->PD	91.0	91
X-1479	CLR457	9.5	SD	0	11.099999999999994	CLR457	CRC	SD-->PD	46.33583489681051	80
X-1499	CLR457	84.83999999999997	PD	0	295.2	CLR457	NSCLC	PD	9.499468650371945	15
X-1500	CLR457	-51.78666666666666	PR	1	-72.4	CLR457	CRC	PR	75.0	75
X-1536	CLR457	-2.2166666666666544	SD	0	-11.200000000000003	CLR457	CRC	SD-->PD	76.85483870967741	91
X-1538	CLR457	8.875	SD	0	5.5	CLR457	CRC	SD	49.0	49
X-154	CLR457	15.366666666666674	SD	0	25.099999999999994	CLR457	GC	SD-->PD	37.32293080054274	67
X-158	CLR457	-0.6666666666666714	SD	0	-37.8	CLR457	GC	SD-->PD	114.0	114
X-1586	CLR457	-3.5999999999999943	SD	0	13.299999999999997	CLR457	NSCLC	SD-->PD	41.564516129032256	74
X-160	CLR457	-2.7555555555555458	SD	0	-10.5	CLR457	GC	SD-->PD	68.16438356164383	86
X-1600	CLR457	-10.25	SD	0	-15.700000000000003	CLR457	BRCA	SD-->PD	39.685376661742986	48
X-161	CLR457	62.875	PD	0	163.0	CLR457	GC	PD	9.45664739884393	54
X-1631	CLR457	-7.025000000000006	SD	0	-15.700000000000003	CLR457	BRCA	SD-->-->PD	98.0	98
X-1655	CLR457	-0.960000000000008	SD	0	2.0	CLR457	CM	SD-->PD	29.86315789473684	34
X-1658	CLR457	-10.0	SD	0	-21.799999999999997	CLR457	NSCLC	SD-->PD	56.214454976303315	60
X-166	CLR457	-2.424999999999997	SD	0	-18.299999999999997	CLR457	GC	SD	23.0	23
X-1683	CLR457	-18.525000000000006	SD	0	-19.700000000000003	CLR457	NSCLC	SD-->PD	53.25167037861915	111
X-171	CLR457	126.80000000000001	PD	0	315.1	CLR457	GC	PD	5.7857142857142865	13
X-1725	CLR457	28.620000000000005	PD	0	108.19999999999999	CLR457	NSCLC	PD	19.952076677316295	43
X-1787	CLR457	107.45999999999998	PD	0	323.5	CLR457	NSCLC	PD	6.05564142194745	20
X-1823	CLR457	34.920000000000016	PD	0	250.39999999999998	CLR457	NSCLC	PD	13.262124711316398	37
X-1828	CLR457	-44.33529411764706	CR	1	-100.0	CLR457	BRCA	CR-->-->PD	81.0	81
X-1832	CLR457	65.80000000000001	PD	0	519.3	CLR457	BRCA	PD	7.9011494252873575	32
X-1834	CLR457	-21.239999999999995	SD	0	-39.1	CLR457	NSCLC	SD	56.0	56
X-1835	CLR457	-11.099999999999994	SD	0	-17.5	CLR457	NSCLC	SD-->PD	22.38974358974359	50
X-1869	CLR457	293.575	PD	0	842.3	CLR457	NSCLC	PD	4.0	11
X-1870	CLR457	3.299999999999997	SD	0	13.700000000000003	CLR457	NSCLC	SD-->PD	42.23565891472868	84
X-1906	CLR457	17.224999999999994	SD	0	-6.200000000000003	CLR457	CM	SD-->PD	57.865912762520196	63
X-1916	CLR457	16.340000000000003	SD	0	21.599999999999994	CLR457	BRCA	SD-->PD	35.65193370165746	50
X-1921	CLR457	-25.52000000000001	SD	0	-36.4	CLR457	BRCA	SD-->PD	141.7078651685393	175
X-1934	CLR457	109.71999999999997	PD	0	301.1	CLR457	NSCLC	PD	5.410557184750733	10
X-1948	CLR457	18.44999999999999	PD	0	124.5	CLR457	PDAC	PD	14.606217616580311	53
X-1980	CLR457	-17.599999999999994	SD	0	-24.200000000000003	CLR457	NSCLC	SD-->PD	60.05524861878453	85
X-1993	CLR457	-41.53684210526316	PR	1	-58.7	CLR457	NSCLC	PR-->-->PD	80.13861386138613	95
X-2017	CLR457	25.974999999999994	PD	0	131.9	CLR457	NSCLC	PD	15.421270718232044	29
X-2026	CLR457	14.28	PD	0	65.4	CLR457	PDAC	PD	30.959322033898303	52
X-2042	CLR457	-18.799999999999997	SD	0	-28.299999999999997	CLR457	NSCLC	SD-->PD	97.9672131147541	124
X-2043	CLR457	20.525000000000006	PD	0	44.099999999999994	CLR457	PDAC	PD	62.32608695652174	79
X-2081	CLR457	51.94999999999999	PD	0	359.7	CLR457	PDAC	PD	11.091666666666667	32
X-2082	CLR457	29.92500000000001	PD	0	142.6	CLR457	NSCLC	PD	19.77545691906005	37
X-2088	CLR457	154.6	PD	0	332.4	CLR457	NSCLC	PD	7.0	11
X-2094	CLR457	27.840000000000003	PD	0	73.9	CLR457	NSCLC	PD	20.63888888888889	61
X-2145	CLR457	24.51428571428572	SD	0	13.099999999999994	CLR457	CRC	SD	46.0	52
X-2163	CLR457	10.040000000000006	PD	0	52.69999999999999	CLR457	CM	PD	27.66206896551724	37
X-2182	CLR457	68.57999999999998	PD	0	192.5	CLR457	CRC	PD	9.269141531322505	24
X-2195	CLR457	33.625	PD	0	131.3	CLR457	BRCA	PD	22.118908382066277	27
X-2239	CLR457	20.540000000000006	PD	0	52.5	CLR457	CRC	PD	31.93913043478261	55
X-2283	CLR457	95.0	PD	0	177.60000000000002	CLR457	PDAC	PD	6.968684759916493	32
X-2306	CLR457	-0.5250000000000057	SD	0	0.09999999999999432	CLR457	CM	SD-->PD	31.0	31
X-2339	CLR457	-26.98571428571428	SD	0	-43.9	CLR457	PDAC	SD-->PD	51.0	51
X-2344	CLR457	23.224999999999994	PD	0	143.6	CLR457	BRCA	PD	17.49438202247191	33
X-2353	CLR457	8.25	PD	0	48.80000000000001	CLR457	BRCA	PD	35.99999999999999	74
X-2374	CLR457	5.733333333333334	SD	0	34.599999999999994	CLR457	CRC	SD-->PD	23.76825396825397	25
X-2403	CLR457	4.900000000000006	SD	0	26.900000000000006	CLR457	CRC	SD	41.0	41
X-2428	CLR457	-2.239999999999995	SD	0	-5.099999999999994	CLR457	PDAC	SD-->PD	87.48684210526316	122
X-2470	CLR457	1.2600000000000051	SD	0	-8.400000000000006	CLR457	PDAC	SD-->PD	67.14681440443213	83
X-2483	CLR457	8.099999999999994	SD	0	14.599999999999994	CLR457	CRC	SD-->PD	69.0	69
X-2484	CLR457	-1.039999999999992	SD	0	-8.099999999999994	CLR457	CRC	SD-->PD	80.0	80
X-2487	CLR457	13.375	PD	0	73.30000000000001	CLR457	BRCA	PD	28.328488372093023	67
X-2524	CLR457	30.52000000000001	PD	0	157.0	CLR457	BRCA	PD	16.56271186440678	42
X-2538	CLR457	-27.260000000000005	SD	0	-46.9	CLR457	CRC	SD	94.0	94
X-2564	CLR457	-0.11428571428571388	SD	0	-4.900000000000006	CLR457	PDAC	SD-->PD	70.61379310344827	131
X-2573	CLR457	-18.939999999999998	SD	0	-28.700000000000003	CLR457	CRC	SD-->PD	30.0	30
X-2613	CLR457	117.53333333333333	PD	0	112.9	CLR457	CM	PD	5.0	22
X-2633	CLR457	15.75	PD	0	88.6	CLR457	PDAC	PD	25.94954128440367	56
X-2640	CLR457	-0.7600000000000051	SD	0	-1.9000000000000057	CLR457	BRCA	SD-->PD	76.80712788259957	87
X-2659	CLR457	24.959999999999994	PD	0	97.5	CLR457	CRC	PD	20.646551724137932	23
X-2684	CLR457	30.849999999999994	PD	0	152.3	CLR457	PDAC	PD	15.67391304347826	31
X-2700	CLR457	66.875	PD	0	241.5	CLR457	CM	PD	9.306843267108167	26
X-2723	CLR457	2.6500000000000057	PD	0	40.30000000000001	CLR457	CM	PD	32.94942324755989	38
X-2753	CLR457	15.28	SD	0	20.299999999999997	CLR457	CM	SD-->PD	24.0	24
X-2780	CLR457	21.033333333333346	SD	0	20.0	CLR457	BRCA	SD-->PD	28.893909626719058	46
X-2822	CLR457	0.46000000000000796	SD	0	0.4000000000000057	CLR457	CRC	SD-->PD	69.28138528138528	84
X-2838	CLR457	-7.325000000000003	SD	0	-6.799999999999997	CLR457	CM	SD-->PD	130.97872340425533	165
X-2846	CLR457	-40.4	PR	1	-63.1	CLR457	CRC	PR-->PD	105.0	105
X-2861	CLR457	15.375	PD	0	118.6	CLR457	CRC	PD	18.28301886792453	33
X-2921	CLR457	44.06666666666666	PD	0	113.5	CLR457	CM	PD	10.891625615763546	22
X-2992	CLR457	15.0	PD	0	118.4	CLR457	CM	PD	16.263157894736842	28
X-2997	CLR457	51.474999999999994	PD	0	166.7	CLR457	PDAC	PD	13.548736462093864	31
X-3028	CLR457	2.5	SD	0	3.700000000000003	CLR457	PDAC	SD-->PD	65.48837209302326	90
X-3029	CLR457	-48.38333333333333	PR	1	-63.3	CLR457	NSCLC	PR-->PD	96.0	96
X-3038	CLR457	14.049999999999997	PD	0	50.0	CLR457	PDAC	PD	36.81228668941979	55
X-3052	CLR457	12.799999999999997	PD	0	72.5	CLR457	PDAC	PD	25.933014354066984	49
X-3077	CLR457	-55.413333333333334	PR	1	-82.5	CLR457	BRCA	PR-->PD	89.0	89
X-3078	CLR457	8.174999999999997	SD	0	17.0	CLR457	BRCA	SD-->PD	31.0	31
X-3093	CLR457	33.400000000000006	PD	0	86.5	CLR457	CRC	PD	21.48760330578512	30
X-3127	CLR457	8.320000000000007	PD	0	47.599999999999994	CLR457	CM	PD	37.94409937888199	43
X-3201	CLR457	28.82499999999999	PD	0	71.4	CLR457	BRCA	PD	25.201492537313435	39
X-3205	CLR457	1.3499999999999943	SD	0	2.799999999999997	CLR457	CRC	SD-->PD	35.025	47
X-3211	CLR457	-23.364285714285714	SD	0	-45.1	CLR457	CM	SD-->PD	77.0	77
X-3224	CLR457	11.099999999999994	SD	0	15.799999999999997	CLR457	CRC	SD-->PD	28.785714285714285	67
X-3237	CLR457	14.079999999999998	PD	0	36.400000000000006	CLR457	NSCLC	PD	25.838150289017342	31
X-3267	CLR457	2.9799999999999898	SD	0	1.5999999999999943	CLR457	CRC	SD-->PD	78.62711864406779	87
X-3268	CLR457	14.5	PD	0	74.69999999999999	CLR457	PDAC	PD	40.87570621468927	112
X-3298	CLR457	25.674999999999997	PD	0	106.30000000000001	CLR457	BRCA	PD	21.609375	46
X-3450	CLR457	-31.927777777777777	PR	1	-67.0	CLR457	BRCA	PR	59.0	59
X-3468	CLR457	-31.14285714285714	SD	0	-47.6	CLR457	BRCA	SD-->PD	116.0	116
X-3697	CLR457	-42.5625	PR	1	-59.2	CLR457	BRCA	PR	34.0	34
X-3773	CLR457	6.97999999999999	SD	0	-10.200000000000003	CLR457	CM	SD-->PD	180.0	180
X-3782	CLR457	-1.7600000000000051	SD	0	-0.5999999999999943	CLR457		SD-->PD	31.0	31
X-3792	CLR457	22.75	SD	0	22.599999999999994	CLR457	CRC	SD-->PD	35.0	35
X-3800	CLR457	-28.03157894736843	SD	0	-45.6	CLR457	PDAC	SD-->-->PD	136.0	136
X-3816	CLR457	0.47999999999998977	SD	0	-3.5	CLR457	PDAC	SD-->PD	25.766045548654244	48
X-3843	CLR457	18.599999999999994	SD	0	8.5	CLR457	NSCLC	SD-->PD	82.46594427244582	104
X-3846	CLR457	5.450000000000003	SD	0	7.799999999999997	CLR457	PDAC	SD-->PD	66.3012048192771	97
X-3851	CLR457	-0.7999999999999972	SD	0	-12.700000000000003	CLR457	CM	SD-->PD	30.915760869565215	38
X-3873	CLR457	-69.98	PR	1	-93.7	CLR457	BRCA	PR	88.0	88
X-3947	CLR457	55.56	PD	0	299.1	CLR457	PDAC	PD	10.819121447028424	37
X-3990	CLR457	11.174999999999997	SD	0	19.700000000000003	CLR457	PDAC	SD-->PD	68.30733944954129	97
X-4015	CLR457	49.38	PD	0	111.9	CLR457	PDAC	PD	15.133333333333335	52
X-4018	CLR457	9.25	SD	0	16.099999999999994	CLR457	PDAC	SD	18.0	18
X-4087	CLR457	15.425000000000011	PD	0	109.4	CLR457	CRC	PD	19.473880597014926	20
X-4145	CLR457	36.16	PD	0	97.19999999999999	CLR457	CRC	PD	23.230769230769234	35
X-4157	CLR457	35.30000000000001	PD	0	112.1	CLR457	CM	PD	13.0	28
X-4215	CLR457	21.275000000000006	PD	0	50.400000000000006	CLR457	PDAC	PD	33.23017408123791	56
X-4226	CLR457	13.059999999999988	PD	0	65.0	CLR457	PDAC	PD	31.698412698412696	73
X-4316	CLR457	4.799999999999997	SD	0	11.599999999999994	CLR457	PDAC	SD-->PD	21.38705882352941	37
X-4339	CLR457	7.559999999999988	SD	0	9.599999999999994	CLR457	CM	SD-->PD	85.0	85
X-4347	CLR457	-1.9000000000000057	SD	0	12.400000000000006	CLR457	BRCA	SD-->PD	77.44444444444444	91
X-4377	CLR457	22.22	PD	0	65.6	CLR457	PDAC	PD	24.81818181818182	41
X-4378	CLR457	3.7249999999999943	SD	0	-14.299999999999997	CLR457	PDAC	SD-->PD	44.43890865954923	77
X-4439	CLR457	-15.46875	SD	0	-24.299999999999997	CLR457	PDAC	SD	83.0	83
X-4455	CLR457	36.859999999999985	PD	0	169.60000000000002	CLR457	CM	PD	12.528169014084508	21
X-4567	CLR457	-79.28461538461539	CR	1	-99.6	CLR457	BRCA	CR	94.0	94
X-4644	CLR457	41.599999999999994	PD	0	218.39999999999998	CLR457	CM	PD	11.361386138613861	21
X-4649	CLR457	8.759999999999991	SD	0	-7.700000000000003	CLR457	PDAC	SD	41.0	41
X-4676	CLR457	12.5	PD	0	85.6	CLR457	PDAC	PD	21.639289678135405	42
X-4819	CLR457	90.06	PD	0	442.79999999999995	CLR457	NSCLC	PD	5.863221884498481	20
X-4824	CLR457	-30.35384615384615	PR	1	-54.4	CLR457	BRCA	PR	43.0	43
X-4849	CLR457	28.25	PD	0	156.7	CLR457	CM	PD	12.511916110581506	27
X-4888	CLR457	-5.075000000000003	SD	0	-4.599999999999994	CLR457	BRCA	SD-->PD	85.28519855595668	112
X-4949	CLR457	63.375	PD	0	196.5	CLR457	BRCA	PD	12.043545878693624	41
X-5189	CLR457	31.150000000000006	PD	0	74.4	CLR457	CM	PD	24.0	24
X-5205	CLR457	20.150000000000006	PD	0	44.099999999999994	CLR457	PDAC	PD	35.58064516129032	45
X-5249	CLR457	29.566666666666663	PD	0	78.4	CLR457	BRCA	PD	27.794824399260627	32
X-5254	CLR457	-23.799999999999997	SD	0	-39.3	CLR457	CRC	SD-->PD	35.0	35
X-5355	CLR457	-13.700000000000003	SD	0	-17.900000000000006	CLR457	BRCA	SD-->PD	95.0	95
X-5405	CLR457	14.259999999999991	PD	0	92.1	CLR457	CRC	PD	28.173493975903614	73
X-5438	CLR457	7.259999999999991	SD	0	-0.4000000000000057	CLR457	CRC	SD-->PD	53.85245901639344	59
X-5446	CLR457	16.650000000000006	PD	0	40.69999999999999	CLR457	CRC	PD	35.0	35
X-5494	CLR457	-30.900000000000006	SD	0	33.900000000000006	CLR457	CRC	SD-->PD	25.0	25
X-5495	CLR457	-20.010526315789477	SD	0	-30.5	CLR457	CRC	SD-->-->PD	90.0	90
X-5502	CLR457	-1.6799999999999926	SD	0	-6.5	CLR457	BRCA	SD-->PD	128.41968911917098	153
X-5578	CLR457	2.125	SD	0	0.20000000000000284	CLR457	CRC	SD-->PD	80.0	80
X-5975	CLR457	37.45999999999998	PD	0	112.69999999999999	CLR457	BRCA	PD	18.095238095238095	35
X-6047	CLR457	24.325000000000003	PD	0	115.19999999999999	CLR457	BRCA	PD	17.713355048859935	38
X-1655	DACARBAZINE	37.34	PD	0	214.60000000000002	dacarbazine	CM	PD	15.40045766590389	27
X-1906	DACARBAZINE	19.5	PD	0	52.69999999999999	dacarbazine	CM	PD	40.68988391376451	45
X-2163	DACARBAZINE	-11.64	SD	0	-26.599999999999994	dacarbazine	CM	SD	14.0	14
X-2306	DACARBAZINE	-8.625	SD	0	-9.700000000000003	dacarbazine	CM	SD-->PD	41.0	41
X-2602	DACARBAZINE	48.400000000000006	PD	0	69.80000000000001	dacarbazine	CM	PD	13.0	13
X-2613	DACARBAZINE	66.42500000000001	PD	0	292.4	dacarbazine	CM	PD	10.26646248085758	22
X-2700	DACARBAZINE	35.81999999999999	PD	0	191.10000000000002	dacarbazine	CM	PD	11.875647668393784	27
X-2723	DACARBAZINE	93.82499999999999	PD	0	302.1	dacarbazine	CM	PD	5.0	23
X-2753	DACARBAZINE	42.900000000000006	PD	0	531.0	dacarbazine	CM	PD	11.588785046728972	22
X-2838	DACARBAZINE	-21.45714285714287	SD	0	-40.9	dacarbazine	CM	SD-->PD	35.14936954413191	39
X-2921	DACARBAZINE	-61.6875	PR	1	-81.1	dacarbazine	CM	PR-->PD	53.929245283018865	55
X-2992	DACARBAZINE	23.900000000000006	PD	0	42.19999999999999	dacarbazine	CM	PD	13.0	13
X-3127	DACARBAZINE	-79.79411764705883	CR	1	-100.0	dacarbazine	CM	CR	136.0	136
X-3211	DACARBAZINE	5.48571428571428	SD	0	-3.5999999999999943	dacarbazine	CM	SD	34.0	34
X-3483	DACARBAZINE	-83.72258064516129	CR	1	-100.0	dacarbazine	CM	CR	119.0	119
X-3486	DACARBAZINE	35.44999999999999	PD	0	81.9	dacarbazine	CM	PD	15.0	15
X-3503	DACARBAZINE	28.28	PD	0	80.1	dacarbazine	CM	PD	25.653333333333336	30
X-3676	DACARBAZINE	172.02499999999998	PD	0	359.9	dacarbazine	CM	PD	4.0	11
X-3746	DACARBAZINE	16.200000000000003	PD	0	105.30000000000001	dacarbazine	CM	PD	18.55454545454545	23
X-3773	DACARBAZINE	6.3799999999999955	SD	0	9.200000000000003	dacarbazine	CM	SD-->PD	130.0	130
X-3851	DACARBAZINE	-54.86470588235294	PR	1	-90.9	dacarbazine	CM	PR-->-->PD	140.80446927374302	141
X-3880	DACARBAZINE	77.975	PD	0	153.4	dacarbazine	CM	PD	9.248826291079812	22
X-4157	DACARBAZINE	16.0	PD	0	58.0	dacarbazine	CM	PD	29.0	29
X-4339	DACARBAZINE	13.140000000000015	SD	0	9.700000000000003	dacarbazine	CM	SD	15.0	15
X-4426	DACARBAZINE	72.14000000000001	PD	0	306.7	dacarbazine	CM	PD	9.363636363636363	21
X-4455	DACARBAZINE	38.640000000000015	PD	0	150.8	dacarbazine	CM	PD	17.151401869158878	21
X-4538	DACARBAZINE	-9.579999999999998	SD	0	-12.599999999999994	dacarbazine	CM	SD-->PD	32.65934065934066	43
X-4644	DACARBAZINE	56.859999999999985	PD	0	238.0	dacarbazine	CM	PD	8.747169811320754	21
X-4668	DACARBAZINE	67.07499999999999	PD	0	217.10000000000002	dacarbazine	CM	PD	8.568159203980098	28
X-4832	DACARBAZINE	-0.3333333333333286	SD	0	-0.5	dacarbazine	CM	SD	4.0	4
X-4849	DACARBAZINE	41.724999999999994	PD	0	222.89999999999998	dacarbazine	CM	PD	10.855999999999998	25
X-5189	DACARBAZINE	16.599999999999994	SD	0	19.299999999999997	dacarbazine	CM	SD	13.0	13
X-007	ELGEMTUMAB	284.64	PD	0	727.4	LJM716	GC	PD	3.0	13
X-010	ELGEMTUMAB	132.32000000000002	PD	0	308.8	LJM716	GC	PD	4.63258785942492	21
X-011	ELGEMTUMAB	36.67500000000001	PD	0	155.8	LJM716	GC	PD	15.798507462686565	30
X-015	ELGEMTUMAB	34.31999999999999	PD	0	217.2	LJM716	GC	PD	15.904761904761905	27
X-017	ELGEMTUMAB	104.19999999999999	PD	0	146.7	LJM716	GC	PD	7.0864819479429055	42
X-020	ELGEMTUMAB	46.0	PD	0	54.0	LJM716	GC	PD	37.72093023255813	55
X-023	ELGEMTUMAB	35.160000000000025	PD	0	38.5	LJM716	GC	PD	15.070208728652752	74
X-024	ELGEMTUMAB	20.040000000000006	PD	0	93.4	LJM716	GC	PD	15.453658536585367	42
X-025	ELGEMTUMAB	-13.260000000000005	SD	0	-9.599999999999994	LJM716	GC	SD-->PD	53.726190476190474	105
X-027	ELGEMTUMAB	-25.64	PR	1	-55.4	LJM716	GC	PR	50.0	50
X-028	ELGEMTUMAB	60.599999999999994	PD	0	146.1	LJM716	GC	PD	18.383928571428573	29
X-031	ELGEMTUMAB	22.54285714285713	SD	0	-15.0	LJM716	GC	SD	8.543822597676874	34
X-034	ELGEMTUMAB	15.379999999999995	PD	0	62.80000000000001	LJM716	GC	PD	24.74492099322799	29
X-035	ELGEMTUMAB	13.237499999999997	SD	0	-15.5	LJM716	GC	SD	42.0	42
X-037	ELGEMTUMAB	73.52000000000001	PD	0	287.0	LJM716	GC	PD	7.476987447698745	23
X-038	ELGEMTUMAB	14.400000000000006	PD	0	97.4	LJM716	GC	PD	17.32807570977918	60
X-039	ELGEMTUMAB	31.42500000000001	PD	0	188.60000000000002	LJM716	GC	PD	14.851999999999999	28
X-050	ELGEMTUMAB	-5.150000000000006	SD	0	-41.7	LJM716	GC	SD-->PD	77.0	77
X-056	ELGEMTUMAB	26.28	PD	0	133.0	LJM716	GC	PD	16.23121387283237	34
X-057	ELGEMTUMAB	-5.900000000000006	SD	0	10.700000000000003	LJM716	GC	SD-->PD	29.56723716381418	33
X-064	ELGEMTUMAB	46.78	PD	0	112.19999999999999	LJM716	GC	PD	9.842696629213483	26
X-065	ELGEMTUMAB	17.375	SD	0	4.099999999999994	LJM716	GC	SD-->PD	46.44516129032258	75
X-067	ELGEMTUMAB	122.025	PD	0	290.2	LJM716	GC	PD	7.055335968379447	15
X-074	ELGEMTUMAB	40.02000000000001	PD	0	280.9	LJM716	GC	PD	14.079000675219447	24
X-075	ELGEMTUMAB	46.5	PD	0	198.89999999999998	LJM716	GC	PD	11.533898305084746	25
X-077	ELGEMTUMAB	2.575000000000003	PD	0	218.2	LJM716	GC	PD	15.479141835518474	31
X-078	ELGEMTUMAB	29.659999999999997	PD	0	147.9	LJM716	GC	PD	17.60200250312891	30
X-080	ELGEMTUMAB	25.700000000000003	PD	0	214.89999999999998	LJM716		PD	16.603709949409783	33
X-084	ELGEMTUMAB	-2.239999999999995	SD	0	1.0999999999999943	LJM716	GC	SD-->PD	24.116129032258065	33
X-089	ELGEMTUMAB	-0.7049999999999983	SD	0	-33.5	LJM716	GC	SD-->-->PD	149.0	149
X-090	ELGEMTUMAB	12.525000000000006	PD	0	52.5	LJM716	GC	PD	32.0	32
X-091	ELGEMTUMAB	-6.820000000000007	SD	0	-12.299999999999997	LJM716	GC	SD-->PD	32.0	32
X-096	ELGEMTUMAB	-8.222222222222229	SD	0	-34.0	LJM716	GC	SD	28.0	28
X-097	ELGEMTUMAB	52.275000000000006	PD	0	219.60000000000002	LJM716	GC	PD	10.56	33
X-098	ELGEMTUMAB	54.56666666666666	PD	0	229.89999999999998	LJM716	GC	PD	13.775313404050145	39
X-099	ELGEMTUMAB	35.525000000000006	PD	0	115.6	LJM716	GC	PD	19.17400419287212	45
X-1004	ELGEMTUMAB	4.033333333333346	SD	0	28.599999999999994	LJM716	BRCA	SD-->PD	24.802292263610315	34
X-1008	ELGEMTUMAB	-17.950000000000003	SD	0	-18.299999999999997	LJM716	BRCA	SD-->PD	59.87450980392157	84
X-101	ELGEMTUMAB	57.099999999999994	PD	0	260.2	LJM716	GC	PD	10.240963855421686	25
X-102	ELGEMTUMAB	1.6260869565217462	SD	0	-32.0	LJM716	GC	SD-->-->PD	155.0	155
X-105	ELGEMTUMAB	-0.13333333333332575	SD	0	-6.099999999999994	LJM716	GC	SD-->PD	51.0	51
X-114	ELGEMTUMAB	-20.39999999999999	SD	0	-19.0	LJM716	GC	SD	7.0	7
X-118	ELGEMTUMAB	153.35	PD	0	553.6	LJM716	GC	PD	3.1400862068965516	22
X-119	ELGEMTUMAB	-21.320000000000007	SD	0	-26.400000000000006	LJM716	GC	SD-->PD	24.12079701120797	42
X-127	ELGEMTUMAB	45.650000000000006	PD	0	79.80000000000001	LJM716	GC	PD	24.73142857142857	33
X-128	ELGEMTUMAB	68.25999999999999	PD	0	168.2	LJM716	GC	PD	6.953395472703063	33
X-1286	ELGEMTUMAB	4.450000000000003	PD	0	53.19999999999999	LJM716	BRCA	PD	26.836521739130433	45
X-129	ELGEMTUMAB	37.875	PD	0	82.6	LJM716	GC	PD	20.947368421052634	30
X-1298	ELGEMTUMAB	13.040000000000006	PD	0	124.9	LJM716	BRCA	PD	15.20136518771331	32
X-131	ELGEMTUMAB	103.16	PD	0	428.5	LJM716	GC	PD	5.932773109243698	20
X-135	ELGEMTUMAB	10.150000000000006	SD	0	10.200000000000003	LJM716	GC	SD-->PD	24.102119460500965	55
X-136	ELGEMTUMAB	-23.0	SD	0	-25.400000000000006	LJM716	GC	SD-->PD	74.0	74
X-137	ELGEMTUMAB	-38.339999999999996	SD	0	-48.8	LJM716	GC	SD-->PD	19.765610859728508	31
X-1371	ELGEMTUMAB	13.820000000000007	PD	0	101.69999999999999	LJM716	BRCA	PD	24.260869565217398	34
X-138	ELGEMTUMAB	40.75	PD	0	107.4	LJM716	GC	PD	12.236514522821576	30
X-1383	ELGEMTUMAB	20.150000000000006	SD	0	25.099999999999994	LJM716	BRCA	SD-->PD	28.387673956262425	53
X-1407	ELGEMTUMAB	63.67500000000001	PD	0	197.3	LJM716	BRCA	PD	9.745308310991957	32
X-141	ELGEMTUMAB	2.816666666666663	SD	0	-17.5	LJM716	GC	SD-->PD	48.65833333333333	52
X-142	ELGEMTUMAB	13.320000000000007	PD	0	78.1	LJM716	GC	PD	37.086956521739125	76
X-144	ELGEMTUMAB	98.18	PD	0	525.0	LJM716	GC	PD	6.7269624573378834	20
X-146	ELGEMTUMAB	-34.471428571428575	PR	1	-55.5	LJM716	GC	PR	60.0	60
X-1468	ELGEMTUMAB	10.259999999999991	SD	0	2.9000000000000057	LJM716		SD-->PD	48.40174672489083	81
X-154	ELGEMTUMAB	33.42500000000001	PD	0	348.0	LJM716	GC	PD	11.791977611940299	25
X-158	ELGEMTUMAB	9.275000000000006	SD	0	19.700000000000003	LJM716	GC	SD-->PD	34.10714285714286	52
X-160	ELGEMTUMAB	-1.181818181818187	SD	0	-17.200000000000003	LJM716	GC	SD-->PD	86.0	86
X-1600	ELGEMTUMAB	156.3	PD	0	794.9	LJM716	BRCA	PD	5.345731191885038	14
X-161	ELGEMTUMAB	29.80000000000001	PD	0	213.60000000000002	LJM716	GC	PD	17.003384094754654	36
X-1631	ELGEMTUMAB	76.56666666666669	PD	0	354.2	LJM716	BRCA	PD	7.057890563045202	18
X-165	ELGEMTUMAB	19.849999999999994	SD	0	19.5	LJM716	GC	SD-->PD	28.700507614213198	43
X-166	ELGEMTUMAB	6.099999999999994	PD	0	114.80000000000001	LJM716	GC	PD	20.68025078369906	45
X-169	ELGEMTUMAB	-35.858333333333334	PR	1	-100.0	LJM716	GC	PR	38.0	38
X-171	ELGEMTUMAB	66.4	PD	0	228.10000000000002	LJM716	GC	PD	9.648514851485148	16
X-177	ELGEMTUMAB	125.85999999999999	PD	0	478.29999999999995	LJM716	GC	PD	4.785923753665689	20
X-1828	ELGEMTUMAB	2.325000000000003	SD	0	5.900000000000006	LJM716	BRCA	SD	10.0	10
X-1832	ELGEMTUMAB	22.049999999999997	PD	0	224.8	LJM716	BRCA	PD	14.458555133079846	29
X-1916	ELGEMTUMAB	0.9799999999999898	SD	0	-0.29999999999999716	LJM716	BRCA	SD-->PD	26.427652733118972	50
X-1921	ELGEMTUMAB	34.620000000000005	PD	0	150.5	LJM716	BRCA	PD	14.513157894736842	34
X-2195	ELGEMTUMAB	51.23333333333332	PD	0	223.10000000000002	LJM716	BRCA	PD	10.011382113821139	24
X-2344	ELGEMTUMAB	-13.879999999999995	SD	0	-22.5	LJM716	BRCA	SD	27.0	27
X-2353	ELGEMTUMAB	-12.599999999999994	SD	0	-19.200000000000003	LJM716	BRCA	SD-->PD	70.84	92
X-2487	ELGEMTUMAB	3.700000000000003	SD	0	18.5	LJM716	BRCA	SD-->PD	33.73015873015873	46
X-2524	ELGEMTUMAB	94.125	PD	0	664.5	LJM716	BRCA	PD	8.032432432432433	23
X-2640	ELGEMTUMAB	-14.075000000000003	SD	0	-11.799999999999997	LJM716	BRCA	SD-->PD	105.0	105
X-2780	ELGEMTUMAB	36.16	PD	0	304.3	LJM716	BRCA	PD	11.912824207492795	20
X-3077	ELGEMTUMAB	-2.9166666666666714	SD	0	-17.0	LJM716	BRCA	SD-->PD	43.19234913793103	48
X-3078	ELGEMTUMAB	36.84	PD	0	184.10000000000002	LJM716	BRCA	PD	13.504398826979472	28
X-3201	ELGEMTUMAB	28.06	PD	0	223.10000000000002	LJM716	BRCA	PD	14.851396648044693	24
X-3298	ELGEMTUMAB	9.099999999999994	PD	0	66.30000000000001	LJM716	BRCA	PD	27.674603174603174	46
X-3450	ELGEMTUMAB	-58.66842105263158	PR	1	-88.3	LJM716	BRCA	PR	61.0	61
X-3468	ELGEMTUMAB	-0.2599999999999909	SD	0	-1.0999999999999943	LJM716	BRCA	SD-->PD	35.95940959409594	70
X-3697	ELGEMTUMAB	4.450000000000003	PD	0	101.19999999999999	LJM716	BRCA	PD	19.92087912087912	36
X-3873	ELGEMTUMAB	-3.739999999999995	SD	0	-9.299999999999997	LJM716	BRCA	SD-->PD	33.9800796812749	70
X-4347	ELGEMTUMAB	43.5	PD	0	119.9	LJM716	BRCA	PD	18.51870324189526	49
X-4567	ELGEMTUMAB	-15.22	SD	0	-21.299999999999997	LJM716	BRCA	SD-->-->PD	104.0	104
X-4824	ELGEMTUMAB	10.72	PD	0	50.69999999999999	LJM716	BRCA	PD	35.371428571428574	37
X-4888	ELGEMTUMAB	52.67500000000001	PD	0	136.8	LJM716	BRCA	PD	10.76140350877193	35
X-4949	ELGEMTUMAB	26.459999999999994	PD	0	134.1	LJM716	BRCA	PD	18.001953125	34
X-5249	ELGEMTUMAB	-8.176000000000002	SD	0	-81.2	LJM716	BRCA	SD	13.475409836065573	91
X-5355	ELGEMTUMAB	19.599999999999994	PD	0	164.10000000000002	LJM716	BRCA	PD	18.951248513674198	39
X-5502	ELGEMTUMAB	4.299999999999997	PD	0	71.0	LJM716	BRCA	PD	27.748837209302323	39
X-5975	ELGEMTUMAB	19.72	PD	0	135.3	LJM716	BRCA	PD	18.466507177033492	21
X-6047	ELGEMTUMAB	85.57499999999999	PD	0	383.4	LJM716	BRCA	PD	6.82442748091603	21
X-007	ELGEMTUMAB + TRASTUZUMAB	265.46000000000004	PD	0	545.6	LJM716 + trastuzumab	GC	PD	3.0	13
X-010	ELGEMTUMAB + TRASTUZUMAB	53.139999999999986	PD	0	185.2	LJM716 + trastuzumab	GC	PD	12.88219178082192	48
X-011	ELGEMTUMAB + TRASTUZUMAB	28.775000000000006	PD	0	150.7	LJM716 + trastuzumab	GC	PD	15.621900826446282	30
X-015	ELGEMTUMAB + TRASTUZUMAB	2.0	PD	0	108.9	LJM716 + trastuzumab	GC	PD	17.488372093023255	27
X-017	ELGEMTUMAB + TRASTUZUMAB	38.650000000000006	PD	0	57.80000000000001	LJM716 + trastuzumab	GC	PD	22.92378752886836	27
X-020	ELGEMTUMAB + TRASTUZUMAB	14.940000000000012	SD	0	15.099999999999994	LJM716 + trastuzumab	GC	SD	14.0	14
X-025	ELGEMTUMAB + TRASTUZUMAB	-9.079999999999998	SD	0	-27.0	LJM716 + trastuzumab	GC	SD-->PD	45.58878504672897	51
X-028	ELGEMTUMAB + TRASTUZUMAB	-19.549999999999997	SD	0	-24.900000000000006	LJM716 + trastuzumab	GC	SD	54.0	54
X-029	ELGEMTUMAB + TRASTUZUMAB	51.150000000000006	PD	0	302.5	LJM716 + trastuzumab	GC	PD	12.427868852459016	33
X-031	ELGEMTUMAB + TRASTUZUMAB	55.02000000000001	PD	0	194.3	LJM716 + trastuzumab	GC	PD	11.26691042047532	23
X-034	ELGEMTUMAB + TRASTUZUMAB	23.39999999999999	PD	0	81.30000000000001	LJM716 + trastuzumab	GC	PD	21.931693989071036	35
X-035	ELGEMTUMAB + TRASTUZUMAB	3.0999999999999943	PD	0	36.80000000000001	LJM716 + trastuzumab	GC	PD	31.0	31
X-037	ELGEMTUMAB + TRASTUZUMAB	45.95999999999998	PD	0	192.2	LJM716 + trastuzumab	GC	PD	12.127134724857685	23
X-038	ELGEMTUMAB + TRASTUZUMAB	30.120000000000005	PD	0	98.9	LJM716 + trastuzumab	GC	PD	16.43935309973046	52
X-056	ELGEMTUMAB + TRASTUZUMAB	31.74000000000001	PD	0	66.6	LJM716 + trastuzumab	GC	PD	22.500000000000004	48
X-057	ELGEMTUMAB + TRASTUZUMAB	28.45999999999998	PD	0	239.2	LJM716 + trastuzumab	GC	PD	14.467741935483872	29
X-064	ELGEMTUMAB + TRASTUZUMAB	95.975	PD	0	293.9	LJM716 + trastuzumab	GC	PD	8.681335356600911	20
X-065	ELGEMTUMAB + TRASTUZUMAB	-52.7	CR	1	-100.0	LJM716 + trastuzumab	GC	CR	86.0	86
X-067	ELGEMTUMAB + TRASTUZUMAB	33.640000000000015	PD	0	127.4	LJM716 + trastuzumab	GC	PD	17.933634992458522	34
X-075	ELGEMTUMAB + TRASTUZUMAB	1.2249999999999943	SD	0	2.799999999999997	LJM716 + trastuzumab	GC	SD-->PD	29.0	29
X-077	ELGEMTUMAB + TRASTUZUMAB	35.84	PD	0	156.5	LJM716 + trastuzumab	GC	PD	15.250000000000002	21
X-084	ELGEMTUMAB + TRASTUZUMAB	20.325000000000003	PD	0	67.9	LJM716 + trastuzumab	GC	PD	28.675	36
X-089	ELGEMTUMAB + TRASTUZUMAB	63.67500000000001	PD	0	218.0	LJM716 + trastuzumab	GC	PD	7.3141592920353995	22
X-090	ELGEMTUMAB + TRASTUZUMAB	-34.09	PR	1	-75.7	LJM716 + trastuzumab	GC	PR	33.0	33
X-091	ELGEMTUMAB + TRASTUZUMAB	3.7750000000000057	SD	0	2.299999999999997	LJM716 + trastuzumab	GC	SD-->PD	106.0	106
X-096	ELGEMTUMAB + TRASTUZUMAB	43.344444444444434	PD	0	34.400000000000006	LJM716 + trastuzumab	GC	PD	28.0	28
X-097	ELGEMTUMAB + TRASTUZUMAB	26.650000000000006	PD	0	207.10000000000002	LJM716 + trastuzumab	GC	PD	13.403326403326403	33
X-098	ELGEMTUMAB + TRASTUZUMAB	24.633333333333326	PD	0	134.3	LJM716 + trastuzumab	GC	PD	15.940256045519202	51
X-099	ELGEMTUMAB + TRASTUZUMAB	-50.05384615384616	PR	1	-80.1	LJM716 + trastuzumab	GC	PR-->PD	73.55284552845528	74
X-1004	ELGEMTUMAB + TRASTUZUMAB	7.099999999999994	SD	0	5.5	LJM716 + trastuzumab	BRCA	SD-->PD	26.704918032786885	34
X-1008	ELGEMTUMAB + TRASTUZUMAB	-47.41578947368421	PR	1	-78.9	LJM716 + trastuzumab	BRCA	PR-->PD	95.84665226781857	125
X-102	ELGEMTUMAB + TRASTUZUMAB	-66.38571428571429	CR	1	-100.0	LJM716 + trastuzumab	GC	CR	115.0	115
X-114	ELGEMTUMAB + TRASTUZUMAB	-52.092	PR	1	-72.6	LJM716 + trastuzumab	GC	PR-->-->PD	105.0	105
X-118	ELGEMTUMAB + TRASTUZUMAB	-31.147368421052633	PR	1	-86.8	LJM716 + trastuzumab	GC	PR-->PD	20.243478260869566	154
X-119	ELGEMTUMAB + TRASTUZUMAB	160.675	PD	0	644.4	LJM716 + trastuzumab	GC	PD	3.627930682976554	17
X-127	ELGEMTUMAB + TRASTUZUMAB	31.17500000000001	PD	0	120.69999999999999	LJM716 + trastuzumab	GC	PD	17.339331619537276	33
X-128	ELGEMTUMAB + TRASTUZUMAB	-12.875	SD	0	-46.4	LJM716 + trastuzumab	GC	SD-->PD	47.0	47
X-1286	ELGEMTUMAB + TRASTUZUMAB	23.340000000000003	PD	0	97.0	LJM716 + trastuzumab	BRCA	PD	20.19736842105263	49
X-129	ELGEMTUMAB + TRASTUZUMAB	29.69999999999999	PD	0	92.6	LJM716 + trastuzumab	GC	PD	20.847790507364977	31
X-1298	ELGEMTUMAB + TRASTUZUMAB	0.519999999999996	PD	0	128.4	LJM716 + trastuzumab	BRCA	PD	18.116239316239316	29
X-131	ELGEMTUMAB + TRASTUZUMAB	92.14000000000001	PD	0	381.7	LJM716 + trastuzumab	GC	PD	6.590636254501801	20
X-1371	ELGEMTUMAB + TRASTUZUMAB	25.820000000000007	PD	0	197.8	LJM716 + trastuzumab	BRCA	PD	14.1875	34
X-138	ELGEMTUMAB + TRASTUZUMAB	22.05000000000001	PD	0	60.19999999999999	LJM716 + trastuzumab	GC	PD	30.0	30
X-1383	ELGEMTUMAB + TRASTUZUMAB	45.31999999999999	PD	0	113.80000000000001	LJM716 + trastuzumab	BRCA	PD	12.970660146699267	41
X-1407	ELGEMTUMAB + TRASTUZUMAB	0.2599999999999909	SD	0	25.900000000000006	LJM716 + trastuzumab	BRCA	SD-->PD	33.10126582278481	55
X-1468	ELGEMTUMAB + TRASTUZUMAB	7.140000000000015	SD	0	5.200000000000003	LJM716 + trastuzumab		SD-->PD	29.761904761904763	56
X-154	ELGEMTUMAB + TRASTUZUMAB	99.54000000000002	PD	0	355.3	LJM716 + trastuzumab	GC	PD	7.288956127080182	23
X-158	ELGEMTUMAB + TRASTUZUMAB	-2.4399999999999977	PD	0	95.1	LJM716 + trastuzumab	GC	PD	23.0	23
X-160	ELGEMTUMAB + TRASTUZUMAB	1.9399999999999977	SD	0	-2.299999999999997	LJM716 + trastuzumab	GC	SD-->PD	29.84837545126354	55
X-1600	ELGEMTUMAB + TRASTUZUMAB	53.400000000000006	PD	0	318.2	LJM716 + trastuzumab	BRCA	PD	11.199370409233998	21
X-161	ELGEMTUMAB + TRASTUZUMAB	18.299999999999997	PD	0	116.9	LJM716 + trastuzumab	GC	PD	19.116504854368934	52
X-1631	ELGEMTUMAB + TRASTUZUMAB	77.57499999999999	PD	0	397.2	LJM716 + trastuzumab	BRCA	PD	7.61408657373441	20
X-165	ELGEMTUMAB + TRASTUZUMAB	11.320000000000007	SD	0	-6.299999999999997	LJM716 + trastuzumab	GC	SD-->PD	25.906976744186046	80
X-166	ELGEMTUMAB + TRASTUZUMAB	17.049999999999997	PD	0	116.80000000000001	LJM716 + trastuzumab	GC	PD	20.425	38
X-171	ELGEMTUMAB + TRASTUZUMAB	44.80000000000001	PD	0	311.7	LJM716 + trastuzumab	GC	PD	12.871621621621623	24
X-1828	ELGEMTUMAB + TRASTUZUMAB	6.450000000000003	SD	0	13.799999999999997	LJM716 + trastuzumab	BRCA	SD-->PD	51.909090909090914	70
X-1832	ELGEMTUMAB + TRASTUZUMAB	172.94	PD	0	893.3	LJM716 + trastuzumab	BRCA	PD	4.836516424751719	22
X-1916	ELGEMTUMAB + TRASTUZUMAB	-39.010000000000005	PR	1	-50.7	LJM716 + trastuzumab	BRCA	PR-->PD	56.61052631578947	83
X-1921	ELGEMTUMAB + TRASTUZUMAB	51.44	PD	0	138.9	LJM716 + trastuzumab	BRCA	PD	14.275488069414315	48
X-2195	ELGEMTUMAB + TRASTUZUMAB	62.34	PD	0	244.0	LJM716 + trastuzumab	BRCA	PD	11.660869565217391	28
X-2344	ELGEMTUMAB + TRASTUZUMAB	-27.400000000000006	PR	1	-92.1	LJM716 + trastuzumab	BRCA	PR	28.0	28
X-2353	ELGEMTUMAB + TRASTUZUMAB	13.679999999999993	SD	0	20.099999999999994	LJM716 + trastuzumab	BRCA	SD-->PD	38.30588235294118	91
X-2487	ELGEMTUMAB + TRASTUZUMAB	26.140000000000015	PD	0	96.19999999999999	LJM716 + trastuzumab	BRCA	PD	20.273135669362084	41
X-2524	ELGEMTUMAB + TRASTUZUMAB	60.18000000000001	PD	0	462.9	LJM716 + trastuzumab	BRCA	PD	9.52764423076923	28
X-2640	ELGEMTUMAB + TRASTUZUMAB	19.24000000000001	PD	0	40.30000000000001	LJM716 + trastuzumab	BRCA	PD	62.95483870967742	97
X-2780	ELGEMTUMAB + TRASTUZUMAB	29.859999999999985	PD	0	162.8	LJM716 + trastuzumab	BRCA	PD	14.680851063829786	34
X-3077	ELGEMTUMAB + TRASTUZUMAB	-45.1	PR	1	-71.1	LJM716 + trastuzumab	BRCA	PR-->PD	55.31351351351351	63
X-3078	ELGEMTUMAB + TRASTUZUMAB	14.78	PD	0	78.80000000000001	LJM716 + trastuzumab	BRCA	PD	26.01418439716312	34
X-3201	ELGEMTUMAB + TRASTUZUMAB	49.025000000000006	PD	0	140.6	LJM716 + trastuzumab	BRCA	PD	12.007233273056057	34
X-3298	ELGEMTUMAB + TRASTUZUMAB	25.620000000000005	PD	0	55.0	LJM716 + trastuzumab	BRCA	PD	34.795180722891565	83
X-3450	ELGEMTUMAB + TRASTUZUMAB	-25.875	PR	1	-57.5	LJM716 + trastuzumab	BRCA	PR	38.0	38
X-3468	ELGEMTUMAB + TRASTUZUMAB	1.8500000000000085	SD	0	-5.0	LJM716 + trastuzumab	BRCA	SD-->PD	59.47887323943662	91
X-3697	ELGEMTUMAB + TRASTUZUMAB	-7.420000000000002	PD	0	56.099999999999994	LJM716 + trastuzumab	BRCA	PD	29.236628849270666	41
X-3873	ELGEMTUMAB + TRASTUZUMAB	-3.8999999999999915	SD	0	-6.700000000000003	LJM716 + trastuzumab	BRCA	SD	31.0	31
X-4347	ELGEMTUMAB + TRASTUZUMAB	18.25	PD	0	124.6	LJM716 + trastuzumab	BRCA	PD	18.99317871759891	48
X-4567	ELGEMTUMAB + TRASTUZUMAB	-91.752	CR	1	-100.0	LJM716 + trastuzumab	BRCA	CR	90.0	90
X-4824	ELGEMTUMAB + TRASTUZUMAB	-13.285714285714292	SD	0	-28.799999999999997	LJM716 + trastuzumab	BRCA	SD	92.0	92
X-4888	ELGEMTUMAB + TRASTUZUMAB	19.120000000000005	PD	0	107.4	LJM716 + trastuzumab	BRCA	PD	19.204301075268816	90
X-4949	ELGEMTUMAB + TRASTUZUMAB	17.379999999999995	PD	0	139.0	LJM716 + trastuzumab	BRCA	PD	18.620283018867923	34
X-5249	ELGEMTUMAB + TRASTUZUMAB	93.79999999999998	PD	0	343.3	LJM716 + trastuzumab	BRCA	PD	3.0	20
X-5355	ELGEMTUMAB + TRASTUZUMAB	95.28	PD	0	277.4	LJM716 + trastuzumab	BRCA	PD	7.537190082644628	20
X-5502	ELGEMTUMAB + TRASTUZUMAB	19.679999999999993	PD	0	76.4	LJM716 + trastuzumab	BRCA	PD	25.30612244897959	49
X-6047	ELGEMTUMAB + TRASTUZUMAB	86.6	PD	0	339.1	LJM716 + trastuzumab	BRCA	PD	7.083491461100569	14
X-0933	ENCORAFENIB	7.3999999999999915	SD	0	22.400000000000006	encorafenib	CRC	SD	27.0	27
X-1027	ENCORAFENIB	157.98000000000002	PD	0	793.0	encorafenib	CRC	PD	5.225721784776903	21
X-1055	ENCORAFENIB	20.924999999999997	PD	0	52.900000000000006	encorafenib	CRC	PD	28.09825327510917	35
X-1119	ENCORAFENIB	96.57999999999998	PD	0	416.9	encorafenib	CRC	PD	7.916102841677944	23
X-1167	ENCORAFENIB	12.825000000000003	PD	0	305.6	encorafenib	CRC	PD	16.892307692307693	32
X-1173	ENCORAFENIB	82.19999999999999	PD	0	730.5	encorafenib	CRC	PD	6.224387177875549	24
X-1270	ENCORAFENIB	33.06	PD	0	130.3	encorafenib	CRC	PD	16.729903536977492	27
X-1290	ENCORAFENIB	88.42500000000001	PD	0	738.0	encorafenib	CRC	PD	8.421663442940039	17
X-1303	ENCORAFENIB	59.19999999999999	PD	0	189.7	encorafenib	CRC	PD	7.816234498308907	23
X-1329	ENCORAFENIB	9.275000000000006	SD	0	4.0	encorafenib	CRC	SD-->PD	44.986111111111114	61
X-1441	ENCORAFENIB	42.359999999999985	PD	0	81.5	encorafenib	CRC	PD	26.839912280701753	45
X-1443	ENCORAFENIB	50.599999999999994	PD	0	125.1	encorafenib	CRC	PD	13.038054968287527	29
X-1479	ENCORAFENIB	7.420000000000002	PD	0	100.1	encorafenib	CRC	PD	19.990825688073397	31
X-1500	ENCORAFENIB	119.30000000000001	PD	0	264.9	encorafenib	CRC	PD	4.986899563318778	29
X-1536	ENCORAFENIB	35.74000000000001	PD	0	146.9	encorafenib	CRC	PD	13.373770491803278	41
X-1538	ENCORAFENIB	0.625	SD	0	0.7999999999999972	encorafenib	CRC	SD-->PD	32.0	32
X-1655	ENCORAFENIB	69.78	PD	0	362.8	encorafenib	CM	PD	9.4004004004004	32
X-1855	ENCORAFENIB	10.166666666666671	PD	0	91.1	encorafenib	CRC	PD	21.65454545454545	84
X-1906	ENCORAFENIB	-89.459375	CR	1	-100.0	encorafenib	CM	CR-->-->PD	217.4878048780488	315
X-2145	ENCORAFENIB	0.2666666666666657	SD	0	-10.299999999999997	encorafenib	CRC	SD-->PD	56.78842315369261	63
X-2163	ENCORAFENIB	22.08	PD	0	89.6	encorafenib	CM	PD	27.004830917874397	30
X-2182	ENCORAFENIB	304.025	PD	0	755.5	encorafenib	CRC	PD	3.0	10
X-2239	ENCORAFENIB	26.42	PD	0	81.0	encorafenib	CRC	PD	30.386138613861387	47
X-2306	ENCORAFENIB	26.674999999999997	PD	0	145.4	encorafenib	CM	PD	15.90990990990991	28
X-2374	ENCORAFENIB	78.625	PD	0	375.9	encorafenib	CRC	PD	10.396174863387978	21
X-2403	ENCORAFENIB	114.69999999999999	PD	0	473.0	encorafenib	CRC	PD	4.329490874159462	24
X-2483	ENCORAFENIB	9.5	SD	0	19.900000000000006	encorafenib	CRC	SD-->-->PD	89.0	89
X-2484	ENCORAFENIB	29.5	PD	0	180.89999999999998	encorafenib	CRC	PD	15.907032181168058	27
X-2538	ENCORAFENIB	28.17500000000001	PD	0	172.7	encorafenib	CRC	PD	16.115384615384617	28
X-2573	ENCORAFENIB	40.875	PD	0	89.5	encorafenib	CRC	PD	23.0	23
X-2602	ENCORAFENIB	9.62666666666668	SD	0	-13.5	encorafenib	CM	SD-->PD	61.42483660130719	98
X-2613	ENCORAFENIB	-39.349999999999994	SD	0	-36.6	encorafenib	CM	SD-->PD	92.6	93
X-2659	ENCORAFENIB	50.81999999999999	PD	0	150.6	encorafenib	CRC	PD	10.546448087431694	23
X-2700	ENCORAFENIB	63.38	PD	0	215.60000000000002	encorafenib	CM	PD	10.389728096676738	27
X-2723	ENCORAFENIB	65.19999999999999	PD	0	172.60000000000002	encorafenib	CM	PD	8.792452830188681	23
X-2753	ENCORAFENIB	50.724999999999994	PD	0	347.9	encorafenib	CM	PD	9.515662650602408	25
X-2822	ENCORAFENIB	30.400000000000006	PD	0	157.10000000000002	encorafenib	CRC	PD	16.42014742014742	40
X-2838	ENCORAFENIB	6.5	SD	0	-14.5	encorafenib	CM	SD-->PD	47.71742957746479	57
X-2846	ENCORAFENIB	-12.349999999999994	PD	0	55.0	encorafenib	CRC	PD	34.473684210526315	46
X-2861	ENCORAFENIB	76.15	PD	0	240.60000000000002	encorafenib	CRC	PD	6.684444444444441	39
X-2921	ENCORAFENIB	252.825	PD	0	738.1	encorafenib	CM	PD	5.0	22
X-2992	ENCORAFENIB	-13.939999999999998	PD	0	90.69999999999999	encorafenib	CM	PD	21.0	21
X-3093	ENCORAFENIB	70.01999999999998	PD	0	528.9	encorafenib	CRC	PD	9.385964912280702	20
X-3127	ENCORAFENIB	11.400000000000006	SD	0	11.099999999999994	encorafenib	CM	SD-->PD	43.0	43
X-3205	ENCORAFENIB	173.14	PD	0	602.4	encorafenib	CRC	PD	3.3193681318681323	22
X-3211	ENCORAFENIB	-33.587500000000006	PR	1	-52.1	encorafenib	CM	PR-->-->PD	142.0	142
X-3224	ENCORAFENIB	19.974999999999994	PD	0	59.900000000000006	encorafenib	CRC	PD	23.253549695740364	24
X-3267	ENCORAFENIB	4.700000000000003	SD	0	-2.5999999999999943	encorafenib	CRC	SD-->PD	34.17831813576495	38
X-3483	ENCORAFENIB	-92.48275862068965	CR	1	-100.0	encorafenib	CM	CR-->-->PD	148.87385321100916	150
X-3486	ENCORAFENIB	272.15999999999997	PD	0	737.2	encorafenib	CM	PD	4.0	16
X-3503	ENCORAFENIB	22.140000000000015	PD	0	116.0	encorafenib	CM	PD	15.90438247011952	22
X-3676	ENCORAFENIB	47.380000000000024	PD	0	330.6	encorafenib	CM	PD	12.125279642058166	21
X-3746	ENCORAFENIB	-67.87058823529412	CR	1	-100.0	encorafenib	CM	CR-->-->PD	91.76939426142401	98
X-3773	ENCORAFENIB	1.7249999999999943	SD	0	-22.0	encorafenib	CM	SD-->PD	28.992366412213737	43
X-3792	ENCORAFENIB	188.85000000000002	PD	0	727.1	encorafenib	CRC	PD	4.0	21
X-3851	ENCORAFENIB	49.74000000000001	PD	0	216.10000000000002	encorafenib	CM	PD	10.815939278937382	26
X-3880	ENCORAFENIB	36.60000000000002	PD	0	63.5	encorafenib	CM	PD	24.0	24
X-4087	ENCORAFENIB	17.83333333333333	SD	0	33.599999999999994	encorafenib	CRC	SD	6.0	6
X-4157	ENCORAFENIB	18.42	PD	0	106.19999999999999	encorafenib	CM	PD	19.515625	28
X-4339	ENCORAFENIB	30.5	PD	0	89.69999999999999	encorafenib	CM	PD	16.515873015873016	46
X-4426	ENCORAFENIB	108.14000000000001	PD	0	369.1	encorafenib	CM	PD	7.482059282371295	20
X-4455	ENCORAFENIB	51.5	PD	0	259.9	encorafenib	CM	PD	10.45800933125972	23
X-4530	ENCORAFENIB	49.05000000000001	PD	0	199.2	encorafenib	CM	PD	12.669014084507042	22
X-4538	ENCORAFENIB	-7.760000000000005	SD	0	-10.400000000000006	encorafenib	CM	SD-->PD	39.0	39
X-4644	ENCORAFENIB	-52.644444444444446	PR	1	-68.0	encorafenib	CM	PR-->PD	84.02564102564102	98
X-4668	ENCORAFENIB	-7.920000000000002	PD	0	57.900000000000006	encorafenib	CM	PD	27.61111111111112	37
X-4832	ENCORAFENIB	323.92499999999995	PD	0	643.4	encorafenib	CM	PD	6.0	14
X-4849	ENCORAFENIB	43.69999999999999	PD	0	268.1	encorafenib	CM	PD	10.881656804733728	24
X-5189	ENCORAFENIB	162.05	PD	0	486.6	encorafenib	CM	PD	3.0	21
X-5254	ENCORAFENIB	77.25	PD	0	502.4	encorafenib	CRC	PD	8.464730290456432	21
X-5405	ENCORAFENIB	17.150000000000006	PD	0	258.0	encorafenib	CRC	PD	16.15505617977528	29
X-5438	ENCORAFENIB	51.0	PD	0	184.8	encorafenib	CRC	PD	10.735978112175102	58
X-5446	ENCORAFENIB	85.20000000000002	PD	0	328.8	encorafenib	CRC	PD	6.941634241245136	25
X-5494	ENCORAFENIB	27.466666666666654	PD	0	54.400000000000006	encorafenib	CRC	PD	30.87912087912088	36
X-5495	ENCORAFENIB	11.575000000000003	PD	0	132.0	encorafenib	CRC	PD	16.75094339622642	32
X-5578	ENCORAFENIB	14.349999999999994	SD	0	16.700000000000003	encorafenib	CRC	SD-->PD	24.664310954063605	42
X-1655	ENCORAFENIB + BINIMETINIB	75.625	PD	0	275.6	encorafenib + binimetinib	CM	PD	9.167048054919908	32
X-1906	ENCORAFENIB + BINIMETINIB	-96.42962962962963	CR	1	-100.0	encorafenib + binimetinib	CM	CR-->-->PD	339.0	339
X-2163	ENCORAFENIB + BINIMETINIB	20.700000000000003	PD	0	100.30000000000001	encorafenib + binimetinib	CM	PD	21.950166112956808	30
X-2306	ENCORAFENIB + BINIMETINIB	-9.657142857142858	SD	0	-21.900000000000006	encorafenib + binimetinib	CM	SD-->PD	68.0	68
X-2602	ENCORAFENIB + BINIMETINIB	-33.28333333333333	SD	0	-45.7	encorafenib + binimetinib	CM	SD-->-->PD	180.0	180
X-2613	ENCORAFENIB + BINIMETINIB	-95.00540540540541	CR	1	-100.0	encorafenib + binimetinib	CM	CR-->-->PD	391.03314571607257	394
X-2700	ENCORAFENIB + BINIMETINIB	21.099999999999994	PD	0	73.4	encorafenib + binimetinib	CM	PD	24.819787985865727	28
X-2723	ENCORAFENIB + BINIMETINIB	-55.525000000000006	PR	1	-69.0	encorafenib + binimetinib	CM	PR-->PD	171.11917098445596	229
X-2753	ENCORAFENIB + BINIMETINIB	71.5	PD	0	253.8	encorafenib + binimetinib	CM	PD	9.592592592592592	22
X-2838	ENCORAFENIB + BINIMETINIB	33.849999999999994	PD	0	56.69999999999999	encorafenib + binimetinib	CM	PD	27.0	27
X-2921	ENCORAFENIB + BINIMETINIB	110.625	PD	0	410.1	encorafenib + binimetinib	CM	PD	7.144444444444444	19
X-2992	ENCORAFENIB + BINIMETINIB	-36.871428571428574	PR	1	-55.7	encorafenib + binimetinib	CM	PR-->-->PD	85.58741258741259	91
X-3127	ENCORAFENIB + BINIMETINIB	10.700000000000003	PD	0	60.19999999999999	encorafenib + binimetinib	CM	PD	65.925	121
X-3211	ENCORAFENIB + BINIMETINIB	-80.99459459459459	CR	1	-97.2	encorafenib + binimetinib	CM	CR-->-->PD	211.0	211
X-3483	ENCORAFENIB + BINIMETINIB	-96.384	CR	1	-100.0	encorafenib + binimetinib	CM	CR	272.0	272
X-3486	ENCORAFENIB + BINIMETINIB	19.08	PD	0	90.5	encorafenib + binimetinib	CM	PD	23.0	23
X-3503	ENCORAFENIB + BINIMETINIB	6.5	PD	0	52.69999999999999	encorafenib + binimetinib	CM	PD	40.32374100719424	53
X-3676	ENCORAFENIB + BINIMETINIB	-27.72	SD	0	-44.9	encorafenib + binimetinib	CM	SD-->PD	56.77852348993289	60
X-3746	ENCORAFENIB + BINIMETINIB	-94.77234042553192	CR	1	-100.0	encorafenib + binimetinib	CM	CR	253.0	253
X-3773	ENCORAFENIB + BINIMETINIB	6.780000000000001	SD	0	6.900000000000006	encorafenib + binimetinib	CM	SD-->PD	36.981675392670155	39
X-3851	ENCORAFENIB + BINIMETINIB	40.66666666666666	PD	0	254.5	encorafenib + binimetinib	CM	PD	9.996587030716725	25
X-3880	ENCORAFENIB + BINIMETINIB	-8.47999999999999	SD	0	-17.799999999999997	encorafenib + binimetinib	CM	SD-->PD	87.0	87
X-4157	ENCORAFENIB + BINIMETINIB	-8.049999999999997	SD	0	-33.5	encorafenib + binimetinib	CM	SD-->PD	66.58701298701298	87
X-4339	ENCORAFENIB + BINIMETINIB	17.049999999999997	PD	0	81.30000000000001	encorafenib + binimetinib	CM	PD	31.714285714285715	47
X-4426	ENCORAFENIB + BINIMETINIB	122.64000000000001	PD	0	614.7	encorafenib + binimetinib	CM	PD	5.828025477707007	19
X-4455	ENCORAFENIB + BINIMETINIB	88.0	PD	0	479.5	encorafenib + binimetinib	CM	PD	7.489953632148377	21
X-4530	ENCORAFENIB + BINIMETINIB	-52.74285714285714	PR	1	-82.1	encorafenib + binimetinib	CM	PR-->PD	48.473099914602905	65
X-4538	ENCORAFENIB + BINIMETINIB	-72.23333333333333	PR	1	-89.7	encorafenib + binimetinib	CM	PR-->-->PD	182.0	182
X-4644	ENCORAFENIB + BINIMETINIB	-95.44878048780488	CR	1	-100.0	encorafenib + binimetinib	CM	CR	237.0	237
X-4668	ENCORAFENIB + BINIMETINIB	-19.36363636363636	SD	0	-30.700000000000003	encorafenib + binimetinib	CM	SD-->PD	101.15625	105
X-4832	ENCORAFENIB + BINIMETINIB	59.349999999999994	PD	0	212.5	encorafenib + binimetinib	CM	PD	9.45318352059925	22
X-4849	ENCORAFENIB + BINIMETINIB	4.8500000000000085	SD	0	-8.400000000000006	encorafenib + binimetinib	CM	SD-->PD	77.0	77
X-5189	ENCORAFENIB + BINIMETINIB	-34.514285714285705	PR	1	-56.8	encorafenib + binimetinib	CM	PR-->PD	58.0	58
X-1156	ERLOTINIB	130.42000000000002	PD	0	486.5	erlotinib	NSCLC	PD	4.097370291400142	20
X-1172	ERLOTINIB	46.099999999999994	PD	0	186.39999999999998	erlotinib	NSCLC	PD	8.553166069295102	14
X-1189	ERLOTINIB	-74.10357142857143	CR	1	-100.0	erlotinib	NSCLC	CR	99.0	99
X-1228	ERLOTINIB	-39.17999999999999	SD	0	-46.6	erlotinib	NSCLC	SD-->PD	94.0	94
X-1323	ERLOTINIB	-4.299999999999997	PD	0	127.69999999999999	erlotinib	NSCLC	PD	19.82127659574468	41
X-1442	ERLOTINIB	0.04999999999999716	SD	0	13.599999999999994	erlotinib	NSCLC	SD	11.0	11
X-1499	ERLOTINIB	98.84	PD	0	307.7	erlotinib	NSCLC	PD	9.435779816513762	15
X-1586	ERLOTINIB	-23.349999999999994	SD	0	-46.5	erlotinib	NSCLC	SD	19.0	19
X-1658	ERLOTINIB	-65.08461538461538	PR	1	-80.3	erlotinib	NSCLC	PR	88.0	88
X-1683	ERLOTINIB	-56.24444444444444	PR	1	-69.6	erlotinib	NSCLC	PR	25.0	25
X-1725	ERLOTINIB	-16.1875	SD	0	-33.099999999999994	erlotinib	NSCLC	SD	17.0	17
X-1787	ERLOTINIB	95.0	PD	0	225.3	erlotinib	NSCLC	PD	4.180897250361795	30
X-1823	ERLOTINIB	36.16666666666666	PD	0	522.0	erlotinib	NSCLC	PD	11.25	25
X-1834	ERLOTINIB	10.099999999999994	SD	0	-2.9000000000000057	erlotinib	NSCLC	SD-->PD	24.835236541598693	68
X-1835	ERLOTINIB	-5.5	SD	0	-12.0	erlotinib	NSCLC	SD-->PD	41.99702675916749	76
X-1869	ERLOTINIB	230.76666666666665	PD	0	527.5	erlotinib	NSCLC	PD	3.0	7
X-1870	ERLOTINIB	-14.566666666666663	SD	0	-23.0	erlotinib	NSCLC	SD-->PD	34.8	40
X-1934	ERLOTINIB	96.35	PD	0	218.39999999999998	erlotinib	NSCLC	PD	3.3305369127516777	7
X-1980	ERLOTINIB	4.359999999999985	SD	0	1.0	erlotinib	NSCLC	SD-->PD	21.66760247052218	35
X-1993	ERLOTINIB	-2.299999999999997	PD	0	185.0	erlotinib	NSCLC	PD	17.70472440944882	28
X-2017	ERLOTINIB	45.32499999999999	PD	0	103.6	erlotinib	NSCLC	PD	19.596658711217184	50
X-2042	ERLOTINIB	-23.60000000000001	SD	0	-37.4	erlotinib	NSCLC	SD	15.0	15
X-2082	ERLOTINIB	1.1666666666666714	SD	0	-27.599999999999994	erlotinib	NSCLC	SD-->PD	41.60572337042925	47
X-2088	ERLOTINIB	93.56666666666669	PD	0	160.5	erlotinib	NSCLC	PD	4.0	8
X-2094	ERLOTINIB	102.88000000000002	PD	0	494.29999999999995	erlotinib	NSCLC	PD	6.260579064587972	20
X-3029	ERLOTINIB	-51.69583333333333	PR	1	-72.8	erlotinib	NSCLC	PR	96.0	96
X-3237	ERLOTINIB	8.075000000000003	PD	0	69.5	erlotinib	NSCLC	PD	25.68580060422961	54
X-3843	ERLOTINIB	79.975	PD	0	322.0	erlotinib	NSCLC	PD	7.563279857397505	29
X-4819	ERLOTINIB	297.23333333333335	PD	0	553.9	erlotinib	NSCLC	PD	3.0	5
X-007	EVEROLIMUS	68.125	PD	0	193.10000000000002	everolimus	GC	PD	7.405172413793103	33
X-010	EVEROLIMUS	33.33333333333334	PD	0	140.0	everolimus	GC	PD	16.497737556561084	38
X-011	EVEROLIMUS	20.25	PD	0	63.0	everolimus	GC	PD	29.0	29
X-015	EVEROLIMUS	28.099999999999994	PD	0	114.4	everolimus	GC	PD	18.397590361445783	52
X-017	EVEROLIMUS	9.525000000000006	SD	0	8.5	everolimus	GC	SD-->PD	48.27455919395466	141
X-020	EVEROLIMUS	46.400000000000006	PD	0	141.9	everolimus	GC	PD	14.424242424242424	44
X-023	EVEROLIMUS	-41.7375	PR	1	-66.6	everolimus	GC	PR-->PD	91.0	91
X-024	EVEROLIMUS	8.150000000000006	SD	0	-13.299999999999997	everolimus	GC	SD-->PD	122.0	122
X-025	EVEROLIMUS	12.575000000000003	SD	0	6.0	everolimus	GC	SD-->PD	119.52290076335878	125
X-028	EVEROLIMUS	0.09999999999999432	SD	0	2.5999999999999943	everolimus	GC	SD-->PD	33.0	33
X-029	EVEROLIMUS	34.30000000000001	PD	0	167.10000000000002	everolimus	GC	PD	14.473061760840999	18
X-031	EVEROLIMUS	18.700000000000003	SD	0	24.299999999999997	everolimus	GC	SD	47.642857142857146	93
X-034	EVEROLIMUS	4.944444444444443	SD	0	-15.0	everolimus	GC	SD-->-->PD	266.0	266
X-035	EVEROLIMUS	-52.08	PR	1	-84.4	everolimus	GC	PR-->-->PD	138.0635838150289	148
X-037	EVEROLIMUS	20.69999999999999	PD	0	48.80000000000001	everolimus	GC	PD	33.45454545454545	85
X-038	EVEROLIMUS	-25.00645161290322	PR	1	-56.7	everolimus	GC	PR-->PD	129.0	129
X-039	EVEROLIMUS	11.683333333333337	SD	0	0.7000000000000028	everolimus	GC	SD-->PD	28.85960591133005	60
X-050	EVEROLIMUS	4.766666666666666	SD	0	1.5999999999999943	everolimus	GC	SD-->PD	31.919101123595503	76
X-056	EVEROLIMUS	13.433333333333337	PD	0	69.6	everolimus	GC	PD	23.338461538461537	32
X-057	EVEROLIMUS	3.575000000000003	SD	0	17.299999999999997	everolimus	GC	SD-->PD	39.0	39
X-064	EVEROLIMUS	5.700000000000003	PD	0	48.30000000000001	everolimus	GC	PD	26.0	26
X-065	EVEROLIMUS	-17.12222222222222	SD	0	-39.4	everolimus	GC	SD-->PD	116.5575485799701	127
X-067	EVEROLIMUS	21.74000000000001	SD	0	16.700000000000003	everolimus	GC	SD-->PD	76.19298245614036	109
X-074	EVEROLIMUS	36.724999999999994	PD	0	99.30000000000001	everolimus	GC	PD	17.576271186440678	57
X-075	EVEROLIMUS	8.849999999999994	PD	0	142.0	everolimus	GC	PD	15.016685205784205	41
X-077	EVEROLIMUS	-23.864285714285714	SD	0	-39.6	everolimus	GC	SD	78.0	78
X-078	EVEROLIMUS	24.859999999999985	PD	0	81.4	everolimus	GC	PD	23.49698189134809	43
X-084	EVEROLIMUS	1.125	SD	0	12.099999999999994	everolimus	GC	SD-->PD	29.0	29
X-089	EVEROLIMUS	14.924999999999997	PD	0	41.400000000000006	everolimus	GC	PD	31.86363636363637	105
X-090	EVEROLIMUS	-2.6500000000000057	SD	0	-5.900000000000006	everolimus	GC	SD	33.0	33
X-091	EVEROLIMUS	-16.424999999999997	SD	0	-31.299999999999997	everolimus	GC	SD-->PD	42.893569844789354	87
X-096	EVEROLIMUS	15.328571428571422	SD	0	-12.0	everolimus	GC	SD	27.0	27
X-097	EVEROLIMUS	22.875	PD	0	60.400000000000006	everolimus	GC	PD	33.0	33
X-098	EVEROLIMUS	48.19999999999999	PD	0	95.0	everolimus	GC	PD	20.56497175141243	51
X-101	EVEROLIMUS	73.375	PD	0	365.7	everolimus	GC	PD	7.782918149466192	33
X-105	EVEROLIMUS	23.875	PD	0	141.2	everolimus	GC	PD	18.492857142857144	40
X-114	EVEROLIMUS	18.724999999999994	SD	0	31.69999999999999	everolimus	GC	SD-->PD	38.21782178217822	95
X-118	EVEROLIMUS	23.433333333333337	PD	0	102.19999999999999	everolimus	GC	PD	20.500000000000004	52
X-119	EVEROLIMUS	8.700000000000003	SD	0	11.200000000000003	everolimus	GC	SD	33.0	33
X-127	EVEROLIMUS	-15.07142857142857	SD	0	-32.2	everolimus	GC	SD-->PD	54.0	54
X-128	EVEROLIMUS	5.183333333333337	SD	0	1.2000000000000028	everolimus	GC	SD-->PD	32.0	32
X-129	EVEROLIMUS	9.420000000000002	PD	0	40.900000000000006	everolimus	GC	PD	24.0	24
X-131	EVEROLIMUS	39.775000000000006	PD	0	74.6	everolimus	GC	PD	33.0	33
X-135	EVEROLIMUS	-9.320000000000007	SD	0	-17.299999999999997	everolimus	GC	SD-->-->PD	98.0	98
X-136	EVEROLIMUS	-17.875	SD	0	-38.5	everolimus	GC	SD	84.0	84
X-137	EVEROLIMUS	102.72	PD	0	206.10000000000002	everolimus	GC	PD	6.085626911314985	13
X-138	EVEROLIMUS	15.875	PD	0	148.9	everolimus	GC	PD	17.23728813559322	37
X-141	EVEROLIMUS	-24.052173913043475	SD	0	-42.9	everolimus	GC	SD-->-->PD	118.0	118
X-142	EVEROLIMUS	-11.439999999999998	SD	0	-15.599999999999994	everolimus	GC	SD-->PD	61.539568345323744	82
X-144	EVEROLIMUS	122.625	PD	0	435.6	everolimus	GC	PD	5.203623813632442	19
X-154	EVEROLIMUS	6.320000000000007	SD	0	9.5	everolimus	GC	SD-->PD	43.43589743589744	64
X-158	EVEROLIMUS	14.679999999999993	SD	0	10.5	everolimus	GC	SD-->PD	56.48235294117647	94
X-160	EVEROLIMUS	-23.111111111111114	SD	0	-38.1	everolimus	GC	SD-->PD	130.8406374501992	152
X-161	EVEROLIMUS	14.700000000000003	PD	0	65.6	everolimus	GC	PD	37.109375	104
X-162	EVEROLIMUS	5.320000000000007	SD	0	1.7000000000000028	everolimus	GC	SD-->PD	38.625	81
X-165	EVEROLIMUS	-29.476470588235287	PR	1	-58.9	everolimus	GC	PR-->-->PD	133.01192052980133	138
X-166	EVEROLIMUS	21.30000000000001	SD	0	19.700000000000003	everolimus	GC	SD	46.0	46
X-169	EVEROLIMUS	-35.57142857142857	PR	1	-58.5	everolimus	GC	PR	27.0	27
X-171	EVEROLIMUS	29.125	PD	0	264.5	everolimus	GC	PD	13.21590909090909	22
X-177	EVEROLIMUS	50.650000000000006	PD	0	129.6	everolimus	GC	PD	9.911519198664442	53
X-007	FIGITUMUMAB	153.55	PD	0	428.70000000000005	"figitumumab"""	GC	PD	4.855973813420622	10
X-010	FIGITUMUMAB	16.28	PD	0	114.9	"figitumumab"""	GC	PD	16.209150326797385	34
X-011	FIGITUMUMAB	19.325000000000003	PD	0	133.8	"figitumumab"""	GC	PD	18.68032786885246	26
X-015	FIGITUMUMAB	-22.724999999999994	SD	0	-22.599999999999994	"figitumumab"""	GC	SD-->PD	38.44198895027624	75
X-017	FIGITUMUMAB	36.775000000000006	PD	0	58.599999999999994	"figitumumab"""	GC	PD	34.906976744186046	119
X-020	FIGITUMUMAB	38.724999999999994	PD	0	218.39999999999998	"figitumumab"""	GC	PD	11.452631578947368	29
X-025	FIGITUMUMAB	14.340000000000003	SD	0	26.900000000000006	"figitumumab"""	GC	SD-->PD	39.07407407407408	58
X-027	FIGITUMUMAB	31.333333333333343	PD	0	14.599999999999994	"figitumumab"""	GC	PD	28.0	28
X-028	FIGITUMUMAB	45.51999999999998	PD	0	151.4	"figitumumab"""	GC	PD	18.544354838709676	33
X-029	FIGITUMUMAB	144.225	PD	0	351.6	"figitumumab"""	GC	PD	5.001314060446781	11
X-031	FIGITUMUMAB	59.974999999999994	PD	0	464.5	"figitumumab"""	GC	PD	9.195071868583163	23
X-034	FIGITUMUMAB	7.400000000000006	SD	0	15.900000000000006	"figitumumab"""	GC	SD-->PD	32.0	32
X-035	FIGITUMUMAB	63.19999999999999	PD	0	294.8	"figitumumab"""	GC	PD	9.275683665927568	24
X-037	FIGITUMUMAB	38.525000000000006	PD	0	155.1	"figitumumab"""	GC	PD	15.36877523553163	43
X-038	FIGITUMUMAB	31.0	PD	0	160.89999999999998	"figitumumab"""	GC	PD	14.864516129032257	66
X-056	FIGITUMUMAB	-6.665116279069764	SD	0	-100.0	"figitumumab"""	GC	SD-->PD	18.63895486935867	209
X-057	FIGITUMUMAB	50.94999999999999	PD	0	324.7	"figitumumab"""	GC	PD	9.98220640569395	25
X-064	FIGITUMUMAB	69.80000000000001	PD	0	387.6	"figitumumab"""	GC	PD	9.21595598349381	26
X-065	FIGITUMUMAB	21.474999999999994	PD	0	106.30000000000001	"figitumumab"""	GC	PD	22.024767801857585	59
X-067	FIGITUMUMAB	6.075000000000003	PD	0	108.19999999999999	"figitumumab"""	GC	PD	24.0	66
X-075	FIGITUMUMAB	25.140000000000015	SD	0	11.0	"figitumumab"""	GC	SD-->PD	24.51768033946252	33
X-077	FIGITUMUMAB	75.10000000000002	PD	0	356.9	"figitumumab"""	GC	PD	9.068571428571428	32
X-084	FIGITUMUMAB	48.375	PD	0	301.7	"figitumumab"""	GC	PD	11.67741935483871	25
X-089	FIGITUMUMAB	31.57499999999999	PD	0	202.5	"figitumumab"""	GC	PD	14.322761194029852	28
X-090	FIGITUMUMAB	-4.260000000000005	PD	0	60.69999999999999	"figitumumab"""	GC	PD	25.622119815668203	33
X-091	FIGITUMUMAB	-4.174999999999997	SD	0	-4.799999999999997	"figitumumab"""	GC	SD-->PD	53.02781641168289	69
X-096	FIGITUMUMAB	62.30000000000001	PD	0	286.6	"figitumumab"""	GC	PD	11.42528735632184	24
X-097	FIGITUMUMAB	72.75999999999999	PD	0	285.7	"figitumumab"""	GC	PD	8.391752577319586	26
X-098	FIGITUMUMAB	34.33333333333334	PD	0	0.4000000000000057	"figitumumab"""	GC	PD	57.47953216374269	75
X-099	FIGITUMUMAB	-2.219999999999999	SD	0	-1.0	"figitumumab"""	GC	SD-->PD	39.51082251082251	78
X-0991	FIGITUMUMAB	-5.5	SD	0	-22.5	"figitumumab"""	PDAC	SD-->PD	56.371134020618555	91
X-118	FIGITUMUMAB	180.05	PD	0	382.7	"figitumumab"""	GC	PD	7.0	14
X-119	FIGITUMUMAB	131.5	PD	0	378.3	"figitumumab"""	GC	PD	4.0	18
X-1199	FIGITUMUMAB	186.89999999999998	PD	0	258.6	"figitumumab"""	PDAC	PD	3.245136186770428	27
X-127	FIGITUMUMAB	14.140000000000015	SD	0	-7.900000000000006	"figitumumab"""	GC	SD-->PD	29.131147540983605	33
X-128	FIGITUMUMAB	31.95999999999998	PD	0	204.39999999999998	"figitumumab"""	GC	PD	14.824561403508772	24
X-1289	FIGITUMUMAB	73.92500000000001	PD	0	337.8	"figitumumab"""	PDAC	PD	8.198895027624308	22
X-129	FIGITUMUMAB	57.78	PD	0	189.60000000000002	"figitumumab"""	GC	PD	9.585774058577407	24
X-131	FIGITUMUMAB	57.94999999999999	PD	0	172.2	"figitumumab"""	GC	PD	8.31406888499708	10
X-1317	FIGITUMUMAB	40.16	PD	0	112.1	"figitumumab"""	PDAC	PD	15.756380510440835	33
X-1362	FIGITUMUMAB	10.266666666666666	PD	0	60.0	"figitumumab"""	PDAC	PD	44.959349593495936	88
X-138	FIGITUMUMAB	53.19999999999999	PD	0	312.0	"figitumumab"""	GC	PD	10.824146981627297	26
X-154	FIGITUMUMAB	24.78	PD	0	83.1	"figitumumab"""	GC	PD	21.352	41
X-158	FIGITUMUMAB	61.95999999999998	PD	0	250.39999999999998	"figitumumab"""	GC	PD	11.251396648044693	30
X-160	FIGITUMUMAB	27.974999999999994	PD	0	225.3	"figitumumab"""	GC	PD	13.862669245647968	49
X-161	FIGITUMUMAB	1.6749999999999972	PD	0	137.1	"figitumumab"""	GC	PD	16.97031039136302	50
X-166	FIGITUMUMAB	34.66	PD	0	145.1	"figitumumab"""	GC	PD	18.021929824561404	34
X-171	FIGITUMUMAB	169.72500000000002	PD	0	439.4	"figitumumab"""	GC	PD	4.9569202566452795	13
X-1948	FIGITUMUMAB	5.320000000000007	SD	0	2.0	"figitumumab"""	PDAC	SD	14.0	14
X-2043	FIGITUMUMAB	36.099999999999994	PD	0	241.39999999999998	"figitumumab"""	PDAC	PD	11.778345250255363	29
X-2081	FIGITUMUMAB	224.5	PD	0	554.0	"figitumumab"""	PDAC	PD	4.51418439716312	13
X-2220	FIGITUMUMAB	50.0	PD	0	100.0	"figitumumab"""		PD	5.0	5
X-2339	FIGITUMUMAB	29.125	PD	0	39.400000000000006	"figitumumab"""	PDAC	PD	42.36363636363637	92
X-2428	FIGITUMUMAB	32.81999999999999	PD	0	19.900000000000006	"figitumumab"""	PDAC	PD	32.445086705202314	57
X-2470	FIGITUMUMAB	52.366666666666674	PD	0	164.7	"figitumumab"""	PDAC	PD	9.33782129742962	35
X-2564	FIGITUMUMAB	22.299999999999997	PD	0	160.0	"figitumumab"""	PDAC	PD	15.147435897435898	29
X-2633	FIGITUMUMAB	9.966666666666654	PD	0	58.80000000000001	"figitumumab"""	PDAC	PD	26.93939393939394	36
X-2684	FIGITUMUMAB	-28.732	PR	1	-75.2	"figitumumab"""	PDAC	PR-->PD	104.0	104
X-2997	FIGITUMUMAB	87.625	PD	0	275.0	"figitumumab"""	PDAC	PD	6.961538461538462	27
X-3028	FIGITUMUMAB	23.424999999999997	PD	0	134.6	"figitumumab"""	PDAC	PD	19.284967320261437	42
X-3038	FIGITUMUMAB	21.0	SD	0	-48.3	"figitumumab"""	PDAC	SD-->PD	25.034229828850858	97
X-3052	FIGITUMUMAB	60.26666666666668	PD	0	295.6	"figitumumab"""	PDAC	PD	9.020361990950226	21
X-3268	FIGITUMUMAB	51.900000000000006	PD	0	236.2	"figitumumab"""	PDAC	PD	9.759682224428998	18
X-3782	FIGITUMUMAB	43.099999999999994	PD	0	102.9	"figitumumab"""		PD	14.029411764705882	34
X-3800	FIGITUMUMAB	16.10000000000001	PD	0	149.4	"figitumumab"""	PDAC	PD	15.599999999999994	35
X-3816	FIGITUMUMAB	76.65	PD	0	436.70000000000005	"figitumumab"""	PDAC	PD	7.035812672176308	29
X-3846	FIGITUMUMAB	58.125	PD	0	259.7	"figitumumab"""	PDAC	PD	15.167927382753405	27
X-3898	FIGITUMUMAB	8.349999999999994	SD	0	19.5	"figitumumab"""	PDAC	SD-->PD	30.71197411003236	55
X-3947	FIGITUMUMAB	134.025	PD	0	527.2	"figitumumab"""	PDAC	PD	6.162436548223351	19
X-3990	FIGITUMUMAB	122.67500000000001	PD	0	307.6	"figitumumab"""	PDAC	PD	4.174909529553679	15
X-4015	FIGITUMUMAB	87.0	PD	0	514.6	"figitumumab"""	PDAC	PD	5.870689655172413	22
X-4018	FIGITUMUMAB	13.992857142857147	SD	0	-21.700000000000003	"figitumumab"""	PDAC	SD	44.0	44
X-4145	FIGITUMUMAB	35.42500000000001	PD	0	186.10000000000002	"figitumumab"""	CRC	PD	12.581005586592179	34
X-4215	FIGITUMUMAB	57.26666666666665	PD	0	223.10000000000002	"figitumumab"""	PDAC	PD	8.901988636363637	21
X-4226	FIGITUMUMAB	-2.0	PD	0	58.69999999999999	"figitumumab"""	PDAC	PD	18.8728323699422	36
X-4316	FIGITUMUMAB	34.56666666666669	PD	0	-2.0999999999999943	"figitumumab"""	PDAC	PD	29.626180836707153	68
X-4377	FIGITUMUMAB	91.875	PD	0	321.7	"figitumumab"""	PDAC	PD	7.015384615384615	16
X-4378	FIGITUMUMAB	27.033333333333346	PD	0	128.9	"figitumumab"""	PDAC	PD	17.821608040201006	27
X-4439	FIGITUMUMAB	43.84	PD	0	79.19999999999999	"figitumumab"""	PDAC	PD	21.8008658008658	33
X-4649	FIGITUMUMAB	29.819999999999993	PD	0	165.60000000000002	"figitumumab"""	PDAC	PD	14.249484536082473	34
X-4676	FIGITUMUMAB	19.700000000000003	PD	0	127.69999999999999	"figitumumab"""	PDAC	PD	19.754054054054055	36
X-4927	FIGITUMUMAB	61.82499999999999	PD	0	209.0	"figitumumab"""	PDAC	PD	7.030741410488246	17
X-5205	FIGITUMUMAB	-4.325000000000003	PD	0	38.19999999999999	"figitumumab"""	PDAC	PD	40.79723502304147	83
X-0991	FIGITUMUMAB + BINIMETINIB	15.450000000000003	SD	0	-7.400000000000006	"figitumumab"" + binimetinib"	PDAC	SD-->PD	34.76190476190476	39
X-1199	FIGITUMUMAB + BINIMETINIB	14.149999999999991	SD	0	-30.700000000000003	"figitumumab"" + binimetinib"	PDAC	SD-->PD	39.0	39
X-1289	FIGITUMUMAB + BINIMETINIB	37.69999999999999	PD	0	91.80000000000001	"figitumumab"" + binimetinib"	PDAC	PD	18.692307692307693	39
X-1362	FIGITUMUMAB + BINIMETINIB	3.799999999999997	SD	0	-17.599999999999994	"figitumumab"" + binimetinib"	PDAC	SD-->PD	50.02094240837696	63
X-1948	FIGITUMUMAB + BINIMETINIB	62.42500000000001	PD	0	193.10000000000002	"figitumumab"" + binimetinib"	PDAC	PD	11.112781954887218	28
X-2026	FIGITUMUMAB + BINIMETINIB	33.95999999999998	PD	0	46.5	"figitumumab"" + binimetinib"	PDAC	PD	31.287581699346404	33
X-2043	FIGITUMUMAB + BINIMETINIB	172.3	PD	0	378.3	"figitumumab"" + binimetinib"	PDAC	PD	2.0	27
X-2081	FIGITUMUMAB + BINIMETINIB	78.47999999999999	PD	0	290.6	"figitumumab"" + binimetinib"	PDAC	PD	8.419161676646707	27
X-2339	FIGITUMUMAB + BINIMETINIB	-13.47999999999999	SD	0	-36.9	"figitumumab"" + binimetinib"	PDAC	SD-->PD	86.0	86
X-2428	FIGITUMUMAB + BINIMETINIB	-57.55263157894737	PR	1	-79.1	"figitumumab"" + binimetinib"	PDAC	PR-->-->PD	90.0	90
X-2470	FIGITUMUMAB + BINIMETINIB	43.47999999999999	PD	0	98.19999999999999	"figitumumab"" + binimetinib"	PDAC	PD	15.627177700348431	33
X-2564	FIGITUMUMAB + BINIMETINIB	6.549999999999997	SD	0	-5.200000000000003	"figitumumab"" + binimetinib"	PDAC	SD-->PD	58.494137353433835	74
X-2633	FIGITUMUMAB + BINIMETINIB	4.559999999999988	SD	0	-9.900000000000006	"figitumumab"" + binimetinib"	PDAC	SD-->PD	61.09870317002882	75
X-2684	FIGITUMUMAB + BINIMETINIB	-16.28	SD	0	-75.0	"figitumumab"" + binimetinib"	PDAC	SD	7.913793103448276	101
X-2997	FIGITUMUMAB + BINIMETINIB	58.099999999999994	PD	0	243.3	"figitumumab"" + binimetinib"	PDAC	PD	8.864077669902914	32
X-3028	FIGITUMUMAB + BINIMETINIB	62.912499999999994	PD	0	42.5	"figitumumab"" + binimetinib"	PDAC	PD	9.741818181818182	57
X-3038	FIGITUMUMAB + BINIMETINIB	20.200000000000003	PD	0	37.099999999999994	"figitumumab"" + binimetinib"	PDAC	PD	24.176626826029217	38
X-3052	FIGITUMUMAB + BINIMETINIB	-4.719999999999999	SD	0	-6.400000000000006	"figitumumab"" + binimetinib"	PDAC	SD-->PD	63.0	63
X-3209	FIGITUMUMAB + BINIMETINIB	7.75	SD	0	-16.599999999999994	"figitumumab"" + binimetinib"	PDAC	SD	25.0	25
X-3268	FIGITUMUMAB + BINIMETINIB	2.8500000000000085	SD	0	-5.799999999999997	"figitumumab"" + binimetinib"	PDAC	SD-->PD	24.267605633802816	36
X-3782	FIGITUMUMAB + BINIMETINIB	13.650000000000006	PD	0	53.69999999999999	"figitumumab"" + binimetinib"		PD	31.370786516853933	46
X-3800	FIGITUMUMAB + BINIMETINIB	60.5	PD	0	57.099999999999994	"figitumumab"" + binimetinib"	PDAC	PD	8.048401037165082	49
X-3816	FIGITUMUMAB + BINIMETINIB	2.940000000000012	PD	0	61.400000000000006	"figitumumab"" + binimetinib"	PDAC	PD	31.0	31
X-3846	FIGITUMUMAB + BINIMETINIB	39.57499999999999	PD	0	52.0	"figitumumab"" + binimetinib"	PDAC	PD	12.956363636363637	39
X-3898	FIGITUMUMAB + BINIMETINIB	47.78	PD	0	147.4	"figitumumab"" + binimetinib"	PDAC	PD	11.562211981566819	29
X-3947	FIGITUMUMAB + BINIMETINIB	135.48000000000002	PD	0	286.6	"figitumumab"" + binimetinib"	PDAC	PD	5.67515923566879	28
X-3990	FIGITUMUMAB + BINIMETINIB	121.85	PD	0	247.0	"figitumumab"" + binimetinib"	PDAC	PD	4.513124470787468	25
X-4015	FIGITUMUMAB + BINIMETINIB	46.579999999999984	PD	0	95.30000000000001	"figitumumab"" + binimetinib"	PDAC	PD	20.576687116564415	33
X-4018	FIGITUMUMAB + BINIMETINIB	-34.25	SD	0	21.799999999999997	"figitumumab"" + binimetinib"	PDAC	SD	25.0	25
X-4145	FIGITUMUMAB + BINIMETINIB	7.174999999999997	PD	0	46.80000000000001	"figitumumab"" + binimetinib"	CRC	PD	53.34173669467787	78
X-4215	FIGITUMUMAB + BINIMETINIB	12.78	SD	0	27.700000000000003	"figitumumab"" + binimetinib"	PDAC	SD-->PD	42.69565217391305	51
X-4226	FIGITUMUMAB + BINIMETINIB	87.85	PD	0	141.1	"figitumumab"" + binimetinib"	PDAC	PD	5.773195876288659	28
X-4316	FIGITUMUMAB + BINIMETINIB	133.5	PD	0	276.0	"figitumumab"" + binimetinib"	PDAC	PD	3.1650485436893203	33
X-4377	FIGITUMUMAB + BINIMETINIB	174.44	PD	0	487.79999999999995	"figitumumab"" + binimetinib"	PDAC	PD	3.788702928870293	21
X-4378	FIGITUMUMAB + BINIMETINIB	24.72	SD	0	10.599999999999994	"figitumumab"" + binimetinib"	PDAC	SD-->PD	29.0	29
X-4439	FIGITUMUMAB + BINIMETINIB	25.650000000000006	PD	0	98.4	"figitumumab"" + binimetinib"	PDAC	PD	16.887096774193548	36
X-4649	FIGITUMUMAB + BINIMETINIB	23.24000000000001	SD	0	20.200000000000003	"figitumumab"" + binimetinib"	PDAC	SD	17.0	17
X-4676	FIGITUMUMAB + BINIMETINIB	57.224999999999994	PD	0	108.6	"figitumumab"" + binimetinib"	PDAC	PD	14.225806451612904	17
X-4927	FIGITUMUMAB + BINIMETINIB	57.76666666666665	PD	0	701.4	"figitumumab"" + binimetinib"	PDAC	PD	7.803732691149911	20
X-0933	FLUOROURACIL	117.84	PD	0	328.4	5FU	CRC	PD	7.96158256880734	29
X-1027	FLUOROURACIL	184.21999999999997	PD	0	640.3	5FU	CRC	PD	4.918580375782881	20
X-1055	FLUOROURACIL	29.06	SD	0	13.700000000000003	5FU	CRC	SD	56.3768115942029	97
X-1119	FLUOROURACIL	-28.81153846153846	PR	1	-56.8	5FU	CRC	PR	90.0	90
X-1167	FLUOROURACIL	23.52857142857144	SD	0	12.799999999999997	5FU	CRC	SD-->-->PD	105.0	105
X-1173	FLUOROURACIL	-4.938461538461539	SD	0	-36.9	5FU	CRC	SD	90.0	90
X-1270	FLUOROURACIL	64.875	PD	0	150.8	5FU	CRC	PD	10.98936170212766	23
X-1290	FLUOROURACIL	-31.760000000000005	SD	0	-35.2	5FU	CRC	SD-->PD	56.96052631578947	62
X-1303	FLUOROURACIL	-17.53333333333333	SD	0	-19.400000000000006	5FU	CRC	SD-->PD	61.921875	92
X-1329	FLUOROURACIL	15.599999999999994	PD	0	95.69999999999999	5FU	CRC	PD	23.80625	54
X-1441	FLUOROURACIL	8.799999999999997	SD	0	8.200000000000003	5FU	CRC	SD-->PD	55.834375	86
X-1443	FLUOROURACIL	9.799999999999997	SD	0	6.5	5FU	CRC	SD-->PD	29.0	29
X-1479	FLUOROURACIL	-3.1400000000000006	SD	0	-0.09999999999999432	5FU	CRC	SD-->PD	67.60888888888888	82
X-1500	FLUOROURACIL	-8.25	SD	0	-20.5	5FU	CRC	SD-->-->PD	76.0	76
X-1536	FLUOROURACIL	21.28	SD	0	34.900000000000006	5FU	CRC	SD-->PD	46.0	46
X-1855	FLUOROURACIL	5.0	SD	0	9.099999999999994	5FU	CRC	SD-->PD	87.0	87
X-2145	FLUOROURACIL	41.525000000000006	PD	0	89.4	5FU	CRC	PD	18.03125	41
X-2182	FLUOROURACIL	60.30000000000001	PD	0	120.80000000000001	5FU	CRC	PD	12.87321063394683	15
X-2239	FLUOROURACIL	13.0	SD	0	26.200000000000003	5FU	CRC	SD-->PD	21.0	21
X-2374	FLUOROURACIL	15.140000000000015	SD	0	18.0	5FU	CRC	SD-->PD	47.80263157894737	92
X-2403	FLUOROURACIL	19.049999999999997	SD	0	15.0	5FU	CRC	SD-->PD	42.0	42
X-2483	FLUOROURACIL	13.5	PD	0	54.400000000000006	5FU	CRC	PD	50.38251366120219	70
X-2484	FLUOROURACIL	1.2399999999999949	SD	0	-9.400000000000006	5FU	CRC	SD-->PD	33.874015748031496	55
X-2538	FLUOROURACIL	15.266666666666666	PD	0	133.5	5FU	CRC	PD	17.849624060150376	32
X-2573	FLUOROURACIL	5.525000000000006	PD	0	42.30000000000001	5FU	CRC	PD	33.0	33
X-2659	FLUOROURACIL	60.025000000000006	PD	0	314.7	5FU	CRC	PD	8.955	20
X-2822	FLUOROURACIL	0.6500000000000057	SD	0	3.0999999999999943	5FU	CRC	SD-->PD	40.57142857142857	91
X-2846	FLUOROURACIL	37.69999999999999	PD	0	53.099999999999994	5FU	CRC	PD	24.724264705882355	62
X-2861	FLUOROURACIL	33.67500000000001	PD	0	67.0	5FU	CRC	PD	33.0	33
X-3093	FLUOROURACIL	101.76	PD	0	181.5	5FU	CRC	PD	5.112449799196787	27
X-3205	FLUOROURACIL	41.28	PD	0	102.9	5FU	CRC	PD	20.94927536231884	22
X-3224	FLUOROURACIL	9.674999999999997	SD	0	30.69999999999999	5FU	CRC	SD-->PD	24.0	24
X-3267	FLUOROURACIL	-13.234615384615381	SD	0	-37.1	5FU	CRC	SD	89.0	89
X-3671	FLUOROURACIL	66.25999999999999	PD	0	230.0	5FU	CRC	PD	9.534136546184738	36
X-3792	FLUOROURACIL	41.140000000000015	PD	0	74.30000000000001	5FU	CRC	PD	27.0	27
X-4087	FLUOROURACIL	3.7750000000000057	PD	0	84.4	5FU	CRC	PD	20.0	20
X-5254	FLUOROURACIL	-19.200000000000003	SD	0	-25.400000000000006	5FU	CRC	SD-->PD	35.0	35
X-5405	FLUOROURACIL	7.140000000000015	PD	0	86.0	5FU	CRC	PD	22.372881355932204	34
X-5438	FLUOROURACIL	41.74000000000001	PD	0	109.80000000000001	5FU	CRC	PD	17.36902050113895	50
X-5446	FLUOROURACIL	3.0799999999999983	SD	0	-2.4000000000000057	5FU	CRC	SD-->PD	23.28472222222222	42
X-5494	FLUOROURACIL	8.780000000000001	SD	0	11.400000000000006	5FU	CRC	SD-->PD	51.54901960784314	55
X-5495	FLUOROURACIL	15.0	PD	0	41.900000000000006	5FU	CRC	PD	48.98979591836734	55
X-5578	FLUOROURACIL	43.53333333333333	PD	0	249.5	5FU	CRC	PD	13.242326332794832	33
X-0991	GEMCITABINE	-0.9749999999999943	SD	0	0.7000000000000028	gemcitabine-50mpk	PDAC	SD-->PD	93.54430379746836	104
X-1199	GEMCITABINE	20.55000000000001	SD	0	15.099999999999994	gemcitabine-50mpk	PDAC	SD	90.28951048951049	101
X-1289	GEMCITABINE	-77.078125	CR	1	-100.0	gemcitabine-50mpk	PDAC	CR	111.0	111
X-1317	GEMCITABINE	9.0	PD	0	127.0	gemcitabine-50mpk	PDAC	PD	18.15068493150685	20
X-1362	GEMCITABINE	38.52000000000001	PD	0	47.900000000000006	gemcitabine-50mpk	PDAC	PD	30.033742331288344	37
X-1948	GEMCITABINE	10.625	SD	0	18.099999999999994	gemcitabine-50mpk	PDAC	SD-->PD	63.839080459770116	104
X-1959	GEMCITABINE	9.599999999999994	SD	0	31.5	gemcitabine-50mpk	PDAC	SD-->PD	17.1206675224647	35
X-2026	GEMCITABINE	-71.512	CR	1	-100.0	gemcitabine-50mpk	PDAC	CR	88.0	88
X-2043	GEMCITABINE	25.75999999999999	SD	0	9.900000000000006	gemcitabine-50mpk	PDAC	SD	14.0	14
X-2081	GEMCITABINE	40.84	PD	0	95.4	gemcitabine-50mpk	PDAC	PD	24.727272727272727	37
X-2283	GEMCITABINE	48.900000000000006	PD	0	194.60000000000002	gemcitabine-50mpk	PDAC	PD	11.267281105990783	31
X-2339	GEMCITABINE	21.75	PD	0	48.400000000000006	gemcitabine-50mpk	PDAC	PD	33.867310012062724	78
X-2428	GEMCITABINE	40.72	PD	0	78.80000000000001	gemcitabine-50mpk	PDAC	PD	31.858447488584474	91
X-2564	GEMCITABINE	13.150000000000006	SD	0	27.599999999999994	gemcitabine-50mpk	PDAC	SD-->PD	30.52097902097902	49
X-2633	GEMCITABINE	-37.76428571428572	PR	1	-77.2	gemcitabine-50mpk	PDAC	PR-->-->PD	101.0	101
X-3052	GEMCITABINE	66.18	PD	0	238.5	gemcitabine-50mpk	PDAC	PD	7.604562737642585	35
X-3209	GEMCITABINE	-1.0600000000000023	SD	0	-9.599999999999994	gemcitabine-50mpk	PDAC	SD-->PD	68.98333333333333	70
X-3268	GEMCITABINE	33.420000000000016	PD	0	32.599999999999994	gemcitabine-50mpk	PDAC	PD	26.0	26
X-3782	GEMCITABINE	35.54000000000002	PD	0	131.8	gemcitabine-50mpk		PD	17.354609929078013	35
X-3800	GEMCITABINE	-0.7642857142857196	SD	0	-44.9	gemcitabine-50mpk	PDAC	SD	94.0	94
X-3816	GEMCITABINE	18.52000000000001	PD	0	47.400000000000006	gemcitabine-50mpk	PDAC	PD	54.382488479262676	81
X-3846	GEMCITABINE	28.07499999999999	PD	0	39.599999999999994	gemcitabine-50mpk	PDAC	PD	33.39183055975794	53
X-3898	GEMCITABINE	14.52000000000001	SD	0	23.599999999999994	gemcitabine-50mpk	PDAC	SD-->PD	58.92896781354051	109
X-3947	GEMCITABINE	-9.608333333333334	SD	0	-59.5	gemcitabine-50mpk	PDAC	SD	82.0	82
X-3990	GEMCITABINE	-54.96923076923077	CR	1	-100.0	gemcitabine-50mpk	PDAC	CR	6.67157894736842	88
X-4015	GEMCITABINE	-26.17307692307692	PR	1	-57.7	gemcitabine-50mpk	PDAC	PR	90.0	90
X-4018	GEMCITABINE	18.5	SD	0	19.900000000000006	gemcitabine-50mpk	PDAC	SD-->PD	42.62130177514793	68
X-4145	GEMCITABINE	-27.64615384615385	PR	1	-71.3	gemcitabine-50mpk	CRC	PR-->PD	91.0	91
X-4215	GEMCITABINE	-33.69411764705882	PR	1	-77.2	gemcitabine-50mpk	PDAC	PR-->PD	100.7654986522911	109
X-4226	GEMCITABINE	30.78	PD	0	44.5	gemcitabine-50mpk	PDAC	PD	17.0	17
X-4316	GEMCITABINE	-41.07727272727273	PR	1	-80.0	gemcitabine-50mpk	PDAC	PR	77.0	77
X-4377	GEMCITABINE	11.01111111111112	SD	0	-21.200000000000003	gemcitabine-50mpk	PDAC	SD-->PD	72.78191489361703	73
X-4378	GEMCITABINE	-11.08387096774193	SD	0	-28.700000000000003	gemcitabine-50mpk	PDAC	SD	112.0	112
X-4439	GEMCITABINE	35.81999999999999	PD	0	22.0	gemcitabine-50mpk	PDAC	PD	20.960396039603964	94
X-4649	GEMCITABINE	-5.700000000000003	SD	0	-33.7	gemcitabine-50mpk	PDAC	SD	15.0	15
X-4676	GEMCITABINE	-37.00689655172414	PR	1	-79.7	gemcitabine-50mpk	PDAC	PR	97.0	97
X-4927	GEMCITABINE	-39.13333333333334	PR	1	-70.5	gemcitabine-50mpk	PDAC	PR-->PD	41.348	60
X-5205	GEMCITABINE	-76.68709677419355	CR	1	-100.0	gemcitabine-50mpk	PDAC	CR	112.0	112
X-007	HSP990	-21.840000000000003	SD	0	-29.900000000000006	HSP990	GC	SD-->PD	28.144251626898047	29
X-010	HSP990	147.1	PD	0	382.6	HSP990	GC	PD	7.027777777777778	14
X-011	HSP990	86.14000000000001	PD	0	369.4	HSP990	GC	PD	8.333333333333332	24
X-015	HSP990	39.06	PD	0	124.9	HSP990	GC	PD	18.23404255319149	63
X-017	HSP990	162.98000000000002	PD	0	409.1	HSP990	GC	PD	5.219762845849802	34
X-020	HSP990	-4.525000000000006	SD	0	1.2999999999999972	HSP990	GC	SD-->PD	30.634241245136188	60
X-023	HSP990	55.640000000000015	PD	0	122.30000000000001	HSP990	GC	PD	12.463878326996198	64
X-024	HSP990	27.0	PD	0	107.9	HSP990	GC	PD	19.796954314720814	59
X-025	HSP990	36.5	PD	0	81.6	HSP990	GC	PD	34.42084942084942	41
X-028	HSP990	-9.560000000000002	SD	0	-18.099999999999994	HSP990	GC	SD	13.0	13
X-029	HSP990	50.57499999999999	PD	0	114.4	HSP990	GC	PD	7.779661016949152	9
X-031	HSP990	27.525000000000006	PD	0	184.39999999999998	HSP990	GC	PD	13.575	39
X-034	HSP990	7.200000000000003	SD	0	22.400000000000006	HSP990	GC	SD-->PD	53.76569037656904	91
X-035	HSP990	2.200000000000003	SD	0	2.299999999999997	HSP990	GC	SD-->PD	28.0	28
X-037	HSP990	33.150000000000006	PD	0	132.2	HSP990	GC	PD	17.758700696055683	53
X-038	HSP990	10.400000000000006	SD	0	21.900000000000006	HSP990	GC	SD-->PD	64.66348448687351	109
X-039	HSP990	69.35000000000002	PD	0	390.7	HSP990	GC	PD	9.218461538461538	33
X-050	HSP990	36.73333333333332	PD	0	164.39999999999998	HSP990	GC	PD	13.934533551554829	40
X-056	HSP990	57.30000000000001	PD	0	195.5	HSP990	GC	PD	11.627906976744187	33
X-057	HSP990	30.659999999999997	PD	0	170.10000000000002	HSP990	GC	PD	16.637889688249402	24
X-064	HSP990	66.64000000000001	PD	0	105.1	HSP990	GC	PD	11.097872340425532	31
X-065	HSP990	12.699999999999989	PD	0	62.099999999999994	HSP990	GC	PD	41.43956043956044	98
X-067	HSP990	23.075000000000003	PD	0	63.19999999999999	HSP990	GC	PD	30.0	30
X-074	HSP990	42.224999999999994	PD	0	243.7	HSP990	GC	PD	12.505694760820045	57
X-075	HSP990	22.25	PD	0	206.10000000000002	HSP990	GC	PD	17.897071129707115	44
X-077	HSP990	54.079999999999984	PD	0	181.0	HSP990	GC	PD	11.67247386759582	49
X-078	HSP990	22.125	PD	0	294.5	HSP990	GC	PD	13.748936170212765	33
X-084	HSP990	67.34	PD	0	228.7	HSP990	GC	PD	8.722105263157895	24
X-089	HSP990	54.125	PD	0	230.2	HSP990	GC	PD	11.250972762645915	38
X-090	HSP990	-28.111111111111114	PR	1	-59.2	HSP990	GC	PR	28.0	28
X-091	HSP990	-19.200000000000003	SD	0	-31.900000000000006	HSP990	GC	SD-->PD	84.89759036144578	136
X-096	HSP990	106.05000000000001	PD	0	340.5	HSP990	GC	PD	5.0299884659746255	17
X-097	HSP990	47.80000000000001	PD	0	42.099999999999994	HSP990	GC	PD	15.0	15
X-098	HSP990	14.100000000000009	PD	0	117.30000000000001	HSP990	GC	PD	17.333333333333332	19
X-099	HSP990	2.5799999999999983	SD	0	0.5	HSP990	GC	SD-->PD	38.554934823091244	89
X-101	HSP990	31.75	PD	0	135.3	HSP990	GC	PD	19.979007633587784	57
X-102	HSP990	-45.67619047619048	PR	1	-91.9	HSP990	GC	PR	124.0	124
X-105	HSP990	9.474999999999994	SD	0	14.200000000000003	HSP990	GC	SD-->PD	46.0	46
X-114	HSP990	-27.900000000000006	SD	0	-42.1	HSP990	GC	SD-->-->PD	125.0	125
X-1156	HSP990	57.099999999999994	PD	0	402.2	HSP990	NSCLC	PD	10.865753424657536	24
X-1172	HSP990	-4.0	SD	0	-5.5	HSP990	NSCLC	SD-->PD	28.0	28
X-118	HSP990	131.4	PD	0	442.79999999999995	HSP990	GC	PD	7.361563517915309	21
X-1189	HSP990	-14.36	SD	0	-45.4	HSP990	NSCLC	SD-->PD	43.0	43
X-119	HSP990	-26.299999999999997	SD	0	-44.9	HSP990	GC	SD	32.0	32
X-1228	HSP990	-24.40714285714286	SD	0	-42.5	HSP990	NSCLC	SD-->-->PD	91.0	91
X-127	HSP990	-36.86666666666666	PR	1	-64.3	HSP990	GC	PR-->PD	38.0	38
X-128	HSP990	-32.14615384615385	PR	1	-62.4	HSP990	GC	PR	50.0	50
X-129	HSP990	80.18	PD	0	282.3	HSP990	GC	PD	7.668292682926829	24
X-131	HSP990	17.75	PD	0	90.6	HSP990	GC	PD	22.74015748031496	29
X-1323	HSP990	-8.200000000000003	SD	0	-15.0	HSP990	NSCLC	SD	3.0	3
X-135	HSP990	21.450000000000003	SD	0	29.599999999999994	HSP990	GC	SD-->PD	31.929394812680115	73
X-136	HSP990	3.4749999999999943	SD	0	8.700000000000003	HSP990	GC	SD-->PD	36.30232558139535	78
X-137	HSP990	96.17500000000001	PD	0	300.7	HSP990	GC	PD	4.563775510204081	31
X-138	HSP990	40.68000000000001	PD	0	66.30000000000001	HSP990	GC	PD	23.594666666666665	31
X-141	HSP990	35.125	PD	0	43.599999999999994	HSP990	GC	PD	15.703349282296651	109
X-142	HSP990	24.66666666666667	PD	0	71.80000000000001	HSP990	GC	PD	30.59537572254335	55
X-144	HSP990	197.52500000000003	PD	0	586.1	HSP990	GC	PD	4.568205666316894	15
X-1442	HSP990	125.19999999999999	PD	0	273.0	HSP990	NSCLC	PD	4.472602739726027	18
X-146	HSP990	-15.342857142857142	SD	0	-28.299999999999997	HSP990	GC	SD	40.0	40
X-1499	HSP990	72.30000000000001	PD	0	132.6	HSP990	NSCLC	PD	6.927631578947369	11
X-152	HSP990	28.30000000000001	PD	0	41.900000000000006	HSP990		PD	32.44827586206897	97
X-154	HSP990	48.06	PD	0	96.1	HSP990	GC	PD	16.810606060606062	60
X-158	HSP990	34.724999999999994	PD	0	128.5	HSP990	GC	PD	18.388059701492537	43
X-1586	HSP990	-33.746153846153845	SD	0	-44.5	HSP990	NSCLC	SD	56.0	56
X-160	HSP990	4.1000000000000085	SD	0	2.9000000000000057	HSP990	GC	SD-->PD	28.955426356589147	95
X-161	HSP990	25.900000000000006	PD	0	154.2	HSP990	GC	PD	14.08848080133556	43
X-162	HSP990	46.01666666666668	PD	0	-17.799999999999997	HSP990	GC	PD	17.0	17
X-165	HSP990	34.23333333333332	PD	0	115.9	HSP990	GC	PD	18.992424242424242	66
X-1658	HSP990	-1.7399999999999949	SD	0	-33.7	HSP990	NSCLC	SD-->PD	20.544392523364486	47
X-166	HSP990	59.84	PD	0	143.6	HSP990	GC	PD	12.142857142857144	42
X-1683	HSP990	-35.78	PR	1	-52.3	HSP990	NSCLC	PR	28.0	28
X-169	HSP990	2.825000000000003	SD	0	-3.0999999999999943	HSP990	GC	SD	27.0	27
X-171	HSP990	127.07500000000002	PD	0	208.60000000000002	HSP990	GC	PD	4.0	13
X-1725	HSP990	-29.72	PR	1	-56.2	HSP990	NSCLC	PR	50.0	50
X-177	HSP990	58.42500000000001	PD	0	235.2	HSP990	GC	PD	10.203821656050955	57
X-1787	HSP990	88.04000000000002	PD	0	212.2	HSP990	NSCLC	PD	5.5350966429298065	23
X-1823	HSP990	64.975	PD	0	195.3	HSP990	NSCLC	PD	8.065934065934066	18
X-1834	HSP990	21.977777777777774	SD	0	-39.9	HSP990	NSCLC	SD	31.0	31
X-1835	HSP990	-17.299999999999997	SD	0	-48.8	HSP990	NSCLC	SD	42.0	42
X-1869	HSP990	-43.9	CR	1	-100.0	HSP990	NSCLC	CR	14.0	14
X-1870	HSP990	-2.424999999999997	SD	0	-8.700000000000003	HSP990	NSCLC	SD	11.0	11
X-1934	HSP990	270.9666666666667	PD	0	618.5	HSP990	NSCLC	PD	3.0	6
X-1980	HSP990	-24.07499999999999	SD	0	-33.599999999999994	HSP990	NSCLC	SD-->PD	61.60033167495854	63
X-1993	HSP990	38.55000000000001	PD	0	66.9	HSP990	NSCLC	PD	39.54	47
X-2017	HSP990	29.0	PD	0	159.2	HSP990	NSCLC	PD	15.714285714285714	32
X-2042	HSP990	-42.422222222222224	PR	1	-82.5	HSP990	NSCLC	PR	110.0	110
X-2082	HSP990	4.174999999999997	SD	0	16.700000000000003	HSP990	NSCLC	SD-->PD	32.0	32
X-2088	HSP990	8.600000000000009	SD	0	5.599999999999994	HSP990	NSCLC	SD-->PD	19.459737827715358	26
X-2094	HSP990	109.26	PD	0	141.6	HSP990	NSCLC	PD	4.171303074670571	61
X-3029	HSP990	-33.11666666666666	PR	1	-56.3	HSP990	NSCLC	PR	18.0	18
X-3237	HSP990	-19.099999999999994	PD	0	69.80000000000001	HSP990	NSCLC	PD	26.0	26
X-3843	HSP990	-5.060000000000002	SD	0	18.299999999999997	HSP990	NSCLC	SD-->PD	21.686221009549797	74
X-4819	HSP990	131.0666666666667	PD	0	253.8	HSP990	NSCLC	PD	3.0	5
X-007	INFIGRATINIB	220.47500000000002	PD	0	396.5	BGJ398	GC	PD	4.0	11
X-010	INFIGRATINIB	-5.311111111111117	SD	0	-65.1	BGJ398	GC	SD-->-->PD	138.29494382022472	157
X-011	INFIGRATINIB	36.34	PD	0	182.89999999999998	BGJ398	GC	PD	14.528481012658228	24
X-015	INFIGRATINIB	31.366666666666674	PD	0	290.3	BGJ398	GC	PD	11.116326530612245	48
X-017	INFIGRATINIB	-22.224242424242433	PR	1	-79.5	BGJ398	GC	PR-->PD	177.0	177
X-020	INFIGRATINIB	35.900000000000006	PD	0	179.39999999999998	BGJ398	GC	PD	12.061381074168798	33
X-025	INFIGRATINIB	-18.35000000000001	SD	0	-38.9	BGJ398	GC	SD	111.0	111
X-028	INFIGRATINIB	75.72	PD	0	119.19999999999999	BGJ398	GC	PD	10.588461538461539	17
X-029	INFIGRATINIB	131.45	PD	0	364.0	BGJ398	GC	PD	7.040494938132733	11
X-031	INFIGRATINIB	49.93333333333331	PD	0	265.3	BGJ398	GC	PD	11.167192429022084	33
X-034	INFIGRATINIB	24.799999999999997	PD	0	42.19999999999999	BGJ398	GC	PD	32.0	32
X-035	INFIGRATINIB	53.31999999999999	PD	0	303.1	BGJ398	GC	PD	11.220973782771535	31
X-037	INFIGRATINIB	13.150000000000006	PD	0	75.4	BGJ398	GC	PD	24.52875	58
X-038	INFIGRATINIB	19.679999999999993	PD	0	108.0	BGJ398	GC	PD	19.68312757201646	24
X-056	INFIGRATINIB	25.89999999999999	PD	0	198.8	BGJ398	GC	PD	13.509090909090908	48
X-057	INFIGRATINIB	40.05000000000001	PD	0	277.7	BGJ398	GC	PD	11.134382566585955	18
X-064	INFIGRATINIB	23.42500000000001	PD	0	163.10000000000002	BGJ398	GC	PD	17.237113402061855	26
X-065	INFIGRATINIB	22.875	PD	0	123.0	BGJ398	GC	PD	18.606060606060606	52
X-067	INFIGRATINIB	13.125	PD	0	67.4	BGJ398	GC	PD	33.09006211180124	96
X-075	INFIGRATINIB	10.579999999999998	PD	0	159.39999999999998	BGJ398	GC	PD	18.07028360049322	28
X-077	INFIGRATINIB	5.440000000000012	PD	0	77.6	BGJ398	GC	PD	26.569395017793596	63
X-084	INFIGRATINIB	-18.35714285714286	SD	0	-34.599999999999994	BGJ398	GC	SD-->PD	34.0	34
X-089	INFIGRATINIB	46.93333333333331	PD	0	197.0	BGJ398	GC	PD	11.804878048780488	39
X-090	INFIGRATINIB	4.400000000000006	PD	0	51.19999999999999	BGJ398	GC	PD	28.0	28
X-091	INFIGRATINIB	-21.0	SD	0	-36.7	BGJ398	GC	SD-->PD	49.19450800915332	74
X-096	INFIGRATINIB	114.875	PD	0	330.9	BGJ398	GC	PD	3.787812840043525	21
X-097	INFIGRATINIB	51.78	PD	0	287.4	BGJ398	GC	PD	12.093150684931507	28
X-098	INFIGRATINIB	-23.04705882352941	PR	1	-91.9	BGJ398	GC	PR	81.0	81
X-099	INFIGRATINIB	-8.25	SD	0	-9.799999999999997	BGJ398	GC	SD-->PD	38.36725663716814	68
X-1004	INFIGRATINIB	-28.077777777777783	PR	1	-54.3	BGJ398	BRCA	PR	26.0	26
X-1008	INFIGRATINIB	20.320000000000007	PD	0	57.19999999999999	BGJ398	BRCA	PD	34.58620689655172	80
X-102	INFIGRATINIB	-20.460000000000008	SD	0	-28.799999999999997	BGJ398	GC	SD-->PD	126.18818380743983	142
X-1156	INFIGRATINIB	81.24000000000001	PD	0	427.20000000000005	BGJ398	NSCLC	PD	6.244730679156908	21
X-1172	INFIGRATINIB	48.5	PD	0	102.4	BGJ398	NSCLC	PD	9.072407045009784	27
X-118	INFIGRATINIB	135.6	PD	0	565.5	BGJ398	GC	PD	5.104897418927862	18
X-1189	INFIGRATINIB	37.69999999999999	PD	0	136.0	BGJ398	NSCLC	PD	10.356435643564357	16
X-119	INFIGRATINIB	-86.50434782608696	CR	1	-100.0	BGJ398	GC	CR	78.0	78
X-1228	INFIGRATINIB	-31.566666666666663	SD	0	-33.400000000000006	BGJ398	NSCLC	SD-->PD	41.0	41
X-127	INFIGRATINIB	-96.78518518518518	CR	1	-100.0	BGJ398	GC	CR	248.0	248
X-128	INFIGRATINIB	28.200000000000017	PD	0	145.1	BGJ398	GC	PD	16.05882352941176	26
X-1286	INFIGRATINIB	45.25	PD	0	210.0	BGJ398	BRCA	PD	14.181640625	41
X-129	INFIGRATINIB	5.340000000000003	PD	0	51.5	BGJ398	GC	PD	31.0	31
X-1298	INFIGRATINIB	13.825000000000003	PD	0	167.39999999999998	BGJ398	BRCA	PD	14.936596218020021	37
X-131	INFIGRATINIB	51.67500000000001	PD	0	68.80000000000001	BGJ398	GC	PD	10.0	10
X-1323	INFIGRATINIB	-13.400000000000006	PD	0	196.10000000000002	BGJ398	NSCLC	PD	17.337423312883434	26
X-1371	INFIGRATINIB	49.5	PD	0	243.8	BGJ398	BRCA	PD	14.189509306260575	23
X-138	INFIGRATINIB	53.27499999999998	PD	0	282.3	BGJ398	GC	PD	11.271287128712872	26
X-1383	INFIGRATINIB	10.25	PD	0	141.7	BGJ398	BRCA	PD	15.853932584269664	28
X-1407	INFIGRATINIB	30.879999999999995	PD	0	98.1	BGJ398	BRCA	PD	19.467576791808874	52
X-1442	INFIGRATINIB	102.05000000000001	PD	0	266.1	BGJ398	NSCLC	PD	7.476635514018692	21
X-1468	INFIGRATINIB	25.560000000000016	PD	0	100.0	BGJ398		PD	21.0	56
X-1499	INFIGRATINIB	56.275000000000006	PD	0	158.3	BGJ398	NSCLC	PD	9.17717003567182	15
X-154	INFIGRATINIB	55.57499999999999	PD	0	358.9	BGJ398	GC	PD	9.167812929848694	24
X-158	INFIGRATINIB	-6.739999999999995	SD	0	-17.099999999999994	BGJ398	GC	SD-->PD	44.306748466257666	73
X-1586	INFIGRATINIB	-8.825000000000003	SD	0	6.299999999999997	BGJ398	NSCLC	SD-->PD	35.0	35
X-160	INFIGRATINIB	-6.36	SD	0	-20.400000000000006	BGJ398	GC	SD-->PD	116.998046875	138
X-1600	INFIGRATINIB	135.45	PD	0	659.8	BGJ398	BRCA	PD	5.037463976945245	14
X-161	INFIGRATINIB	-42.59166666666667	PR	1	-62.7	BGJ398	GC	PR-->PD	116.0	116
X-1631	INFIGRATINIB	172.55	PD	0	363.0	BGJ398	BRCA	PD	4.0	11
X-165	INFIGRATINIB	43.025000000000006	PD	0	136.5	BGJ398	GC	PD	13.015625000000002	49
X-1658	INFIGRATINIB	109.4	PD	0	244.39999999999998	BGJ398	NSCLC	PD	7.11787072243346	13
X-166	INFIGRATINIB	55.54000000000002	PD	0	188.10000000000002	BGJ398	GC	PD	12.582959641255606	34
X-1683	INFIGRATINIB	-92.02352941176471	CR	1	-100.0	BGJ398	NSCLC	CR	55.0	55
X-171	INFIGRATINIB	93.025	PD	0	409.3	BGJ398	GC	PD	6.333908541846419	15
X-1725	INFIGRATINIB	-12.875	PD	0	56.0	BGJ398	NSCLC	PD	30.893617021276597	34
X-1787	INFIGRATINIB	59.66	PD	0	91.4	BGJ398	NSCLC	PD	11.436293436293438	31
X-1823	INFIGRATINIB	56.775000000000006	PD	0	216.39999999999998	BGJ398	NSCLC	PD	8.152671755725189	26
X-1828	INFIGRATINIB	9.719999999999999	SD	0	3.700000000000003	BGJ398	BRCA	SD-->PD	44.57013574660633	65
X-1832	INFIGRATINIB	87.85999999999999	PD	0	520.2	BGJ398	BRCA	PD	8.702702702702704	21
X-1834	INFIGRATINIB	26.625	PD	0	77.6	BGJ398	NSCLC	PD	20.0	20
X-1835	INFIGRATINIB	75.4	PD	0	175.39999999999998	BGJ398	NSCLC	PD	6.666363636363636	15
X-1869	INFIGRATINIB	44.32499999999999	PD	0	161.0	BGJ398	NSCLC	PD	12.011409942950285	14
X-1870	INFIGRATINIB	-2.799999999999997	SD	0	-7.200000000000003	BGJ398	NSCLC	SD-->PD	26.80093312597201	77
X-1916	INFIGRATINIB	86.19999999999999	PD	0	307.9	BGJ398	BRCA	PD	8.300775193798449	27
X-1921	INFIGRATINIB	36.89999999999998	PD	0	80.9	BGJ398	BRCA	PD	24.438297872340424	81
X-1934	INFIGRATINIB	-16.400000000000006	PD	0	322.2	BGJ398	NSCLC	PD	16.17345231455661	26
X-1980	INFIGRATINIB	138.36000000000004	PD	0	581.5	BGJ398	NSCLC	PD	4.820013898540653	18
X-1993	INFIGRATINIB	60.06	PD	0	213.5	BGJ398	NSCLC	PD	9.692397660818713	19
X-2017	INFIGRATINIB	56.71999999999997	PD	0	163.7	BGJ398	NSCLC	PD	13.820895522388062	29
X-2042	INFIGRATINIB	29.67500000000001	PD	0	214.7	BGJ398	NSCLC	PD	18.292712066905615	26
X-2082	INFIGRATINIB	10.900000000000006	PD	0	113.80000000000001	BGJ398	NSCLC	PD	17.357142857142854	19
X-2088	INFIGRATINIB	109.06666666666669	PD	0	431.20000000000005	BGJ398	NSCLC	PD	11.152564956695537	18
X-2094	INFIGRATINIB	105.4	PD	0	364.1	BGJ398	NSCLC	PD	4.0	24
X-2195	INFIGRATINIB	20.849999999999994	PD	0	133.6	BGJ398	BRCA	PD	23.9601593625498	37
X-2344	INFIGRATINIB	53.81999999999999	PD	0	153.0	BGJ398	BRCA	PD	13.71631205673759	31
X-2353	INFIGRATINIB	33.95999999999998	PD	0	99.0	BGJ398	BRCA	PD	21.087976539589445	91
X-2487	INFIGRATINIB	25.42	PD	0	82.30000000000001	BGJ398	BRCA	PD	22.633846153846154	48
X-2524	INFIGRATINIB	170.8	PD	0	515.5	BGJ398	BRCA	PD	7.10316742081448	14
X-2640	INFIGRATINIB	-11.227586206896547	SD	0	-27.599999999999994	BGJ398	BRCA	SD	97.0	97
X-2780	INFIGRATINIB	19.174999999999997	PD	0	171.7	BGJ398	BRCA	PD	15.27659574468085	34
X-3029	INFIGRATINIB	-0.6799999999999926	SD	0	2.5	BGJ398	NSCLC	SD-->PD	43.68807339449541	49
X-3077	INFIGRATINIB	-17.922222222222217	SD	0	-47.6	BGJ398	BRCA	SD	29.0	29
X-3078	INFIGRATINIB	44.150000000000006	PD	0	147.4	BGJ398	BRCA	PD	16.628571428571433	32
X-3201	INFIGRATINIB	46.0	PD	0	146.6	BGJ398	BRCA	PD	13.021857923497267	27
X-3237	INFIGRATINIB	30.94	PD	0	165.60000000000002	BGJ398	NSCLC	PD	13.458452722063036	27
X-3298	INFIGRATINIB	32.525000000000006	PD	0	137.2	BGJ398	BRCA	PD	16.57828810020877	32
X-3450	INFIGRATINIB	7.340000000000003	PD	0	41.599999999999994	BGJ398	BRCA	PD	34.867298578199055	56
X-3468	INFIGRATINIB	34.099999999999994	PD	0	191.39999999999998	BGJ398	BRCA	PD	11.85925925925926	53
X-3697	INFIGRATINIB	-1.4249999999999972	SD	0	2.299999999999997	BGJ398	BRCA	SD-->PD	37.492239467849224	48
X-3843	INFIGRATINIB	29.03333333333333	PD	0	45.69999999999999	BGJ398	NSCLC	PD	24.258	27
X-3873	INFIGRATINIB	44.900000000000006	PD	0	154.6	BGJ398	BRCA	PD	16.43577981651376	42
X-4347	INFIGRATINIB	7.02000000000001	PD	0	55.900000000000006	BGJ398	BRCA	PD	31.07862407862408	60
X-4567	INFIGRATINIB	17.575000000000003	PD	0	82.9	BGJ398	BRCA	PD	26.401639344262296	42
X-4819	INFIGRATINIB	113.76666666666665	PD	0	207.8	BGJ398	NSCLC	PD	3.0	5
X-4824	INFIGRATINIB	27.775000000000006	PD	0	165.39999999999998	BGJ398	BRCA	PD	13.502808988764045	34
X-4888	INFIGRATINIB	-8.820000000000007	SD	0	-15.400000000000006	BGJ398	BRCA	SD-->PD	84.0	84
X-4949	INFIGRATINIB	39.17500000000001	PD	0	57.900000000000006	BGJ398	BRCA	PD	23.950934579439252	41
X-5249	INFIGRATINIB	-84.652	CR	1	-100.0	BGJ398	BRCA	CR	91.0	91
X-5355	INFIGRATINIB	65.475	PD	0	279.0	BGJ398	BRCA	PD	8.343283582089551	21
X-5502	INFIGRATINIB	37.620000000000005	PD	0	95.4	BGJ398	BRCA	PD	24.0	24
X-5975	INFIGRATINIB	18.30000000000001	PD	0	108.19999999999999	BGJ398	BRCA	PD	19.24770642201835	39
X-6047	INFIGRATINIB	18.72	PD	0	104.69999999999999	BGJ398	BRCA	PD	20.667138810198303	49
X-1156	LCL161 + PACLITAXEL	99.16	PD	0	292.5	LCL161 + paclitaxel	NSCLC	PD	6.755766621438264	31
X-1172	LCL161 + PACLITAXEL	-53.43214285714286	CR	1	-97.7	LCL161 + paclitaxel	NSCLC	CR	95.0	95
X-1189	LCL161 + PACLITAXEL	-89.69259259259259	CR	1	-100.0	LCL161 + paclitaxel	NSCLC	CR	97.0	97
X-1228	LCL161 + PACLITAXEL	-21.692307692307693	SD	0	-48.7	LCL161 + paclitaxel	NSCLC	SD-->PD	100.87601335240821	119
X-1323	LCL161 + PACLITAXEL	-25.099999999999994	SD	0	-29.099999999999994	LCL161 + paclitaxel	NSCLC	SD-->PD	44.86702127659574	56
X-1442	LCL161 + PACLITAXEL	47.25	PD	0	228.8	LCL161 + paclitaxel	NSCLC	PD	12.917159763313611	24
X-1499	LCL161 + PACLITAXEL	69.28	PD	0	212.3	LCL161 + paclitaxel	NSCLC	PD	9.88445667125172	13
X-1586	LCL161 + PACLITAXEL	-16.14999999999999	SD	0	-54.9	LCL161 + paclitaxel	NSCLC	SD-->PD	55.0	55
X-1658	LCL161 + PACLITAXEL	-85.98095238095239	CR	1	-100.0	LCL161 + paclitaxel	NSCLC	CR	98.0	98
X-1683	LCL161 + PACLITAXEL	-88.22142857142858	CR	1	-100.0	LCL161 + paclitaxel	NSCLC	CR	48.0	48
X-1725	LCL161 + PACLITAXEL	3.75	SD	0	3.4000000000000057	LCL161 + paclitaxel	NSCLC	SD-->PD	47.46995994659546	74
X-1787	LCL161 + PACLITAXEL	95.4	PD	0	570.7	LCL161 + paclitaxel	NSCLC	PD	7.97319587628866	22
X-1823	LCL161 + PACLITAXEL	129.35000000000002	PD	0	303.6	LCL161 + paclitaxel	NSCLC	PD	5.735632183908046	11
X-1834	LCL161 + PACLITAXEL	-54.42	PR	1	-89.5	LCL161 + paclitaxel	NSCLC	PR	17.0	17
X-1835	LCL161 + PACLITAXEL	-22.86666666666666	PR	1	-51.0	LCL161 + paclitaxel	NSCLC	PR	14.0	14
X-1869	LCL161 + PACLITAXEL	-34.25	PR	1	-58.5	LCL161 + paclitaxel	NSCLC	PR-->PD	32.0	32
X-1870	LCL161 + PACLITAXEL	-68.6	PR	1	-88.1	LCL161 + paclitaxel	NSCLC	PR	129.0	129
X-1934	LCL161 + PACLITAXEL	149.33333333333334	PD	0	443.4	LCL161 + paclitaxel	NSCLC	PD	9.479033728350046	40
X-1980	LCL161 + PACLITAXEL	28.75	PD	0	69.5	LCL161 + paclitaxel	NSCLC	PD	21.455516014234874	42
X-1993	LCL161 + PACLITAXEL	-36.35555555555556	PR	1	-78.6	LCL161 + paclitaxel	NSCLC	PR-->PD	65.98389095415118	95
X-2017	LCL161 + PACLITAXEL	8.549999999999997	SD	0	9.799999999999997	LCL161 + paclitaxel	NSCLC	SD-->PD	46.97435897435897	52
X-2042	LCL161 + PACLITAXEL	-59.81818181818182	PR	1	-86.0	LCL161 + paclitaxel	NSCLC	PR	101.0	101
X-2082	LCL161 + PACLITAXEL	-30.424999999999997	PR	1	-61.0	LCL161 + paclitaxel	NSCLC	PR-->PD	50.0327868852459	89
X-2088	LCL161 + PACLITAXEL	-62.4	PR	1	-95.0	LCL161 + paclitaxel	NSCLC	PR-->PD	54.70926517571885	60
X-2094	LCL161 + PACLITAXEL	80.84	PD	0	292.1	LCL161 + paclitaxel	NSCLC	PD	6.799212598425196	46
X-3029	LCL161 + PACLITAXEL	-46.45454545454545	PR	1	-71.4	LCL161 + paclitaxel	NSCLC	PR	74.0	74
X-3237	LCL161 + PACLITAXEL	-3.9399999999999977	SD	0	-18.799999999999997	LCL161 + paclitaxel	NSCLC	SD-->PD	43.80039656311963	53
X-3843	LCL161 + PACLITAXEL	-27.900000000000006	SD	0	-42.9	LCL161 + paclitaxel	NSCLC	SD-->PD	30.68491577335375	41
X-4819	LCL161 + PACLITAXEL	161.14	PD	0	492.20000000000005	LCL161 + paclitaxel	NSCLC	PD	6.694082246740221	11
X-1004	LFA102	18.275000000000006	PD	0	378.5	LFA102	BRCA	PD	13.844868735083532	20
X-1008	LFA102	54.400000000000006	PD	0	195.8	LFA102	BRCA	PD	13.02676399026764	48
X-1286	LFA102	38.099999999999994	PD	0	153.3	LFA102	BRCA	PD	13.0253164556962	56
X-1298	LFA102	7.0	PD	0	66.0	LFA102	BRCA	PD	14.0	14
X-1371	LFA102	32.879999999999995	PD	0	299.2	LFA102	BRCA	PD	12.639484978540771	21
X-1383	LFA102	26.25	PD	0	92.5	LFA102	BRCA	PD	20.429799426934096	55
X-1407	LFA102	68.15	PD	0	264.6	LFA102	BRCA	PD	10.375711574952561	20
X-1468	LFA102	43.22	PD	0	153.6	LFA102		PD	13.8989898989899	42
X-1600	LFA102	157.57999999999998	PD	0	746.6	LFA102	BRCA	PD	5.754617414248022	14
X-1631	LFA102	67.85	PD	0	312.1	LFA102	BRCA	PD	8.926694329183956	20
X-1828	LFA102	25.359999999999985	PD	0	97.0	LFA102	BRCA	PD	21.432692307692307	28
X-1832	LFA102	60.775000000000006	PD	0	265.6	LFA102	BRCA	PD	10.657446808510638	28
X-1916	LFA102	26.040000000000006	PD	0	100.6	LFA102	BRCA	PD	19.951219512195124	28
X-1921	LFA102	45.599999999999994	PD	0	132.4	LFA102	BRCA	PD	12.979638009049772	41
X-2195	LFA102	4.3999999999999915	SD	0	34.80000000000001	LFA102	BRCA	SD-->PD	21.0	21
X-2344	LFA102	48.88	PD	0	217.10000000000002	LFA102	BRCA	PD	12.190751445086704	24
X-2353	LFA102	20.275000000000006	PD	0	79.6	LFA102	BRCA	PD	24.111888111888113	35
X-2487	LFA102	35.45999999999998	PD	0	175.10000000000002	LFA102	BRCA	PD	14.613682092555331	34
X-2524	LFA102	32.474999999999994	PD	0	128.9	LFA102	BRCA	PD	15.948660714285715	42
X-2640	LFA102	37.66	PD	0	59.0	LFA102	BRCA	PD	28.895424836601308	76
X-2780	LFA102	83.24	PD	0	429.29999999999995	LFA102	BRCA	PD	8.47843137254902	28
X-3077	LFA102	26.459999999999994	PD	0	159.5	LFA102	BRCA	PD	14.14121037463977	35
X-3078	LFA102	4.200000000000003	PD	0	90.0	LFA102	BRCA	PD	22.382488479262673	32
X-3201	LFA102	7.259999999999991	SD	0	-2.5	LFA102	BRCA	SD-->PD	32.26148409893993	69
X-3298	LFA102	29.57499999999999	PD	0	39.900000000000006	LFA102	BRCA	PD	53.058375634517766	90
X-3450	LFA102	18.92	PD	0	39.099999999999994	LFA102	BRCA	PD	21.0	21
X-3468	LFA102	13.400000000000006	PD	0	88.69999999999999	LFA102	BRCA	PD	23.814946619217082	56
X-3697	LFA102	9.875	PD	0	90.5	LFA102	BRCA	PD	22.043010752688172	34
X-3873	LFA102	143.5666666666667	PD	0	320.9	LFA102	BRCA	PD	7.0	14
X-4347	LFA102	30.125	PD	0	162.60000000000002	LFA102	BRCA	PD	17.163141993957705	48
X-4567	LFA102	12.620000000000005	PD	0	79.0	LFA102	BRCA	PD	25.027397260273972	41
X-4824	LFA102	18.799999999999997	PD	0	69.9	LFA102	BRCA	PD	28.861751152073733	35
X-4888	LFA102	-5.840000000000003	SD	0	-11.0	LFA102	BRCA	SD-->PD	31.313111545988257	48
X-4949	LFA102	82.64999999999998	PD	0	227.2	LFA102	BRCA	PD	10.407734806629835	27
X-5249	LFA102	80.97500000000002	PD	0	221.8	LFA102	BRCA	PD	7.488708220415537	34
X-5355	LFA102	57.44	PD	0	198.3	LFA102	BRCA	PD	11.197841726618705	34
X-5502	LFA102	19.47999999999999	PD	0	81.80000000000001	LFA102	BRCA	PD	22.866141732283467	42
X-5975	LFA102	16.22	SD	0	8.400000000000006	LFA102	BRCA	SD-->PD	105.0	105
X-6047	LFA102	115.14000000000001	PD	0	562.6	LFA102	BRCA	PD	4.6831119544592035	17
X-0933	LFW527 + BINIMETINIB	-35.016666666666666	PR	1	-60.0	LFW527 + binimetinib	CRC	PR	17.0	17
X-0988	LFW527 + BINIMETINIB	24.97999999999999	SD	0	14.5	LFW527 + binimetinib	CRC	SD-->PD	28.0	28
X-0992	LFW527 + BINIMETINIB	5.412499999999994	SD	0	-5.0	LFW527 + binimetinib	CRC	SD-->PD	90.0	90
X-1055	LFW527 + BINIMETINIB	-30.549999999999997	SD	0	-49.1	LFW527 + binimetinib	CRC	SD-->PD	78.89958847736625	91
X-1119	LFW527 + BINIMETINIB	40.01666666666668	PD	0	47.099999999999994	LFW527 + binimetinib	CRC	PD	3.8844301765650076	70
X-1156	LFW527 + BINIMETINIB	16.150000000000006	PD	0	98.80000000000001	LFW527 + binimetinib	NSCLC	PD	14.00890868596882	30
X-1167	LFW527 + BINIMETINIB	39.04000000000002	PD	0	21.5	LFW527 + binimetinib	CRC	PD	14.907180385288967	29
X-1172	LFW527 + BINIMETINIB	-32.239999999999995	SD	0	-44.8	LFW527 + binimetinib	NSCLC	SD-->PD	122.0062630480167	173
X-1210	LFW527 + BINIMETINIB	146.9	PD	0	379.0	LFW527 + binimetinib	CRC	PD	5.310107948969578	17
X-1228	LFW527 + BINIMETINIB	-19.960000000000008	SD	0	-26.900000000000006	LFW527 + binimetinib	NSCLC	SD-->PD	31.568141592920355	90
X-1234	LFW527 + BINIMETINIB	17.92	PD	0	170.89999999999998	LFW527 + binimetinib	CRC	PD	19.09366391184573	41
X-1256	LFW527 + BINIMETINIB	37.920000000000016	PD	0	146.4	LFW527 + binimetinib	CRC	PD	13.627634660421545	26
X-1290	LFW527 + BINIMETINIB	35.06	PD	0	111.5	LFW527 + binimetinib	CRC	PD	15.277153558052433	17
X-1303	LFW527 + BINIMETINIB	-7.1555555555555515	SD	0	-37.6	LFW527 + binimetinib	CRC	SD-->PD	69.12468827930175	94
X-1310	LFW527 + BINIMETINIB	38.06	PD	0	135.4	LFW527 + binimetinib	CRC	PD	14.189526184538654	31
X-1323	LFW527 + BINIMETINIB	-12.600000000000009	SD	0	-22.299999999999997	LFW527 + binimetinib	NSCLC	SD-->PD	33.885245901639344	65
X-1329	LFW527 + BINIMETINIB	10.0	SD	0	14.700000000000003	LFW527 + binimetinib	CRC	SD-->PD	37.18446601941748	45
X-1333	LFW527 + BINIMETINIB	12.974999999999994	PD	0	262.6	LFW527 + binimetinib	CRC	PD	17.997045790251107	22
X-1402	LFW527 + BINIMETINIB	14.599999999999994	PD	0	97.1	LFW527 + binimetinib	CRC	PD	22.756521739130438	50
X-1443	LFW527 + BINIMETINIB	3.575000000000003	SD	0	4.900000000000006	LFW527 + binimetinib	CRC	SD-->PD	32.0	32
X-1499	LFW527 + BINIMETINIB	-4.549999999999997	SD	0	-19.700000000000003	LFW527 + binimetinib	NSCLC	SD-->PD	20.61048689138577	24
X-1500	LFW527 + BINIMETINIB	12.916666666666671	PD	0	40.599999999999994	LFW527 + binimetinib	CRC	PD	35.9593023255814	143
X-1586	LFW527 + BINIMETINIB	-10.340000000000003	SD	0	-13.700000000000003	LFW527 + binimetinib	NSCLC	SD-->PD	87.0	87
X-1658	LFW527 + BINIMETINIB	123.0	PD	0	449.20000000000005	LFW527 + binimetinib	NSCLC	PD	4.0	14
X-1725	LFW527 + BINIMETINIB	12.48571428571428	SD	0	-14.200000000000003	LFW527 + binimetinib	NSCLC	SD-->PD	7.896226415094339	184
X-1787	LFW527 + BINIMETINIB	34.099999999999994	PD	0	26.599999999999994	LFW527 + binimetinib	NSCLC	PD	34.956422018348626	39
X-1795	LFW527 + BINIMETINIB	32.69999999999999	PD	0	137.3	LFW527 + binimetinib	NSCLC	PD	13.148936170212766	26
X-1823	LFW527 + BINIMETINIB	26.25999999999999	PD	0	105.1	LFW527 + binimetinib	NSCLC	PD	19.1731843575419	45
X-1834	LFW527 + BINIMETINIB	14.579999999999998	PD	0	87.5	LFW527 + binimetinib	NSCLC	PD	18.495495495495497	35
X-1835	LFW527 + BINIMETINIB	-22.299999999999997	PR	1	-66.5	LFW527 + binimetinib	NSCLC	PR-->-->PD	120.0	120
X-1855	LFW527 + BINIMETINIB	2.1899999999999977	SD	0	-3.5	LFW527 + binimetinib	CRC	SD-->-->PD	182.8046875	195
X-1869	LFW527 + BINIMETINIB	28.67500000000001	PD	0	127.6	LFW527 + binimetinib	NSCLC	PD	16.354166666666664	33
X-1870	LFW527 + BINIMETINIB	10.666666666666671	SD	0	5.799999999999997	LFW527 + binimetinib	NSCLC	SD-->PD	63.824238128986536	90
X-1934	LFW527 + BINIMETINIB	108.51999999999998	PD	0	282.4	LFW527 + binimetinib	NSCLC	PD	6.887019230769231	14
X-1979	LFW527 + BINIMETINIB	-5.599999999999994	SD	0	-25.599999999999994	LFW527 + binimetinib	NSCLC	SD-->PD	65.12359550561797	85
X-1980	LFW527 + BINIMETINIB	-23.659999999999997	SD	0	-43.8	LFW527 + binimetinib	NSCLC	SD-->PD	39.26829268292683	58
X-1993	LFW527 + BINIMETINIB	-42.06923076923077	PR	1	-71.4	LFW527 + binimetinib	NSCLC	PR	124.0	124
X-2017	LFW527 + BINIMETINIB	-79.9225	CR	1	-100.0	LFW527 + binimetinib	NSCLC	CR-->-->PD	162.0	162
X-2042	LFW527 + BINIMETINIB	-77.18260869565218	CR	1	-100.0	LFW527 + binimetinib	NSCLC	CR	182.0	182
X-20508	LFW527 + BINIMETINIB	-20.922222222222217	SD	0	-33.099999999999994	LFW527 + binimetinib	NSCLC	SD-->PD	70.0	70
X-20689	LFW527 + BINIMETINIB	-21.900000000000006	SD	0	-33.2	LFW527 + binimetinib	NSCLC	SD-->PD	71.37423312883436	115
X-20810	LFW527 + BINIMETINIB	-41.96666666666667	PR	1	-59.6	LFW527 + binimetinib	NSCLC	PR-->PD	70.0	70
X-2082	LFW527 + BINIMETINIB	-44.96666666666666	PR	1	-63.1	LFW527 + binimetinib	NSCLC	PR-->-->PD	145.0	145
X-2088	LFW527 + BINIMETINIB	392.0666666666666	PD	0	765.8	LFW527 + binimetinib	NSCLC	PD	4.0	5
X-2094	LFW527 + BINIMETINIB	-17.14545454545454	SD	0	-51.8	LFW527 + binimetinib	NSCLC	SD-->PD	45.069868995633186	57
X-2145	LFW527 + BINIMETINIB	-4.016666666666666	SD	0	-12.5	LFW527 + binimetinib	CRC	SD-->PD	46.0	46
X-21617	LFW527 + BINIMETINIB	214.55	PD	0	436.29999999999995	LFW527 + binimetinib	NSCLC	PD	2.582561481954647	8
X-2182	LFW527 + BINIMETINIB	112.85999999999999	PD	0	423.29999999999995	LFW527 + binimetinib	CRC	PD	5.524495677233429	18
X-2239	LFW527 + BINIMETINIB	18.424999999999997	PD	0	83.4	LFW527 + binimetinib	CRC	PD	27.06183368869936	36
X-2374	LFW527 + BINIMETINIB	6.729411764705887	SD	0	-22.5	LFW527 + binimetinib	CRC	SD-->-->PD	155.0	155
X-2483	LFW527 + BINIMETINIB	-6.575000000000003	SD	0	-33.7	LFW527 + binimetinib	CRC	SD-->PD	140.06474820143885	158
X-2514	LFW527 + BINIMETINIB	30.120000000000005	PD	0	225.8	LFW527 + binimetinib	CRC	PD	16.291553133514988	27
X-2573	LFW527 + BINIMETINIB	0.12000000000000455	SD	0	-5.700000000000003	LFW527 + binimetinib	CRC	SD-->PD	60.77923497267759	147
X-2659	LFW527 + BINIMETINIB	-59.15121951219513	CR	1	-100.0	LFW527 + binimetinib	CRC	CR	149.0	149
X-2761	LFW527 + BINIMETINIB	-4.280000000000001	SD	0	-3.700000000000003	LFW527 + binimetinib	CRC	SD-->PD	36.577777777777776	83
X-2861	LFW527 + BINIMETINIB	23.25999999999999	SD	0	20.099999999999994	LFW527 + binimetinib	CRC	SD-->PD	38.627906976744185	106
X-3205	LFW527 + BINIMETINIB	38.75	PD	0	160.2	LFW527 + binimetinib	CRC	PD	17.68686868686869	41
X-3237	LFW527 + BINIMETINIB	-34.620000000000005	SD	0	-45.4	LFW527 + binimetinib	NSCLC	SD-->PD	48.66571018651363	61
X-3684	LFW527 + BINIMETINIB	175.375	PD	0	563.5	LFW527 + binimetinib	CRC	PD	6.774671052631579	11
X-3792	LFW527 + BINIMETINIB	6.780000000000001	PD	0	52.599999999999994	LFW527 + binimetinib	CRC	PD	26.67170626349892	37
X-3843	LFW527 + BINIMETINIB	16.42	PD	0	116.19999999999999	LFW527 + binimetinib	NSCLC	PD	19.50920245398773	36
X-4087	LFW527 + BINIMETINIB	5.299999999999997	SD	0	-23.299999999999997	LFW527 + binimetinib	CRC	SD-->PD	29.2442996742671	38
X-4819	LFW527 + BINIMETINIB	100.5	PD	0	556.6	LFW527 + binimetinib	NSCLC	PD	5.529411764705882	21
X-5238	LFW527 + BINIMETINIB	27.299999999999997	PD	0	89.69999999999999	LFW527 + binimetinib	CRC	PD	30.270270270270267	45
X-5254	LFW527 + BINIMETINIB	24.44999999999999	PD	0	95.30000000000001	LFW527 + binimetinib	CRC	PD	22.788968824940046	61
X-5267	LFW527 + BINIMETINIB	-25.14999999999999	SD	0	-32.900000000000006	LFW527 + binimetinib	NSCLC	SD-->PD	48.0	48
X-5421	LFW527 + BINIMETINIB	101.52000000000001	PD	0	262.4	LFW527 + binimetinib	CRC	PD	3.8609271523178808	18
X-5438	LFW527 + BINIMETINIB	11.5	PD	0	100.5	LFW527 + binimetinib	CRC	PD	11.519811954331766	32
X-5446	LFW527 + BINIMETINIB	1.5	SD	0	4.299999999999997	LFW527 + binimetinib	CRC	SD-->PD	26.26697892271663	56
X-5495	LFW527 + BINIMETINIB	-20.087500000000006	SD	0	-38.2	LFW527 + binimetinib	CRC	SD	34.0	34
X-5536	LFW527 + BINIMETINIB	6.0	PD	0	51.5	LFW527 + binimetinib	CRC	PD	34.857142857142854	39
X-1004	LFW527 + EVEROLIMUS	-19.365624999999994	SD	0	-45.9	LFW527 + everolimus	BRCA	SD-->-->PD	153.0	153
X-1008	LFW527 + EVEROLIMUS	-26.92857142857143	SD	0	-37.8	LFW527 + everolimus	BRCA	SD	35.0	35
X-1286	LFW527 + EVEROLIMUS	5.799999999999997	SD	0	11.400000000000006	LFW527 + everolimus	BRCA	SD-->PD	45.76010781671159	80
X-1298	LFW527 + EVEROLIMUS	-32.36	PR	1	-58.2	LFW527 + everolimus	BRCA	PR	13.0	13
X-1349	LFW527 + EVEROLIMUS	151.2	PD	0	302.4	LFW527 + everolimus	BRCA	PD	5.0	5
X-1371	LFW527 + EVEROLIMUS	-6.5	SD	0	-6.099999999999994	LFW527 + everolimus	BRCA	SD-->PD	30.765199161425578	101
X-1383	LFW527 + EVEROLIMUS	52.72	PD	0	97.5	LFW527 + everolimus	BRCA	PD	12.41132075471698	41
X-1407	LFW527 + EVEROLIMUS	-15.271428571428572	SD	0	-45.5	LFW527 + everolimus	BRCA	SD	20.0	20
X-1468	LFW527 + EVEROLIMUS	6.483333333333334	SD	0	-4.799999999999997	LFW527 + everolimus		SD	48.0	48
X-1600	LFW527 + EVEROLIMUS	-5.150000000000006	SD	0	33.599999999999994	LFW527 + everolimus	BRCA	SD-->PD	37.09893455098935	63
X-1832	LFW527 + EVEROLIMUS	41.099999999999994	PD	0	77.6	LFW527 + everolimus	BRCA	PD	17.0	17
X-1916	LFW527 + EVEROLIMUS	16.159999999999997	SD	0	9.700000000000003	LFW527 + everolimus	BRCA	SD-->PD	36.7008547008547	59
X-1921	LFW527 + EVEROLIMUS	-33.765625	PR	1	-100.0	LFW527 + everolimus	BRCA	PR-->PD	109.0	109
X-2127	LFW527 + EVEROLIMUS	24.42	SD	0	27.599999999999994	LFW527 + everolimus	BRCA	SD-->PD	16.852614896988907	27
X-2344	LFW527 + EVEROLIMUS	-8.799999999999997	SD	0	-18.5	LFW527 + everolimus	BRCA	SD-->PD	67.70588235294117	76
X-2353	LFW527 + EVEROLIMUS	-15.92307692307692	SD	0	-45.9	LFW527 + everolimus	BRCA	SD-->PD	136.62459546925567	157
X-2487	LFW527 + EVEROLIMUS	2.8200000000000074	SD	0	4.200000000000003	LFW527 + everolimus	BRCA	SD-->PD	45.0	45
X-2524	LFW527 + EVEROLIMUS	0.0	SD	0	0.0	LFW527 + everolimus	BRCA	SD	26.0	26
X-2640	LFW527 + EVEROLIMUS	-29.644444444444446	PR	1	-53.6	LFW527 + everolimus	BRCA	PR-->PD	111.0	111
X-2780	LFW527 + EVEROLIMUS	-3.299999999999997	SD	0	-22.900000000000006	LFW527 + everolimus	BRCA	SD-->PD	64.87064676616916	108
X-3077	LFW527 + EVEROLIMUS	-5.659999999999997	SD	0	-11.700000000000003	LFW527 + everolimus	BRCA	SD	27.0	27
X-3078	LFW527 + EVEROLIMUS	-3.114285714285714	SD	0	-23.200000000000003	LFW527 + everolimus	BRCA	SD	21.0	21
X-3201	LFW527 + EVEROLIMUS	31.74000000000001	PD	0	6.200000000000003	LFW527 + everolimus	BRCA	PD	68.0	68
X-3450	LFW527 + EVEROLIMUS	-18.299999999999997	SD	0	-29.900000000000006	LFW527 + everolimus	BRCA	SD	13.0	13
X-3453	LFW527 + EVEROLIMUS	-42.013888888888886	PR	1	-61.0	LFW527 + everolimus	BRCA	PR	123.0	123
X-3468	LFW527 + EVEROLIMUS	-48.33783783783784	PR	1	-74.7	LFW527 + everolimus	BRCA	PR	126.0	126
X-3873	LFW527 + EVEROLIMUS	14.427999999999997	SD	0	-25.299999999999997	LFW527 + everolimus	BRCA	SD-->-->PD	98.0	98
X-4347	LFW527 + EVEROLIMUS	0.2142857142857082	SD	0	-7.099999999999994	LFW527 + everolimus	BRCA	SD-->PD	78.56962025316456	98
X-4567	LFW527 + EVEROLIMUS	-44.90588235294118	PR	1	-68.1	LFW527 + everolimus	BRCA	PR	56.0	56
X-4888	LFW527 + EVEROLIMUS	-5.200000000000003	SD	0	-14.599999999999994	LFW527 + everolimus	BRCA	SD-->PD	52.77536231884058	66
X-5249	LFW527 + EVEROLIMUS	-4.099999999999994	SD	0	-11.599999999999994	LFW527 + everolimus	BRCA	SD-->PD	47.8	73
X-5355	LFW527 + EVEROLIMUS	-45.725	PR	1	-62.0	LFW527 + everolimus	BRCA	PR-->-->PD	149.0	149
X-5502	LFW527 + EVEROLIMUS	-9.64	SD	0	-17.299999999999997	LFW527 + everolimus	BRCA	SD-->PD	80.70442286947141	97
X-5541	LFW527 + EVEROLIMUS	-38.29333333333333	PR	1	-54.5	LFW527 + everolimus	BRCA	PR-->PD	69.0	69
X-1655	LGW813	32.525000000000006	PD	0	291.7	LGW813	CM	PD	14.263610315186247	29
X-1906	LGW813	33.32499999999999	PD	0	206.7	LGW813	CM	PD	11.893351800554017	21
X-2163	LGW813	70.35999999999999	PD	0	138.5	LGW813	CM	PD	7.593220338983051	35
X-2306	LGW813	9.825000000000003	PD	0	41.80000000000001	LGW813	CM	PD	26.709302325581394	32
X-2602	LGW813	20.97999999999999	PD	0	64.0	LGW813	CM	PD	30.69325153374233	37
X-2613	LGW813	158.35000000000002	PD	0	683.6	LGW813	CM	PD	4.729716276754605	20
X-2700	LGW813	47.275000000000006	PD	0	203.7	LGW813	CM	PD	12.822102425876011	27
X-2723	LGW813	-54.871428571428574	PR	1	-77.1	LGW813	CM	PR-->PD	46.0	46
X-2753	LGW813	-23.252631578947373	PR	1	-56.0	LGW813	CM	PR-->-->PD	109.0	109
X-2838	LGW813	8.400000000000006	SD	0	5.400000000000006	LGW813	CM	SD-->PD	24.0	24
X-2921	LGW813	66.29999999999998	PD	0	304.8	LGW813	CM	PD	7.413793103448277	23
X-2992	LGW813	63.349999999999994	PD	0	411.7	LGW813	CM	PD	8.591240875912408	22
X-3127	LGW813	-32.05833333333334	PR	1	-56.3	LGW813	CM	PR-->PD	94.15407854984895	106
X-3211	LGW813	-26.060869565217402	PR	1	-50.3	LGW813	CM	PR	77.0	77
X-3483	LGW813	121.15	PD	0	226.7	LGW813	CM	PD	6.371308016877637	13
X-3486	LGW813	52.16	PD	0	191.10000000000002	LGW813	CM	PD	12.12035661218425	21
X-3503	LGW813	53.95999999999998	PD	0	162.5	LGW813	CM	PD	12.314214463840399	21
X-3676	LGW813	148.78000000000003	PD	0	445.29999999999995	LGW813	CM	PD	5.284722222222222	12
X-3746	LGW813	189.73333333333335	PD	0	634.9	LGW813	CM	PD	7.0	22
X-3773	LGW813	0.539999999999992	PD	0	66.9	LGW813	CM	PD	27.05753424657534	43
X-3851	LGW813	103.04000000000002	PD	0	477.4	LGW813	CM	PD	6.309655937846837	27
X-3880	LGW813	13.150000000000006	PD	0	73.19999999999999	LGW813	CM	PD	22.953168044077135	24
X-4157	LGW813	-16.97999999999999	SD	0	-23.5	LGW813	CM	SD-->PD	67.464	105
X-4339	LGW813	9.849999999999994	SD	0	13.299999999999997	LGW813	CM	SD-->PD	49.87378640776699	51
X-4426	LGW813	53.55000000000001	PD	0	229.39999999999998	LGW813	CM	PD	10.040307101727446	26
X-4455	LGW813	43.07499999999999	PD	0	336.4	LGW813	CM	PD	11.113924050632912	21
X-4530	LGW813	68.17500000000001	PD	0	243.89999999999998	LGW813	CM	PD	7.406015037593985	16
X-4538	LGW813	57.80000000000001	PD	0	335.5	LGW813	CM	PD	9.011560693641618	25
X-4644	LGW813	128.35999999999999	PD	0	637.5	LGW813	CM	PD	6.365535248041776	21
X-4668	LGW813	81.94	PD	0	392.3	LGW813	CM	PD	8.836641221374045	20
X-4832	LGW813	78.875	PD	0	201.2	LGW813	CM	PD	8.33939774153074	19
X-4849	LGW813	84.52000000000001	PD	0	193.5	LGW813	CM	PD	9.421052631578947	13
X-5189	LGW813	1.2999999999999972	SD	0	22.299999999999997	LGW813	CM	SD-->PD	32.0	32
X-0933	LJC049	83.70000000000002	PD	0	549.0	LJC049	CRC	PD	6.0255564715581205	24
X-1027	LJC049	126.75	PD	0	284.5	LJC049	CRC	PD	4.570200573065902	10
X-1055	LJC049	6.075000000000003	SD	0	6.299999999999997	LJC049	CRC	SD-->PD	47.24766977363515	68
X-1119	LJC049	133.8	PD	0	498.0	LJC049	CRC	PD	7.093050647820966	22
X-1167	LJC049	132.4	PD	0	430.20000000000005	LJC049	CRC	PD	4.113300492610837	17
X-1173	LJC049	35.67500000000001	PD	0	854.7	LJC049	CRC	PD	10.188494492044065	17
X-1270	LJC049	18.13333333333334	SD	0	-22.400000000000006	LJC049	CRC	SD-->PD	53.0	53
X-1290	LJC049	155.4	PD	0	452.5	LJC049	CRC	PD	4.530516431924882	21
X-1303	LJC049	43.02000000000001	PD	0	251.0	LJC049	CRC	PD	9.567901234567902	24
X-1329	LJC049	154.29999999999998	PD	0	648.8	LJC049	CRC	PD	6.831673306772909	19
X-1441	LJC049	41.81999999999999	PD	0	104.6	LJC049	CRC	PD	13.72631578947368	42
X-1443	LJC049	42.5	PD	0	122.4	LJC049	CRC	PD	14.247480403135498	16
X-1479	LJC049	35.140000000000015	PD	0	171.7	LJC049	CRC	PD	12.896860986547084	20
X-1500	LJC049	14.875	PD	0	124.6	LJC049	CRC	PD	19.60198300283286	25
X-1536	LJC049	45.31999999999999	PD	0	159.3	LJC049	CRC	PD	13.530219780219781	30
X-1855	LJC049	7.200000000000003	PD	0	97.69999999999999	LJC049	CRC	PD	21.492857142857144	43
X-2145	LJC049	42.875	PD	0	105.69999999999999	LJC049	CRC	PD	10.638668779714738	14
X-2182	LJC049	386.9	PD	0	842.2	LJC049	CRC	PD	3.0	7
X-2239	LJC049	40.875	PD	0	237.39999999999998	LJC049	CRC	PD	14.34005763688761	36
X-2374	LJC049	27.799999999999997	PD	0	94.9	LJC049	CRC	PD	21.36778846153846	28
X-2403	LJC049	137.85999999999999	PD	0	361.8	LJC049	CRC	PD	6.8494117647058825	28
X-2483	LJC049	26.825000000000003	PD	0	124.9	LJC049	CRC	PD	18.770149253731343	52
X-2484	LJC049	7.52000000000001	PD	0	116.9	LJC049	CRC	PD	17.926453143534992	27
X-2538	LJC049	12.320000000000007	PD	0	108.6	LJC049	CRC	PD	20.299864314789687	34
X-2573	LJC049	85.275	PD	0	207.0	LJC049	CRC	PD	5.757961783439491	23
X-2659	LJC049	56.079999999999984	PD	0	250.8	LJC049	CRC	PD	9.88774193548387	23
X-2822	LJC049	-0.5250000000000057	SD	0	0.0	LJC049	CRC	SD-->PD	66.29729729729729	84
X-2846	LJC049	29.099999999999994	PD	0	175.60000000000002	LJC049	CRC	PD	11.47594278283485	46
X-2861	LJC049	147.4333333333333	PD	0	586.9	LJC049	CRC	PD	6.0	20
X-3093	LJC049	57.599999999999994	PD	0	137.1	LJC049	CRC	PD	10.493243243243244	13
X-3205	LJC049	58.19999999999999	PD	0	217.5	LJC049	CRC	PD	10.885572139303482	27
X-3224	LJC049	-7.424999999999997	SD	0	-13.099999999999994	LJC049	CRC	SD-->PD	23.767656090071647	30
X-3267	LJC049	5.179999999999993	PD	0	66.30000000000001	LJC049	CRC	PD	23.453883495145632	24
X-3792	LJC049	33.94	PD	0	197.8	LJC049	CRC	PD	16.61310782241015	27
X-4087	LJC049	18.075000000000003	SD	0	17.200000000000003	LJC049	CRC	SD-->PD	14.0	14
X-5254	LJC049	37.275000000000006	PD	0	296.7	LJC049	CRC	PD	11.09308510638298	20
X-5405	LJC049	95.875	PD	0	530.2	LJC049	CRC	PD	6.685009487666035	22
X-5438	LJC049	54.525000000000006	PD	0	184.89999999999998	LJC049	CRC	PD	6.754857997010464	44
X-5446	LJC049	58.900000000000006	PD	0	284.2	LJC049	CRC	PD	9.750479846449137	25
X-5494	LJC049	-61.3875	PR	1	-85.5	LJC049	CRC	PR-->PD	54.088071348940915	57
X-5495	LJC049	49.60000000000002	PD	0	499.4	LJC049	CRC	PD	8.073283858998144	24
X-5578	LJC049	39.67500000000001	PD	0	162.8	LJC049	CRC	PD	10.887688984881208	48
X-0933	LKA136	3.359999999999985	SD	0	22.400000000000006	LKA136	CRC	SD-->PD	29.0	29
X-0991	LKA136	24.075000000000003	PD	0	81.4	LKA136	PDAC	PD	25.697674418604652	50
X-1004	LKA136	-1.4200000000000017	PD	0	58.099999999999994	LKA136	BRCA	PD	26.246719160104988	33
X-1008	LKA136	41.92500000000001	PD	0	135.7	LKA136	BRCA	PD	16.228571428571428	42
X-1027	LKA136	189.08000000000004	PD	0	405.6	LKA136	CRC	PD	3.0	14
X-1055	LKA136	-5.959999999999994	SD	0	-13.099999999999994	LKA136	CRC	SD-->PD	25.878942881500425	28
X-1119	LKA136	56.25	PD	0	236.60000000000002	LKA136	CRC	PD	10.736705577172502	20
X-1167	LKA136	52.474999999999994	PD	0	569.5	LKA136	CRC	PD	8.472947167409295	24
X-1173	LKA136	231.25	PD	0	957.0999999999999	LKA136	CRC	PD	3.0	15
X-1199	LKA136	23.5	SD	0	12.700000000000003	LKA136	PDAC	SD	42.8004987531172	60
X-1270	LKA136	50.92499999999998	PD	0	379.0	LKA136	CRC	PD	9.457777777777778	24
X-1286	LKA136	8.974999999999994	PD	0	93.69999999999999	LKA136	BRCA	PD	21.203225806451613	38
X-1289	LKA136	-56.3304347826087	CR	1	-100.0	LKA136	PDAC	CR	6.501953125000001	83
X-1290	LKA136	84.82499999999999	PD	0	111.6	LKA136	CRC	PD	5.876506024096385	24
X-1298	LKA136	96.67500000000001	PD	0	298.2	LKA136	BRCA	PD	7.230694980694981	21
X-1303	LKA136	110.76	PD	0	523.1	LKA136	CRC	PD	4.456674473067916	21
X-1329	LKA136	82.89999999999998	PD	0	486.1	LKA136	CRC	PD	9.483780760626399	26
X-1362	LKA136	52.639999999999986	PD	0	169.60000000000002	LKA136	PDAC	PD	11.734351145038168	26
X-1371	LKA136	99.69999999999999	PD	0	601.8	LKA136	BRCA	PD	6.241813602015114	22
X-1383	LKA136	18.099999999999994	PD	0	91.4	LKA136	BRCA	PD	23.132231404958677	52
X-1407	LKA136	60.69999999999999	PD	0	214.2	LKA136	BRCA	PD	11.528846153846155	31
X-1441	LKA136	4.174999999999997	PD	0	39.80000000000001	LKA136	CRC	PD	43.12903225806452	90
X-1443	LKA136	-8.399999999999991	SD	0	-14.400000000000006	LKA136	CRC	SD-->PD	49.98245614035088	55
X-1468	LKA136	25.560000000000016	PD	0	122.69999999999999	LKA136		PD	18.926940639269407	56
X-1479	LKA136	19.02000000000001	PD	0	119.6	LKA136	CRC	PD	18.873563218390803	20
X-1500	LKA136	18.83333333333333	PD	0	59.30000000000001	LKA136	CRC	PD	21.0	21
X-1536	LKA136	23.25999999999999	PD	0	59.900000000000006	LKA136	CRC	PD	24.53303964757709	45
X-1600	LKA136	173.5	PD	0	782.4	LKA136	BRCA	PD	5.169559412550067	13
X-1631	LKA136	60.19999999999999	PD	0	325.0	LKA136	BRCA	PD	8.67591763652641	21
X-1828	LKA136	41.30000000000001	PD	0	101.6	LKA136	BRCA	PD	20.586206896551726	53
X-1832	LKA136	14.974999999999994	PD	0	423.70000000000005	LKA136	BRCA	PD	13.770522388059701	32
X-1855	LKA136	8.766666666666666	PD	0	78.80000000000001	LKA136	CRC	PD	24.05521472392638	35
X-1916	LKA136	21.97999999999999	PD	0	124.69999999999999	LKA136	BRCA	PD	18.723502304147466	21
X-1921	LKA136	50.599999999999994	PD	0	259.3	LKA136	BRCA	PD	10.6325	25
X-1948	LKA136	21.72	SD	0	27.900000000000006	LKA136	PDAC	SD-->PD	27.122186495176848	28
X-2026	LKA136	98.54000000000002	PD	0	464.4	LKA136	PDAC	PD	6.364383561643836	22
X-2043	LKA136	50.72	PD	0	155.7	LKA136	PDAC	PD	13.38974358974359	24
X-2081	LKA136	134.475	PD	0	645.7	LKA136	PDAC	PD	5.010460251046025	18
X-2145	LKA136	98.82499999999999	PD	0	359.4	LKA136	CRC	PD	4.991735537190083	40
X-2182	LKA136	183.06	PD	0	823.9	LKA136	CRC	PD	4.92747784045125	18
X-2195	LKA136	1.8999999999999915	SD	0	7.299999999999997	LKA136	BRCA	SD-->PD	35.95518867924528	50
X-2220	LKA136	189.32	PD	0	498.79999999999995	LKA136		PD	4.304832713754648	13
X-2283	LKA136	61.70000000000002	PD	0	202.0	LKA136	PDAC	PD	10.577235772357723	29
X-2339	LKA136	24.040000000000006	PD	0	154.4	LKA136	PDAC	PD	16.17234262125903	58
X-2344	LKA136	216.47500000000002	PD	0	706.9	LKA136	BRCA	PD	4.0	18
X-2353	LKA136	8.525000000000006	PD	0	59.69999999999999	LKA136	BRCA	PD	30.46979865771812	74
X-2374	LKA136	61.55000000000001	PD	0	168.10000000000002	LKA136	CRC	PD	12.796370967741936	28
X-2403	LKA136	48.974999999999994	PD	0	300.4	LKA136	CRC	PD	11.405405405405405	28
X-2428	LKA136	49.22	PD	0	87.0	LKA136	PDAC	PD	24.19815668202765	37
X-2470	LKA136	104.07999999999998	PD	0	430.1	LKA136	PDAC	PD	6.173134328358209	22
X-2483	LKA136	12.575000000000003	PD	0	42.400000000000006	LKA136	CRC	PD	35.89142857142857	69
X-2484	LKA136	25.0	PD	0	125.80000000000001	LKA136	CRC	PD	20.282420749279538	27
X-2487	LKA136	71.225	PD	0	383.9	LKA136	BRCA	PD	7.5285171102661606	18
X-2524	LKA136	231.95999999999998	PD	0	874.9	LKA136	BRCA	PD	4.816476892163429	17
X-2538	LKA136	50.22	PD	0	154.8	LKA136	CRC	PD	14.684210526315795	34
X-2564	LKA136	17.940000000000012	SD	0	14.400000000000006	LKA136	PDAC	SD	14.0	14
X-2573	LKA136	81.67500000000001	PD	0	365.3	LKA136	CRC	PD	6.974424552429669	23
X-2633	LKA136	34.45999999999998	PD	0	158.39999999999998	LKA136	PDAC	PD	11.34741288278775	33
X-2640	LKA136	0.9399999999999977	SD	0	3.299999999999997	LKA136	BRCA	SD-->PD	48.39344262295082	90
X-2659	LKA136	20.460000000000008	SD	0	3.5999999999999943	LKA136	CRC	SD	90.0	90
X-2684	LKA136	85.4	PD	0	330.5	LKA136	PDAC	PD	6.189349112426038	24
X-2780	LKA136	75.97999999999999	PD	0	199.0	LKA136	BRCA	PD	7.153374233128833	41
X-2822	LKA136	0.9000000000000057	SD	0	2.0	LKA136	CRC	SD-->PD	57.84158415841584	84
X-2846	LKA136	18.0	PD	0	55.0	LKA136	CRC	PD	39.37837837837838	46
X-2861	LKA136	15.974999999999994	PD	0	111.19999999999999	LKA136	CRC	PD	18.479099678456592	33
X-2997	LKA136	95.45999999999998	PD	0	384.4	LKA136	PDAC	PD	6.797074954296161	24
X-3028	LKA136	11.359999999999985	SD	0	6.700000000000003	LKA136	PDAC	SD-->PD	96.0	96
X-3038	LKA136	63.02000000000001	PD	0	158.5	LKA136	PDAC	PD	11.41373801916933	24
X-3052	LKA136	38.579999999999984	PD	0	196.8	LKA136	PDAC	PD	12.832369942196532	33
X-3077	LKA136	14.549999999999997	PD	0	175.89999999999998	LKA136	BRCA	PD	15.533797216699801	25
X-3078	LKA136	45.099999999999994	PD	0	144.3	LKA136	BRCA	PD	10.511331444759207	39
X-3093	LKA136	60.62	PD	0	199.60000000000002	LKA136	CRC	PD	10.765363128491622	30
X-3201	LKA136	134.88000000000002	PD	0	284.6	LKA136	BRCA	PD	5.372093023255814	13
X-3205	LKA136	74.05000000000001	PD	0	172.2	LKA136	CRC	PD	9.482059282371296	27
X-3224	LKA136	110.71999999999997	PD	0	321.9	LKA136	CRC	PD	7.038759689922481	21
X-3267	LKA136	16.700000000000003	SD	0	21.0	LKA136	CRC	SD-->PD	31.989473684210527	35
X-3268	LKA136	7.25	SD	0	14.700000000000003	LKA136	PDAC	SD-->PD	39.15632754342432	52
X-3298	LKA136	16.450000000000003	PD	0	99.80000000000001	LKA136	BRCA	PD	20.17777777777778	81
X-3450	LKA136	8.759999999999991	SD	0	15.099999999999994	LKA136	BRCA	SD-->PD	31.0	31
X-3468	LKA136	3.0999999999999943	SD	0	6.599999999999994	LKA136	BRCA	SD-->PD	32.079470198675494	66
X-3697	LKA136	14.833333333333329	PD	0	76.9	LKA136	BRCA	PD	26.232323232323232	34
X-3792	LKA136	17.02000000000001	PD	0	72.19999999999999	LKA136	CRC	PD	22.120967741935484	27
X-3800	LKA136	32.0	PD	0	157.7	LKA136	PDAC	PD	12.751552795031056	32
X-3816	LKA136	45.31999999999999	PD	0	94.80000000000001	LKA136	PDAC	PD	12.510593220338983	44
X-3846	LKA136	16.22	PD	0	61.599999999999994	LKA136	PDAC	PD	24.413333333333334	32
X-3873	LKA136	18.620000000000005	PD	0	136.9	LKA136	BRCA	PD	17.199240986717268	34
X-3898	LKA136	16.700000000000003	PD	0	85.30000000000001	LKA136	PDAC	PD	22.14993481095176	38
X-3947	LKA136	51.18000000000001	PD	0	308.7	LKA136	PDAC	PD	11.021978021978022	25
X-3990	LKA136	63.88	PD	0	293.1	LKA136	PDAC	PD	8.379186602870814	26
X-4015	LKA136	53.76666666666668	PD	0	314.9	LKA136	PDAC	PD	10.77116704805492	25
X-4018	LKA136	37.120000000000005	PD	0	234.3	LKA136	PDAC	PD	13.47953216374269	30
X-4087	LKA136	38.900000000000006	PD	0	77.80000000000001	LKA136	CRC	PD	6.0	6
X-4145	LKA136	67.62	PD	0	224.0	LKA136	CRC	PD	9.105726872246695	28
X-4215	LKA136	48.57499999999999	PD	0	327.1	LKA136	PDAC	PD	9.482758620689655	25
X-4226	LKA136	30.80000000000001	PD	0	59.400000000000006	LKA136	PDAC	PD	25.232558139534884	36
X-4316	LKA136	9.559999999999988	PD	0	59.19999999999999	LKA136	PDAC	PD	31.091383812010445	45
X-4347	LKA136	27.900000000000006	PD	0	127.1	LKA136	BRCA	PD	16.113948919449903	28
X-4377	LKA136	-85.28461538461538	CR	1	-100.0	LKA136	PDAC	CR	89.0	89
X-4378	LKA136	64.52499999999998	PD	0	207.8	LKA136	PDAC	PD	8.85858585858586	27
X-4439	LKA136	31.099999999999994	PD	0	113.69999999999999	LKA136	PDAC	PD	19.838983050847457	32
X-4567	LKA136	19.559999999999988	PD	0	88.5	LKA136	BRCA	PD	21.393939393939394	41
X-4649	LKA136	18.616666666666674	PD	0	40.5	LKA136	PDAC	PD	30.502608695652174	46
X-4676	LKA136	12.625	PD	0	111.0	LKA136	PDAC	PD	18.633540372670808	34
X-4824	LKA136	31.375	PD	0	152.0	LKA136	BRCA	PD	18.168067226890756	33
X-4888	LKA136	49.775000000000006	PD	0	122.4	LKA136	BRCA	PD	16.531250000000004	53
X-4927	LKA136	59.849999999999994	PD	0	346.1	LKA136	PDAC	PD	8.818181818181818	19
X-4949	LKA136	78.9	PD	0	456.70000000000005	LKA136	BRCA	PD	6.044251626898047	26
X-5205	LKA136	3.0799999999999983	SD	0	12.200000000000003	LKA136	PDAC	SD-->PD	35.705705705705704	38
X-5249	LKA136	46.96000000000001	PD	0	136.6	LKA136	BRCA	PD	12.71541057367829	32
X-5254	LKA136	30.025000000000006	PD	0	132.3	LKA136	CRC	PD	11.193903471634208	26
X-5355	LKA136	34.84	PD	0	92.80000000000001	LKA136	BRCA	PD	21.361355081555836	49
X-5405	LKA136	5.299999999999997	PD	0	64.69999999999999	LKA136	CRC	PD	26.68258426966292	43
X-5438	LKA136	1.9200000000000017	SD	0	-7.400000000000006	LKA136	CRC	SD-->PD	41.876953125	85
X-5446	LKA136	85.9	PD	0	383.0	LKA136	CRC	PD	6.821463414634147	25
X-5494	LKA136	16.099999999999994	PD	0	123.6	LKA136	CRC	PD	19.925644916540215	25
X-5495	LKA136	10.549999999999997	PD	0	119.9	LKA136	CRC	PD	15.847631241997439	32
X-5502	LKA136	6.299999999999997	PD	0	58.30000000000001	LKA136	BRCA	PD	27.408163265306122	48
X-5578	LKA136	21.450000000000003	PD	0	149.2	LKA136	CRC	PD	19.325581395348838	48
X-5975	LKA136	26.620000000000005	PD	0	199.7	LKA136	BRCA	PD	16.097402597402596	28
X-6047	LKA136	35.95999999999998	PD	0	249.5	LKA136	BRCA	PD	12.813920454545455	28
X-007	LLM871	213.25	PD	0	458.0	LLM871	GC	PD	4.0	11
X-010	LLM871	-50.08235294117647	CR	1	-100.0	LLM871	GC	CR-->-->PD	144.031884057971	155
X-011	LLM871	101.28	PD	0	400.4	LLM871	GC	PD	6.611197511664074	24
X-015	LLM871	50.80000000000001	PD	0	155.0	LLM871	GC	PD	11.603644646924828	42
X-017	LLM871	15.75	SD	0	-78.5	LLM871	GC	SD-->PD	196.0	196
X-020	LLM871	30.07499999999999	PD	0	136.8	LLM871	GC	PD	18.4	44
X-027	LLM871	54.5	PD	0	307.3	LLM871	GC	PD	12.89539748953975	24
X-028	LLM871	23.040000000000006	PD	0	95.30000000000001	LLM871	GC	PD	15.763848396501459	34
X-029	LLM871	186.5	PD	0	347.7	LLM871	GC	PD	5.0	12
X-031	LLM871	35.125	PD	0	137.7	LLM871	GC	PD	14.04564315352697	39
X-034	LLM871	-2.200000000000003	PD	0	104.0	LLM871	GC	PD	19.767741935483873	32
X-035	LLM871	31.159999999999997	PD	0	114.1	LLM871	GC	PD	16.498233215547703	33
X-037	LLM871	-29.39999999999999	PR	1	-100.0	LLM871	GC	PR	151.0	151
X-038	LLM871	42.724999999999994	PD	0	380.5	LLM871	GC	PD	10.893915756630266	25
X-056	LLM871	37.25999999999999	PD	0	154.2	LLM871	GC	PD	15.11402157164869	85
X-057	LLM871	-92.17413793103448	CR	1	-100.0	LLM871	GC	CR	288.0	288
X-064	LLM871	23.75999999999999	PD	0	124.69999999999999	LLM871	GC	PD	18.60188679245283	31
X-065	LLM871	-6.224999999999994	SD	0	-2.200000000000003	LLM871	GC	SD-->PD	65.44444444444444	116
X-067	LLM871	3.825000000000003	SD	0	18.099999999999994	LLM871	GC	SD-->PD	47.58064516129033	116
X-075	LLM871	21.55000000000001	PD	0	119.1	LLM871	GC	PD	20.27891156462585	33
X-084	LLM871	65.12	PD	0	208.7	LLM871	GC	PD	9.4125	24
X-089	LLM871	26.5	PD	0	287.3	LLM871	GC	PD	13.149484536082474	28
X-090	LLM871	42.44999999999999	PD	0	109.30000000000001	LLM871	GC	PD	15.706720977596742	33
X-091	LLM871	36.42500000000001	PD	0	22.0	LLM871	GC	PD	19.47659574468085	234
X-096	LLM871	-60.75	PR	1	-78.9	LLM871	GC	PR	24.0	24
X-097	LLM871	50.375	PD	0	244.89999999999998	LLM871	GC	PD	12.174515235457063	22
X-098	LLM871	19.933333333333337	PD	0	266.4	LLM871	GC	PD	20.826446280991735	61
X-099	LLM871	-13.939999999999998	SD	0	-21.0	LLM871	GC	SD-->PD	41.17098445595855	78
X-1004	LLM871	11.524999999999991	PD	0	98.69999999999999	LLM871	BRCA	PD	20.05205205205205	27
X-1008	LLM871	73.65	PD	0	192.0	LLM871	BRCA	PD	9.865800865800866	27
X-102	LLM871	9.25	SD	0	9.900000000000006	LLM871	GC	SD-->PD	32.53333333333333	71
X-114	LLM871	-7.0	SD	0	-8.299999999999997	LLM871	GC	SD-->PD	27.360230547550433	63
X-1156	LLM871	114.91999999999999	PD	0	513.4	LLM871	NSCLC	PD	7.436974789915967	24
X-1172	LLM871	53.025000000000006	PD	0	209.89999999999998	LLM871	NSCLC	PD	8.225866916588567	13
X-118	LLM871	112.91999999999999	PD	0	456.1	LLM871	GC	PD	7.110552763819095	21
X-1189	LLM871	64.4	PD	0	197.2	LLM871	NSCLC	PD	7.461148648648648	29
X-119	LLM871	-93.08	CR	1	-100.0	LLM871	GC	CR	320.0	320
X-1228	LLM871	-53.22	PR	1	-69.9	LLM871	NSCLC	PR-->PD	68.19068736141907	75
X-127	LLM871	-95.48196721311476	CR	1	-100.0	LLM871	GC	CR	329.0	329
X-128	LLM871	21.099999999999994	PD	0	132.2	LLM871	GC	PD	16.90931989924433	31
X-1286	LLM871	11.079999999999998	PD	0	76.4	LLM871	BRCA	PD	28.059800664451828	69
X-129	LLM871	69.95999999999998	PD	0	198.7	LLM871	GC	PD	9.70796460176991	24
X-1298	LLM871	18.08	SD	0	27.599999999999994	LLM871	BRCA	SD-->PD	33.0	33
X-131	LLM871	34.0	PD	0	47.80000000000001	LLM871	GC	PD	10.0	10
X-1323	LLM871	13.200000000000003	PD	0	296.9	LLM871	NSCLC	PD	15.938321536905965	22
X-1371	LLM871	73.16	PD	0	492.9	LLM871	BRCA	PD	8.79757085020243	21
X-138	LLM871	14.700000000000003	PD	0	65.0	LLM871	GC	PD	28.27881040892193	31
X-1383	LLM871	40.30000000000001	PD	0	122.19999999999999	LLM871	BRCA	PD	16.12779552715655	41
X-1407	LLM871	58.625	PD	0	86.4	LLM871	BRCA	PD	15.1125	111
X-1442	LLM871	76.88	PD	0	396.5	LLM871	NSCLC	PD	10.198657718120806	18
X-1468	LLM871	4.700000000000003	SD	0	4.900000000000006	LLM871		SD-->PD	67.34306569343066	97
X-1499	LLM871	127.20000000000002	PD	0	228.8	LLM871	NSCLC	PD	4.0	5
X-158	LLM871	48.224999999999994	PD	0	42.099999999999994	LLM871	GC	PD	48.070422535211264	73
X-1586	LLM871	-6.5	SD	0	27.0	LLM871	NSCLC	SD-->PD	33.67948717948718	48
X-160	LLM871	5.849999999999994	PD	0	59.900000000000006	LLM871	GC	PD	28.528735632183906	73
X-1600	LLM871	43.84	PD	0	502.5	LLM871	BRCA	PD	11.672340425531916	20
X-161	LLM871	-89.7516129032258	CR	1	-100.0	LLM871	GC	CR-->-->PD	158.0	158
X-1631	LLM871	-79.988	CR	1	-98.7	LLM871	BRCA	CR-->-->PD	137.5984251968504	181
X-1658	LLM871	70.69999999999999	PD	0	442.29999999999995	LLM871	NSCLC	PD	11.251422070534698	18
X-166	LLM871	36.81999999999999	PD	0	161.2	LLM871	GC	PD	15.342105263157896	34
X-1683	LLM871	-41.3	PR	1	-61.1	LLM871	NSCLC	PR-->PD	45.92923076923077	50
X-171	LLM871	178.22499999999997	PD	0	498.79999999999995	LLM871	GC	PD	5.2016925246826515	13
X-1725	LLM871	-23.825000000000003	SD	0	-20.5	LLM871	NSCLC	SD-->PD	47.78102189781022	54
X-1787	LLM871	-6.349999999999994	SD	0	-9.799999999999997	LLM871	NSCLC	SD-->PD	33.44397463002114	48
X-1823	LLM871	86.36666666666667	PD	0	408.3	LLM871	NSCLC	PD	7.0	18
X-1828	LLM871	16.5	SD	0	34.30000000000001	LLM871	BRCA	SD-->PD	55.0	55
X-1832	LLM871	81.5	PD	0	162.7	LLM871	BRCA	PD	9.606611570247933	14
X-1834	LLM871	92.43333333333331	PD	0	205.10000000000002	LLM871	NSCLC	PD	5.4642588412340105	11
X-1835	LLM871	-4.133333333333326	SD	0	2.200000000000003	LLM871	NSCLC	SD-->PD	32.96028880866426	39
X-1869	LLM871	151.85999999999999	PD	0	557.3	LLM871	NSCLC	PD	7.37200956937799	13
X-1870	LLM871	-8.075000000000003	SD	0	-14.5	LLM871	NSCLC	SD-->PD	86.64788732394366	108
X-1916	LLM871	76.94	PD	0	348.7	LLM871	BRCA	PD	9.734513274336283	24
X-1921	LLM871	38.120000000000005	PD	0	81.4	LLM871	BRCA	PD	22.344537815126053	55
X-1934	LLM871	151.2	PD	0	282.5	LLM871	NSCLC	PD	5.0	12
X-1980	LLM871	77.78	PD	0	313.9	LLM871	NSCLC	PD	8.333333333333353	21
X-1993	LLM871	80.30000000000001	PD	0	411.5	LLM871	NSCLC	PD	8.052121212121211	19
X-2017	LLM871	4.150000000000006	PD	0	81.1	LLM871	NSCLC	PD	22.35	40
X-2042	LLM871	1.2000000000000028	PD	0	147.5	LLM871	NSCLC	PD	18.984441301272984	46
X-2082	LLM871	104.85	PD	0	424.70000000000005	LLM871	NSCLC	PD	5.3978282329713725	25
X-2088	LLM871	-90.33793103448276	CR	1	-100.0	LLM871	NSCLC	CR	117.0	117
X-2094	LLM871	142.95999999999998	PD	0	373.2	LLM871	NSCLC	PD	4.0	17
X-2195	LLM871	-9.612499999999997	SD	0	-54.3	LLM871	BRCA	SD-->PD	46.99250936329588	64
X-2344	LLM871	78.12	PD	0	270.0	LLM871	BRCA	PD	8.081145584725537	34
X-2353	LLM871	21.299999999999997	PD	0	66.5	LLM871	BRCA	PD	26.877192982456144	77
X-2487	LLM871	78.07999999999998	PD	0	249.8	LLM871	BRCA	PD	8.542372881355933	27
X-2524	LLM871	11.120000000000005	PD	0	87.19999999999999	LLM871	BRCA	PD	22.0	70
X-2640	LLM871	-59.8974358974359	CR	1	-100.0	LLM871	BRCA	CR	139.0	139
X-2780	LLM871	-52.07222222222222	CR	1	-100.0	LLM871	BRCA	CR	63.0	63
X-3029	LLM871	-33.80434782608695	PR	1	-69.3	LLM871	NSCLC	PR-->-->PD	114.0	114
X-3077	LLM871	12.78	SD	0	25.599999999999994	LLM871	BRCA	SD	36.27822832189644	41
X-3078	LLM871	29.47999999999999	PD	0	81.5	LLM871	BRCA	PD	22.524725274725274	27
X-3201	LLM871	30.640000000000015	PD	0	96.6	LLM871	BRCA	PD	22.544871794871796	55
X-3237	LLM871	5.359999999999985	PD	0	101.1	LLM871	NSCLC	PD	19.92887931034483	33
X-3298	LLM871	-6.675000000000011	SD	0	-9.900000000000006	LLM871	BRCA	SD-->PD	71.8957055214724	111
X-3450	LLM871	16.159999999999997	PD	0	50.599999999999994	LLM871	BRCA	PD	33.55670103092783	55
X-3468	LLM871	7.659999999999997	SD	0	12.799999999999997	LLM871	BRCA	SD-->PD	47.55421686746988	112
X-3697	LLM871	-14.75	SD	0	-25.0	LLM871	BRCA	SD-->PD	20.0	20
X-3843	LLM871	-2.460000000000008	SD	0	26.700000000000003	LLM871	NSCLC	SD-->PD	22.956268221574344	36
X-3873	LLM871	3.9000000000000057	SD	0	26.700000000000003	LLM871	BRCA	SD-->PD	36.626666666666665	70
X-4347	LLM871	25.379999999999995	PD	0	72.1	LLM871	BRCA	PD	25.792291220556745	41
X-4567	LLM871	-80.9	CR	1	-100.0	LLM871	BRCA	CR	69.0	69
X-4819	LLM871	182.0	PD	0	344.2	LLM871	NSCLC	PD	3.0	10
X-4824	LLM871	27.900000000000006	PD	0	60.0	LLM871	BRCA	PD	35.0	35
X-4888	LLM871	21.400000000000006	SD	0	22.0	LLM871	BRCA	SD	38.12359550561798	69
X-4949	LLM871	19.459999999999994	PD	0	152.6	LLM871	BRCA	PD	14.921641791044776	27
X-5249	LLM871	42.84	PD	0	244.2	LLM871	BRCA	PD	11.58948432760364	27
X-5355	LLM871	27.34285714285714	SD	0	19.599999999999994	LLM871	BRCA	SD	26.244094488188978	41
X-5502	LLM871	17.200000000000003	PD	0	55.099999999999994	LLM871	BRCA	PD	33.11764705882353	55
X-5975	LLM871	-40.745000000000005	PR	1	-95.0	LLM871	BRCA	PR	66.0	66
X-6047	LLM871	3.8400000000000034	PD	0	82.1	LLM871	BRCA	PD	25.228215767634858	35
X-0991	NAB-PACLITAXEL	202.24	PD	0	296.8	abraxane	PDAC	PD	3.180878552971576	12
X-1199	NAB-PACLITAXEL	58.900000000000006	PD	0	199.5	abraxane	PDAC	PD	7.158745247148289	29
X-1289	NAB-PACLITAXEL	91.45999999999998	PD	0	331.6	abraxane	PDAC	PD	5.759791122715404	21
X-1362	NAB-PACLITAXEL	28.849999999999994	PD	0	96.5	abraxane	PDAC	PD	19.735294117647058	49
X-1948	NAB-PACLITAXEL	-7.575000000000003	SD	0	3.0	abraxane	PDAC	SD-->PD	33.46835443037975	48
X-2043	NAB-PACLITAXEL	105.27499999999998	PD	0	323.8	abraxane	PDAC	PD	5.674226804123712	22
X-2283	NAB-PACLITAXEL	115.71999999999997	PD	0	376.3	abraxane	PDAC	PD	7.825	16
X-2339	NAB-PACLITAXEL	48.599999999999994	PD	0	148.0	abraxane	PDAC	PD	14.471698113207546	32
X-2428	NAB-PACLITAXEL	52.625	PD	0	102.9	abraxane	PDAC	PD	12.59541188738269	42
X-2470	NAB-PACLITAXEL	-0.5499999999999972	PD	0	98.4	abraxane	PDAC	PD	19.45816733067729	49
X-2564	NAB-PACLITAXEL	68.94999999999999	PD	0	301.0	abraxane	PDAC	PD	6.9449378330373	25
X-2633	NAB-PACLITAXEL	61.625	PD	0	188.39999999999998	abraxane	PDAC	PD	8.728096676737161	28
X-2684	NAB-PACLITAXEL	30.359999999999985	PD	0	168.39999999999998	abraxane	PDAC	PD	16.879032258064516	24
X-2997	NAB-PACLITAXEL	77.1	PD	0	414.9	abraxane	PDAC	PD	7.889705882352941	26
X-3028	NAB-PACLITAXEL	23.92	PD	0	128.9	abraxane	PDAC	PD	18.345419847328245	24
X-3038	NAB-PACLITAXEL	47.74000000000001	PD	0	71.4	abraxane	PDAC	PD	18.486607142857142	51
X-3052	NAB-PACLITAXEL	26.82499999999999	PD	0	135.6	abraxane	PDAC	PD	16.972477064220183	36
X-3209	NAB-PACLITAXEL	21.24000000000001	PD	0	96.30000000000001	abraxane	PDAC	PD	20.613259668508285	44
X-3268	NAB-PACLITAXEL	39.099999999999994	PD	0	137.4	abraxane	PDAC	PD	13.45308310991957	28
X-3782	NAB-PACLITAXEL	14.424999999999997	SD	0	-7.700000000000003	abraxane		SD-->PD	24.290715372907155	50
X-3800	NAB-PACLITAXEL	57.19999999999999	PD	0	250.60000000000002	abraxane	PDAC	PD	12.593264248704664	21
X-3816	NAB-PACLITAXEL	7.325000000000003	PD	0	66.0	abraxane	PDAC	PD	25.121681415929203	60
X-3846	NAB-PACLITAXEL	21.5	PD	0	201.2	abraxane	PDAC	PD	13.27659574468085	24
X-3898	NAB-PACLITAXEL	20.599999999999994	PD	0	146.2	abraxane	PDAC	PD	14.194533762057878	40
X-3947	NAB-PACLITAXEL	-27.539999999999992	PR	1	-58.8	abraxane	PDAC	PR-->PD	33.85304659498208	45
X-3990	NAB-PACLITAXEL	57.400000000000006	PD	0	346.0	abraxane	PDAC	PD	10.856287425149702	21
X-4015	NAB-PACLITAXEL	96.30000000000001	PD	0	298.4	abraxane	PDAC	PD	8.273342354533153	15
X-4018	NAB-PACLITAXEL	10.050000000000011	PD	0	162.0	abraxane	PDAC	PD	14.7459584295612	34
X-4145	NAB-PACLITAXEL	73.72	PD	0	302.7	abraxane	CRC	PD	9.776824034334766	20
X-4215	NAB-PACLITAXEL	19.275000000000006	PD	0	87.80000000000001	abraxane	PDAC	PD	33.857142857142854	54
X-4226	NAB-PACLITAXEL	75.24000000000001	PD	0	278.2	abraxane	PDAC	PD	6.571428571428572	27
X-4316	NAB-PACLITAXEL	35.05000000000001	PD	0	122.19999999999999	abraxane	PDAC	PD	16.559322033898304	54
X-4377	NAB-PACLITAXEL	114.5	PD	0	257.8	abraxane	PDAC	PD	3.994100294985251	9
X-4378	NAB-PACLITAXEL	44.16	PD	0	180.10000000000002	abraxane	PDAC	PD	13.037735849056602	24
X-4439	NAB-PACLITAXEL	-7.974999999999994	PD	0	125.80000000000001	abraxane	PDAC	PD	16.116968698517297	48
X-4649	NAB-PACLITAXEL	33.10000000000002	PD	0	130.6	abraxane	PDAC	PD	15.606060606060606	41
X-4676	NAB-PACLITAXEL	106.30000000000001	PD	0	338.9	abraxane	PDAC	PD	7.705539358600583	15
X-4927	NAB-PACLITAXEL	91.42500000000001	PD	0	386.3	abraxane	PDAC	PD	5.187096774193549	17
X-0991	NAB-PACLITAXEL + GEMCITABINE	17.200000000000003	SD	0	-12.700000000000003	abraxane + gemcitabine	PDAC	SD	48.0	48
X-1199	NAB-PACLITAXEL + GEMCITABINE	39.400000000000006	PD	0	12.700000000000003	abraxane + gemcitabine	PDAC	PD	97.0	97
X-1289	NAB-PACLITAXEL + GEMCITABINE	6.5	PD	0	42.0	abraxane + gemcitabine	PDAC	PD	33.628571428571426	56
X-1948	NAB-PACLITAXEL + GEMCITABINE	16.040000000000006	SD	0	-17.400000000000006	abraxane + gemcitabine	PDAC	SD-->PD	110.0	110
X-1959	NAB-PACLITAXEL + GEMCITABINE	-23.527272727272717	PR	1	-60.9	abraxane + gemcitabine	PDAC	PR	37.0	37
X-2026	NAB-PACLITAXEL + GEMCITABINE	-64.33928571428572	PR	1	-94.4	abraxane + gemcitabine	PDAC	PR	101.0	101
X-2043	NAB-PACLITAXEL + GEMCITABINE	-9.009375000000006	SD	0	-49.0	abraxane + gemcitabine	PDAC	SD-->-->PD	132.0	132
X-2283	NAB-PACLITAXEL + GEMCITABINE	47.859999999999985	PD	0	169.5	abraxane + gemcitabine	PDAC	PD	13.7708830548926	27
X-2339	NAB-PACLITAXEL + GEMCITABINE	17.879999999999995	PD	0	48.599999999999994	abraxane + gemcitabine	PDAC	PD	33.80851063829787	69
X-2428	NAB-PACLITAXEL + GEMCITABINE	-3.152173913043484	SD	0	-47.9	abraxane + gemcitabine	PDAC	SD-->PD	79.0	79
X-2470	NAB-PACLITAXEL + GEMCITABINE	31.920000000000016	PD	0	25.299999999999997	abraxane + gemcitabine	PDAC	PD	79.0	79
X-2564	NAB-PACLITAXEL + GEMCITABINE	30.224999999999994	PD	0	65.5	abraxane + gemcitabine	PDAC	PD	20.51282051282051	90
X-2633	NAB-PACLITAXEL + GEMCITABINE	-78.98064516129033	CR	1	-97.5	abraxane + gemcitabine	PDAC	CR	104.0	104
X-2684	NAB-PACLITAXEL + GEMCITABINE	-59.30357142857143	CR	1	-100.0	abraxane + gemcitabine	PDAC	CR	93.0	93
X-2997	NAB-PACLITAXEL + GEMCITABINE	-42.94736842105263	PR	1	-80.2	abraxane + gemcitabine	PDAC	PR-->-->PD	87.0	87
X-3028	NAB-PACLITAXEL + GEMCITABINE	-44.266666666666666	PR	1	-80.3	abraxane + gemcitabine	PDAC	PR	100.0	100
X-3038	NAB-PACLITAXEL + GEMCITABINE	-4.263333333333335	SD	0	-33.8	abraxane + gemcitabine	PDAC	SD	100.0	100
X-3052	NAB-PACLITAXEL + GEMCITABINE	-40.658620689655166	PR	1	-77.4	abraxane + gemcitabine	PDAC	PR	101.0	101
X-3209	NAB-PACLITAXEL + GEMCITABINE	17.620000000000005	PD	0	54.5	abraxane + gemcitabine	PDAC	PD	26.75714285714286	37
X-3268	NAB-PACLITAXEL + GEMCITABINE	18.349999999999994	SD	0	-50.2	abraxane + gemcitabine	PDAC	SD-->PD	108.0	108
X-3782	NAB-PACLITAXEL + GEMCITABINE	35.16	PD	0	64.69999999999999	abraxane + gemcitabine		PD	45.26267281105991	56
X-3800	NAB-PACLITAXEL + GEMCITABINE	-38.003571428571426	PR	1	-82.9	abraxane + gemcitabine	PDAC	PR	97.0	97
X-3816	NAB-PACLITAXEL + GEMCITABINE	24.205	SD	0	-8.400000000000006	abraxane + gemcitabine	PDAC	SD	69.0	69
X-3846	NAB-PACLITAXEL + GEMCITABINE	-19.85454545454546	SD	0	-36.6	abraxane + gemcitabine	PDAC	SD-->PD	68.0	68
X-3898	NAB-PACLITAXEL + GEMCITABINE	26.099999999999994	PD	0	61.80000000000001	abraxane + gemcitabine	PDAC	PD	27.0	27
X-3947	NAB-PACLITAXEL + GEMCITABINE	-1.4357142857142833	SD	0	-48.9	abraxane + gemcitabine	PDAC	SD	94.0	94
X-3990	NAB-PACLITAXEL + GEMCITABINE	17.89999999999999	PD	0	46.400000000000006	abraxane + gemcitabine	PDAC	PD	6.0	6
X-4015	NAB-PACLITAXEL + GEMCITABINE	-42.741379310344826	PR	1	-79.7	abraxane + gemcitabine	PDAC	PR	97.0	97
X-4018	NAB-PACLITAXEL + GEMCITABINE	-1.6266666666666794	SD	0	-26.099999999999994	abraxane + gemcitabine	PDAC	SD-->PD	69.0	69
X-4145	NAB-PACLITAXEL + GEMCITABINE	-40.978571428571435	PR	1	-82.2	abraxane + gemcitabine	CRC	PR	48.0	48
X-4215	NAB-PACLITAXEL + GEMCITABINE	-32.51304347826087	PR	1	-81.9	abraxane + gemcitabine	PDAC	PR-->-->PD	79.0	79
X-4226	NAB-PACLITAXEL + GEMCITABINE	17.72	PD	0	48.400000000000006	abraxane + gemcitabine	PDAC	PD	27.72388955582233	87
X-4316	NAB-PACLITAXEL + GEMCITABINE	-63.207692307692305	CR	1	-100.0	abraxane + gemcitabine	PDAC	CR	87.0	87
X-4377	NAB-PACLITAXEL + GEMCITABINE	12.759999999999991	PD	0	43.5	abraxane + gemcitabine	PDAC	PD	37.0	37
X-4378	NAB-PACLITAXEL + GEMCITABINE	13.28	SD	0	29.099999999999994	abraxane + gemcitabine	PDAC	SD	69.0	69
X-4439	NAB-PACLITAXEL + GEMCITABINE	-27.457142857142856	PR	1	-61.4	abraxane + gemcitabine	PDAC	PR	48.0	48
X-4649	NAB-PACLITAXEL + GEMCITABINE	-2.2133333333333383	SD	0	-26.299999999999997	abraxane + gemcitabine	PDAC	SD-->PD	79.0	79
X-4676	NAB-PACLITAXEL + GEMCITABINE	-17.464285714285708	SD	0	-68.4	abraxane + gemcitabine	PDAC	SD	48.0	48
X-4927	NAB-PACLITAXEL + GEMCITABINE	-30.42857142857143	PR	1	-65.6	abraxane + gemcitabine	PDAC	PR	48.0	48
X-5205	NAB-PACLITAXEL + GEMCITABINE	-65.19411764705882	PR	1	-82.6	abraxane + gemcitabine	PDAC	PR	58.0	58
X-1004	PACLITAXEL	-17.5	SD	0	-26.400000000000006	paclitaxel	BRCA	SD-->PD	45.70890410958904	62
X-1008	PACLITAXEL	-44.7625	PR	1	-77.6	paclitaxel	BRCA	PR	90.0	90
X-1156	PACLITAXEL	83.9	PD	0	395.4	paclitaxel	NSCLC	PD	7.573426573426573	31
X-1172	PACLITAXEL	-14.525000000000006	PD	0	321.8	paclitaxel	NSCLC	PD	14.845744680851064	20
X-1189	PACLITAXEL	-80.72608695652174	CR	1	-100.0	paclitaxel	NSCLC	CR	82.0	82
X-1228	PACLITAXEL	-28.28	SD	0	-41.6	paclitaxel	NSCLC	SD-->PD	61.120879120879124	126
X-1286	PACLITAXEL	41.18000000000001	PD	0	113.9	paclitaxel	BRCA	PD	12.011816838995568	70
X-1298	PACLITAXEL	17.275000000000006	PD	0	69.6	paclitaxel	BRCA	PD	26.832579185520363	28
X-1323	PACLITAXEL	75.68	PD	0	269.2	paclitaxel	NSCLC	PD	8.278753993610223	15
X-1371	PACLITAXEL	11.440000000000012	PD	0	76.80000000000001	paclitaxel	BRCA	PD	26.037174721189594	34
X-1383	PACLITAXEL	18.140000000000015	SD	0	23.700000000000003	paclitaxel	BRCA	SD	52.51492537313433	83
X-1407	PACLITAXEL	68.275	PD	0	151.8	paclitaxel	BRCA	PD	10.353276353276353	48
X-1442	PACLITAXEL	136.075	PD	0	246.3	paclitaxel	NSCLC	PD	4.0	10
X-1468	PACLITAXEL	17.879999999999995	PD	0	48.30000000000001	paclitaxel		PD	78.81967213114754	91
X-1499	PACLITAXEL	120.5	PD	0	267.3	paclitaxel	NSCLC	PD	4.767441860465115	11
X-1586	PACLITAXEL	22.174999999999997	PD	0	99.1	paclitaxel	NSCLC	PD	17.96747967479675	34
X-1600	PACLITAXEL	53.19999999999999	PD	0	269.4	paclitaxel	BRCA	PD	10.866666666666667	21
X-1631	PACLITAXEL	-32.154545454545456	PR	1	-62.3	paclitaxel	BRCA	PR-->PD	50.93699731903485	55
X-1658	PACLITAXEL	0.08571428571428896	SD	0	-38.6	paclitaxel	NSCLC	SD-->-->PD	92.1225	105
X-1683	PACLITAXEL	-41.7	PR	1	-55.0	paclitaxel	NSCLC	PR-->PD	100.02003642987249	119
X-1725	PACLITAXEL	-0.025000000000005684	SD	0	-3.0999999999999943	paclitaxel	NSCLC	SD-->PD	47.92917847025496	74
X-1787	PACLITAXEL	51.24000000000001	PD	0	34.099999999999994	paclitaxel	NSCLC	PD	6.837320574162678	92
X-1823	PACLITAXEL	58.80000000000001	PD	0	260.2	paclitaxel	NSCLC	PD	11.158023184868822	18
X-1828	PACLITAXEL	1.5499999999999972	SD	0	-15.099999999999994	paclitaxel	BRCA	SD-->PD	49.0	49
X-1832	PACLITAXEL	-0.5499999999999972	SD	0	3.4000000000000057	paclitaxel	BRCA	SD-->PD	33.52482269503546	49
X-1834	PACLITAXEL	18.533333333333346	PD	0	71.1	paclitaxel	NSCLC	PD	33.23100303951368	45
X-1835	PACLITAXEL	37.0	PD	0	-9.0	paclitaxel	NSCLC	PD	38.70603674540683	53
X-1869	PACLITAXEL	166.35000000000002	PD	0	450.1	paclitaxel	NSCLC	PD	5.2778315585672795	11
X-1870	PACLITAXEL	-4.099999999999994	SD	0	-7.200000000000003	paclitaxel	NSCLC	SD-->PD	73.0	73
X-1916	PACLITAXEL	40.25	PD	0	164.0	paclitaxel	BRCA	PD	16.97080291970803	28
X-1921	PACLITAXEL	31.19999999999999	PD	0	118.30000000000001	paclitaxel	BRCA	PD	18.555263157894736	34
X-1934	PACLITAXEL	89.4	PD	0	360.4	paclitaxel	NSCLC	PD	5.056818181818182	19
X-1980	PACLITAXEL	47.12	PD	0	122.6	paclitaxel	NSCLC	PD	10.854700854700855	29
X-1993	PACLITAXEL	96.375	PD	0	296.4	paclitaxel	NSCLC	PD	5.7188612099644125	12
X-2017	PACLITAXEL	17.200000000000003	PD	0	35.69999999999999	paclitaxel	NSCLC	PD	35.5230024213075	47
X-2042	PACLITAXEL	34.17500000000001	PD	0	119.30000000000001	paclitaxel	NSCLC	PD	18.318840579710148	25
X-2082	PACLITAXEL	71.55000000000001	PD	0	301.5	paclitaxel	NSCLC	PD	7.717607973421928	26
X-2094	PACLITAXEL	-6.97999999999999	SD	0	-15.099999999999994	paclitaxel	NSCLC	SD-->PD	40.882640586797066	61
X-2195	PACLITAXEL	58.88	PD	0	172.5	paclitaxel	BRCA	PD	11.404388714733543	28
X-2344	PACLITAXEL	69.5	PD	0	345.5	paclitaxel	BRCA	PD	10.950173812282735	24
X-2353	PACLITAXEL	13.575000000000003	SD	0	16.599999999999994	paclitaxel	BRCA	SD-->PD	71.02	91
X-2487	PACLITAXEL	28.78	PD	0	61.599999999999994	paclitaxel	BRCA	PD	33.92207792207792	55
X-2524	PACLITAXEL	27.599999999999994	PD	0	156.5	paclitaxel	BRCA	PD	16.52972972972973	49
X-2640	PACLITAXEL	-2.450000000000003	SD	0	-4.400000000000006	paclitaxel	BRCA	SD-->PD	39.89041095890411	76
X-2780	PACLITAXEL	18.659999999999997	PD	0	155.6	paclitaxel	BRCA	PD	15.540845070422534	35
X-3029	PACLITAXEL	-32.19090909090909	PR	1	-55.0	paclitaxel	NSCLC	PR-->PD	82.81954887218045	88
X-3077	PACLITAXEL	6.459999999999994	SD	0	6.799999999999997	paclitaxel	BRCA	SD-->PD	23.282608695652176	41
X-3078	PACLITAXEL	-54.37692307692308	PR	1	-75.7	paclitaxel	BRCA	PR-->PD	94.0	94
X-3201	PACLITAXEL	-14.213333333333338	SD	0	-31.5	paclitaxel	BRCA	SD-->PD	88.50819672131148	105
X-3237	PACLITAXEL	27.875	PD	0	199.60000000000002	paclitaxel	NSCLC	PD	12.774193548387096	27
X-3298	PACLITAXEL	-78.47307692307692	CR	1	-95.2	paclitaxel	BRCA	CR	90.0	90
X-3450	PACLITAXEL	30.319999999999993	PD	0	78.19999999999999	paclitaxel	BRCA	PD	29.479166666666664	63
X-3468	PACLITAXEL	-10.437931034482759	SD	0	-34.900000000000006	paclitaxel	BRCA	SD-->-->PD	130.43589743589743	154
X-3697	PACLITAXEL	4.614285714285714	SD	0	2.9000000000000057	paclitaxel	BRCA	SD-->PD	51.0	51
X-3843	PACLITAXEL	7.400000000000006	PD	0	89.9	paclitaxel	NSCLC	PD	27.852320675105485	54
X-3873	PACLITAXEL	-33.93529411764706	PR	1	-62.4	paclitaxel	BRCA	PR	70.0	70
X-4347	PACLITAXEL	31.5	PD	0	78.5	paclitaxel	BRCA	PD	32.21276595744681	62
X-4567	PACLITAXEL	-75.7074074074074	CR	1	-100.0	paclitaxel	BRCA	CR	97.0	97
X-4819	PACLITAXEL	379.78	PD	0	724.0	paclitaxel	NSCLC	PD	3.0	11
X-4824	PACLITAXEL	35.875	PD	0	124.30000000000001	paclitaxel	BRCA	PD	18.012295081967213	35
X-4888	PACLITAXEL	-17.700000000000003	SD	0	-59.2	paclitaxel	BRCA	SD-->-->PD	104.0	104
X-4949	PACLITAXEL	44.275000000000006	PD	0	133.7	paclitaxel	BRCA	PD	18.655652173913044	41
X-5249	PACLITAXEL	2.7249999999999943	SD	0	17.099999999999994	paclitaxel	BRCA	SD-->PD	48.0	48
X-5355	PACLITAXEL	-45.66842105263158	PR	1	-71.7	paclitaxel	BRCA	PR-->PD	85.10526315789474	97
X-5502	PACLITAXEL	5.34615384615384	SD	0	-28.099999999999994	paclitaxel	BRCA	SD	41.0	41
X-5975	PACLITAXEL	-50.94583333333333	CR	1	-100.0	paclitaxel	BRCA	CR	89.0	89
X-6047	PACLITAXEL	5.950000000000003	PD	0	125.1	paclitaxel	BRCA	PD	18.25141242937853	31
X-1156	PIM447	128.58	PD	0	701.0	LGH447	NSCLC	PD	5.100436681222707	20
X-1172	PIM447	34.81999999999999	PD	0	278.1	LGH447	NSCLC	PD	10.501404494382022	20
X-1189	PIM447	30.32499999999999	PD	0	365.9	LGH447	NSCLC	PD	9.513898788310762	19
X-1228	PIM447	-25.120000000000005	SD	0	-25.700000000000003	LGH447	NSCLC	SD-->PD	39.60325406758448	61
X-1323	PIM447	53.30000000000001	PD	0	138.6	LGH447	NSCLC	PD	9.9164265129683	41
X-1442	PIM447	44.775000000000006	PD	0	197.89999999999998	LGH447	NSCLC	PD	13.558823529411764	21
X-1499	PIM447	122.65	PD	0	247.0	LGH447	NSCLC	PD	5.5	9
X-1586	PIM447	-5.950000000000003	PD	0	193.3	LGH447	NSCLC	PD	16.97948717948718	26
X-1658	PIM447	87.85999999999999	PD	0	600.4	LGH447	NSCLC	PD	6.363265306122449	20
X-1683	PIM447	-51.05	PR	1	-61.5	LGH447	NSCLC	PR-->PD	38.0	38
X-1725	PIM447	-2.325000000000003	SD	0	-6.700000000000003	LGH447	NSCLC	SD-->PD	22.945165945165947	40
X-1787	PIM447	82.52000000000001	PD	0	391.3	LGH447	NSCLC	PD	8.263157894736842	23
X-1823	PIM447	95.75	PD	0	512.1	LGH447	NSCLC	PD	6.785714285714285	18
X-1834	PIM447	105.9	PD	0	311.8	LGH447	NSCLC	PD	5.90909090909091	13
X-1835	PIM447	5.700000000000003	SD	0	5.799999999999997	LGH447	NSCLC	SD-->PD	52.97494780793319	73
X-1869	PIM447	-7.920000000000002	PD	0	139.6	LGH447	NSCLC	PD	18.748155953635404	20
X-1870	PIM447	22.299999999999997	SD	0	31.900000000000006	LGH447	NSCLC	SD	40.7027027027027	78
X-1934	PIM447	115.51999999999998	PD	0	397.6	LGH447	NSCLC	PD	5.962650602409639	12
X-1980	PIM447	-11.775000000000006	SD	0	1.5999999999999943	LGH447	NSCLC	SD-->PD	45.95228426395939	56
X-1993	PIM447	88.56	PD	0	237.0	LGH447	NSCLC	PD	7.878048780487805	14
X-2017	PIM447	43.859999999999985	PD	0	112.9	LGH447	NSCLC	PD	20.01338432122371	50
X-2042	PIM447	15.5	SD	0	16.700000000000003	LGH447	NSCLC	SD-->PD	41.305882352941175	68
X-2082	PIM447	10.150000000000006	PD	0	98.30000000000001	LGH447	NSCLC	PD	21.04007543611504	32
X-2088	PIM447	-55.722580645161294	CR	1	-100.0	LGH447	NSCLC	CR	7.065317387304507	128
X-2094	PIM447	91.4	PD	0	125.30000000000001	LGH447	NSCLC	PD	4.0	31
X-3029	PIM447	-55.28823529411765	PR	1	-73.8	LGH447	NSCLC	PR-->-->PD	91.0	91
X-3237	PIM447	25.799999999999997	PD	0	283.0	LGH447	NSCLC	PD	15.02127659574468	24
X-3843	PIM447	71.125	PD	0	243.89999999999998	LGH447	NSCLC	PD	9.156549520766774	20
X-4819	PIM447	196.91999999999996	PD	0	364.4	LGH447	NSCLC	PD	3.375992939099735	11
X-007	RIBOCICLIB	230.52499999999998	PD	0	405.2	LEE011	GC	PD	4.0	11
X-010	RIBOCICLIB	4.099999999999994	SD	0	-15.5	LEE011	GC	SD-->PD	111.0	111
X-011	RIBOCICLIB	24.78	PD	0	79.4	LEE011	GC	PD	21.46880570409982	24
X-015	RIBOCICLIB	39.72	PD	0	101.5	LEE011	GC	PD	19.736842105263158	63
X-017	RIBOCICLIB	17.099999999999994	PD	0	51.599999999999994	LEE011	GC	PD	43.333333333333336	105
X-020	RIBOCICLIB	37.42500000000001	PD	0	75.0	LEE011	GC	PD	34.28	64
X-023	RIBOCICLIB	18.14615384615385	SD	0	-20.599999999999994	LEE011	GC	SD-->PD	91.0	91
X-024	RIBOCICLIB	13.825000000000003	PD	0	92.9	LEE011	GC	PD	23.448275862068964	66
X-025	RIBOCICLIB	-2.0	SD	0	0.0	LEE011	GC	SD-->PD	156.7003745318352	183
X-027	RIBOCICLIB	-5.1555555555555515	SD	0	-25.700000000000003	LEE011	GC	SD	28.0	28
X-028	RIBOCICLIB	19.379999999999995	PD	0	82.4	LEE011	GC	PD	29.114114114114116	31
X-029	RIBOCICLIB	52.579999999999984	PD	0	121.0	LEE011	GC	PD	18.06451612903226	24
X-031	RIBOCICLIB	17.25	SD	0	31.30000000000001	LEE011	GC	SD-->PD	43.30386740331492	95
X-034	RIBOCICLIB	-0.9249999999999972	SD	0	3.0	LEE011	GC	SD-->PD	32.0	32
X-035	RIBOCICLIB	-72.56666666666666	CR	1	-100.0	LEE011	GC	CR-->-->PD	320.3333333333333	330
X-037	RIBOCICLIB	7.200000000000003	SD	0	18.0	LEE011	GC	SD-->PD	68.82650602409639	122
X-038	RIBOCICLIB	97.85	PD	0	250.7	LEE011	GC	PD	4.743119266055046	41
X-039	RIBOCICLIB	49.775000000000006	PD	0	89.69999999999999	LEE011	GC	PD	13.285714285714285	67
X-050	RIBOCICLIB	-10.733333333333334	SD	0	-24.900000000000006	LEE011	GC	SD	7.0	7
X-056	RIBOCICLIB	-75.91707317073171	CR	1	-100.0	LEE011	GC	CR	194.0	194
X-057	RIBOCICLIB	65.4	PD	0	252.10000000000002	LEE011	GC	PD	7.836104513064134	25
X-064	RIBOCICLIB	-25.20833333333333	SD	0	-42.3	LEE011	GC	SD-->PD	125.0	125
X-065	RIBOCICLIB	65.66	PD	0	421.9	LEE011	GC	PD	10.56578947368421	42
X-067	RIBOCICLIB	22.900000000000006	PD	0	50.0	LEE011	GC	PD	49.40033500837521	80
X-074	RIBOCICLIB	101.75	PD	0	356.8	LEE011	GC	PD	6.1927162367223065	33
X-075	RIBOCICLIB	7.325000000000003	PD	0	54.80000000000001	LEE011	GC	PD	22.6484375	64
X-077	RIBOCICLIB	60.224999999999994	PD	0	164.89999999999998	LEE011	GC	PD	10.170212765957446	32
X-078	RIBOCICLIB	47.19999999999999	PD	0	170.10000000000002	LEE011	GC	PD	15.29565217391304	33
X-084	RIBOCICLIB	58.54000000000002	PD	0	108.4	LEE011	GC	PD	8.556363636363637	24
X-089	RIBOCICLIB	-44.25555555555556	PR	1	-74.1	LEE011	GC	PR-->-->PD	113.92364170337738	124
X-090	RIBOCICLIB	31.02000000000001	PD	0	57.80000000000001	LEE011	GC	PD	22.83744557329463	28
X-091	RIBOCICLIB	3.2249999999999943	PD	0	36.80000000000001	LEE011	GC	PD	52.457364341085274	105
X-0933	RIBOCICLIB	7.674999999999997	SD	0	-2.700000000000003	LEE011	CRC	SD-->PD	29.0	29
X-096	RIBOCICLIB	-13.616666666666674	SD	0	-40.3	LEE011	GC	SD	24.0	24
X-097	RIBOCICLIB	21.08	PD	0	42.099999999999994	LEE011	GC	PD	31.0	31
X-098	RIBOCICLIB	28.799999999999983	PD	0	48.400000000000006	LEE011	GC	PD	51.0	51
X-099	RIBOCICLIB	-29.01428571428572	SD	0	-43.4	LEE011	GC	SD-->PD	76.47619047619048	107
X-0991	RIBOCICLIB	29.762962962962973	SD	0	-26.400000000000006	LEE011	PDAC	SD	91.0	91
X-1004	RIBOCICLIB	-12.079999999999998	SD	0	-15.599999999999994	LEE011	BRCA	SD-->PD	48.8	77
X-1008	RIBOCICLIB	-6.075000000000003	SD	0	-4.099999999999994	LEE011	BRCA	SD-->PD	44.09444444444444	77
X-101	RIBOCICLIB	105.0	PD	0	222.8	LEE011	GC	PD	5.5514705882352935	13
X-102	RIBOCICLIB	26.700000000000003	PD	0	75.4	LEE011	GC	PD	22.139130434782608	55
X-1027	RIBOCICLIB	19.549999999999997	PD	0	43.0	LEE011	CRC	PD	10.0	10
X-105	RIBOCICLIB	21.299999999999997	PD	0	74.30000000000001	LEE011	GC	PD	24.946666666666665	46
X-1055	RIBOCICLIB	1.6833333333333371	SD	0	-28.099999999999994	LEE011	CRC	SD-->PD	84.0	84
X-1119	RIBOCICLIB	26.900000000000006	PD	0	255.60000000000002	LEE011	CRC	PD	13.644110275689224	27
X-114	RIBOCICLIB	13.140000000000015	SD	0	14.799999999999997	LEE011	GC	SD-->PD	49.76056338028169	104
X-1156	RIBOCICLIB	76.75999999999999	PD	0	141.1	LEE011	NSCLC	PD	7.124528301886792	41
X-1167	RIBOCICLIB	30.0	PD	0	139.0	LEE011	CRC	PD	14.655629139072849	35
X-1172	RIBOCICLIB	-21.97999999999999	SD	0	-11.700000000000003	LEE011	NSCLC	SD-->PD	70.94957983193278	117
X-1173	RIBOCICLIB	67.275	PD	0	178.39999999999998	LEE011	CRC	PD	8.104046242774565	24
X-118	RIBOCICLIB	116.56666666666669	PD	0	387.9	LEE011	GC	PD	5.099862574438846	18
X-1189	RIBOCICLIB	-13.147058823529406	SD	0	-100.0	LEE011	NSCLC	SD	3.0	122
X-119	RIBOCICLIB	82.0	PD	0	280.3	LEE011	GC	PD	6.8138297872340425	18
X-1199	RIBOCICLIB	1.0347826086956644	SD	0	-35.8	LEE011	PDAC	SD	81.0	81
X-1228	RIBOCICLIB	-7.849999999999994	SD	0	1.9000000000000057	LEE011	NSCLC	SD-->PD	27.832797427652732	46
X-127	RIBOCICLIB	-2.4833333333333343	SD	0	-15.799999999999997	LEE011	GC	SD	31.0	31
X-1270	RIBOCICLIB	11.75	PD	0	45.30000000000001	LEE011	CRC	PD	30.715775749674055	33
X-128	RIBOCICLIB	33.75999999999999	PD	0	51.80000000000001	LEE011	GC	PD	31.0	31
X-1286	RIBOCICLIB	14.025000000000006	PD	0	88.0	LEE011	BRCA	PD	21.711462450592887	38
X-1289	RIBOCICLIB	94.66	PD	0	285.8	LEE011	PDAC	PD	6.9010989010989015	16
X-129	RIBOCICLIB	14.736363636363635	SD	0	-10.099999999999994	LEE011	GC	SD-->PD	41.0	41
X-1290	RIBOCICLIB	29.974999999999994	PD	0	205.10000000000002	LEE011	CRC	PD	16.789802289281997	28
X-1298	RIBOCICLIB	14.950000000000003	PD	0	77.80000000000001	LEE011	BRCA	PD	31.53061224489796	37
X-1303	RIBOCICLIB	0.29999999999999716	SD	0	-16.5	LEE011	CRC	SD-->PD	53.8296875	78
X-131	RIBOCICLIB	64.05000000000001	PD	0	113.80000000000001	LEE011	GC	PD	7.64102564102564	10
X-1317	RIBOCICLIB	44.22	PD	0	107.9	LEE011	PDAC	PD	18.301075268817204	29
X-1323	RIBOCICLIB	8.549999999999997	PD	0	56.30000000000001	LEE011	NSCLC	PD	46.18811881188119	55
X-1329	RIBOCICLIB	42.5	PD	0	206.3	LEE011	CRC	PD	18.34146341463415	29
X-135	RIBOCICLIB	32.724999999999994	PD	0	141.6	LEE011	GC	PD	16.479166666666668	45
X-136	RIBOCICLIB	29.960000000000008	PD	0	50.19999999999999	LEE011	GC	PD	33.84836065573771	64
X-1362	RIBOCICLIB	4.02000000000001	SD	0	0.5	LEE011	PDAC	SD-->PD	30.71748878923767	98
X-137	RIBOCICLIB	27.900000000000006	PD	0	117.30000000000001	LEE011	GC	PD	19.205741626794257	53
X-1371	RIBOCICLIB	79.5	PD	0	295.4	LEE011	BRCA	PD	7.755458515283842	27
X-138	RIBOCICLIB	43.19999999999999	PD	0	93.6	LEE011	GC	PD	21.641025641025642	31
X-1383	RIBOCICLIB	20.875	PD	0	54.400000000000006	LEE011	BRCA	PD	29.152882205513784	56
X-1407	RIBOCICLIB	21.099999999999994	PD	0	87.9	LEE011	BRCA	PD	23.2	49
X-141	RIBOCICLIB	18.799999999999997	PD	0	53.599999999999994	LEE011	GC	PD	31.473684210526315	44
X-142	RIBOCICLIB	9.333333333333329	SD	0	10.799999999999997	LEE011	GC	SD-->PD	35.52948557089084	82
X-144	RIBOCICLIB	140.9	PD	0	284.1	LEE011	GC	PD	5.0	19
X-1441	RIBOCICLIB	4.959999999999994	SD	0	6.799999999999997	LEE011	CRC	SD-->PD	70.49074074074075	91
X-1442	RIBOCICLIB	154.825	PD	0	267.7	LEE011	NSCLC	PD	7.0	13
X-1443	RIBOCICLIB	-2.924999999999997	SD	0	-3.4000000000000057	LEE011	CRC	SD-->PD	29.0	29
X-146	RIBOCICLIB	-34.974999999999994	PR	1	-55.8	LEE011	GC	PR-->PD	34.758495145631066	55
X-1468	RIBOCICLIB	-3.05714285714285	SD	0	-14.700000000000003	LEE011		SD-->PD	67.85858585858585	91
X-1479	RIBOCICLIB	0.7199999999999989	SD	0	0.20000000000000284	LEE011	CRC	SD-->PD	27.0	27
X-1499	RIBOCICLIB	-29.926923076923075	PR	1	-76.1	LEE011	NSCLC	PR-->-->PD	112.84210526315789	139
X-1500	RIBOCICLIB	4.025000000000006	SD	0	-6.400000000000006	LEE011	CRC	SD-->PD	56.0	56
X-152	RIBOCICLIB	1.4500000000000028	SD	0	-12.5	LEE011		SD	27.0	27
X-1536	RIBOCICLIB	-28.488888888888894	PR	1	-54.9	LEE011	CRC	PR	89.0	89
X-1538	RIBOCICLIB	-15.106666666666655	SD	0	-21.200000000000003	LEE011	CRC	SD	66.0	66
X-154	RIBOCICLIB	22.47999999999999	PD	0	57.0	LEE011	GC	PD	29.175637393767705	54
X-158	RIBOCICLIB	11.97999999999999	PD	0	75.0	LEE011	GC	PD	23.95778364116095	63
X-1586	RIBOCICLIB	-24.02857142857144	SD	0	-26.400000000000006	LEE011	NSCLC	SD-->PD	57.019847328244275	60
X-160	RIBOCICLIB	-6.675000000000011	SD	0	-15.400000000000006	LEE011	GC	SD-->PD	63.41496598639456	96
X-1600	RIBOCICLIB	16.200000000000003	PD	0	78.30000000000001	LEE011	BRCA	PD	21.482915717539864	34
X-161	RIBOCICLIB	36.82499999999999	PD	0	27.900000000000006	LEE011	GC	PD	37.005847953216374	88
X-162	RIBOCICLIB	5.799999999999997	SD	0	28.0	LEE011	GC	SD-->PD	61.75333333333334	108
X-1631	RIBOCICLIB	98.97500000000002	PD	0	218.8	LEE011	BRCA	PD	5.64982269503546	24
X-1655	RIBOCICLIB	8.125	PD	0	38.099999999999994	LEE011	CM	PD	32.0	32
X-1658	RIBOCICLIB	142.625	PD	0	488.70000000000005	LEE011	NSCLC	PD	5.340030911901081	17
X-166	RIBOCICLIB	11.900000000000006	SD	0	31.80000000000001	LEE011	GC	SD-->PD	46.535885167464116	78
X-1683	RIBOCICLIB	-41.38	PR	1	-57.2	LEE011	NSCLC	PR-->PD	44.22033898305085	81
X-171	RIBOCICLIB	70.375	PD	0	310.8	LEE011	GC	PD	8.433476394849784	36
X-1725	RIBOCICLIB	-0.20000000000000284	SD	0	-12.799999999999997	LEE011	NSCLC	SD-->PD	34.3536866359447	48
X-177	RIBOCICLIB	55.5	PD	0	221.3	LEE011	GC	PD	12.686567164179104	40
X-1787	RIBOCICLIB	11.379999999999995	PD	0	135.5	LEE011	NSCLC	PD	15.748971193415638	23
X-1823	RIBOCICLIB	47.80000000000001	PD	0	88.30000000000001	LEE011	NSCLC	PD	12.396648044692737	55
X-1828	RIBOCICLIB	7.400000000000006	PD	0	42.900000000000006	LEE011	BRCA	PD	38.33812949640288	60
X-1832	RIBOCICLIB	33.775000000000006	PD	0	354.7	LEE011	BRCA	PD	13.97872340425532	32
X-1834	RIBOCICLIB	49.50714285714284	PD	0	29.099999999999994	LEE011	NSCLC	PD	5.720465890183029	117
X-1835	RIBOCICLIB	-58.54545454545455	CR	1	-95.7	LEE011	NSCLC	CR	181.0	181
X-1855	RIBOCICLIB	0.07500000000000284	SD	0	0.0	LEE011	CRC	SD-->PD	82.13061224489796	87
X-1869	RIBOCICLIB	-89.17333333333333	CR	1	-100.0	LEE011	NSCLC	CR	63.0	63
X-1870	RIBOCICLIB	16.466666666666654	PD	0	71.6	LEE011	NSCLC	PD	38.86614173228347	74
X-1906	RIBOCICLIB	-55.585	PR	1	-88.2	LEE011	CM	PR-->-->PD	313.9173913043478	315
X-1916	RIBOCICLIB	47.400000000000006	PD	0	243.7	LEE011	BRCA	PD	14.241935483870968	21
X-1921	RIBOCICLIB	-19.89545454545454	SD	0	-35.2	LEE011	BRCA	SD-->-->PD	120.42190305206464	151
X-1934	RIBOCICLIB	226.14999999999998	PD	0	569.4	LEE011	NSCLC	PD	3.0	11
X-1948	RIBOCICLIB	44.099999999999994	PD	0	61.69999999999999	LEE011	PDAC	PD	14.383561643835616	55
X-1959	RIBOCICLIB	30.125	PD	0	56.400000000000006	LEE011	PDAC	PD	29.60747663551402	35
X-1980	RIBOCICLIB	17.474999999999994	PD	0	46.30000000000001	LEE011	NSCLC	PD	19.27764705882353	83
X-1993	RIBOCICLIB	50.74000000000001	PD	0	180.0	LEE011	NSCLC	PD	6.703499079189687	28
X-2017	RIBOCICLIB	30.620000000000005	PD	0	68.30000000000001	LEE011	NSCLC	PD	25.48633257403189	50
X-2042	RIBOCICLIB	66.125	PD	0	208.0	LEE011	NSCLC	PD	12.64	56
X-2043	RIBOCICLIB	57.5	PD	0	147.4	LEE011	PDAC	PD	10.279373368146214	23
X-2081	RIBOCICLIB	68.72	PD	0	245.60000000000002	LEE011	PDAC	PD	8.467500000000001	27
X-2082	RIBOCICLIB	-63.88846153846154	CR	1	-100.0	LEE011	NSCLC	CR	100.0	100
X-2088	RIBOCICLIB	102.20000000000002	PD	0	225.60000000000002	LEE011	NSCLC	PD	4.525587828492393	8
X-2094	RIBOCICLIB	64.85999999999999	PD	0	215.7	LEE011	NSCLC	PD	11.463009143807149	38
X-2145	RIBOCICLIB	51.03333333333333	PD	0	56.599999999999994	LEE011	CRC	PD	45.0	45
X-2163	RIBOCICLIB	3.0999999999999943	SD	0	2.5999999999999943	LEE011	CM	SD	9.0	9
X-2182	RIBOCICLIB	181.54000000000002	PD	0	553.9	LEE011	CRC	PD	4.373617021276596	18
X-2195	RIBOCICLIB	20.566666666666663	SD	0	25.0	LEE011	BRCA	SD	24.0	24
X-2239	RIBOCICLIB	-18.38666666666667	SD	0	-32.2	LEE011	CRC	SD-->PD	70.0	70
X-2283	RIBOCICLIB	42.640000000000015	PD	0	277.8	LEE011	PDAC	PD	11.264462809917354	23
X-2306	RIBOCICLIB	0.3499999999999943	SD	0	3.5	LEE011	CM	SD-->PD	99.0	99
X-2339	RIBOCICLIB	7.179999999999993	SD	0	3.299999999999997	LEE011	PDAC	SD-->PD	89.0	89
X-2344	RIBOCICLIB	52.69999999999999	PD	0	147.4	LEE011	BRCA	PD	14.880478087649402	20
X-2353	RIBOCICLIB	-9.150000000000006	SD	0	-7.200000000000003	LEE011	BRCA	SD-->PD	116.0	116
X-2374	RIBOCICLIB	23.950000000000003	SD	0	6.5	LEE011	CRC	SD	91.0	91
X-2403	RIBOCICLIB	20.620000000000005	PD	0	92.0	LEE011	CRC	PD	19.879478827361563	28
X-2428	RIBOCICLIB	12.299999999999997	SD	0	14.200000000000003	LEE011	PDAC	SD-->PD	89.0	89
X-2470	RIBOCICLIB	1.0999999999999943	PD	0	37.099999999999994	LEE011	PDAC	PD	34.247933884297524	54
X-2483	RIBOCICLIB	7.799999999999997	SD	0	18.400000000000006	LEE011	CRC	SD-->PD	57.111111111111114	69
X-2484	RIBOCICLIB	-33.099999999999994	SD	0	-48.8	LEE011	CRC	SD-->PD	62.77173913043478	63
X-2487	RIBOCICLIB	55.81999999999999	PD	0	161.10000000000002	LEE011	BRCA	PD	11.506172839506172	20
X-2524	RIBOCICLIB	36.64999999999998	PD	0	180.8	LEE011	BRCA	PD	13.115254237288138	46
X-2538	RIBOCICLIB	17.940000000000012	PD	0	50.400000000000006	LEE011	CRC	PD	44.258620689655174	48
X-2564	RIBOCICLIB	8.099999999999994	SD	0	-0.7999999999999972	LEE011	PDAC	SD-->-->PD	101.61565836298932	112
X-2573	RIBOCICLIB	28.05000000000001	PD	0	145.7	LEE011	CRC	PD	12.428571428571429	24
X-2602	RIBOCICLIB	0.09285714285714164	SD	0	-10.200000000000003	LEE011	CM	SD-->-->PD	180.0	180
X-2613	RIBOCICLIB	-12.275000000000006	SD	0	-12.599999999999994	LEE011	CM	SD-->PD	26.170523751522534	30
X-2633	RIBOCICLIB	40.32499999999999	PD	0	73.5	LEE011	PDAC	PD	13.621276595744678	99
X-2640	RIBOCICLIB	8.650000000000006	PD	0	54.599999999999994	LEE011	BRCA	PD	30.353535353535353	56
X-2659	RIBOCICLIB	36.625	PD	0	133.6	LEE011	CRC	PD	16.6	22
X-2684	RIBOCICLIB	-7.280000000000001	PD	0	47.099999999999994	LEE011	PDAC	PD	25.731922398589063	42
X-2700	RIBOCICLIB	28.650000000000006	PD	0	60.30000000000001	LEE011	CM	PD	27.0	27
X-2723	RIBOCICLIB	71.475	PD	0	257.6	LEE011	CM	PD	7.807933194154487	23
X-2753	RIBOCICLIB	73.30000000000001	PD	0	255.0	LEE011	CM	PD	7.6892655367231635	22
X-2780	RIBOCICLIB	60.95999999999998	PD	0	121.0	LEE011	BRCA	PD	9.972519083969466	27
X-2822	RIBOCICLIB	2.375	SD	0	5.799999999999997	LEE011	CRC	SD-->PD	71.675	84
X-2838	RIBOCICLIB	20.459999999999994	PD	0	50.69999999999999	LEE011	CM	PD	31.0	31
X-2846	RIBOCICLIB	1.1749999999999972	SD	0	4.200000000000003	LEE011	CRC	SD-->PD	46.0	46
X-2861	RIBOCICLIB	23.075000000000003	PD	0	110.0	LEE011	CRC	PD	16.893939393939394	30
X-2921	RIBOCICLIB	110.92500000000001	PD	0	379.6	LEE011	CM	PD	8.167919799498748	22
X-2992	RIBOCICLIB	81.54000000000002	PD	0	205.3	LEE011	CM	PD	6.067226890756302	21
X-2997	RIBOCICLIB	67.025	PD	0	184.3	LEE011	PDAC	PD	7.920398009950247	27
X-3028	RIBOCICLIB	-27.862499999999997	SD	0	-37.6	LEE011	PDAC	SD-->PD	99.0	99
X-3029	RIBOCICLIB	-46.26153846153846	PR	1	-70.4	LEE011	NSCLC	PR-->PD	91.0	91
X-3038	RIBOCICLIB	-1.4749999999999943	SD	0	-8.5	LEE011	PDAC	SD-->PD	109.0	109
X-3052	RIBOCICLIB	-5.744827586206895	SD	0	-95.7	LEE011	PDAC	SD	12.829999999999998	98
X-3077	RIBOCICLIB	17.120000000000005	SD	0	9.0	LEE011	BRCA	SD-->PD	29.39294403892944	34
X-3078	RIBOCICLIB	26.224999999999994	PD	0	85.5	LEE011	BRCA	PD	22.629213483146067	45
X-3093	RIBOCICLIB	21.174999999999997	PD	0	67.1	LEE011	CRC	PD	33.276119402985074	35
X-3127	RIBOCICLIB	15.540000000000006	SD	0	17.900000000000006	LEE011	CM	SD-->PD	43.0	43
X-3201	RIBOCICLIB	47.77499999999998	PD	0	132.9	LEE011	BRCA	PD	12.419847328244275	35
X-3205	RIBOCICLIB	0.539999999999992	SD	0	27.5	LEE011	CRC	SD-->PD	22.0	22
X-3209	RIBOCICLIB	83.78	PD	0	87.4	LEE011	PDAC	PD	6.897280966767372	44
X-3211	RIBOCICLIB	10.974999999999994	SD	0	24.0	LEE011	CM	SD	18.0	18
X-3224	RIBOCICLIB	105.48000000000002	PD	0	169.7	LEE011	CRC	PD	3.0	21
X-3237	RIBOCICLIB	7.140000000000015	PD	0	98.19999999999999	LEE011	NSCLC	PD	21.421875000000004	37
X-3267	RIBOCICLIB	4.179999999999993	SD	0	14.200000000000003	LEE011	CRC	SD-->PD	44.77367205542725	71
X-3268	RIBOCICLIB	11.816666666666663	SD	0	-5.400000000000006	LEE011	PDAC	SD-->PD	34.84146341463415	104
X-3298	RIBOCICLIB	31.92500000000001	PD	0	70.4	LEE011	BRCA	PD	29.23333333333333	81
X-3450	RIBOCICLIB	2.299999999999997	SD	0	4.299999999999997	LEE011	BRCA	SD	76.0	76
X-3468	RIBOCICLIB	5.424999999999997	SD	0	11.200000000000003	LEE011	BRCA	SD-->PD	37.9953488372093	73
X-3483	RIBOCICLIB	-73.3475	CR	1	-100.0	LEE011	CM	CR	182.0	182
X-3486	RIBOCICLIB	19.238461538461536	SD	0	6.599999999999994	LEE011	CM	SD-->PD	68.0	68
X-3503	RIBOCICLIB	25.299999999999997	PD	0	43.599999999999994	LEE011	CM	PD	32.0	32
X-3676	RIBOCICLIB	159.75	PD	0	375.4	LEE011	CM	PD	2.866310160427808	9
X-3697	RIBOCICLIB	37.04210526315791	PD	0	0.7999999999999972	LEE011	BRCA	PD	83.06206896551724	130
X-3746	RIBOCICLIB	39.73333333333335	PD	0	148.4	LEE011	CM	PD	12.317813765182185	25
X-3773	RIBOCICLIB	8.719999999999999	PD	0	67.9	LEE011	CM	PD	23.088937093275486	43
X-3782	RIBOCICLIB	11.224999999999994	SD	0	-5.0	LEE011		SD-->PD	22.815013404825738	78
X-3792	RIBOCICLIB	19.80000000000001	PD	0	74.4	LEE011	CRC	PD	28.0	28
X-3800	RIBOCICLIB	-29.53333333333333	PR	1	-67.6	LEE011	PDAC	PR	95.0	95
X-3816	RIBOCICLIB	57.44	PD	0	240.8	LEE011	PDAC	PD	8.776978417266188	43
X-3843	RIBOCICLIB	-3.0	SD	0	-9.700000000000003	LEE011	NSCLC	SD-->PD	57.18157894736842	91
X-3851	RIBOCICLIB	23.200000000000003	SD	0	29.900000000000006	LEE011	CM	SD	26.0	26
X-3873	RIBOCICLIB	6.325000000000003	SD	0	16.299999999999997	LEE011	BRCA	SD	28.0	28
X-3880	RIBOCICLIB	23.5	PD	0	44.80000000000001	LEE011	CM	PD	24.0	24
X-3898	RIBOCICLIB	55.00416666666666	PD	0	-17.400000000000006	LEE011	PDAC	PD	7.982668977469671	97
X-3947	RIBOCICLIB	88.62	PD	0	219.39999999999998	LEE011	PDAC	PD	8.468842729970326	12
X-3990	RIBOCICLIB	101.44999999999999	PD	0	209.10000000000002	LEE011	PDAC	PD	5.0	36
X-4018	RIBOCICLIB	27.58	PD	0	176.5	LEE011	PDAC	PD	17.864619678995115	20
X-4087	RIBOCICLIB	1.9000000000000057	SD	0	16.599999999999994	LEE011	CRC	SD-->PD	20.0	20
X-4145	RIBOCICLIB	62.54000000000002	PD	0	228.0	LEE011	CRC	PD	8.579839429081177	34
X-4157	RIBOCICLIB	13.959999999999994	PD	0	71.69999999999999	LEE011	CM	PD	26.38080495356037	28
X-4215	RIBOCICLIB	57.44999999999999	PD	0	1.2999999999999972	LEE011	PDAC	PD	10.289256198347106	91
X-4226	RIBOCICLIB	61.69999999999999	PD	0	176.60000000000002	LEE011	PDAC	PD	12.419117647058824	29
X-4316	RIBOCICLIB	1.9249999999999972	SD	0	3.0	LEE011	PDAC	SD-->PD	62.666666666666664	77
X-4339	RIBOCICLIB	-37.24782608695652	PR	1	-72.7	LEE011	CM	PR-->-->PD	240.0	240
X-4347	RIBOCICLIB	11.167999999999992	SD	0	-7.900000000000006	LEE011	BRCA	SD-->-->PD	134.06611570247935	143
X-4377	RIBOCICLIB	20.424999999999997	PD	0	129.2	LEE011	PDAC	PD	17.089529590288315	42
X-4378	RIBOCICLIB	51.140000000000015	PD	0	106.5	LEE011	PDAC	PD	13.634920634920634	44
X-4426	RIBOCICLIB	45.8857142857143	PD	0	31.30000000000001	LEE011	CM	PD	23.0	23
X-4439	RIBOCICLIB	19.78	PD	0	60.69999999999999	LEE011	PDAC	PD	22.666666666666668	43
X-4455	RIBOCICLIB	16.840000000000003	SD	0	-1.7999999999999972	LEE011	CM	SD-->PD	23.0	23
X-4530	RIBOCICLIB	42.95999999999998	PD	0	270.7	LEE011	CM	PD	11.515966386554622	20
X-4538	RIBOCICLIB	47.34	PD	0	89.1	LEE011	CM	PD	16.208791208791208	35
X-4567	RIBOCICLIB	37.025000000000006	PD	0	13.5	LEE011	BRCA	PD	39.704	109
X-4644	RIBOCICLIB	77.225	PD	0	338.4	LEE011	CM	PD	8.546456692913386	20
X-4649	RIBOCICLIB	52.44	PD	0	120.0	LEE011	PDAC	PD	11.029556650246306	13
X-4668	RIBOCICLIB	12.47999999999999	SD	0	5.299999999999997	LEE011	CM	SD	14.0	14
X-4676	RIBOCICLIB	95.55000000000001	PD	0	304.4	LEE011	PDAC	PD	6.953177257525083	15
X-4819	RIBOCICLIB	187.86666666666667	PD	0	316.0	LEE011	NSCLC	PD	3.0	5
X-4824	RIBOCICLIB	17.424999999999997	PD	0	85.0	LEE011	BRCA	PD	33.25581395348837	34
X-4832	RIBOCICLIB	99.73333333333335	PD	0	164.5	LEE011	CM	PD	6.0	9
X-4849	RIBOCICLIB	38.31999999999999	PD	0	72.69999999999999	LEE011	CM	PD	24.0	24
X-4888	RIBOCICLIB	18.65714285714286	SD	0	-1.2999999999999972	LEE011	BRCA	SD-->PD	94.0	94
X-4927	RIBOCICLIB	33.97999999999999	PD	0	50.099999999999994	LEE011	PDAC	PD	24.030042918454935	50
X-4949	RIBOCICLIB	16.320000000000007	PD	0	101.69999999999999	LEE011	BRCA	PD	19.495049504950497	27
X-5189	RIBOCICLIB	2.75	SD	0	14.400000000000006	LEE011	CM	SD-->PD	35.0	35
X-5249	RIBOCICLIB	-38.375	PR	1	-72.7	LEE011	BRCA	PR-->PD	51.36296296296296	56
X-5254	RIBOCICLIB	21.52000000000001	PD	0	139.8	LEE011	CRC	PD	16.48006932409012	23
X-5355	RIBOCICLIB	4.340000000000003	SD	0	-4.599999999999994	LEE011	BRCA	SD-->PD	42.81196581196581	97
X-5405	RIBOCICLIB	-2.3599999999999994	SD	0	-0.9000000000000057	LEE011	CRC	SD-->PD	35.946938775510205	69
X-5438	RIBOCICLIB	7.700000000000003	SD	0	15.200000000000003	LEE011	CRC	SD-->PD	50.9	81
X-5446	RIBOCICLIB	29.359999999999985	PD	0	74.30000000000001	LEE011	CRC	PD	15.353640416047549	27
X-5494	RIBOCICLIB	23.099999999999994	SD	0	20.900000000000006	LEE011	CRC	SD	36.0	36
X-5495	RIBOCICLIB	37.224999999999994	PD	0	113.30000000000001	LEE011	CRC	PD	13.319838056680162	33
X-5502	RIBOCICLIB	9.825000000000003	SD	0	13.0	LEE011	BRCA	SD-->PD	55.68586387434555	74
X-5578	RIBOCICLIB	10.899999999999991	PD	0	82.0	LEE011	CRC	PD	36.02182628062361	43
X-5975	RIBOCICLIB	-22.843999999999994	PR	1	-100.0	LEE011	BRCA	PR	17.88235294117647	94
X-6047	RIBOCICLIB	92.1	PD	0	347.0	LEE011	BRCA	PD	7.134744947064485	19
X-1655	RIBOCICLIB + BINIMETINIB	-18.94736842105263	SD	0	-47.5	LEE011 + binimetinib	CM	SD-->-->PD	115.0	115
X-1906	RIBOCICLIB + BINIMETINIB	-97.20819672131148	CR	1	-100.0	LEE011 + binimetinib	CM	CR	399.0	399
X-2163	RIBOCICLIB + BINIMETINIB	-30.723255813953486	PR	1	-60.3	LEE011 + binimetinib	CM	PR-->-->PD	218.421875	242
X-2306	RIBOCICLIB + BINIMETINIB	-36.11304347826086	PR	1	-55.1	LEE011 + binimetinib	CM	PR	201.0	201
X-2613	RIBOCICLIB + BINIMETINIB	-71.24615384615385	PR	1	-86.6	LEE011 + binimetinib	CM	PR-->-->PD	252.96278089887642	271
X-2700	RIBOCICLIB + BINIMETINIB	-38.87428571428571	PR	1	-69.7	LEE011 + binimetinib	CM	PR	235.0	235
X-2723	RIBOCICLIB + BINIMETINIB	-81.86153846153846	CR	1	-100.0	LEE011 + binimetinib	CM	CR	235.0	235
X-2753	RIBOCICLIB + BINIMETINIB	7.8799999999999955	PD	0	97.30000000000001	LEE011 + binimetinib	CM	PD	20.218623481781375	24
X-2838	RIBOCICLIB + BINIMETINIB	-29.78181818181818	PR	1	-51.1	LEE011 + binimetinib	CM	PR-->-->PD	139.0	139
X-2921	RIBOCICLIB + BINIMETINIB	57.5	PD	0	129.1	LEE011 + binimetinib	CM	PD	17.21186440677966	22
X-2992	RIBOCICLIB + BINIMETINIB	-26.97999999999999	SD	0	-41.6	LEE011 + binimetinib	CM	SD-->PD	107.0	107
X-3127	RIBOCICLIB + BINIMETINIB	-62.663636363636364	PR	1	-91.4	LEE011 + binimetinib	CM	PR-->-->PD	227.0	227
X-3211	RIBOCICLIB + BINIMETINIB	-66.16969696969697	PR	1	-89.0	LEE011 + binimetinib	CM	PR	176.0	176
X-3773	RIBOCICLIB + BINIMETINIB	13.0	SD	0	5.299999999999997	LEE011 + binimetinib	CM	SD-->PD	167.0	167
X-3851	RIBOCICLIB + BINIMETINIB	10.631578947368425	SD	0	-24.200000000000003	LEE011 + binimetinib	CM	SD-->PD	142.0	142
X-4339	RIBOCICLIB + BINIMETINIB	-66.2483870967742	PR	1	-86.8	LEE011 + binimetinib	CM	PR	177.0	177
X-4849	RIBOCICLIB + BINIMETINIB	-27.700000000000003	SD	0	-41.3	LEE011 + binimetinib	CM	SD-->PD	63.904632152588555	65
X-5189	RIBOCICLIB + BINIMETINIB	-63.144444444444446	PR	1	-90.7	LEE011 + binimetinib	CM	PR	41.0	41
X-1655	RIBOCICLIB + ENCORAFENIB	79.19999999999999	PD	0	209.89999999999998	LEE011 + encorafenib	CM	PD	6.465539661898569	30
X-1906	RIBOCICLIB + ENCORAFENIB	-91.17142857142858	CR	1	-100.0	LEE011 + encorafenib	CM	CR-->-->PD	395.0	395
X-2163	RIBOCICLIB + ENCORAFENIB	-11.116666666666674	SD	0	-33.400000000000006	LEE011 + encorafenib	CM	SD-->PD	56.0	56
X-2306	RIBOCICLIB + ENCORAFENIB	-3.9000000000000057	SD	0	5.0	LEE011 + encorafenib	CM	SD-->PD	68.0	68
X-2602	RIBOCICLIB + ENCORAFENIB	-9.945454545454538	SD	0	-23.5	LEE011 + encorafenib	CM	SD-->PD	165.0	165
X-2613	RIBOCICLIB + ENCORAFENIB	-90.51363636363637	CR	1	-100.0	LEE011 + encorafenib	CM	CR	404.0	404
X-2700	RIBOCICLIB + ENCORAFENIB	-5.6200000000000045	SD	0	-36.4	LEE011 + encorafenib	CM	SD-->-->PD	245.373576309795	254
X-2723	RIBOCICLIB + ENCORAFENIB	-79.39285714285714	CR	1	-100.0	LEE011 + encorafenib	CM	CR	245.0	245
X-2753	RIBOCICLIB + ENCORAFENIB	-4.700000000000003	SD	0	-11.099999999999994	LEE011 + encorafenib	CM	SD	26.0	26
X-2838	RIBOCICLIB + ENCORAFENIB	-37.769999999999996	PR	1	-63.7	LEE011 + encorafenib	CM	PR-->-->PD	236.0	236
X-2921	RIBOCICLIB + ENCORAFENIB	3.11818181818181	SD	0	-11.799999999999997	LEE011 + encorafenib	CM	SD-->PD	62.20040899795501	66
X-2992	RIBOCICLIB + ENCORAFENIB	-44.30277777777778	PR	1	-71.1	LEE011 + encorafenib	CM	PR-->PD	206.26456779895057	218
X-3127	RIBOCICLIB + ENCORAFENIB	-28.747619047619054	PR	1	-50.1	LEE011 + encorafenib	CM	PR-->-->PD	204.0	204
X-3211	RIBOCICLIB + ENCORAFENIB	-58.06060606060606	PR	1	-79.1	LEE011 + encorafenib	CM	PR-->-->PD	213.21678321678323	214
X-3483	RIBOCICLIB + ENCORAFENIB	-96.744	CR	1	-100.0	LEE011 + encorafenib	CM	CR	272.0	272
X-3486	RIBOCICLIB + ENCORAFENIB	42.28333333333333	PD	0	21.400000000000006	LEE011 + encorafenib	CM	PD	73.61344537815125	86
X-3503	RIBOCICLIB + ENCORAFENIB	6.420000000000002	SD	0	2.5	LEE011 + encorafenib	CM	SD-->PD	45.310526315789474	53
X-3676	RIBOCICLIB + ENCORAFENIB	19.075000000000003	SD	0	28.69999999999999	LEE011 + encorafenib	CM	SD-->PD	28.215139442231074	37
X-3746	RIBOCICLIB + ENCORAFENIB	-96.45128205128205	CR	1	-100.0	LEE011 + encorafenib	CM	CR-->-->PD	253.0	253
X-3773	RIBOCICLIB + ENCORAFENIB	14.959999999999994	PD	0	62.0	LEE011 + encorafenib	CM	PD	37.14983713355049	44
X-3851	RIBOCICLIB + ENCORAFENIB	-37.28888888888889	PR	1	-65.8	LEE011 + encorafenib	CM	PR-->-->PD	139.53023255813955	142
X-3880	RIBOCICLIB + ENCORAFENIB	25.183333333333337	SD	0	24.700000000000003	LEE011 + encorafenib	CM	SD	21.0	21
X-4157	RIBOCICLIB + ENCORAFENIB	18.299999999999997	PD	0	66.80000000000001	LEE011 + encorafenib	CM	PD	25.764542936288088	28
X-4339	RIBOCICLIB + ENCORAFENIB	-14.802857142857135	SD	0	-48.3	LEE011 + encorafenib	CM	SD	170.0	170
X-4426	RIBOCICLIB + ENCORAFENIB	-4.2250000000000085	SD	0	-50.6	LEE011 + encorafenib	CM	SD-->PD	71.60719041278296	88
X-4455	RIBOCICLIB + ENCORAFENIB	-5.340000000000003	SD	0	-4.900000000000006	LEE011 + encorafenib	CM	SD-->PD	84.11462450592886	88
X-4530	RIBOCICLIB + ENCORAFENIB	-80.96111111111111	CR	1	-100.0	LEE011 + encorafenib	CM	CR-->-->PD	99.27480916030534	119
X-4538	RIBOCICLIB + ENCORAFENIB	-51.99333333333333	PR	1	-68.2	LEE011 + encorafenib	CM	PR-->-->PD	182.0	182
X-4644	RIBOCICLIB + ENCORAFENIB	-95.03888888888889	CR	1	-100.0	LEE011 + encorafenib	CM	CR-->-->PD	235.47410358565736	244
X-4668	RIBOCICLIB + ENCORAFENIB	-32.2375	SD	0	-39.4	LEE011 + encorafenib	CM	SD-->-->PD	96.4074074074074	108
X-4832	RIBOCICLIB + ENCORAFENIB	50.19999999999999	PD	0	50.80000000000001	LEE011 + encorafenib	CM	PD	22.0	22
X-4849	RIBOCICLIB + ENCORAFENIB	-17.950000000000003	SD	0	-29.0	LEE011 + encorafenib	CM	SD-->-->PD	77.0	77
X-5189	RIBOCICLIB + ENCORAFENIB	54.724999999999994	PD	0	141.8	LEE011 + encorafenib	CM	PD	11.443609022556391	21
X-007	RIBOCICLIB + EVEROLIMUS	32.22	PD	0	-1.0999999999999943	LEE011 + everolimus	GC	PD	13.0	13
X-010	RIBOCICLIB + EVEROLIMUS	-26.849999999999994	SD	0	-45.9	LEE011 + everolimus	GC	SD	118.0	118
X-011	RIBOCICLIB + EVEROLIMUS	33.900000000000006	PD	0	122.69999999999999	LEE011 + everolimus	GC	PD	17.86037735849057	42
X-015	RIBOCICLIB + EVEROLIMUS	24.159999999999997	SD	0	13.700000000000003	LEE011 + everolimus	GC	SD-->PD	30.0	30
X-020	RIBOCICLIB + EVEROLIMUS	-14.726666666666674	SD	0	-33.599999999999994	LEE011 + everolimus	GC	SD-->-->PD	80.0	80
X-023	RIBOCICLIB + EVEROLIMUS	-32.16	PR	1	-58.6	LEE011 + everolimus	GC	PR	30.0	30
X-024	RIBOCICLIB + EVEROLIMUS	-17.058333333333337	SD	0	-28.299999999999997	LEE011 + everolimus	GC	SD-->PD	42.0	42
X-025	RIBOCICLIB + EVEROLIMUS	-1.7700000000000102	SD	0	-18.0	LEE011 + everolimus	GC	SD	36.0	36
X-028	RIBOCICLIB + EVEROLIMUS	31.45999999999998	PD	0	74.4	LEE011 + everolimus	GC	PD	17.0	17
X-031	RIBOCICLIB + EVEROLIMUS	35.80000000000001	PD	0	143.7	LEE011 + everolimus	GC	PD	12.917981072555204	42
X-034	RIBOCICLIB + EVEROLIMUS	-12.89090909090909	SD	0	-39.4	LEE011 + everolimus	GC	SD	34.0	34
X-035	RIBOCICLIB + EVEROLIMUS	-77.596	CR	1	-100.0	LEE011 + everolimus	GC	CR	97.0	97
X-037	RIBOCICLIB + EVEROLIMUS	-29.43529411764706	PR	1	-86.6	LEE011 + everolimus	GC	PR	60.0	60
X-038	RIBOCICLIB + EVEROLIMUS	-22.328571428571422	SD	0	-47.4	LEE011 + everolimus	GC	SD	32.0	32
X-039	RIBOCICLIB + EVEROLIMUS	59.88	PD	0	73.6	LEE011 + everolimus	GC	PD	12.169230769230772	55
X-050	RIBOCICLIB + EVEROLIMUS	-19.477777777777774	SD	0	-31.200000000000003	LEE011 + everolimus	GC	SD-->PD	86.0	86
X-056	RIBOCICLIB + EVEROLIMUS	4.900000000000006	SD	0	-3.9000000000000057	LEE011 + everolimus	GC	SD	22.0	22
X-057	RIBOCICLIB + EVEROLIMUS	14.325000000000003	SD	0	10.700000000000003	LEE011 + everolimus	GC	SD-->PD	30.0	30
X-064	RIBOCICLIB + EVEROLIMUS	22.566666666666677	SD	0	27.599999999999994	LEE011 + everolimus	GC	SD	26.97094322753688	33
X-065	RIBOCICLIB + EVEROLIMUS	7.820000000000007	SD	0	4.599999999999994	LEE011 + everolimus	GC	SD-->PD	36.77857142857143	97
X-067	RIBOCICLIB + EVEROLIMUS	28.66874999999999	SD	0	10.200000000000003	LEE011 + everolimus	GC	SD	56.0	56
X-074	RIBOCICLIB + EVEROLIMUS	-8.900000000000006	SD	0	-12.799999999999997	LEE011 + everolimus	GC	SD-->PD	77.13272311212815	113
X-075	RIBOCICLIB + EVEROLIMUS	11.133333333333326	PD	0	35.69999999999999	LEE011 + everolimus	GC	PD	36.84452296819788	62
X-077	RIBOCICLIB + EVEROLIMUS	-31.775000000000006	SD	0	-47.3	LEE011 + everolimus	GC	SD-->PD	66.0	66
X-078	RIBOCICLIB + EVEROLIMUS	21.47999999999999	PD	0	42.599999999999994	LEE011 + everolimus	GC	PD	23.0	23
X-084	RIBOCICLIB + EVEROLIMUS	9.799999999999997	SD	0	9.700000000000003	LEE011 + everolimus	GC	SD-->PD	55.5658747300216	78
X-089	RIBOCICLIB + EVEROLIMUS	-18.726315789473688	SD	0	-64.1	LEE011 + everolimus	GC	SD	80.0	80
X-090	RIBOCICLIB + EVEROLIMUS	-2.549999999999997	SD	0	-10.599999999999994	LEE011 + everolimus	GC	SD	24.0	24
X-091	RIBOCICLIB + EVEROLIMUS	58.125	PD	0	89.5	LEE011 + everolimus	GC	PD	11.244575936883628	41
X-096	RIBOCICLIB + EVEROLIMUS	17.299999999999997	SD	0	7.900000000000006	LEE011 + everolimus	GC	SD	28.0	28
X-097	RIBOCICLIB + EVEROLIMUS	28.74000000000001	SD	0	25.400000000000006	LEE011 + everolimus	GC	SD	34.0	34
X-098	RIBOCICLIB + EVEROLIMUS	-39.65	PR	1	-69.4	LEE011 + everolimus	GC	PR	67.0	67
X-099	RIBOCICLIB + EVEROLIMUS	-15.200000000000003	SD	0	-42.4	LEE011 + everolimus	GC	SD-->PD	71.03791469194313	74
X-1004	RIBOCICLIB + EVEROLIMUS	-44.644444444444446	PR	1	-64.3	LEE011 + everolimus	BRCA	PR-->-->PD	163.0	163
X-1008	RIBOCICLIB + EVEROLIMUS	-16.446666666666673	SD	0	-29.599999999999994	LEE011 + everolimus	BRCA	SD-->-->PD	98.0	98
X-101	RIBOCICLIB + EVEROLIMUS	0.2571428571428527	SD	0	-10.0	LEE011 + everolimus	GC	SD	24.0	24
X-105	RIBOCICLIB + EVEROLIMUS	18.433333333333323	PD	0	44.900000000000006	LEE011 + everolimus	GC	PD	34.73134328358209	51
X-114	RIBOCICLIB + EVEROLIMUS	-13.539999999999992	SD	0	-21.599999999999994	LEE011 + everolimus	GC	SD-->PD	92.0	92
X-118	RIBOCICLIB + EVEROLIMUS	53.525000000000006	PD	0	56.900000000000006	LEE011 + everolimus	GC	PD	28.394736842105264	60
X-119	RIBOCICLIB + EVEROLIMUS	-10.424999999999997	SD	0	-19.900000000000006	LEE011 + everolimus	GC	SD	24.0	24
X-127	RIBOCICLIB + EVEROLIMUS	81.29999999999998	PD	0	93.0	LEE011 + everolimus	GC	PD	8.226305609284333	49
X-128	RIBOCICLIB + EVEROLIMUS	-41.62307692307692	PR	1	-60.3	LEE011 + everolimus	GC	PR-->-->PD	131.39423076923077	161
X-1286	RIBOCICLIB + EVEROLIMUS	0.1799999999999926	SD	0	0.7000000000000028	LEE011 + everolimus	BRCA	SD-->PD	57.0	57
X-129	RIBOCICLIB + EVEROLIMUS	-40.83636363636364	PR	1	-63.0	LEE011 + everolimus	GC	PR-->PD	95.77267080745342	108
X-1298	RIBOCICLIB + EVEROLIMUS	-64.98666666666666	PR	1	-86.8	LEE011 + everolimus	BRCA	PR	114.0	114
X-131	RIBOCICLIB + EVEROLIMUS	-25.02000000000001	SD	0	-37.4	LEE011 + everolimus	GC	SD	24.0	24
X-135	RIBOCICLIB + EVEROLIMUS	5.700000000000003	SD	0	8.099999999999994	LEE011 + everolimus	GC	SD-->PD	38.92068429237947	97
X-136	RIBOCICLIB + EVEROLIMUS	-34.33333333333333	SD	0	-44.5	LEE011 + everolimus	GC	SD-->-->PD	95.0	95
X-137	RIBOCICLIB + EVEROLIMUS	7.700000000000003	SD	0	-8.299999999999997	LEE011 + everolimus	GC	SD-->PD	34.2798833819242	55
X-138	RIBOCICLIB + EVEROLIMUS	-52.03684210526316	PR	1	-77.2	LEE011 + everolimus	GC	PR-->-->PD	117.28445747800586	135
X-1383	RIBOCICLIB + EVEROLIMUS	9.259999999999991	SD	0	2.299999999999997	LEE011 + everolimus	BRCA	SD-->PD	62.69321533923304	101
X-1407	RIBOCICLIB + EVEROLIMUS	14.650000000000006	SD	0	17.700000000000003	LEE011 + everolimus	BRCA	SD-->PD	55.75892857142857	91
X-141	RIBOCICLIB + EVEROLIMUS	-27.129999999999995	SD	0	-49.9	LEE011 + everolimus	GC	SD-->-->PD	136.0	136
X-144	RIBOCICLIB + EVEROLIMUS	38.74000000000001	PD	0	97.0	LEE011 + everolimus	GC	PD	23.165061898211828	55
X-146	RIBOCICLIB + EVEROLIMUS	-13.078571428571422	SD	0	-32.900000000000006	LEE011 + everolimus	GC	SD	60.0	60
X-1468	RIBOCICLIB + EVEROLIMUS	10.28	SD	0	14.700000000000003	LEE011 + everolimus		SD-->PD	45.324825986078885	84
X-154	RIBOCICLIB + EVEROLIMUS	-30.837500000000006	PR	1	-56.9	LEE011 + everolimus	GC	PR-->PD	77.0	77
X-158	RIBOCICLIB + EVEROLIMUS	-49.04642857142857	PR	1	-81.2	LEE011 + everolimus	GC	PR	114.0	114
X-160	RIBOCICLIB + EVEROLIMUS	19.22	SD	0	33.900000000000006	LEE011 + everolimus	GC	SD	64.50103092783505	80
X-1600	RIBOCICLIB + EVEROLIMUS	-26.42	SD	0	-36.3	LEE011 + everolimus	BRCA	SD-->PD	128.8608695652174	148
X-161	RIBOCICLIB + EVEROLIMUS	-23.521052631578954	SD	0	-44.4	LEE011 + everolimus	GC	SD	63.0	63
X-162	RIBOCICLIB + EVEROLIMUS	50.42500000000001	PD	0	50.599999999999994	LEE011 + everolimus	GC	PD	12.710526315789474	63
X-1631	RIBOCICLIB + EVEROLIMUS	16.78	SD	0	14.5	LEE011 + everolimus	BRCA	SD	17.0	17
X-165	RIBOCICLIB + EVEROLIMUS	-8.929411764705875	SD	0	-37.5	LEE011 + everolimus	GC	SD	65.0	65
X-166	RIBOCICLIB + EVEROLIMUS	26.57142857142857	SD	0	17.599999999999994	LEE011 + everolimus	GC	SD	38.18691588785047	51
X-169	RIBOCICLIB + EVEROLIMUS	-44.38000000000001	PR	1	-73.9	LEE011 + everolimus	GC	PR	14.0	14
X-171	RIBOCICLIB + EVEROLIMUS	81.28	PD	0	96.1	LEE011 + everolimus	GC	PD	6.993150684931507	52
X-177	RIBOCICLIB + EVEROLIMUS	71.5	PD	0	138.6	LEE011 + everolimus	GC	PD	7.0214132762312635	55
X-1828	RIBOCICLIB + EVEROLIMUS	12.525000000000006	PD	0	36.900000000000006	LEE011 + everolimus	BRCA	PD	42.0	42
X-1832	RIBOCICLIB + EVEROLIMUS	48.94	PD	0	169.3	LEE011 + everolimus	BRCA	PD	15.299165673420738	46
X-1916	RIBOCICLIB + EVEROLIMUS	26.700000000000003	PD	0	143.4	LEE011 + everolimus	BRCA	PD	18.311284046692606	28
X-1921	RIBOCICLIB + EVEROLIMUS	-15.060000000000002	SD	0	-41.0	LEE011 + everolimus	BRCA	SD	84.0	84
X-2195	RIBOCICLIB + EVEROLIMUS	-58.84782608695652	CR	1	-100.0	LEE011 + everolimus	BRCA	CR	80.0	80
X-2344	RIBOCICLIB + EVEROLIMUS	-21.200000000000003	SD	0	-38.3	LEE011 + everolimus	BRCA	SD	24.0	24
X-2353	RIBOCICLIB + EVEROLIMUS	-11.350000000000009	SD	0	-18.799999999999997	LEE011 + everolimus	BRCA	SD	95.0	95
X-2487	RIBOCICLIB + EVEROLIMUS	-6.928571428571431	SD	0	-12.5	LEE011 + everolimus	BRCA	SD-->PD	83.0	83
X-2524	RIBOCICLIB + EVEROLIMUS	5.924999999999997	PD	0	175.60000000000002	LEE011 + everolimus	BRCA	PD	19.825771324863883	39
X-2640	RIBOCICLIB + EVEROLIMUS	18.825000000000003	PD	0	54.400000000000006	LEE011 + everolimus	BRCA	PD	49.10921501706485	56
X-2780	RIBOCICLIB + EVEROLIMUS	-29.69	PR	1	-59.3	LEE011 + everolimus	BRCA	PR	88.0	88
X-3077	RIBOCICLIB + EVEROLIMUS	-36.16428571428571	PR	1	-59.0	LEE011 + everolimus	BRCA	PR-->-->PD	96.0	96
X-3078	RIBOCICLIB + EVEROLIMUS	-9.908333333333346	SD	0	-28.299999999999997	LEE011 + everolimus	BRCA	SD	41.0	41
X-3201	RIBOCICLIB + EVEROLIMUS	14.22	SD	0	9.599999999999994	LEE011 + everolimus	BRCA	SD-->PD	59.0	59
X-3298	RIBOCICLIB + EVEROLIMUS	-0.7999999999999972	SD	0	-2.5	LEE011 + everolimus	BRCA	SD-->PD	61.3170731707317	95
X-3450	RIBOCICLIB + EVEROLIMUS	-36.585	PR	1	-57.3	LEE011 + everolimus	BRCA	PR	67.0	67
X-3468	RIBOCICLIB + EVEROLIMUS	-1.8871794871794805	SD	0	-31.299999999999997	LEE011 + everolimus	BRCA	SD	137.0	137
X-3697	RIBOCICLIB + EVEROLIMUS	-6.938888888888897	SD	0	-20.299999999999997	LEE011 + everolimus	BRCA	SD	61.0	61
X-3873	RIBOCICLIB + EVEROLIMUS	-61.09615384615385	PR	1	-85.5	LEE011 + everolimus	BRCA	PR	91.0	91
X-4347	RIBOCICLIB + EVEROLIMUS	-50.099999999999994	PR	1	-83.6	LEE011 + everolimus	BRCA	PR	87.0	87
X-4567	RIBOCICLIB + EVEROLIMUS	-73.3344827586207	CR	1	-97.1	LEE011 + everolimus	BRCA	CR	104.0	104
X-4824	RIBOCICLIB + EVEROLIMUS	-46.5	PR	1	-84.0	LEE011 + everolimus	BRCA	PR	94.0	94
X-4888	RIBOCICLIB + EVEROLIMUS	-8.212500000000006	SD	0	-30.0	LEE011 + everolimus	BRCA	SD	115.0	115
X-4949	RIBOCICLIB + EVEROLIMUS	6.240000000000009	SD	0	7.200000000000003	LEE011 + everolimus	BRCA	SD-->PD	26.935967302452315	32
X-5249	RIBOCICLIB + EVEROLIMUS	0.23999999999999488	SD	0	-22.200000000000003	LEE011 + everolimus	BRCA	SD-->PD	63.0	63
X-5355	RIBOCICLIB + EVEROLIMUS	-56.33103448275862	PR	1	-72.1	LEE011 + everolimus	BRCA	PR	104.0	104
X-5502	RIBOCICLIB + EVEROLIMUS	-27.80714285714285	PR	1	-63.9	LEE011 + everolimus	BRCA	PR	45.0	45
X-5975	RIBOCICLIB + EVEROLIMUS	-51.19130434782609	CR	1	-100.0	LEE011 + everolimus	BRCA	CR	91.0	91
X-6047	RIBOCICLIB + EVEROLIMUS	6.75	SD	0	12.900000000000006	LEE011 + everolimus	BRCA	SD-->PD	24.742690058479532	38
X-0991	RUXOLITINIB	18.340000000000003	PD	0	47.900000000000006	INC424	PDAC	PD	37.0	73
X-1004	RUXOLITINIB	-2.049999999999997	PD	0	61.099999999999994	INC424	BRCA	PD	23.481658692185007	35
X-1008	RUXOLITINIB	6.125	PD	0	55.5	INC424	BRCA	PD	32.36305732484077	63
X-1199	RUXOLITINIB	-16.316666666666663	SD	0	-19.200000000000003	INC424	PDAC	SD-->PD	29.027422303473493	60
X-1286	RUXOLITINIB	8.825000000000003	PD	0	61.599999999999994	INC424	BRCA	PD	26.35483870967742	60
X-1289	RUXOLITINIB	53.62	PD	0	194.8	INC424	PDAC	PD	9.890961262553802	27
X-1298	RUXOLITINIB	-10.75	SD	0	-20.5	INC424	BRCA	SD-->PD	24.930286599535243	37
X-1362	RUXOLITINIB	12.299999999999997	PD	0	97.9	INC424	PDAC	PD	22.3695652173913	45
X-1371	RUXOLITINIB	72.22	PD	0	197.10000000000002	INC424	BRCA	PD	8.204841713221601	29
X-1383	RUXOLITINIB	35.67500000000001	PD	0	126.6	INC424	BRCA	PD	15.995337995337996	42
X-1407	RUXOLITINIB	14.724999999999994	PD	0	120.80000000000001	INC424	BRCA	PD	19.60421052631579	42
X-1468	RUXOLITINIB	54.02000000000001	PD	0	255.0	INC424		PD	11.046849757673666	49
X-1600	RUXOLITINIB	86.17499999999998	PD	0	1022.3	INC424	BRCA	PD	7.503875968992249	18
X-1828	RUXOLITINIB	64.12	PD	0	248.7	INC424	BRCA	PD	9.144662921348313	32
X-1832	RUXOLITINIB	95.9	PD	0	607.6	INC424	BRCA	PD	6.684210526315789	17
X-1916	RUXOLITINIB	218.52499999999998	PD	0	499.29999999999995	INC424	BRCA	PD	5.0	12
X-1921	RUXOLITINIB	61.30000000000001	PD	0	118.1	INC424	BRCA	PD	9.24909090909091	53
X-1948	RUXOLITINIB	7.940000000000012	SD	0	6.099999999999994	INC424	PDAC	SD-->PD	43.625	111
X-2026	RUXOLITINIB	17.19999999999999	PD	0	120.5	INC424	PDAC	PD	19.095975232198143	53
X-2043	RUXOLITINIB	34.875	PD	0	72.80000000000001	INC424	PDAC	PD	30.0	65
X-2195	RUXOLITINIB	-4.140000000000001	SD	0	-13.299999999999997	INC424	BRCA	SD-->PD	27.41211604095563	30
X-2283	RUXOLITINIB	41.30000000000001	PD	0	194.89999999999998	INC424	PDAC	PD	10.91413237924866	39
X-2339	RUXOLITINIB	4.575000000000003	PD	0	41.900000000000006	INC424	PDAC	PD	63.0	63
X-2344	RUXOLITINIB	96.10000000000002	PD	0	488.4	INC424	BRCA	PD	6.449809402795426	25
X-2353	RUXOLITINIB	18.775000000000006	PD	0	78.5	INC424	BRCA	PD	30.797814207650273	88
X-2428	RUXOLITINIB	9.375	PD	0	78.19999999999999	INC424	PDAC	PD	22.477272727272727	55
X-2470	RUXOLITINIB	6.640000000000015	SD	0	8.099999999999994	INC424	PDAC	SD-->PD	47.888888888888886	76
X-2487	RUXOLITINIB	84.0	PD	0	369.3	INC424	BRCA	PD	8.006134969325153	27
X-2524	RUXOLITINIB	112.85999999999999	PD	0	335.7	INC424	BRCA	PD	6.383084577114428	17
X-2564	RUXOLITINIB	11.820000000000007	PD	0	55.099999999999994	INC424	PDAC	PD	42.03180212014134	97
X-2640	RUXOLITINIB	8.780000000000001	PD	0	36.69999999999999	INC424	BRCA	PD	52.48620689655172	90
X-2684	RUXOLITINIB	22.28	PD	0	48.19999999999999	INC424	PDAC	PD	28.79259259259259	41
X-2780	RUXOLITINIB	108.37999999999997	PD	0	422.6	INC424	BRCA	PD	5.492146596858639	28
X-2997	RUXOLITINIB	90.67500000000001	PD	0	323.8	INC424	PDAC	PD	6.276529821843532	27
X-3028	RUXOLITINIB	8.150000000000006	SD	0	9.5	INC424	PDAC	SD-->PD	60.55438596491228	90
X-3038	RUXOLITINIB	21.320000000000007	PD	0	51.5	INC424	PDAC	PD	69.0	69
X-3052	RUXOLITINIB	40.66	PD	0	89.1	INC424	PDAC	PD	20.83206106870229	45
X-3077	RUXOLITINIB	16.049999999999997	PD	0	42.19999999999999	INC424	BRCA	PD	29.72865275142315	46
X-3078	RUXOLITINIB	45.24000000000001	PD	0	141.8	INC424	BRCA	PD	15.216216216216218	41
X-3201	RUXOLITINIB	67.69999999999999	PD	0	151.0	INC424	BRCA	PD	9.047887323943662	13
X-3209	RUXOLITINIB	7.75	SD	0	13.900000000000006	INC424	PDAC	SD-->PD	45.0	45
X-3268	RUXOLITINIB	17.224999999999994	PD	0	143.0	INC424	PDAC	PD	17.989547038327526	39
X-3298	RUXOLITINIB	52.55000000000001	PD	0	155.4	INC424	BRCA	PD	11.56	46
X-3450	RUXOLITINIB	11.700000000000003	PD	0	66.6	INC424	BRCA	PD	42.68571428571429	68
X-3468	RUXOLITINIB	6.5	PD	0	42.5	INC424	BRCA	PD	54.09090909090909	116
X-3697	RUXOLITINIB	4.1000000000000085	SD	0	12.299999999999997	INC424	BRCA	SD-->PD	35.35344827586207	53
X-3782	RUXOLITINIB	55.81999999999999	PD	0	181.8	INC424		PD	13.616221562809098	31
X-3800	RUXOLITINIB	17.359999999999985	PD	0	67.5	INC424	PDAC	PD	32.29838709677419	66
X-3816	RUXOLITINIB	17.349999999999994	PD	0	106.1	INC424	PDAC	PD	20.578341013824886	64
X-3846	RUXOLITINIB	26.599999999999994	PD	0	124.80000000000001	INC424	PDAC	PD	18.059288537549406	31
X-3873	RUXOLITINIB	-1.0250000000000057	SD	0	0.20000000000000284	INC424	BRCA	SD	35.0	35
X-3898	RUXOLITINIB	43.75999999999999	PD	0	184.0	INC424	PDAC	PD	14.666666666666666	45
X-3947	RUXOLITINIB	8.650000000000006	PD	0	97.4	INC424	PDAC	PD	21.375	39
X-3990	RUXOLITINIB	24.049999999999997	PD	0	66.69999999999999	INC424	PDAC	PD	27.87700534759358	45
X-4015	RUXOLITINIB	71.6	PD	0	260.9	INC424	PDAC	PD	9.387628865979382	35
X-4145	RUXOLITINIB	44.75999999999999	PD	0	127.6	INC424	CRC	PD	16.897142857142857	41
X-4215	RUXOLITINIB	21.540000000000006	PD	0	93.1	INC424	PDAC	PD	20.0	20
X-4226	RUXOLITINIB	19.599999999999994	PD	0	83.30000000000001	INC424	PDAC	PD	25.961038961038962	71
X-4316	RUXOLITINIB	8.320000000000007	PD	0	44.400000000000006	INC424	PDAC	PD	57.4014598540146	115
X-4347	RUXOLITINIB	23.099999999999994	PD	0	101.6	INC424	BRCA	PD	20.813953488372093	28
X-4377	RUXOLITINIB	94.78	PD	0	291.0	INC424	PDAC	PD	6.1564625850340144	20
X-4378	RUXOLITINIB	44.474999999999994	PD	0	115.0	INC424	PDAC	PD	14.012195121951219	18
X-4439	RUXOLITINIB	12.924999999999997	PD	0	63.099999999999994	INC424	PDAC	PD	32.24264705882353	45
X-4567	RUXOLITINIB	-5.561538461538461	SD	0	-31.0	INC424	BRCA	SD-->PD	64.57758620689656	91
X-4649	RUXOLITINIB	46.78	PD	0	134.1	INC424	PDAC	PD	15.317857142857143	56
X-4676	RUXOLITINIB	62.80000000000001	PD	0	265.8	INC424	PDAC	PD	9.88622754491018	21
X-4824	RUXOLITINIB	41.5	PD	0	75.69999999999999	INC424	BRCA	PD	33.0	33
X-4888	RUXOLITINIB	19.200000000000003	PD	0	67.30000000000001	INC424	BRCA	PD	27.272727272727273	59
X-4927	RUXOLITINIB	48.52000000000001	PD	0	196.3	INC424	PDAC	PD	12.525906735751295	28
X-4949	RUXOLITINIB	35.900000000000006	PD	0	322.6	INC424	BRCA	PD	12.472543352601157	32
X-5249	RUXOLITINIB	89.47999999999999	PD	0	380.1	INC424	BRCA	PD	4.345744680851064	32
X-5355	RUXOLITINIB	25.320000000000007	PD	0	49.0	INC424	BRCA	PD	77.92924528301887	90
X-5502	RUXOLITINIB	7.040000000000006	SD	0	10.200000000000003	INC424	BRCA	SD-->PD	45.33870967741936	56
X-5975	RUXOLITINIB	8.379999999999995	PD	0	113.30000000000001	INC424	BRCA	PD	19.942528735632184	28
X-6047	RUXOLITINIB	11.440000000000012	PD	0	74.19999999999999	INC424	BRCA	PD	23.396436525612472	33
X-0991	RUXOLITINIB + BINIMETINIB	-12.816666666666663	SD	0	-39.2	INC424 + binimetinib	PDAC	SD	93.0	93
X-1199	RUXOLITINIB + BINIMETINIB	-5.700000000000003	SD	0	-29.700000000000003	INC424 + binimetinib	PDAC	SD	34.0	34
X-1317	RUXOLITINIB + BINIMETINIB	-2.2066666666666634	SD	0	-20.299999999999997	INC424 + binimetinib	PDAC	SD	53.0	53
X-1362	RUXOLITINIB + BINIMETINIB	0.6200000000000045	SD	0	-18.599999999999994	INC424 + binimetinib	PDAC	SD-->PD	59.075	114
X-1948	RUXOLITINIB + BINIMETINIB	25.049999999999997	SD	0	12.200000000000003	INC424 + binimetinib	PDAC	SD	25.866498740554157	100
X-1959	RUXOLITINIB + BINIMETINIB	-4.560000000000002	SD	0	-6.200000000000003	INC424 + binimetinib	PDAC	SD-->PD	48.79438762129557	61
X-2026	RUXOLITINIB + BINIMETINIB	20.17500000000001	SD	0	27.900000000000006	INC424 + binimetinib	PDAC	SD	20.758842443729904	84
X-2043	RUXOLITINIB + BINIMETINIB	-7.974999999999994	SD	0	5.700000000000003	INC424 + binimetinib	PDAC	SD-->PD	76.08865248226951	99
X-2081	RUXOLITINIB + BINIMETINIB	15.379999999999995	SD	0	-3.4000000000000057	INC424 + binimetinib	PDAC	SD-->PD	84.0	84
X-2283	RUXOLITINIB + BINIMETINIB	58.46666666666667	PD	0	276.7	INC424 + binimetinib	PDAC	PD	12.55	28
X-2339	RUXOLITINIB + BINIMETINIB	-15.385714285714286	SD	0	-39.0	INC424 + binimetinib	PDAC	SD	72.0	72
X-2564	RUXOLITINIB + BINIMETINIB	46.54000000000002	PD	0	52.0	INC424 + binimetinib	PDAC	PD	56.90427698574338	126
X-2633	RUXOLITINIB + BINIMETINIB	13.674999999999997	SD	0	31.80000000000001	INC424 + binimetinib	PDAC	SD-->PD	42.25874125874126	127
X-2684	RUXOLITINIB + BINIMETINIB	65.38	PD	0	131.1	INC424 + binimetinib	PDAC	PD	10.956521739130435	31
X-2997	RUXOLITINIB + BINIMETINIB	13.299999999999997	PD	0	71.0	INC424 + binimetinib	PDAC	PD	22.957968476357266	99
X-3028	RUXOLITINIB + BINIMETINIB	21.349999999999994	PD	0	51.69999999999999	INC424 + binimetinib	PDAC	PD	47.18571428571428	57
X-3038	RUXOLITINIB + BINIMETINIB	-21.88181818181819	SD	0	-43.3	INC424 + binimetinib	PDAC	SD-->PD	88.0	88
X-3052	RUXOLITINIB + BINIMETINIB	6.52000000000001	SD	0	12.700000000000003	INC424 + binimetinib	PDAC	SD-->PD	30.961002785515323	91
X-3209	RUXOLITINIB + BINIMETINIB	0.7333333333333343	SD	0	-28.5	INC424 + binimetinib	PDAC	SD	81.0	81
X-3268	RUXOLITINIB + BINIMETINIB	13.384615384615387	SD	0	-3.0999999999999943	INC424 + binimetinib	PDAC	SD-->PD	66.7235494880546	131
X-3800	RUXOLITINIB + BINIMETINIB	-32.99310344827586	PR	1	-71.9	INC424 + binimetinib	PDAC	PR	102.0	102
X-3816	RUXOLITINIB + BINIMETINIB	2.4599999999999937	SD	0	3.5	INC424 + binimetinib	PDAC	SD-->PD	82.41496598639456	100
X-3846	RUXOLITINIB + BINIMETINIB	28.05000000000001	PD	0	257.1	INC424 + binimetinib	PDAC	PD	15.81958365458751	80
X-3898	RUXOLITINIB + BINIMETINIB	-6.916666666666671	SD	0	-15.400000000000006	INC424 + binimetinib	PDAC	SD-->PD	84.0	84
X-3947	RUXOLITINIB + BINIMETINIB	2.799999999999997	SD	0	4.099999999999994	INC424 + binimetinib	PDAC	SD-->PD	84.0	84
X-3990	RUXOLITINIB + BINIMETINIB	51.29999999999998	PD	0	39.30000000000001	INC424 + binimetinib	PDAC	PD	28.621076233183857	91
X-4015	RUXOLITINIB + BINIMETINIB	-4.159999999999997	SD	0	-14.799999999999997	INC424 + binimetinib	PDAC	SD-->PD	43.18235294117647	70
X-4018	RUXOLITINIB + BINIMETINIB	-13.88000000000001	SD	0	-19.200000000000003	INC424 + binimetinib	PDAC	SD-->PD	62.48552338530067	98
X-4145	RUXOLITINIB + BINIMETINIB	56.18333333333334	PD	0	111.4	INC424 + binimetinib	CRC	PD	9.799999999999999	86
X-4215	RUXOLITINIB + BINIMETINIB	28.125	SD	0	4.599999999999994	INC424 + binimetinib	PDAC	SD	131.0	131
X-4226	RUXOLITINIB + BINIMETINIB	2.549999999999997	SD	0	-17.599999999999994	INC424 + binimetinib	PDAC	SD-->PD	63.734189723320156	99
X-4377	RUXOLITINIB + BINIMETINIB	29.44	PD	0	163.5	INC424 + binimetinib	PDAC	PD	16.796954314720814	36
X-4378	RUXOLITINIB + BINIMETINIB	2.200000000000003	SD	0	20.299999999999997	INC424 + binimetinib	PDAC	SD-->PD	74.34073107049608	84
X-4439	RUXOLITINIB + BINIMETINIB	-9.840000000000003	SD	0	-17.5	INC424 + binimetinib	PDAC	SD-->PD	84.0	84
X-4649	RUXOLITINIB + BINIMETINIB	40.19999999999999	PD	0	83.80000000000001	INC424 + binimetinib	PDAC	PD	11.289473684210526	93
X-4676	RUXOLITINIB + BINIMETINIB	-10.444444444444443	SD	0	-28.299999999999997	INC424 + binimetinib	PDAC	SD-->PD	84.0	84
X-4927	RUXOLITINIB + BINIMETINIB	16.650000000000006	PD	0	187.2	INC424 + binimetinib	PDAC	PD	18.13785557986871	62
X-5205	RUXOLITINIB + BINIMETINIB	12.775000000000006	PD	0	59.599999999999994	INC424 + binimetinib	PDAC	PD	32.81643835616438	62
X-007	SIREMADLIN	182.75	PD	0	330.8	HDM201	GC	PD	4.0	11
X-010	SIREMADLIN	21.47999999999999	PD	0	105.0	HDM201	GC	PD	18.543689320388353	42
X-011	SIREMADLIN	40.775000000000006	PD	0	116.9	HDM201	GC	PD	18.62948207171315	26
X-015	SIREMADLIN	121.6	PD	0	250.89999999999998	HDM201	GC	PD	5.530054644808743	12
X-017	SIREMADLIN	27.275000000000006	PD	0	40.69999999999999	HDM201	GC	PD	85.23144104803494	105
X-020	SIREMADLIN	15.174999999999997	PD	0	99.69999999999999	HDM201	GC	PD	20.76851851851852	95
X-025	SIREMADLIN	7.659999999999997	SD	0	0.29999999999999716	HDM201	GC	SD-->PD	37.0	37
X-027	SIREMADLIN	17.400000000000006	SD	0	13.299999999999997	HDM201	GC	SD	28.0	28
X-028	SIREMADLIN	-0.1799999999999926	PD	0	71.30000000000001	HDM201	GC	PD	28.53233830845771	31
X-029	SIREMADLIN	48.474999999999994	PD	0	297.9	HDM201	GC	PD	11.173131504257332	18
X-031	SIREMADLIN	15.700000000000003	PD	0	97.19999999999999	HDM201	GC	PD	20.848484848484848	64
X-034	SIREMADLIN	16.049999999999997	PD	0	60.69999999999999	HDM201	GC	PD	32.0	32
X-035	SIREMADLIN	35.079999999999984	PD	0	96.69999999999999	HDM201	GC	PD	23.188841201716738	34
X-037	SIREMADLIN	32.150000000000006	PD	0	118.19999999999999	HDM201	GC	PD	18.355072463768117	43
X-038	SIREMADLIN	34.640000000000015	PD	0	36.80000000000001	HDM201	GC	PD	14.0	14
X-056	SIREMADLIN	31.30000000000001	PD	0	102.0	HDM201	GC	PD	21.734513274336283	26
X-057	SIREMADLIN	57.0	PD	0	287.9	HDM201	GC	PD	8.84958217270195	18
X-064	SIREMADLIN	-12.760000000000005	SD	0	-28.700000000000003	HDM201	GC	SD-->PD	26.0	26
X-065	SIREMADLIN	32.025000000000006	PD	0	29.099999999999994	HDM201	GC	PD	14.0	14
X-067	SIREMADLIN	12.224999999999994	PD	0	64.0	HDM201	GC	PD	45.76595744680851	96
X-075	SIREMADLIN	43.57499999999999	PD	0	238.7	HDM201	GC	PD	10.211822660098523	49
X-077	SIREMADLIN	53.55000000000001	PD	0	144.3	HDM201	GC	PD	10.602006688963211	32
X-084	SIREMADLIN	25.799999999999997	PD	0	112.19999999999999	HDM201	GC	PD	20.25089605734767	32
X-089	SIREMADLIN	6.574999999999989	SD	0	24.799999999999997	HDM201	GC	SD-->PD	21.315789473684212	36
X-090	SIREMADLIN	11.559999999999988	SD	0	17.0	HDM201	GC	SD	28.0	28
X-091	SIREMADLIN	22.974999999999994	PD	0	63.099999999999994	HDM201	GC	PD	25.36015325670498	48
X-0933	SIREMADLIN	28.359999999999985	PD	0	345.0	HDM201	CRC	PD	15.168954593453009	27
X-096	SIREMADLIN	148.1	PD	0	354.2	HDM201	GC	PD	3.6364251861882195	17
X-097	SIREMADLIN	40.05000000000001	PD	0	288.0	HDM201	GC	PD	12.930599369085174	39
X-098	SIREMADLIN	19.299999999999997	PD	0	104.4	HDM201	GC	PD	29.904761904761905	81
X-099	SIREMADLIN	10.299999999999997	PD	0	65.0	HDM201	GC	PD	34.0	34
X-0991	SIREMADLIN	14.379999999999995	SD	0	-4.799999999999997	HDM201	PDAC	SD	41.0	41
X-1004	SIREMADLIN	16.533333333333346	PD	0	57.0	HDM201	BRCA	PD	26.50214592274678	32
X-1008	SIREMADLIN	79.02000000000001	PD	0	200.5	HDM201	BRCA	PD	9.52755905511811	25
X-1027	SIREMADLIN	156.24	PD	0	505.20000000000005	HDM201	CRC	PD	4.32027972027972	24
X-1055	SIREMADLIN	18.859999999999985	PD	0	82.5	HDM201	CRC	PD	26.613569321533923	35
X-1119	SIREMADLIN	37.56	PD	0	74.19999999999999	HDM201	CRC	PD	20.846827133479213	23
X-114	SIREMADLIN	0.539999999999992	SD	0	-6.299999999999997	HDM201	GC	SD	14.0	14
X-1156	SIREMADLIN	112.84	PD	0	650.5	HDM201	NSCLC	PD	5.589743589743589	20
X-1167	SIREMADLIN	-17.22	PD	0	93.6	HDM201	CRC	PD	22.312500000000004	35
X-1172	SIREMADLIN	-18.760000000000005	SD	0	-8.200000000000003	HDM201	NSCLC	SD-->PD	26.14828897338403	33
X-1173	SIREMADLIN	8.349999999999994	PD	0	80.9	HDM201	CRC	PD	20.816901408450704	24
X-118	SIREMADLIN	177.39999999999998	PD	0	284.4	HDM201	GC	PD	7.0	14
X-1189	SIREMADLIN	21.674999999999997	SD	0	-34.400000000000006	HDM201	NSCLC	SD	20.68069306930693	61
X-119	SIREMADLIN	-13.700000000000003	SD	0	-31.099999999999994	HDM201	GC	SD-->PD	27.12041884816754	32
X-1228	SIREMADLIN	3.4599999999999937	SD	0	20.0	HDM201	NSCLC	SD-->PD	32.888888888888886	45
X-127	SIREMADLIN	-61.083333333333336	CR	1	-100.0	HDM201	GC	CR	38.0	38
X-1270	SIREMADLIN	136.51999999999998	PD	0	489.20000000000005	HDM201	CRC	PD	5.502369668246446	21
X-128	SIREMADLIN	23.950000000000003	SD	0	25.0	HDM201	GC	SD	30.597701149425287	32
X-1286	SIREMADLIN	41.75999999999999	PD	0	103.0	HDM201	BRCA	PD	20.402985074626866	41
X-1289	SIREMADLIN	16.691666666666663	SD	0	-15.700000000000003	HDM201	PDAC	SD	39.0	39
X-129	SIREMADLIN	5.340000000000003	SD	0	8.099999999999994	HDM201	GC	SD-->PD	24.0	24
X-1290	SIREMADLIN	78.85	PD	0	294.4	HDM201	CRC	PD	8.295774647887324	28
X-1298	SIREMADLIN	76.125	PD	0	356.2	HDM201	BRCA	PD	8.48989898989899	21
X-1303	SIREMADLIN	67.57999999999998	PD	0	150.9	HDM201	CRC	PD	8.894736842105264	24
X-131	SIREMADLIN	52.82499999999999	PD	0	211.7	HDM201	GC	PD	11.38095238095238	26
X-1323	SIREMADLIN	60.38	PD	0	221.89999999999998	HDM201	NSCLC	PD	9.601769911504425	22
X-1329	SIREMADLIN	74.44999999999999	PD	0	286.1	HDM201	CRC	PD	9.97364953886693	29
X-1362	SIREMADLIN	26.724999999999994	PD	0	186.8	HDM201	PDAC	PD	15.517525773195876	22
X-1371	SIREMADLIN	59.74000000000001	PD	0	265.5	HDM201	BRCA	PD	9.206201550387597	28
X-138	SIREMADLIN	34.25	PD	0	127.80000000000001	HDM201	GC	PD	15.193181818181818	26
X-1383	SIREMADLIN	-23.096000000000004	SD	0	-47.0	HDM201	BRCA	SD	91.0	91
X-1407	SIREMADLIN	67.82499999999999	PD	0	264.2	HDM201	BRCA	PD	7.692771084337348	32
X-1441	SIREMADLIN	6.959999999999994	SD	0	34.5	HDM201	CRC	SD-->PD	52.0	52
X-1442	SIREMADLIN	86.17500000000001	PD	0	158.2	HDM201	NSCLC	PD	8.829268292682928	13
X-1443	SIREMADLIN	77.53333333333333	PD	0	173.89999999999998	HDM201	CRC	PD	7.0	29
X-1468	SIREMADLIN	5.920000000000002	SD	0	10.0	HDM201		SD-->PD	43.605405405405406	77
X-1479	SIREMADLIN	24.25999999999999	PD	0	120.69999999999999	HDM201	CRC	PD	17.978102189781023	24
X-1499	SIREMADLIN	180.3	PD	0	500.5	HDM201	NSCLC	PD	5.555667001003009	15
X-1500	SIREMADLIN	173.45999999999998	PD	0	491.29999999999995	HDM201	CRC	PD	6.4110854503464205	32
X-1536	SIREMADLIN	3.8799999999999955	SD	0	4.599999999999994	HDM201	CRC	SD-->PD	46.0	46
X-154	SIREMADLIN	56.099999999999994	PD	0	152.4	HDM201	GC	PD	13.146341463414634	49
X-158	SIREMADLIN	32.920000000000016	PD	0	112.9	HDM201	GC	PD	16.29565217391304	42
X-1586	SIREMADLIN	-22.820000000000007	SD	0	-41.1	HDM201	NSCLC	SD	42.0	42
X-160	SIREMADLIN	-6.674999999999997	SD	0	-12.400000000000006	HDM201	GC	SD-->PD	64.32512315270935	109
X-1600	SIREMADLIN	117.68	PD	0	463.0	HDM201	BRCA	PD	6.277445109780439	26
X-161	SIREMADLIN	60.599999999999994	PD	0	369.3	HDM201	GC	PD	7.45	33
X-1631	SIREMADLIN	24.224999999999994	PD	0	113.30000000000001	HDM201	BRCA	PD	23.53616352201258	33
X-165	SIREMADLIN	-10.916666666666671	SD	0	-22.5	HDM201	GC	SD-->PD	156.0	156
X-1658	SIREMADLIN	0.09999999999999432	SD	0	-23.900000000000006	HDM201	NSCLC	SD-->PD	75.64285714285714	82
X-166	SIREMADLIN	49.25999999999999	PD	0	160.10000000000002	HDM201	GC	PD	16.42857142857143	34
X-1683	SIREMADLIN	-41.7	SD	0	-49.3	HDM201	NSCLC	SD-->PD	53.0	53
X-171	SIREMADLIN	26.299999999999997	PD	0	269.7	HDM201	GC	PD	14.61344537815126	26
X-1725	SIREMADLIN	-43.375	PR	1	-80.6	HDM201	NSCLC	PR	66.0	66
X-1787	SIREMADLIN	148.8	PD	0	234.3	HDM201	NSCLC	PD	3.0	21
X-1823	SIREMADLIN	149.45999999999998	PD	0	324.4	HDM201	NSCLC	PD	6.0	20
X-1828	SIREMADLIN	19.5	PD	0	73.30000000000001	HDM201	BRCA	PD	25.3470715835141	43
X-1832	SIREMADLIN	190.12	PD	0	457.70000000000005	HDM201	BRCA	PD	3.1376037959667857	17
X-1834	SIREMADLIN	105.1	PD	0	314.0	HDM201	NSCLC	PD	2.0	21
X-1835	SIREMADLIN	22.840000000000003	PD	0	62.5	HDM201	NSCLC	PD	27.149100257069406	36
X-1855	SIREMADLIN	17.349999999999994	PD	0	91.4	HDM201	CRC	PD	25.18918918918919	56
X-1869	SIREMADLIN	-45.32000000000001	PD	0	514.5	HDM201	NSCLC	PD	17.499894447962845	21
X-1870	SIREMADLIN	15.550000000000011	SD	0	17.700000000000003	HDM201	NSCLC	SD	79.0	79
X-1916	SIREMADLIN	142.52000000000004	PD	0	441.20000000000005	HDM201	BRCA	PD	7.295774647887324	14
X-1921	SIREMADLIN	34.775000000000006	PD	0	102.80000000000001	HDM201	BRCA	PD	14.3984375	46
X-1934	SIREMADLIN	195.72500000000002	PD	0	390.3	HDM201	NSCLC	PD	1.0	7
X-1948	SIREMADLIN	24.474999999999994	PD	0	83.0	HDM201	PDAC	PD	27.121951219512194	63
X-1980	SIREMADLIN	-3.5800000000000125	PD	0	111.5	HDM201	NSCLC	PD	18.772727272727273	30
X-1993	SIREMADLIN	74.4	PD	0	194.60000000000002	HDM201	NSCLC	PD	5.474621549421194	15
X-2017	SIREMADLIN	100.45999999999998	PD	0	157.3	HDM201	NSCLC	PD	5.898493259318002	35
X-2026	SIREMADLIN	64.35999999999999	PD	0	211.39999999999998	HDM201	PDAC	PD	9.655296229802513	31
X-2042	SIREMADLIN	68.025	PD	0	178.5	HDM201	NSCLC	PD	11.553133514986376	42
X-2043	SIREMADLIN	30.900000000000006	PD	0	65.9	HDM201	PDAC	PD	31.767123287671236	45
X-2081	SIREMADLIN	84.75	PD	0	526.0	HDM201	PDAC	PD	6.2330827067669174	28
X-2082	SIREMADLIN	67.6	PD	0	196.3	HDM201	NSCLC	PD	6.0892857142857135	43
X-2088	SIREMADLIN	69.6	PD	0	257.9	HDM201	NSCLC	PD	5.830357142857142	28
X-2094	SIREMADLIN	135.0	PD	0	360.9	HDM201	NSCLC	PD	5.063636363636363	24
X-2145	SIREMADLIN	-17.962500000000006	SD	0	-23.400000000000006	HDM201	CRC	SD-->PD	75.17757009345794	79
X-2182	SIREMADLIN	162.26000000000005	PD	0	361.0	HDM201	CRC	PD	3.50169779286927	18
X-2195	SIREMADLIN	7.240000000000009	SD	0	-8.0	HDM201	BRCA	SD	38.0	38
X-2283	SIREMADLIN	97.16666666666666	PD	0	93.9	HDM201	PDAC	PD	10.192248062015503	32
X-2339	SIREMADLIN	9.940000000000012	PD	0	55.900000000000006	HDM201	PDAC	PD	26.271186440677965	55
X-2344	SIREMADLIN	87.475	PD	0	350.0	HDM201	BRCA	PD	5.779128672745694	25
X-2353	SIREMADLIN	27.840000000000003	PD	0	140.7	HDM201	BRCA	PD	15.741144414168938	56
X-2374	SIREMADLIN	6.900000000000006	PD	0	51.80000000000001	HDM201	CRC	PD	28.0	28
X-2403	SIREMADLIN	2.75	SD	0	-1.2000000000000028	HDM201	CRC	SD-->PD	35.0	35
X-2428	SIREMADLIN	55.38	PD	0	220.60000000000002	HDM201	PDAC	PD	13.05111821086262	24
X-2483	SIREMADLIN	27.5	PD	0	122.9	HDM201	CRC	PD	18.83280757097792	39
X-2484	SIREMADLIN	23.47999999999999	PD	0	81.1	HDM201	CRC	PD	22.0	22
X-2487	SIREMADLIN	49.83333333333334	PD	0	182.7	HDM201	BRCA	PD	17.636363636363633	25
X-2524	SIREMADLIN	50.38	PD	0	243.2	HDM201	BRCA	PD	12.386138613861386	27
X-2538	SIREMADLIN	25.52000000000001	PD	0	69.9	HDM201	CRC	PD	32.94623655913979	33
X-2564	SIREMADLIN	6.900000000000006	SD	0	10.5	HDM201	PDAC	SD-->PD	23.31188118811881	24
X-2573	SIREMADLIN	26.30000000000001	PD	0	165.39999999999998	HDM201	CRC	PD	16.294964028776977	24
X-2633	SIREMADLIN	12.820000000000007	PD	0	69.6	HDM201	PDAC	PD	42.0	42
X-2640	SIREMADLIN	65.86000000000001	PD	0	181.10000000000002	HDM201	BRCA	PD	11.424852071005915	25
X-2659	SIREMADLIN	58.17500000000001	PD	0	279.2	HDM201	CRC	PD	9.694444444444445	21
X-2684	SIREMADLIN	107.21999999999997	PD	0	390.8	HDM201	PDAC	PD	6.151398264223722	28
X-2780	SIREMADLIN	10.820000000000007	SD	0	31.80000000000001	HDM201	BRCA	SD-->PD	28.024516129032257	32
X-2822	SIREMADLIN	5.079999999999998	PD	0	70.30000000000001	HDM201	CRC	PD	24.0	24
X-2846	SIREMADLIN	106.275	PD	0	359.6	HDM201	CRC	PD	4.0	25
X-2861	SIREMADLIN	60.099999999999994	PD	0	162.39999999999998	HDM201	CRC	PD	8.877973906369915	14
X-2997	SIREMADLIN	99.32499999999999	PD	0	509.29999999999995	HDM201	PDAC	PD	5.13655462184874	21
X-3028	SIREMADLIN	2.9599999999999937	SD	0	6.900000000000006	HDM201	PDAC	SD-->PD	31.0	31
X-3029	SIREMADLIN	-25.766666666666666	SD	0	-32.599999999999994	HDM201	NSCLC	SD-->PD	42.0	42
X-3038	SIREMADLIN	13.900000000000006	SD	0	26.200000000000003	HDM201	PDAC	SD-->PD	45.0	45
X-3052	SIREMADLIN	18.900000000000006	PD	0	56.19999999999999	HDM201	PDAC	PD	20.0	20
X-3077	SIREMADLIN	6.275000000000006	PD	0	92.6	HDM201	BRCA	PD	21.116666666666667	32
X-3078	SIREMADLIN	-27.599999999999994	SD	0	-21.799999999999997	HDM201	BRCA	SD	34.0	34
X-3093	SIREMADLIN	17.159999999999997	PD	0	82.1	HDM201	CRC	PD	21.634703196347033	30
X-3201	SIREMADLIN	51.650000000000006	PD	0	123.6	HDM201	BRCA	PD	14.280373831775702	49
X-3205	SIREMADLIN	24.650000000000006	PD	0	109.1	HDM201	CRC	PD	17.5821325648415	27
X-3224	SIREMADLIN	159.18	PD	0	207.0	HDM201	CRC	PD	3.0	38
X-3237	SIREMADLIN	21.059999999999988	PD	0	78.69999999999999	HDM201	NSCLC	PD	16.607773851590107	31
X-3267	SIREMADLIN	8.775000000000006	SD	0	27.5	HDM201	CRC	SD-->PD	41.0	41
X-3268	SIREMADLIN	40.44	PD	0	138.4	HDM201	PDAC	PD	13.038022813688213	50
X-3298	SIREMADLIN	38.974999999999994	PD	0	160.0	HDM201	BRCA	PD	15.876712328767123	25
X-3450	SIREMADLIN	32.78	PD	0	85.1	HDM201	BRCA	PD	29.0	56
X-3468	SIREMADLIN	0.9200000000000017	SD	0	-0.29999999999999716	HDM201	BRCA	SD-->PD	49.32876712328767	74
X-3697	SIREMADLIN	49.78	PD	0	125.19999999999999	HDM201	BRCA	PD	16.42068965517241	32
X-3792	SIREMADLIN	54.31999999999999	PD	0	72.6	HDM201	CRC	PD	21.424610051993067	27
X-3800	SIREMADLIN	-28.653333333333336	SD	0	-47.0	HDM201	PDAC	SD-->PD	111.87378640776699	140
X-3816	SIREMADLIN	38.359999999999985	PD	0	183.3	HDM201	PDAC	PD	14.309248554913294	30
X-3843	SIREMADLIN	59.349999999999994	PD	0	149.8	HDM201	NSCLC	PD	14.594936708860759	20
X-3846	SIREMADLIN	37.72	PD	0	214.3	HDM201	PDAC	PD	13.428571428571429	31
X-3873	SIREMADLIN	33.125	PD	0	138.3	HDM201	BRCA	PD	19.931338028169012	39
X-3898	SIREMADLIN	53.81999999999999	PD	0	291.1	HDM201	PDAC	PD	9.760098928277	26
X-3947	SIREMADLIN	51.94	PD	0	399.0	HDM201	PDAC	PD	10.532467532467532	20
X-3990	SIREMADLIN	28.775000000000006	PD	0	205.89999999999998	HDM201	PDAC	PD	12.435555555555556	35
X-4015	SIREMADLIN	-4.659999999999997	SD	0	-11.0	HDM201	PDAC	SD-->PD	42.0	42
X-4018	SIREMADLIN	24.775000000000006	PD	0	79.0	HDM201	PDAC	PD	23.07920792079208	31
X-4087	SIREMADLIN	12.375	PD	0	82.5	HDM201	CRC	PD	20.0	20
X-4145	SIREMADLIN	56.45999999999998	PD	0	284.2	HDM201	CRC	PD	10.944954128440367	37
X-4215	SIREMADLIN	40.579999999999984	PD	0	100.80000000000001	HDM201	PDAC	PD	19.777777777777775	31
X-4226	SIREMADLIN	60.25999999999999	PD	0	260.5	HDM201	PDAC	PD	7.7	33
X-4316	SIREMADLIN	29.359999999999985	PD	0	132.6	HDM201	PDAC	PD	16.130563798219583	30
X-4347	SIREMADLIN	0.7000000000000028	SD	0	33.69999999999999	HDM201	BRCA	SD-->PD	56.0	56
X-4377	SIREMADLIN	89.14000000000001	PD	0	260.9	HDM201	PDAC	PD	5.960159362549801	27
X-4378	SIREMADLIN	16.24000000000001	PD	0	70.0	HDM201	PDAC	PD	35.0	35
X-4439	SIREMADLIN	7.5	PD	0	42.19999999999999	HDM201	PDAC	PD	28.786885245901637	31
X-4567	SIREMADLIN	-7.049999999999997	SD	0	-4.700000000000003	HDM201	BRCA	SD-->PD	50.404924760601915	80
X-4649	SIREMADLIN	6.740000000000009	SD	0	10.400000000000006	HDM201	PDAC	SD-->PD	59.45112781954887	62
X-4676	SIREMADLIN	1.7999999999999972	PD	0	105.69999999999999	HDM201	PDAC	PD	18.0	28
X-4819	SIREMADLIN	189.09999999999997	PD	0	388.8	HDM201	NSCLC	PD	3.0	5
X-4824	SIREMADLIN	21.799999999999997	PD	0	138.0	HDM201	BRCA	PD	17.93103448275862	40
X-4888	SIREMADLIN	17.0	PD	0	40.19999999999999	HDM201	BRCA	PD	45.14583333333333	84
X-4927	SIREMADLIN	97.94	PD	0	179.5	HDM201	PDAC	PD	9.859060402684563	32
X-4949	SIREMADLIN	100.75	PD	0	122.69999999999999	HDM201	BRCA	PD	7.9712460063897765	27
X-5205	SIREMADLIN	-68.225	CR	1	-95.6	HDM201	PDAC	CR	24.0	24
X-5249	SIREMADLIN	37.875	PD	0	199.39999999999998	HDM201	BRCA	PD	12.131578947368421	28
X-5254	SIREMADLIN	14.040000000000006	PD	0	104.6	HDM201	CRC	PD	16.824046920821115	23
X-5355	SIREMADLIN	66.05000000000001	PD	0	258.9	HDM201	BRCA	PD	8.105084745762714	28
X-5405	SIREMADLIN	1.4249999999999972	PD	0	50.5	HDM201	CRC	PD	35.0	35
X-5438	SIREMADLIN	29.52000000000001	PD	0	78.0	HDM201	CRC	PD	24.38129496402878	84
X-5446	SIREMADLIN	14.674999999999997	PD	0	62.900000000000006	HDM201	CRC	PD	29.88628762541806	46
X-5494	SIREMADLIN	68.76666666666668	PD	0	119.0	HDM201	CRC	PD	7.654478976234003	36
X-5495	SIREMADLIN	33.24000000000001	PD	0	97.30000000000001	HDM201	CRC	PD	21.30566037735849	28
X-5502	SIREMADLIN	21.42	PD	0	78.5	HDM201	BRCA	PD	25.952542372881357	49
X-5578	SIREMADLIN	74.79999999999998	PD	0	196.39999999999998	HDM201	CRC	PD	11.125448028673835	43
X-5975	SIREMADLIN	6.640000000000015	PD	0	66.4	HDM201	BRCA	PD	33.282828282828284	35
X-6047	SIREMADLIN	130.825	PD	0	304.1	HDM201	BRCA	PD	4.0	14
X-1655	SONIDEGIB	72.65	PD	0	279.7	LDE225	CM	PD	9.64860681114551	29
X-1906	SONIDEGIB	101.9	PD	0	497.6	LDE225	CM	PD	8.214814814814815	21
X-2163	SONIDEGIB	3.5	SD	0	3.4000000000000057	LDE225	CM	SD-->PD	32.0	32
X-2306	SONIDEGIB	11.25	PD	0	47.30000000000001	LDE225	CM	PD	32.0	32
X-2602	SONIDEGIB	30.45999999999998	PD	0	88.80000000000001	LDE225	CM	PD	23.071770334928228	33
X-2613	SONIDEGIB	90.29999999999998	PD	0	918.4	LDE225	CM	PD	7.4392579293836025	22
X-2700	SONIDEGIB	27.025000000000006	PD	0	110.9	LDE225	CM	PD	20.55056179775281	28
X-2723	SONIDEGIB	77.525	PD	0	235.39999999999998	LDE225	CM	PD	6.612658227848102	25
X-2753	SONIDEGIB	63.0	PD	0	217.0	LDE225	CM	PD	8.669957686882933	22
X-2838	SONIDEGIB	12.459999999999994	PD	0	40.80000000000001	LDE225	CM	PD	30.0	30
X-2921	SONIDEGIB	49.55000000000001	PD	0	193.3	LDE225	CM	PD	8.686453576864537	23
X-2992	SONIDEGIB	121.84	PD	0	277.4	LDE225	CM	PD	5.511494252873563	17
X-3127	SONIDEGIB	23.0	PD	0	82.1	LDE225	CM	PD	23.864583333333336	37
X-3211	SONIDEGIB	-4.359999999999999	SD	0	-8.099999999999994	LDE225	CM	SD	12.0	12
X-3483	SONIDEGIB	81.42500000000001	PD	0	190.60000000000002	LDE225	CM	PD	7.072697899838449	10
X-3486	SONIDEGIB	69.4	PD	0	175.39999999999998	LDE225	CM	PD	8.232394366197184	12
X-3503	SONIDEGIB	25.0	PD	0	46.099999999999994	LDE225	CM	PD	26.0	26
X-3676	SONIDEGIB	166.65999999999997	PD	0	393.1	LDE225	CM	PD	4.296622613803231	12
X-3746	SONIDEGIB	138.5666666666667	PD	0	513.8	LDE225	CM	PD	7.0	22
X-3773	SONIDEGIB	29.120000000000005	PD	0	90.80000000000001	LDE225	CM	PD	21.184549356223176	36
X-3851	SONIDEGIB	33.72	PD	0	156.3	LDE225	CM	PD	16.282122905027933	28
X-3880	SONIDEGIB	7.3999999999999915	SD	0	28.599999999999994	LDE225	CM	SD	7.0	7
X-4157	SONIDEGIB	8.575000000000003	SD	0	10.0	LDE225	CM	SD	13.0	13
X-4339	SONIDEGIB	14.142857142857139	SD	0	13.400000000000006	LDE225	CM	SD	22.0	22
X-4426	SONIDEGIB	62.474999999999994	PD	0	302.1	LDE225	CM	PD	8.980343980343982	20
X-4455	SONIDEGIB	3.3499999999999943	PD	0	102.80000000000001	LDE225	CM	PD	17.377659574468083	21
X-4530	SONIDEGIB	9.125	PD	0	85.30000000000001	LDE225	CM	PD	22.580645161290324	29
X-4538	SONIDEGIB	28.44	PD	0	273.3	LDE225	CM	PD	14.119565217391305	21
X-4644	SONIDEGIB	82.11999999999998	PD	0	256.7	LDE225	CM	PD	7.851351351351352	20
X-4668	SONIDEGIB	107.65	PD	0	211.3	LDE225	CM	PD	6.1358490566037736	11
X-4832	SONIDEGIB	133.29999999999998	PD	0	289.3	LDE225	CM	PD	4.0	7
X-4849	SONIDEGIB	16.799999999999997	SD	0	32.400000000000006	LDE225	CM	SD	9.0	9
X-5189	SONIDEGIB	10.125	SD	0	5.299999999999997	LDE225	CM	SD	18.0	18
X-1004	TAMOXIFEN	48.16666666666666	PD	0	415.0	tamoxifen	BRCA	PD	11.1306266548985	27
X-1008	TAMOXIFEN	35.95999999999998	PD	0	144.0	tamoxifen	BRCA	PD	17.659574468085108	45
X-1286	TAMOXIFEN	50.02000000000001	PD	0	263.0	tamoxifen	BRCA	PD	11.806122448979592	28
X-1298	TAMOXIFEN	-0.5200000000000102	SD	0	24.200000000000003	tamoxifen	BRCA	SD-->PD	24.889779559118235	32
X-1371	TAMOXIFEN	40.640000000000015	PD	0	160.39999999999998	tamoxifen	BRCA	PD	13.465224111282845	29
X-1383	TAMOXIFEN	43.94	PD	0	139.8	tamoxifen	BRCA	PD	13.921908893709327	38
X-1407	TAMOXIFEN	54.099999999999994	PD	0	240.89999999999998	tamoxifen	BRCA	PD	10.557894736842105	28
X-1468	TAMOXIFEN	74.19999999999999	PD	0	338.5	tamoxifen		PD	9.584013050570963	28
X-1600	TAMOXIFEN	21.849999999999994	PD	0	231.10000000000002	tamoxifen	BRCA	PD	12.938185443668994	26
X-1631	TAMOXIFEN	71.28	PD	0	152.7	tamoxifen	BRCA	PD	8.862254025044724	13
X-1828	TAMOXIFEN	17.16666666666667	PD	0	58.099999999999994	tamoxifen	BRCA	PD	44.7	74
X-1832	TAMOXIFEN	240.45999999999998	PD	0	772.5	tamoxifen	BRCA	PD	5.486266531027467	19
X-1916	TAMOXIFEN	43.724999999999994	PD	0	292.3	tamoxifen	BRCA	PD	11.176100628930818	19
X-1921	TAMOXIFEN	10.575000000000003	PD	0	76.30000000000001	tamoxifen	BRCA	PD	23.451724137931034	66
X-2195	TAMOXIFEN	-13.600000000000009	SD	0	-25.799999999999997	tamoxifen	BRCA	SD-->PD	31.0	31
X-2344	TAMOXIFEN	62.859999999999985	PD	0	432.9	tamoxifen	BRCA	PD	8.7443915703603	18
X-2353	TAMOXIFEN	47.44	PD	0	153.5	tamoxifen	BRCA	PD	13.805352798053528	56
X-2487	TAMOXIFEN	4.025000000000006	PD	0	78.80000000000001	tamoxifen	BRCA	PD	29.813698630136987	60
X-2524	TAMOXIFEN	128.8	PD	0	689.5	tamoxifen	BRCA	PD	5.974545454545455	21
X-2640	TAMOXIFEN	43.19999999999999	PD	0	115.4	tamoxifen	BRCA	PD	16.112828438948995	31
X-2780	TAMOXIFEN	-9.275000000000006	SD	0	0.4000000000000057	tamoxifen	BRCA	SD-->PD	35.236363636363635	41
X-3077	TAMOXIFEN	-4.679999999999993	SD	0	10.0	tamoxifen	BRCA	SD-->PD	36.92972972972973	46
X-3078	TAMOXIFEN	19.349999999999994	PD	0	120.19999999999999	tamoxifen	BRCA	PD	23.20415224913495	46
X-3201	TAMOXIFEN	65.85	PD	0	268.7	tamoxifen	BRCA	PD	11.255172413793103	21
X-3298	TAMOXIFEN	42.349999999999994	PD	0	234.39999999999998	tamoxifen	BRCA	PD	15.005444646098002	25
X-3450	TAMOXIFEN	8.599999999999994	PD	0	36.0	tamoxifen	BRCA	PD	54.57575757575758	74
X-3468	TAMOXIFEN	0.30000000000001137	SD	0	1.4000000000000057	tamoxifen	BRCA	SD-->PD	29.586206896551722	53
X-3697	TAMOXIFEN	-11.039999999999992	PD	0	45.69999999999999	tamoxifen	BRCA	PD	34.559999999999995	41
X-3873	TAMOXIFEN	35.30000000000001	PD	0	102.80000000000001	tamoxifen	BRCA	PD	20.575757575757574	49
X-4347	TAMOXIFEN	39.900000000000006	PD	0	93.9	tamoxifen	BRCA	PD	23.08695652173914	49
X-4567	TAMOXIFEN	47.875	PD	0	181.2	tamoxifen	BRCA	PD	10.15948275862069	32
X-4824	TAMOXIFEN	39.52000000000001	PD	0	171.7	tamoxifen	BRCA	PD	14.618055555555555	34
X-4888	TAMOXIFEN	51.75	PD	0	173.0	tamoxifen	BRCA	PD	10.526315789473685	42
X-4949	TAMOXIFEN	110.65	PD	0	439.0	tamoxifen	BRCA	PD	6.193353474320242	22
X-5249	TAMOXIFEN	42.55000000000001	PD	0	168.7	tamoxifen	BRCA	PD	13.32185430463576	34
X-5355	TAMOXIFEN	48.625	PD	0	273.0	tamoxifen	BRCA	PD	10.51086956521739	21
X-5502	TAMOXIFEN	14.525000000000006	PD	0	97.19999999999999	tamoxifen	BRCA	PD	21.366812227074238	67
X-5975	TAMOXIFEN	29.180000000000007	PD	0	148.8	tamoxifen	BRCA	PD	17.079722703639515	33
X-6047	TAMOXIFEN	31.67500000000001	PD	0	158.7	tamoxifen	BRCA	PD	15.348148148148148	31
X-1655	TAS266	70.82	PD	0	465.70000000000005	TAS266	CM	PD	9.547886108714408	30
X-1906	TAS266	-37.760000000000005	SD	0	-47.9	TAS266	CM	SD-->PD	27.0	27
X-2163	TAS266	19.299999999999997	SD	0	29.099999999999994	TAS266	CM	SD	30.0	30
X-2306	TAS266	18.47999999999999	PD	0	153.5	TAS266	CM	PD	18.98761261261261	30
X-2602	TAS266	26.72	SD	0	17.599999999999994	TAS266	CM	SD-->PD	51.0	51
X-2613	TAS266	-82.54	CR	1	-100.0	TAS266	CM	CR-->PD	64.82337317397078	69
X-2700	TAS266	78.74000000000001	PD	0	310.1	TAS266	CM	PD	7.895131086142323	27
X-2723	TAS266	56.525000000000006	PD	0	196.3	TAS266	CM	PD	10.734615384615383	23
X-2753	TAS266	28.900000000000006	PD	0	210.89999999999998	TAS266	CM	PD	15.35632183908046	25
X-2838	TAS266	10.959999999999994	SD	0	18.700000000000003	TAS266	CM	SD	25.78798586572438	28
X-2921	TAS266	166.22500000000002	PD	0	492.9	TAS266	CM	PD	5.0	22
X-2992	TAS266	166.58000000000004	PD	0	560.0	TAS266	CM	PD	5.425574425574425	21
X-3127	TAS266	-59.32	PR	1	-80.6	TAS266	CM	PR-->-->PD	256.0	256
X-3211	TAS266	4.974999999999994	PD	0	144.0	TAS266	CM	PD	18.04748201438849	38
X-3483	TAS266	-97.3170731707317	CR	1	-100.0	TAS266	CM	CR	181.0	181
X-3486	TAS266	73.65	PD	0	313.1	TAS266	CM	PD	7.15187969924812	20
X-3503	TAS266	27.159999999999997	PD	0	148.3	TAS266	CM	PD	15.496428571428572	22
X-3676	TAS266	157.14999999999998	PD	0	389.0	TAS266	CM	PD	3.574193548387097	9
X-3746	TAS266	23.200000000000003	PD	0	203.39999999999998	TAS266	CM	PD	13.94186046511628	22
X-3773	TAS266	-16.974999999999994	SD	0	-28.200000000000003	TAS266	CM	SD-->PD	24.86400725294651	43
X-3851	TAS266	47.76000000000002	PD	0	159.2	TAS266	CM	PD	10.232558139534884	26
X-3880	TAS266	124.0	PD	0	229.0	TAS266	CM	PD	4.5212121212121215	27
X-4157	TAS266	24.72	PD	0	143.4	TAS266	CM	PD	16.49122807017544	28
X-4339	TAS266	10.900000000000006	SD	0	14.200000000000003	TAS266	CM	SD-->PD	38.020833333333336	47
X-4426	TAS266	-32.16	PR	1	-53.2	TAS266	CM	PR-->PD	32.33287858117326	41
X-4455	TAS266	44.67500000000001	PD	0	98.69999999999999	TAS266	CM	PD	7.899029126213592	23
X-4530	TAS266	93.5	PD	0	499.0	TAS266	CM	PD	7.1169811320754715	18
X-4538	TAS266	84.9	PD	0	420.0	TAS266	CM	PD	8.148	20
X-4644	TAS266	99.25	PD	0	571.1	TAS266	CM	PD	8.058470764617692	20
X-4668	TAS266	-90.24318181818182	CR	1	-100.0	TAS266	CM	CR	251.0	251
X-4832	TAS266	81.85	PD	0	488.70000000000005	TAS266	CM	PD	10.085805084745763	21
X-4849	TAS266	135.025	PD	0	494.79999999999995	TAS266	CM	PD	3.7241798298906446	24
X-5189	TAS266	-72.38181818181818	PR	1	-86.5	TAS266	CM	PR-->PD	92.0	92
X-0991	TRAMETINIB	-16.27600000000001	SD	0	-39.9	trametinib	PDAC	SD	86.0	86
X-1199	TRAMETINIB	-44.503571428571426	PR	1	-73.3	trametinib	PDAC	PR	98.0	98
X-1289	TRAMETINIB	-44.19130434782609	CR	1	-95.6	trametinib	PDAC	CR	87.0	87
X-1362	TRAMETINIB	-42.82857142857143	PR	1	-65.6	trametinib	PDAC	PR	23.0	23
X-1948	TRAMETINIB	-18.5074074074074	SD	0	-44.1	trametinib	PDAC	SD-->-->PD	98.0	98
X-2026	TRAMETINIB	9.149999999999991	SD	0	-3.200000000000003	trametinib	PDAC	SD-->PD	51.12408759124088	52
X-2081	TRAMETINIB	92.80000000000001	PD	0	192.39999999999998	trametinib	PDAC	PD	4.689655172413794	30
X-2220	TRAMETINIB	73.275	PD	0	153.3	trametinib		PD	7.711822660098521	29
X-2283	TRAMETINIB	24.959999999999994	PD	0	311.4	trametinib	PDAC	PD	12.7491961414791	39
X-2339	TRAMETINIB	-8.400000000000006	SD	0	-45.8	trametinib	PDAC	SD-->PD	91.0	91
X-2428	TRAMETINIB	-4.5	SD	0	-5.0	trametinib	PDAC	SD-->PD	59.262793914246195	61
X-2470	TRAMETINIB	-26.771428571428572	PR	1	-55.7	trametinib	PDAC	PR-->-->PD	81.0	81
X-2564	TRAMETINIB	15.875	SD	0	-17.400000000000006	trametinib	PDAC	SD-->PD	65.55749128919861	74
X-2633	TRAMETINIB	-32.37692307692308	PR	1	-85.4	trametinib	PDAC	PR-->PD	90.0	90
X-2684	TRAMETINIB	9.97999999999999	PD	0	105.0	trametinib	PDAC	PD	21.661849710982658	33
X-2997	TRAMETINIB	33.68000000000001	PD	0	133.5	trametinib	PDAC	PD	19.12849162011173	33
X-3028	TRAMETINIB	13.200000000000003	SD	0	33.80000000000001	trametinib	PDAC	SD-->PD	31.84776119402985	33
X-3038	TRAMETINIB	-16.611111111111114	SD	0	-49.8	trametinib	PDAC	SD	29.0	29
X-3052	TRAMETINIB	51.68000000000001	PD	0	185.89999999999998	trametinib	PDAC	PD	13.226999140154772	27
X-3268	TRAMETINIB	-5.260000000000005	SD	0	-14.200000000000003	trametinib	PDAC	SD-->PD	111.0	111
X-3782	TRAMETINIB	-27.106666666666655	SD	0	-39.7	trametinib		SD	51.0	51
X-3800	TRAMETINIB	-25.011538461538464	SD	0	-47.6	trametinib	PDAC	SD	91.0	91
X-3816	TRAMETINIB	29.05714285714285	SD	0	-9.299999999999997	trametinib	PDAC	SD	5.0	47
X-3846	TRAMETINIB	-36.53333333333333	PR	1	-55.7	trametinib	PDAC	PR-->PD	39.59708737864078	47
X-3898	TRAMETINIB	7.400000000000006	SD	0	-5.700000000000003	trametinib	PDAC	SD-->PD	55.31736526946108	61
X-3947	TRAMETINIB	37.474999999999994	PD	0	82.5	trametinib	PDAC	PD	23.861924686192467	41
X-3990	TRAMETINIB	-7.787499999999994	SD	0	-25.700000000000003	trametinib	PDAC	SD-->PD	92.0	92
X-4018	TRAMETINIB	16.840000000000003	SD	0	13.099999999999994	trametinib	PDAC	SD-->PD	48.19597989949749	51
X-4145	TRAMETINIB	98.875	PD	0	191.10000000000002	trametinib	CRC	PD	4.0	39
X-4215	TRAMETINIB	11.900000000000006	PD	0	62.900000000000006	trametinib	PDAC	PD	31.98068669527897	40
X-4226	TRAMETINIB	-3.7249999999999943	SD	0	-7.400000000000006	trametinib	PDAC	SD-->PD	29.771535580524347	48
X-4316	TRAMETINIB	-12.483333333333334	SD	0	-32.099999999999994	trametinib	PDAC	SD-->PD	91.0	91
X-4377	TRAMETINIB	-15.0	SD	0	-12.799999999999997	trametinib	PDAC	SD-->PD	46.3041237113402	52
X-4378	TRAMETINIB	38.140000000000015	PD	0	66.1	trametinib	PDAC	PD	23.194174757281555	41
X-4439	TRAMETINIB	0.6500000000000057	SD	0	-33.400000000000006	trametinib	PDAC	SD-->PD	51.0	51
X-4649	TRAMETINIB	-7.922222222222217	SD	0	-24.5	trametinib	PDAC	SD-->PD	57.0	57
X-4676	TRAMETINIB	-10.474999999999994	SD	0	-31.200000000000003	trametinib	PDAC	SD	91.0	91
X-4927	TRAMETINIB	195.36	PD	0	331.4	trametinib	PDAC	PD	5.0715859030837	18
X-5205	TRAMETINIB	45.44999999999999	PD	0	166.7	trametinib	PDAC	PD	11.841423948220065	14
X-007	TRASTUZUMAB	51.16	PD	0	233.60000000000002	trastuzumab	GC	PD	8.122448979591837	31
X-010	TRASTUZUMAB	21.025000000000006	PD	0	155.2	trastuzumab	GC	PD	14.465217391304348	46
X-011	TRASTUZUMAB	85.16	PD	0	395.1	trastuzumab	GC	PD	7.5346687211094	24
X-015	TRASTUZUMAB	9.5	PD	0	83.6	trastuzumab	GC	PD	21.333333333333336	94
X-017	TRASTUZUMAB	110.76	PD	0	354.9	trastuzumab	GC	PD	6.03751143641354	20
X-020	TRASTUZUMAB	1.5750000000000028	SD	0	16.799999999999997	trastuzumab	GC	SD-->PD	33.18940936863544	55
X-025	TRASTUZUMAB	40.67500000000001	PD	0	92.30000000000001	trastuzumab	GC	PD	21.30508474576271	80
X-027	TRASTUZUMAB	-82.97	CR	1	-100.0	trastuzumab	GC	CR	309.0	309
X-028	TRASTUZUMAB	13.959999999999994	PD	0	75.1	trastuzumab	GC	PD	28.655526992287918	31
X-029	TRASTUZUMAB	110.66	PD	0	234.8	trastuzumab	GC	PD	3.613223140495868	24
X-031	TRASTUZUMAB	12.075000000000003	PD	0	98.9	trastuzumab	GC	PD	23.149321266968325	44
X-034	TRASTUZUMAB	10.0	PD	0	116.30000000000001	trastuzumab	GC	PD	19.23465703971119	32
X-035	TRASTUZUMAB	-15.117647058823536	SD	0	-88.0	trastuzumab	GC	SD-->-->PD	10.885245901639344	220
X-037	TRASTUZUMAB	57.0	PD	0	214.2	trastuzumab	GC	PD	11.934673366834172	38
X-038	TRASTUZUMAB	16.47999999999999	PD	0	50.599999999999994	trastuzumab	GC	PD	33.653979238754324	36
X-056	TRASTUZUMAB	6.5	PD	0	92.9	trastuzumab	GC	PD	22.86060606060606	54
X-057	TRASTUZUMAB	20.724999999999994	PD	0	263.0	trastuzumab	GC	PD	12.757352941176471	25
X-064	TRASTUZUMAB	56.525000000000006	PD	0	449.5	trastuzumab	GC	PD	10.31578947368421	26
X-065	TRASTUZUMAB	-2.7249999999999943	SD	0	-4.5	trastuzumab	GC	SD-->PD	37.33098591549296	89
X-067	TRASTUZUMAB	-18.728571428571428	SD	0	-34.099999999999994	trastuzumab	GC	SD-->PD	63.69230769230769	89
X-075	TRASTUZUMAB	-1.3000000000000114	SD	0	28.19999999999999	trastuzumab	GC	SD-->PD	27.962779156327542	32
X-077	TRASTUZUMAB	4.829999999999998	SD	0	-50.3	trastuzumab	GC	SD-->PD	50.68108776266996	119
X-084	TRASTUZUMAB	31.340000000000003	PD	0	101.0	trastuzumab	GC	PD	19.75	24
X-089	TRASTUZUMAB	26.724999999999994	PD	0	100.0	trastuzumab	GC	PD	17.30672268907563	41
X-090	TRASTUZUMAB	-0.5600000000000023	SD	0	-16.700000000000003	trastuzumab	GC	SD	31.0	31
X-091	TRASTUZUMAB	24.625	PD	0	40.5	trastuzumab	GC	PD	45.70718232044199	93
X-096	TRASTUZUMAB	-39.36666666666667	PR	1	-70.8	trastuzumab	GC	PR	24.0	24
X-097	TRASTUZUMAB	44.900000000000006	PD	0	137.7	trastuzumab	GC	PD	19.046997389033944	40
X-098	TRASTUZUMAB	100.26666666666665	PD	0	252.7	trastuzumab	GC	PD	9.0	37
X-099	TRASTUZUMAB	-31.271428571428572	SD	0	-44.2	trastuzumab	GC	SD-->PD	44.84796573875803	78
X-1004	TRASTUZUMAB	-11.599999999999994	SD	0	-18.700000000000003	trastuzumab	BRCA	SD-->PD	31.76095311299001	36
X-1008	TRASTUZUMAB	44.17500000000001	PD	0	133.8	trastuzumab	BRCA	PD	16.72463768115942	41
X-118	TRASTUZUMAB	151.52499999999998	PD	0	254.7	trastuzumab	GC	PD	7.0	14
X-119	TRASTUZUMAB	57.375	PD	0	357.1	trastuzumab	GC	PD	12.049586776859504	18
X-127	TRASTUZUMAB	4.049999999999997	SD	0	4.0	trastuzumab	GC	SD-->PD	33.0	33
X-128	TRASTUZUMAB	47.125	PD	0	255.2	trastuzumab	GC	PD	13.6271186440678	26
X-1286	TRASTUZUMAB	20.179999999999993	PD	0	156.89999999999998	trastuzumab	BRCA	PD	15.453102453102453	49
X-129	TRASTUZUMAB	83.02000000000001	PD	0	262.7	trastuzumab	GC	PD	6.583333333333333	24
X-1298	TRASTUZUMAB	32.81999999999999	PD	0	195.8	trastuzumab	BRCA	PD	12.019455252918288	32
X-131	TRASTUZUMAB	98.56	PD	0	245.5	trastuzumab	GC	PD	7.137032842582107	13
X-1371	TRASTUZUMAB	58.099999999999994	PD	0	273.0	trastuzumab	BRCA	PD	11.159904534606206	21
X-138	TRASTUZUMAB	29.55000000000001	PD	0	187.10000000000002	trastuzumab	GC	PD	13.943661971830986	26
X-1383	TRASTUZUMAB	45.05000000000001	PD	0	95.0	trastuzumab	BRCA	PD	20.869565217391305	48
X-1407	TRASTUZUMAB	66.15	PD	0	229.10000000000002	trastuzumab	BRCA	PD	8.89864864864865	27
X-1468	TRASTUZUMAB	14.920000000000002	PD	0	68.6	trastuzumab		PD	23.57377049180328	42
X-154	TRASTUZUMAB	62.95999999999998	PD	0	337.9	trastuzumab	GC	PD	11.324061196105703	23
X-158	TRASTUZUMAB	24.950000000000003	PD	0	82.4	trastuzumab	GC	PD	23.842931937172775	35
X-1600	TRASTUZUMAB	425.74	PD	0	1333.7	trastuzumab	BRCA	PD	4.198341395991707	13
X-161	TRASTUZUMAB	42.25	PD	0	277.6	trastuzumab	GC	PD	12.173391494002182	33
X-1631	TRASTUZUMAB	88.05000000000001	PD	0	365.7	trastuzumab	BRCA	PD	6.132718894009217	20
X-166	TRASTUZUMAB	33.74000000000001	PD	0	128.0	trastuzumab	GC	PD	16.737113402061855	42
X-171	TRASTUZUMAB	121.6	PD	0	513.4	trastuzumab	GC	PD	5.709338929695698	19
X-1828	TRASTUZUMAB	4.875	SD	0	-1.9000000000000057	trastuzumab	BRCA	SD-->PD	67.41850220264317	76
X-1832	TRASTUZUMAB	207.425	PD	0	487.0	trastuzumab	BRCA	PD	4.3161346742457365	13
X-1916	TRASTUZUMAB	48.19999999999999	PD	0	153.5	trastuzumab	BRCA	PD	11.994778067885118	28
X-1921	TRASTUZUMAB	36.625	PD	0	172.3	trastuzumab	BRCA	PD	15.925581395348837	55
X-2195	TRASTUZUMAB	44.20000000000002	PD	0	187.5	trastuzumab	BRCA	PD	14.889367816091955	21
X-2344	TRASTUZUMAB	14.02000000000001	PD	0	110.30000000000001	trastuzumab	BRCA	PD	19.821782178217823	24
X-2353	TRASTUZUMAB	42.69999999999999	PD	0	201.2	trastuzumab	BRCA	PD	14.346218487394959	49
X-2487	TRASTUZUMAB	56.860000000000014	PD	0	282.7	trastuzumab	BRCA	PD	9.729196050775741	27
X-2524	TRASTUZUMAB	109.75	PD	0	662.4	trastuzumab	BRCA	PD	6.243781094527362	22
X-2640	TRASTUZUMAB	33.420000000000016	PD	0	96.0	trastuzumab	BRCA	PD	20.675105485232066	56
X-2780	TRASTUZUMAB	3.4000000000000057	SD	0	-16.5	trastuzumab	BRCA	SD-->PD	67.08376963350786	69
X-3077	TRASTUZUMAB	47.0	PD	0	138.6	trastuzumab	BRCA	PD	15.260223048327136	41
X-3078	TRASTUZUMAB	36.69999999999999	PD	0	137.5	trastuzumab	BRCA	PD	17.163682864450127	38
X-3201	TRASTUZUMAB	35.72	PD	0	179.3	trastuzumab	BRCA	PD	14.85209003215434	41
X-3298	TRASTUZUMAB	5.459999999999994	PD	0	53.099999999999994	trastuzumab	BRCA	PD	31.357142857142858	69
X-3450	TRASTUZUMAB	30.140000000000015	PD	0	87.6	trastuzumab	BRCA	PD	24.0	24
X-3468	TRASTUZUMAB	22.879999999999995	PD	0	102.30000000000001	trastuzumab	BRCA	PD	20.624489795918365	56
X-3697	TRASTUZUMAB	2.25	SD	0	16.5	trastuzumab	BRCA	SD-->PD	24.18819188191882	34
X-3873	TRASTUZUMAB	91.19999999999999	PD	0	553.3	trastuzumab	BRCA	PD	8.387704918032787	22
X-4347	TRASTUZUMAB	45.69999999999999	PD	0	128.6	trastuzumab	BRCA	PD	18.75109170305677	62
X-4567	TRASTUZUMAB	28.400000000000006	PD	0	57.900000000000006	trastuzumab	BRCA	PD	31.852272727272727	76
X-4824	TRASTUZUMAB	28.75	PD	0	137.1	trastuzumab	BRCA	PD	16.86282306163022	21
X-4888	TRASTUZUMAB	50.30000000000001	PD	0	154.7	trastuzumab	BRCA	PD	17.13111888111888	48
X-4949	TRASTUZUMAB	36.079999999999984	PD	0	95.0	trastuzumab	BRCA	PD	18.287610619469024	34
X-5249	TRASTUZUMAB	45.82499999999999	PD	0	162.89999999999998	trastuzumab	BRCA	PD	11.779058597502402	34
X-5355	TRASTUZUMAB	60.16	PD	0	202.39999999999998	trastuzumab	BRCA	PD	9.248175182481752	27
X-5502	TRASTUZUMAB	15.02000000000001	PD	0	63.69999999999999	trastuzumab	BRCA	PD	25.28798185941043	56
X-6047	TRASTUZUMAB	55.775000000000006	PD	0	402.2	trastuzumab	BRCA	PD	8.776435045317221	21
X-1199	WNT-974	-2.8799999999999955	SD	0	9.299999999999997	WNT974	PDAC	SD-->PD	106.0	106
X-1289	WNT-974	42.400000000000006	PD	0	239.3	WNT974	PDAC	PD	10.29984544049459	30
X-1362	WNT-974	32.18000000000001	PD	0	207.0	WNT974	PDAC	PD	13.704761904761906	26
X-1655	WNT-974	128.675	PD	0	674.5	WNT974	CM	PD	4.189305470190535	18
X-1906	WNT-974	174.22500000000002	PD	0	550.0	WNT974	CM	PD	5.2280187573270815	17
X-1948	WNT-974	42.16	PD	0	128.6	WNT974	PDAC	PD	15.78688524590164	30
X-2026	WNT-974	22.580000000000013	PD	0	175.10000000000002	WNT974	PDAC	PD	16.517241379310345	30
X-2081	WNT-974	86.30000000000001	PD	0	357.3	WNT974	PDAC	PD	6.245115452930729	20
X-2163	WNT-974	32.849999999999994	PD	0	33.400000000000006	WNT974	CM	PD	21.0	21
X-2220	WNT-974	215.925	PD	0	430.20000000000005	WNT974		PD	6.0	15
X-2283	WNT-974	87.80000000000001	PD	0	275.1	WNT974	PDAC	PD	7.932668329177057	16
X-2306	WNT-974	59.12	PD	0	134.2	WNT974	CM	PD	11.359223300970871	27
X-2339	WNT-974	-17.1875	SD	0	-37.2	WNT974	PDAC	SD	21.0	21
X-2428	WNT-974	35.099999999999994	PD	0	55.19999999999999	WNT974	PDAC	PD	13.0	13
X-2470	WNT-974	10.200000000000003	PD	0	130.6	WNT974	PDAC	PD	16.805845511482257	29
X-2564	WNT-974	19.620000000000005	PD	0	53.0	WNT974	PDAC	PD	12.0	12
X-2602	WNT-974	24.625	PD	0	82.6	WNT974	CM	PD	27.0	27
X-2613	WNT-974	165.40000000000003	PD	0	987.5999999999999	WNT974	CM	PD	6.0	22
X-2633	WNT-974	14.357692307692318	SD	0	-11.799999999999997	WNT974	PDAC	SD-->PD	96.0	96
X-2684	WNT-974	125.56	PD	0	249.10000000000002	WNT974	PDAC	PD	7.613964686998394	15
X-2700	WNT-974	10.379999999999995	SD	0	15.200000000000003	WNT974	CM	SD-->PD	32.106017191977074	43
X-2723	WNT-974	40.94	PD	0	200.7	WNT974	CM	PD	13.50188679245283	21
X-2753	WNT-974	73.25	PD	0	691.2	WNT974	CM	PD	7.8783269961977185	19
X-2838	WNT-974	1.0750000000000028	PD	0	59.69999999999999	WNT974	CM	PD	23.99405646359584	27
X-2921	WNT-974	30.05000000000001	PD	0	154.7	WNT974	CM	PD	19.633846153846154	23
X-2992	WNT-974	84.4	PD	0	248.60000000000002	WNT974	CM	PD	9.084507042253522	21
X-3028	WNT-974	14.25	SD	0	18.099999999999994	WNT974	PDAC	SD	18.0	18
X-3038	WNT-974	16.099999999999994	PD	0	137.4	WNT974	PDAC	PD	20.502002670226968	30
X-3052	WNT-974	71.92000000000002	PD	0	375.9	WNT974	PDAC	PD	7.461325966850829	29
X-3127	WNT-974	6.359999999999985	SD	0	0.7999999999999972	WNT974	CM	SD-->PD	43.0	43
X-3211	WNT-974	-12.700000000000003	SD	0	-20.400000000000006	WNT974	CM	SD-->PD	40.0	40
X-3268	WNT-974	-2.259999999999991	PD	0	75.5	WNT974	PDAC	PD	20.204218600191755	65
X-3483	WNT-974	140.61999999999998	PD	0	387.2	WNT974	CM	PD	6.707116104868914	13
X-3486	WNT-974	95.07999999999998	PD	0	208.60000000000002	WNT974	CM	PD	6.050704225352113	12
X-3503	WNT-974	25.700000000000003	PD	0	90.0	WNT974	CM	PD	22.803738317757013	25
X-3676	WNT-974	184.45	PD	0	406.3	WNT974	CM	PD	4.0	10
X-3746	WNT-974	56.866666666666674	PD	0	356.9	WNT974	CM	PD	10.663157894736841	22
X-3773	WNT-974	38.31999999999999	PD	0	114.5	WNT974	CM	PD	17.64788732394366	42
X-3782	WNT-974	79.12	PD	0	167.89999999999998	WNT974		PD	7.064766839378239	16
X-3800	WNT-974	-3.4200000000000017	SD	0	-18.799999999999997	WNT974	PDAC	SD-->PD	65.0	65
X-3816	WNT-974	101.07999999999998	PD	0	469.0	WNT974	PDAC	PD	4.501427212178877	30
X-3846	WNT-974	11.159999999999997	PD	0	39.30000000000001	WNT974	PDAC	PD	32.48770491803279	57
X-3851	WNT-974	25.879999999999995	PD	0	120.0	WNT974	CM	PD	18.505197505197504	28
X-3880	WNT-974	25.24000000000001	PD	0	91.80000000000001	WNT974	CM	PD	21.0	21
X-3898	WNT-974	32.28	PD	0	224.5	WNT974	PDAC	PD	19.404447533009034	27
X-3947	WNT-974	92.29999999999998	PD	0	206.89999999999998	WNT974	PDAC	PD	3.8765522279035793	7
X-3990	WNT-974	30.819999999999993	PD	0	322.7	WNT974	PDAC	PD	12.033842794759826	29
X-4015	WNT-974	95.30000000000001	PD	0	272.7	WNT974	PDAC	PD	7.499999999999999	28
X-4018	WNT-974	47.139999999999986	PD	0	288.3	WNT974	PDAC	PD	11.562962962962963	30
X-4145	WNT-974	3.2750000000000057	SD	0	18.099999999999994	WNT974	CRC	SD	18.0	18
X-4157	WNT-974	20.08	PD	0	131.5	WNT974	CM	PD	19.010526315789473	28
X-4215	WNT-974	73.35	PD	0	116.80000000000001	WNT974	PDAC	PD	9.322175732217573	28
X-4226	WNT-974	55.079999999999984	PD	0	273.3	WNT974	PDAC	PD	10.75152749490835	22
X-4316	WNT-974	19.820000000000007	SD	0	26.799999999999997	WNT974	PDAC	SD-->PD	27.63131313131313	51
X-4339	WNT-974	9.150000000000006	SD	0	15.900000000000006	WNT974	CM	SD-->PD	26.0	26
X-4377	WNT-974	23.183333333333337	SD	0	6.900000000000006	WNT974	PDAC	SD	23.90318302387268	63
X-4378	WNT-974	58.69999999999999	PD	0	151.9	WNT974	PDAC	PD	9.517241379310345	41
X-4426	WNT-974	84.69999999999999	PD	0	364.4	WNT974	CM	PD	8.128342245989305	20
X-4439	WNT-974	27.359999999999985	PD	0	149.2	WNT974	PDAC	PD	20.113744075829384	28
X-4455	WNT-974	49.80000000000001	PD	0	328.6	WNT974	CM	PD	10.117897727272727	21
X-4530	WNT-974	186.55	PD	0	925.5999999999999	WNT974	CM	PD	6.524617067833698	21
X-4538	WNT-974	77.84	PD	0	317.9	WNT974	CM	PD	10.052910052910054	21
X-4644	WNT-974	81.78	PD	0	631.5	WNT974	CM	PD	10.514251061249242	21
X-4649	WNT-974	65.45999999999998	PD	0	333.9	WNT974	PDAC	PD	9.041763341067284	28
X-4668	WNT-974	59.67500000000001	PD	0	221.60000000000002	WNT974	CM	PD	9.414355628058727	14
X-4676	WNT-974	69.92000000000002	PD	0	167.3	WNT974	PDAC	PD	7.631578947368421	26
X-4832	WNT-974	91.65	PD	0	223.3	WNT974	CM	PD	6.469493278179938	14
X-4849	WNT-974	148.8	PD	0	430.70000000000005	WNT974	CM	PD	5.808971384377417	15
X-4927	WNT-974	98.6	PD	0	286.1	WNT974	PDAC	PD	6.872832369942197	16
X-5189	WNT-974	203.425	PD	0	695.5	WNT974	CM	PD	4.0	18
X-5205	WNT-974	13.440000000000012	PD	0	60.80000000000001	WNT974	PDAC	PD	34.39087546239211	62
