sample	drug	response	metric	direction	n_screens	screens	mrecist	treatment_type	tumour_type
X-007	ALPELISIB	196.175	BestAvgResponse	lower = more sensitive	1	X-007|BYL719	PD	single	GC
X-010	ALPELISIB	12.675	BestAvgResponse	lower = more sensitive	1	X-010|BYL719	PD	single	GC
X-011	ALPELISIB	40.25	BestAvgResponse	lower = more sensitive	1	X-011|BYL719	PD	single	GC
X-015	ALPELISIB	7.375	BestAvgResponse	lower = more sensitive	1	X-015|BYL719	SD	single	GC
X-017	ALPELISIB	2.25	BestAvgResponse	lower = more sensitive	1	X-017|BYL719	SD	single	GC
X-020	ALPELISIB	16.75	BestAvgResponse	lower = more sensitive	1	X-020|BYL719	SD	single	GC
X-023	ALPELISIB	-8.77778	BestAvgResponse	lower = more sensitive	1	X-023|BYL719	SD	single	GC
X-024	ALPELISIB	15.0167	BestAvgResponse	lower = more sensitive	1	X-024|BYL719	SD	single	GC
X-025	ALPELISIB	0.46	BestAvgResponse	lower = more sensitive	1	X-025|BYL719	SD	single	GC
X-027	ALPELISIB	-56.28	BestAvgResponse	lower = more sensitive	1	X-027|BYL719	PR	single	GC
X-028	ALPELISIB	32.1	BestAvgResponse	lower = more sensitive	1	X-028|BYL719	PD	single	GC
X-029	ALPELISIB	18.975	BestAvgResponse	lower = more sensitive	1	X-029|BYL719	PD	single	GC
X-031	ALPELISIB	-10.76	BestAvgResponse	lower = more sensitive	1	X-031|BYL719	SD	single	GC
X-034	ALPELISIB	2.18571	BestAvgResponse	lower = more sensitive	1	X-034|BYL719	SD	single	GC
X-035	ALPELISIB	-46.2929	BestAvgResponse	lower = more sensitive	1	X-035|BYL719	PR	single	GC
X-037	ALPELISIB	14.9	BestAvgResponse	lower = more sensitive	1	X-037|BYL719	SD	single	GC
X-038	ALPELISIB	22.44	BestAvgResponse	lower = more sensitive	1	X-038|BYL719	PD	single	GC
X-039	ALPELISIB	111	BestAvgResponse	lower = more sensitive	1	X-039|BYL719	PD	single	GC
X-050	ALPELISIB	33.875	BestAvgResponse	lower = more sensitive	1	X-050|BYL719	PD	single	GC
X-056	ALPELISIB	15.55	BestAvgResponse	lower = more sensitive	1	X-056|BYL719	SD	single	GC
X-057	ALPELISIB	11.9	BestAvgResponse	lower = more sensitive	1	X-057|BYL719	PD	single	GC
X-064	ALPELISIB	-4.725	BestAvgResponse	lower = more sensitive	1	X-064|BYL719	SD	single	GC
X-065	ALPELISIB	-13.8857	BestAvgResponse	lower = more sensitive	1	X-065|BYL719	SD	single	GC
X-067	ALPELISIB	27.25	BestAvgResponse	lower = more sensitive	1	X-067|BYL719	PD	single	GC
X-074	ALPELISIB	25.675	BestAvgResponse	lower = more sensitive	1	X-074|BYL719	PD	single	GC
X-075	ALPELISIB	14.125	BestAvgResponse	lower = more sensitive	1	X-075|BYL719	PD	single	GC
X-077	ALPELISIB	-11.48	BestAvgResponse	lower = more sensitive	1	X-077|BYL719	SD	single	GC
X-078	ALPELISIB	18.7	BestAvgResponse	lower = more sensitive	1	X-078|BYL719	PD	single	GC
X-084	ALPELISIB	13.05	BestAvgResponse	lower = more sensitive	1	X-084|BYL719	PD	single	GC
X-089	ALPELISIB	16.8	BestAvgResponse	lower = more sensitive	1	X-089|BYL719	PD	single	GC
X-090	ALPELISIB	-30.4667	BestAvgResponse	lower = more sensitive	1	X-090|BYL719	PR	single	GC
X-091	ALPELISIB	8.175	BestAvgResponse	lower = more sensitive	1	X-091|BYL719	SD	single	GC
X-0933	ALPELISIB	-29.58	BestAvgResponse	lower = more sensitive	1	X-0933|BYL719	PR	single	CRC
X-096	ALPELISIB	-25.5143	BestAvgResponse	lower = more sensitive	1	X-096|BYL719	PR	single	GC
X-097	ALPELISIB	-28.1278	BestAvgResponse	lower = more sensitive	1	X-097|BYL719	SD	single	GC
X-098	ALPELISIB	-6.7	BestAvgResponse	lower = more sensitive	1	X-098|BYL719	SD	single	GC
X-0991	ALPELISIB	-7.91429	BestAvgResponse	lower = more sensitive	1	X-0991|BYL719	SD	single	PDAC
X-1004	ALPELISIB	9.3	BestAvgResponse	lower = more sensitive	1	X-1004|BYL719	SD	single	BRCA
X-1008	ALPELISIB	-30.6792	BestAvgResponse	lower = more sensitive	1	X-1008|BYL719	PR	single	BRCA
X-101	ALPELISIB	16.6	BestAvgResponse	lower = more sensitive	1	X-101|BYL719	PD	single	GC
X-102	ALPELISIB	-25.3	BestAvgResponse	lower = more sensitive	1	X-102|BYL719	SD	single	GC
X-1027	ALPELISIB	15.025	BestAvgResponse	lower = more sensitive	1	X-1027|BYL719	PD	single	CRC
X-105	ALPELISIB	9.475	BestAvgResponse	lower = more sensitive	1	X-105|BYL719	SD	single	GC
X-1055	ALPELISIB	-30.6917	BestAvgResponse	lower = more sensitive	1	X-1055|BYL719	SD	single	CRC
X-1119	ALPELISIB	48.05	BestAvgResponse	lower = more sensitive	1	X-1119|BYL719	PD	single	CRC
X-114	ALPELISIB	-36.1364	BestAvgResponse	lower = more sensitive	1	X-114|BYL719	PR	single	GC
X-1156	ALPELISIB	63.08	BestAvgResponse	lower = more sensitive	1	X-1156|BYL719	PD	single	NSCLC
X-1167	ALPELISIB	27.675	BestAvgResponse	lower = more sensitive	1	X-1167|BYL719	PD	single	CRC
X-1172	ALPELISIB	-16.92	BestAvgResponse	lower = more sensitive	1	X-1172|BYL719	PD	single	NSCLC
X-1173	ALPELISIB	37.6	BestAvgResponse	lower = more sensitive	1	X-1173|BYL719	PD	single	CRC
X-118	ALPELISIB	45.84	BestAvgResponse	lower = more sensitive	1	X-118|BYL719	PD	single	GC
X-1189	ALPELISIB	37.675	BestAvgResponse	lower = more sensitive	1	X-1189|BYL719	PD	single	NSCLC
X-119	ALPELISIB	1.18	BestAvgResponse	lower = more sensitive	1	X-119|BYL719	SD	single	GC
X-1199	ALPELISIB	16.05	BestAvgResponse	lower = more sensitive	1	X-1199|BYL719	PD	single	PDAC
X-1228	ALPELISIB	-43.3133	BestAvgResponse	lower = more sensitive	1	X-1228|BYL719	PR	single	NSCLC
X-127	ALPELISIB	-7	BestAvgResponse	lower = more sensitive	1	X-127|BYL719	SD	single	GC
X-1270	ALPELISIB	-3.21429	BestAvgResponse	lower = more sensitive	1	X-1270|BYL719	SD	single	CRC
X-128	ALPELISIB	-49.5733	BestAvgResponse	lower = more sensitive	1	X-128|BYL719	PR	single	GC
X-1286	ALPELISIB	11.925	BestAvgResponse	lower = more sensitive	1	X-1286|BYL719	PD	single	BRCA
X-1289	ALPELISIB	36.34	BestAvgResponse	lower = more sensitive	1	X-1289|BYL719	PD	single	PDAC
X-129	ALPELISIB	-79.8673	BestAvgResponse	lower = more sensitive	1	X-129|BYL719	CR	single	GC
X-1290	ALPELISIB	31.7	BestAvgResponse	lower = more sensitive	1	X-1290|BYL719	PD	single	CRC
X-1298	ALPELISIB	72.475	BestAvgResponse	lower = more sensitive	1	X-1298|BYL719	PD	single	BRCA
X-1303	ALPELISIB	-17.92	BestAvgResponse	lower = more sensitive	1	X-1303|BYL719	SD	single	CRC
X-131	ALPELISIB	45.98	BestAvgResponse	lower = more sensitive	1	X-131|BYL719	PD	single	GC
X-1323	ALPELISIB	-20.925	BestAvgResponse	lower = more sensitive	1	X-1323|BYL719	SD	single	NSCLC
X-1329	ALPELISIB	45.95	BestAvgResponse	lower = more sensitive	1	X-1329|BYL719	PD	single	CRC
X-135	ALPELISIB	27	BestAvgResponse	lower = more sensitive	1	X-135|BYL719	SD	single	GC
X-136	ALPELISIB	-34.15	BestAvgResponse	lower = more sensitive	1	X-136|BYL719	PR	single	GC
X-1362	ALPELISIB	15.86	BestAvgResponse	lower = more sensitive	1	X-1362|BYL719	PD	single	PDAC
X-137	ALPELISIB	29.76	BestAvgResponse	lower = more sensitive	1	X-137|BYL719	PD	single	GC
X-1371	ALPELISIB	76.1	BestAvgResponse	lower = more sensitive	1	X-1371|BYL719	PD	single	BRCA
X-138	ALPELISIB	-10.0923	BestAvgResponse	lower = more sensitive	1	X-138|BYL719	SD	single	GC
X-1383	ALPELISIB	-9.71667	BestAvgResponse	lower = more sensitive	1	X-1383|BYL719	SD	single	BRCA
X-1407	ALPELISIB	32.775	BestAvgResponse	lower = more sensitive	1	X-1407|BYL719	PD	single	BRCA
X-141	ALPELISIB	-18.9143	BestAvgResponse	lower = more sensitive	1	X-141|BYL719	SD	single	GC
X-142	ALPELISIB	62.9333	BestAvgResponse	lower = more sensitive	1	X-142|BYL719	PD	single	GC
X-1441	ALPELISIB	3.8	BestAvgResponse	lower = more sensitive	1	X-1441|BYL719	SD	single	CRC
X-1442	ALPELISIB	36.275	BestAvgResponse	lower = more sensitive	1	X-1442|BYL719	PD	single	NSCLC
X-1443	ALPELISIB	93.4667	BestAvgResponse	lower = more sensitive	1	X-1443|BYL719	PD	single	CRC
X-146	ALPELISIB	-20.9	BestAvgResponse	lower = more sensitive	1	X-146|BYL719	SD	single	GC
X-1468	ALPELISIB	1.45714	BestAvgResponse	lower = more sensitive	1	X-1468|BYL719	SD	single	
X-1479	ALPELISIB	-2.05	BestAvgResponse	lower = more sensitive	1	X-1479|BYL719	SD	single	CRC
X-1499	ALPELISIB	153.775	BestAvgResponse	lower = more sensitive	1	X-1499|BYL719	PD	single	NSCLC
X-1500	ALPELISIB	-34.9083	BestAvgResponse	lower = more sensitive	1	X-1500|BYL719	PR	single	CRC
X-152	ALPELISIB	-2.41667	BestAvgResponse	lower = more sensitive	1	X-152|BYL719	SD	single	
X-1536	ALPELISIB	19.6	BestAvgResponse	lower = more sensitive	1	X-1536|BYL719	PD	single	CRC
X-1538	ALPELISIB	-1.675	BestAvgResponse	lower = more sensitive	1	X-1538|BYL719	SD	single	CRC
X-154	ALPELISIB	53.92	BestAvgResponse	lower = more sensitive	1	X-154|BYL719	PD	single	GC
X-158	ALPELISIB	-4.4	BestAvgResponse	lower = more sensitive	1	X-158|BYL719	SD	single	GC
X-1586	ALPELISIB	-28.6571	BestAvgResponse	lower = more sensitive	1	X-1586|BYL719	SD	single	NSCLC
X-160	ALPELISIB	-0.15	BestAvgResponse	lower = more sensitive	1	X-160|BYL719	SD	single	GC
X-1600	ALPELISIB	49.42	BestAvgResponse	lower = more sensitive	1	X-1600|BYL719	PD	single	BRCA
X-161	ALPELISIB	15.725	BestAvgResponse	lower = more sensitive	1	X-161|BYL719	PD	single	GC
X-162	ALPELISIB	-4.18	BestAvgResponse	lower = more sensitive	1	X-162|BYL719	SD	single	GC
X-1631	ALPELISIB	22.78	BestAvgResponse	lower = more sensitive	1	X-1631|BYL719	PD	single	BRCA
X-165	ALPELISIB	14.496	BestAvgResponse	lower = more sensitive	1	X-165|BYL719	SD	single	GC
X-1658	ALPELISIB	22.46	BestAvgResponse	lower = more sensitive	1	X-1658|BYL719	SD	single	NSCLC
X-166	ALPELISIB	-34.9405	BestAvgResponse	lower = more sensitive	1	X-166|BYL719	PR	single	GC
X-1683	ALPELISIB	-74.7658	BestAvgResponse	lower = more sensitive	1	X-1683|BYL719	PR	single	NSCLC
X-169	ALPELISIB	16	BestAvgResponse	lower = more sensitive	1	X-169|BYL719	SD	single	GC
X-171	ALPELISIB	40.075	BestAvgResponse	lower = more sensitive	1	X-171|BYL719	PD	single	GC
X-1725	ALPELISIB	33.68	BestAvgResponse	lower = more sensitive	1	X-1725|BYL719	PD	single	NSCLC
X-1787	ALPELISIB	61.1333	BestAvgResponse	lower = more sensitive	1	X-1787|BYL719	PD	single	NSCLC
X-1823	ALPELISIB	51.1556	BestAvgResponse	lower = more sensitive	1	X-1823|BYL719	PD	single	NSCLC
X-1828	ALPELISIB	87.4143	BestAvgResponse	lower = more sensitive	1	X-1828|BYL719	PD	single	BRCA
X-1832	ALPELISIB	89.3	BestAvgResponse	lower = more sensitive	1	X-1832|BYL719	PD	single	BRCA
X-1834	ALPELISIB	-11.5	BestAvgResponse	lower = more sensitive	1	X-1834|BYL719	SD	single	NSCLC
X-1835	ALPELISIB	59.7333	BestAvgResponse	lower = more sensitive	1	X-1835|BYL719	PD	single	NSCLC
X-1855	ALPELISIB	3.2	BestAvgResponse	lower = more sensitive	1	X-1855|BYL719	SD	single	CRC
X-1869	ALPELISIB	29.76	BestAvgResponse	lower = more sensitive	1	X-1869|BYL719	PD	single	NSCLC
X-1870	ALPELISIB	36.825	BestAvgResponse	lower = more sensitive	1	X-1870|BYL719	PD	single	NSCLC
X-1916	ALPELISIB	115.6	BestAvgResponse	lower = more sensitive	1	X-1916|BYL719	PD	single	BRCA
X-1921	ALPELISIB	7.75	BestAvgResponse	lower = more sensitive	1	X-1921|BYL719	SD	single	BRCA
X-1934	ALPELISIB	82.025	BestAvgResponse	lower = more sensitive	1	X-1934|BYL719	PD	single	NSCLC
X-1948	ALPELISIB	-3.725	BestAvgResponse	lower = more sensitive	1	X-1948|BYL719	SD	single	PDAC
X-1980	ALPELISIB	29.7	BestAvgResponse	lower = more sensitive	1	X-1980|BYL719	PD	single	NSCLC
X-1993	ALPELISIB	-21.55	BestAvgResponse	lower = more sensitive	1	X-1993|BYL719	SD	single	NSCLC
X-2017	ALPELISIB	17.88	BestAvgResponse	lower = more sensitive	1	X-2017|BYL719	SD	single	NSCLC
X-2026	ALPELISIB	-1.12	BestAvgResponse	lower = more sensitive	1	X-2026|BYL719	SD	single	PDAC
X-2042	ALPELISIB	-17.8	BestAvgResponse	lower = more sensitive	1	X-2042|BYL719	SD	single	NSCLC
X-2043	ALPELISIB	31.04	BestAvgResponse	lower = more sensitive	1	X-2043|BYL719	PD	single	PDAC
X-2081	ALPELISIB	2.42	BestAvgResponse	lower = more sensitive	1	X-2081|BYL719	SD	single	PDAC
X-2082	ALPELISIB	3.9	BestAvgResponse	lower = more sensitive	1	X-2082|BYL719	SD	single	NSCLC
X-2088	ALPELISIB	146.625	BestAvgResponse	lower = more sensitive	1	X-2088|BYL719	PD	single	NSCLC
X-2094	ALPELISIB	60.16	BestAvgResponse	lower = more sensitive	1	X-2094|BYL719	PD	single	NSCLC
X-2145	ALPELISIB	44	BestAvgResponse	lower = more sensitive	1	X-2145|BYL719	PD	single	CRC
X-2182	ALPELISIB	239.22	BestAvgResponse	lower = more sensitive	1	X-2182|BYL719	PD	single	CRC
X-2195	ALPELISIB	49.725	BestAvgResponse	lower = more sensitive	1	X-2195|BYL719	PD	single	BRCA
X-2239	ALPELISIB	36.78	BestAvgResponse	lower = more sensitive	1	X-2239|BYL719	PD	single	CRC
X-2283	ALPELISIB	94.1	BestAvgResponse	lower = more sensitive	1	X-2283|BYL719	PD	single	PDAC
X-2339	ALPELISIB	-4.01667	BestAvgResponse	lower = more sensitive	1	X-2339|BYL719	SD	single	PDAC
X-2344	ALPELISIB	48.825	BestAvgResponse	lower = more sensitive	1	X-2344|BYL719	PD	single	BRCA
X-2353	ALPELISIB	-5.12	BestAvgResponse	lower = more sensitive	1	X-2353|BYL719	SD	single	BRCA
X-2374	ALPELISIB	25.2	BestAvgResponse	lower = more sensitive	1	X-2374|BYL719	PD	single	CRC
X-2403	ALPELISIB	25.7	BestAvgResponse	lower = more sensitive	1	X-2403|BYL719	PD	single	CRC
X-2428	ALPELISIB	2.4	BestAvgResponse	lower = more sensitive	1	X-2428|BYL719	SD	single	PDAC
X-2470	ALPELISIB	2.76	BestAvgResponse	lower = more sensitive	1	X-2470|BYL719	SD	single	PDAC
X-2483	ALPELISIB	13.78	BestAvgResponse	lower = more sensitive	1	X-2483|BYL719	PD	single	CRC
X-2484	ALPELISIB	-30.3125	BestAvgResponse	lower = more sensitive	1	X-2484|BYL719	PR	single	CRC
X-2487	ALPELISIB	10.36	BestAvgResponse	lower = more sensitive	1	X-2487|BYL719	PD	single	BRCA
X-2524	ALPELISIB	30.42	BestAvgResponse	lower = more sensitive	1	X-2524|BYL719	PD	single	BRCA
X-2538	ALPELISIB	-18.275	BestAvgResponse	lower = more sensitive	1	X-2538|BYL719	SD	single	CRC
X-2564	ALPELISIB	28.38	BestAvgResponse	lower = more sensitive	1	X-2564|BYL719	PD	single	PDAC
X-2573	ALPELISIB	-19.8	BestAvgResponse	lower = more sensitive	1	X-2573|BYL719	SD	single	CRC
X-2633	ALPELISIB	-35.1267	BestAvgResponse	lower = more sensitive	1	X-2633|BYL719	SD	single	PDAC
X-2640	ALPELISIB	-3.02	BestAvgResponse	lower = more sensitive	1	X-2640|BYL719	SD	single	BRCA
X-2659	ALPELISIB	32.12	BestAvgResponse	lower = more sensitive	1	X-2659|BYL719	PD	single	CRC
X-2684	ALPELISIB	5.78	BestAvgResponse	lower = more sensitive	1	X-2684|BYL719	PD	single	PDAC
X-2780	ALPELISIB	-7.6	BestAvgResponse	lower = more sensitive	1	X-2780|BYL719	SD	single	BRCA
X-2822	ALPELISIB	8.425	BestAvgResponse	lower = more sensitive	1	X-2822|BYL719	PD	single	CRC
X-2846	ALPELISIB	14.1	BestAvgResponse	lower = more sensitive	1	X-2846|BYL719	PD	single	CRC
X-2861	ALPELISIB	21.3333	BestAvgResponse	lower = more sensitive	1	X-2861|BYL719	PD	single	CRC
X-2997	ALPELISIB	28.25	BestAvgResponse	lower = more sensitive	1	X-2997|BYL719	PD	single	PDAC
X-3028	ALPELISIB	33.22	BestAvgResponse	lower = more sensitive	1	X-3028|BYL719	PD	single	PDAC
X-3029	ALPELISIB	-50.272	BestAvgResponse	lower = more sensitive	1	X-3029|BYL719	PR	single	NSCLC
X-3038	ALPELISIB	0.283333	BestAvgResponse	lower = more sensitive	1	X-3038|BYL719	SD	single	PDAC
X-3052	ALPELISIB	11.04	BestAvgResponse	lower = more sensitive	1	X-3052|BYL719	SD	single	PDAC
X-3077	ALPELISIB	-43.7	BestAvgResponse	lower = more sensitive	1	X-3077|BYL719	PR	single	BRCA
X-3078	ALPELISIB	-5.24	BestAvgResponse	lower = more sensitive	1	X-3078|BYL719	SD	single	BRCA
X-3093	ALPELISIB	9.68	BestAvgResponse	lower = more sensitive	1	X-3093|BYL719	PD	single	CRC
X-3201	ALPELISIB	19.85	BestAvgResponse	lower = more sensitive	1	X-3201|BYL719	PD	single	BRCA
X-3205	ALPELISIB	17.6	BestAvgResponse	lower = more sensitive	1	X-3205|BYL719	PD	single	CRC
X-3224	ALPELISIB	-11.375	BestAvgResponse	lower = more sensitive	1	X-3224|BYL719	SD	single	CRC
X-3237	ALPELISIB	-17.9	BestAvgResponse	lower = more sensitive	1	X-3237|BYL719	SD	single	NSCLC
X-3267	ALPELISIB	3.2	BestAvgResponse	lower = more sensitive	1	X-3267|BYL719	SD	single	CRC
X-3268	ALPELISIB	-3.1125	BestAvgResponse	lower = more sensitive	1	X-3268|BYL719	SD	single	PDAC
X-3298	ALPELISIB	15.24	BestAvgResponse	lower = more sensitive	1	X-3298|BYL719	PD	single	BRCA
X-3450	ALPELISIB	-16.3294	BestAvgResponse	lower = more sensitive	1	X-3450|BYL719	SD	single	BRCA
X-3468	ALPELISIB	-2.39167	BestAvgResponse	lower = more sensitive	1	X-3468|BYL719	SD	single	BRCA
X-3697	ALPELISIB	-31.9111	BestAvgResponse	lower = more sensitive	1	X-3697|BYL719	SD	single	BRCA
X-3792	ALPELISIB	2.175	BestAvgResponse	lower = more sensitive	1	X-3792|BYL719	SD	single	CRC
X-3800	ALPELISIB	-0.23	BestAvgResponse	lower = more sensitive	1	X-3800|BYL719	SD	single	PDAC
X-3816	ALPELISIB	3.42	BestAvgResponse	lower = more sensitive	1	X-3816|BYL719	SD	single	PDAC
X-3843	ALPELISIB	-0.425	BestAvgResponse	lower = more sensitive	1	X-3843|BYL719	SD	single	NSCLC
X-3846	ALPELISIB	4.82	BestAvgResponse	lower = more sensitive	1	X-3846|BYL719	SD	single	PDAC
X-3873	ALPELISIB	-1.48	BestAvgResponse	lower = more sensitive	1	X-3873|BYL719	PD	single	BRCA
X-3898	ALPELISIB	4.825	BestAvgResponse	lower = more sensitive	1	X-3898|BYL719	SD	single	PDAC
X-3947	ALPELISIB	92.02	BestAvgResponse	lower = more sensitive	1	X-3947|BYL719	PD	single	PDAC
X-3990	ALPELISIB	-6.73333	BestAvgResponse	lower = more sensitive	1	X-3990|BYL719	SD	single	PDAC
X-4015	ALPELISIB	5.12	BestAvgResponse	lower = more sensitive	1	X-4015|BYL719	SD	single	PDAC
X-4018	ALPELISIB	45.55	BestAvgResponse	lower = more sensitive	1	X-4018|BYL719	PD	single	PDAC
X-4087	ALPELISIB	11.45	BestAvgResponse	lower = more sensitive	1	X-4087|BYL719	SD	single	CRC
X-4145	ALPELISIB	15.18	BestAvgResponse	lower = more sensitive	1	X-4145|BYL719	PD	single	CRC
X-4215	ALPELISIB	2.825	BestAvgResponse	lower = more sensitive	1	X-4215|BYL719	PD	single	PDAC
X-4226	ALPELISIB	-1.08	BestAvgResponse	lower = more sensitive	1	X-4226|BYL719	SD	single	PDAC
X-4316	ALPELISIB	6.36	BestAvgResponse	lower = more sensitive	1	X-4316|BYL719	PD	single	PDAC
X-4347	ALPELISIB	8.92	BestAvgResponse	lower = more sensitive	1	X-4347|BYL719	PD	single	BRCA
X-4377	ALPELISIB	40.575	BestAvgResponse	lower = more sensitive	1	X-4377|BYL719	PD	single	PDAC
X-4378	ALPELISIB	-23.9353	BestAvgResponse	lower = more sensitive	1	X-4378|BYL719	SD	single	PDAC
X-4439	ALPELISIB	-16.7222	BestAvgResponse	lower = more sensitive	1	X-4439|BYL719	SD	single	PDAC
X-4567	ALPELISIB	-85.1654	BestAvgResponse	lower = more sensitive	1	X-4567|BYL719	CR	single	BRCA
X-4649	ALPELISIB	5.01818	BestAvgResponse	lower = more sensitive	1	X-4649|BYL719	SD	single	PDAC
X-4676	ALPELISIB	77.125	BestAvgResponse	lower = more sensitive	1	X-4676|BYL719	PD	single	PDAC
X-4819	ALPELISIB	173.04	BestAvgResponse	lower = more sensitive	1	X-4819|BYL719	PD	single	NSCLC
X-4824	ALPELISIB	1.4	BestAvgResponse	lower = more sensitive	1	X-4824|BYL719	SD	single	BRCA
X-4888	ALPELISIB	8.33333	BestAvgResponse	lower = more sensitive	1	X-4888|BYL719	SD	single	BRCA
X-4927	ALPELISIB	85.675	BestAvgResponse	lower = more sensitive	1	X-4927|BYL719	PD	single	PDAC
X-4949	ALPELISIB	-7	BestAvgResponse	lower = more sensitive	1	X-4949|BYL719	SD	single	BRCA
X-5205	ALPELISIB	-2.9	BestAvgResponse	lower = more sensitive	1	X-5205|BYL719	SD	single	PDAC
X-5249	ALPELISIB	77.425	BestAvgResponse	lower = more sensitive	1	X-5249|BYL719	PD	single	BRCA
X-5254	ALPELISIB	7.75	BestAvgResponse	lower = more sensitive	1	X-5254|BYL719	PD	single	CRC
X-5355	ALPELISIB	8.95	BestAvgResponse	lower = more sensitive	1	X-5355|BYL719	SD	single	BRCA
X-5405	ALPELISIB	53.125	BestAvgResponse	lower = more sensitive	1	X-5405|BYL719	PD	single	CRC
X-5438	ALPELISIB	-8.22	BestAvgResponse	lower = more sensitive	1	X-5438|BYL719	SD	single	CRC
X-5446	ALPELISIB	17.725	BestAvgResponse	lower = more sensitive	1	X-5446|BYL719	PD	single	CRC
X-5494	ALPELISIB	34.95	BestAvgResponse	lower = more sensitive	1	X-5494|BYL719	PD	single	CRC
X-5495	ALPELISIB	2.875	BestAvgResponse	lower = more sensitive	1	X-5495|BYL719	SD	single	CRC
X-5502	ALPELISIB	-0.628571	BestAvgResponse	lower = more sensitive	1	X-5502|BYL719	SD	single	BRCA
X-5578	ALPELISIB	15.8	BestAvgResponse	lower = more sensitive	1	X-5578|BYL719	PD	single	CRC
X-5975	ALPELISIB	3.55	BestAvgResponse	lower = more sensitive	1	X-5975|BYL719	PD	single	BRCA
X-6047	ALPELISIB	93.25	BestAvgResponse	lower = more sensitive	1	X-6047|BYL719	PD	single	BRCA
X-0933	ALPELISIB + BINIMETINIB	-23.94	BestAvgResponse	lower = more sensitive	1	X-0933|BYL719 + binimetinib	SD	combo	CRC
X-1027	ALPELISIB + BINIMETINIB	104.125	BestAvgResponse	lower = more sensitive	1	X-1027|BYL719 + binimetinib	PD	combo	CRC
X-1055	ALPELISIB + BINIMETINIB	-54.37	BestAvgResponse	lower = more sensitive	1	X-1055|BYL719 + binimetinib	PR	combo	CRC
X-1119	ALPELISIB + BINIMETINIB	16.075	BestAvgResponse	lower = more sensitive	1	X-1119|BYL719 + binimetinib	SD	combo	CRC
X-1167	ALPELISIB + BINIMETINIB	-28.8429	BestAvgResponse	lower = more sensitive	1	X-1167|BYL719 + binimetinib	SD	combo	CRC
X-1173	ALPELISIB + BINIMETINIB	-44.8	BestAvgResponse	lower = more sensitive	1	X-1173|BYL719 + binimetinib	PR	combo	CRC
X-1270	ALPELISIB + BINIMETINIB	-8.93	BestAvgResponse	lower = more sensitive	1	X-1270|BYL719 + binimetinib	SD	combo	CRC
X-1290	ALPELISIB + BINIMETINIB	74.2	BestAvgResponse	lower = more sensitive	1	X-1290|BYL719 + binimetinib	PD	combo	CRC
X-1303	ALPELISIB + BINIMETINIB	0.1	BestAvgResponse	lower = more sensitive	1	X-1303|BYL719 + binimetinib	SD	combo	CRC
X-1329	ALPELISIB + BINIMETINIB	-38.0333	BestAvgResponse	lower = more sensitive	1	X-1329|BYL719 + binimetinib	PR	combo	CRC
X-1441	ALPELISIB + BINIMETINIB	-34.3	BestAvgResponse	lower = more sensitive	1	X-1441|BYL719 + binimetinib	PR	combo	CRC
X-1443	ALPELISIB + BINIMETINIB	-44.6	BestAvgResponse	lower = more sensitive	1	X-1443|BYL719 + binimetinib	PR	combo	CRC
X-1479	ALPELISIB + BINIMETINIB	-34.215	BestAvgResponse	lower = more sensitive	1	X-1479|BYL719 + binimetinib	PR	combo	CRC
X-1500	ALPELISIB + BINIMETINIB	-66.6733	BestAvgResponse	lower = more sensitive	1	X-1500|BYL719 + binimetinib	PR	combo	CRC
X-1536	ALPELISIB + BINIMETINIB	-14.9286	BestAvgResponse	lower = more sensitive	1	X-1536|BYL719 + binimetinib	SD	combo	CRC
X-1538	ALPELISIB + BINIMETINIB	-1.8	BestAvgResponse	lower = more sensitive	1	X-1538|BYL719 + binimetinib	SD	combo	CRC
X-1855	ALPELISIB + BINIMETINIB	-29.1111	BestAvgResponse	lower = more sensitive	1	X-1855|BYL719 + binimetinib	SD	combo	CRC
X-2145	ALPELISIB + BINIMETINIB	-49.7667	BestAvgResponse	lower = more sensitive	1	X-2145|BYL719 + binimetinib	PR	combo	CRC
X-2182	ALPELISIB + BINIMETINIB	166.64	BestAvgResponse	lower = more sensitive	1	X-2182|BYL719 + binimetinib	PD	combo	CRC
X-2239	ALPELISIB + BINIMETINIB	-4.525	BestAvgResponse	lower = more sensitive	1	X-2239|BYL719 + binimetinib	SD	combo	CRC
X-2374	ALPELISIB + BINIMETINIB	9.0381	BestAvgResponse	lower = more sensitive	1	X-2374|BYL719 + binimetinib	SD	combo	CRC
X-2403	ALPELISIB + BINIMETINIB	13.14	BestAvgResponse	lower = more sensitive	1	X-2403|BYL719 + binimetinib	PD	combo	CRC
X-2483	ALPELISIB + BINIMETINIB	10.6286	BestAvgResponse	lower = more sensitive	1	X-2483|BYL719 + binimetinib	SD	combo	CRC
X-2484	ALPELISIB + BINIMETINIB	-2.375	BestAvgResponse	lower = more sensitive	1	X-2484|BYL719 + binimetinib	SD	combo	CRC
X-2538	ALPELISIB + BINIMETINIB	-6.12	BestAvgResponse	lower = more sensitive	1	X-2538|BYL719 + binimetinib	SD	combo	CRC
X-2573	ALPELISIB + BINIMETINIB	-11.2429	BestAvgResponse	lower = more sensitive	1	X-2573|BYL719 + binimetinib	SD	combo	CRC
X-2659	ALPELISIB + BINIMETINIB	5.16364	BestAvgResponse	lower = more sensitive	1	X-2659|BYL719 + binimetinib	SD	combo	CRC
X-2822	ALPELISIB + BINIMETINIB	-1.08889	BestAvgResponse	lower = more sensitive	1	X-2822|BYL719 + binimetinib	SD	combo	CRC
X-2846	ALPELISIB + BINIMETINIB	-42.4	BestAvgResponse	lower = more sensitive	1	X-2846|BYL719 + binimetinib	PR	combo	CRC
X-2861	ALPELISIB + BINIMETINIB	-29.7429	BestAvgResponse	lower = more sensitive	1	X-2861|BYL719 + binimetinib	SD	combo	CRC
X-3093	ALPELISIB + BINIMETINIB	8.93333	BestAvgResponse	lower = more sensitive	1	X-3093|BYL719 + binimetinib	SD	combo	CRC
X-3205	ALPELISIB + BINIMETINIB	9.52143	BestAvgResponse	lower = more sensitive	1	X-3205|BYL719 + binimetinib	SD	combo	CRC
X-3224	ALPELISIB + BINIMETINIB	31.3455	BestAvgResponse	lower = more sensitive	1	X-3224|BYL719 + binimetinib	PD	combo	CRC
X-3267	ALPELISIB + BINIMETINIB	-28.172	BestAvgResponse	lower = more sensitive	1	X-3267|BYL719 + binimetinib	PR	combo	CRC
X-3792	ALPELISIB + BINIMETINIB	8.4	BestAvgResponse	lower = more sensitive	1	X-3792|BYL719 + binimetinib	PD	combo	CRC
X-4087	ALPELISIB + BINIMETINIB	28.375	BestAvgResponse	lower = more sensitive	1	X-4087|BYL719 + binimetinib	PD	combo	CRC
X-5254	ALPELISIB + BINIMETINIB	33	BestAvgResponse	lower = more sensitive	1	X-5254|BYL719 + binimetinib	PD	combo	CRC
X-5405	ALPELISIB + BINIMETINIB	-17.46	BestAvgResponse	lower = more sensitive	1	X-5405|BYL719 + binimetinib	SD	combo	CRC
X-5438	ALPELISIB + BINIMETINIB	-9.52222	BestAvgResponse	lower = more sensitive	1	X-5438|BYL719 + binimetinib	SD	combo	CRC
X-5446	ALPELISIB + BINIMETINIB	-14.4	BestAvgResponse	lower = more sensitive	1	X-5446|BYL719 + binimetinib	SD	combo	CRC
X-5494	ALPELISIB + BINIMETINIB	-59.1556	BestAvgResponse	lower = more sensitive	1	X-5494|BYL719 + binimetinib	PR	combo	CRC
X-5495	ALPELISIB + BINIMETINIB	-45.2769	BestAvgResponse	lower = more sensitive	1	X-5495|BYL719 + binimetinib	PR	combo	CRC
X-5578	ALPELISIB + BINIMETINIB	-13.8333	BestAvgResponse	lower = more sensitive	1	X-5578|BYL719 + binimetinib	SD	combo	CRC
X-0933	ALPELISIB + CETUXIMAB	40.9	BestAvgResponse	lower = more sensitive	1	X-0933|BYL719 + cetuximab	PD	combo	CRC
X-1027	ALPELISIB + CETUXIMAB	19.74	BestAvgResponse	lower = more sensitive	1	X-1027|BYL719 + cetuximab	PD	combo	CRC
X-1055	ALPELISIB + CETUXIMAB	-32.95	BestAvgResponse	lower = more sensitive	1	X-1055|BYL719 + cetuximab	PR	combo	CRC
X-1119	ALPELISIB + CETUXIMAB	18.7	BestAvgResponse	lower = more sensitive	1	X-1119|BYL719 + cetuximab	PD	combo	CRC
X-1167	ALPELISIB + CETUXIMAB	45.2	BestAvgResponse	lower = more sensitive	1	X-1167|BYL719 + cetuximab	PD	combo	CRC
X-1173	ALPELISIB + CETUXIMAB	31.85	BestAvgResponse	lower = more sensitive	1	X-1173|BYL719 + cetuximab	PD	combo	CRC
X-1270	ALPELISIB + CETUXIMAB	19.775	BestAvgResponse	lower = more sensitive	1	X-1270|BYL719 + cetuximab	PD	combo	CRC
X-1290	ALPELISIB + CETUXIMAB	44.48	BestAvgResponse	lower = more sensitive	1	X-1290|BYL719 + cetuximab	PD	combo	CRC
X-1303	ALPELISIB + CETUXIMAB	28.95	BestAvgResponse	lower = more sensitive	1	X-1303|BYL719 + cetuximab	PD	combo	CRC
X-1329	ALPELISIB + CETUXIMAB	63.16	BestAvgResponse	lower = more sensitive	1	X-1329|BYL719 + cetuximab	PD	combo	CRC
X-1441	ALPELISIB + CETUXIMAB	-4.7	BestAvgResponse	lower = more sensitive	1	X-1441|BYL719 + cetuximab	SD	combo	CRC
X-1443	ALPELISIB + CETUXIMAB	-51.75	BestAvgResponse	lower = more sensitive	1	X-1443|BYL719 + cetuximab	PR	combo	CRC
X-1479	ALPELISIB + CETUXIMAB	11.1	BestAvgResponse	lower = more sensitive	1	X-1479|BYL719 + cetuximab	SD	combo	CRC
X-1500	ALPELISIB + CETUXIMAB	-80.4783	BestAvgResponse	lower = more sensitive	1	X-1500|BYL719 + cetuximab	CR	combo	CRC
X-1536	ALPELISIB + CETUXIMAB	7.25	BestAvgResponse	lower = more sensitive	1	X-1536|BYL719 + cetuximab	SD	combo	CRC
X-1855	ALPELISIB + CETUXIMAB	12.95	BestAvgResponse	lower = more sensitive	1	X-1855|BYL719 + cetuximab	PD	combo	CRC
X-2145	ALPELISIB + CETUXIMAB	6.8	BestAvgResponse	lower = more sensitive	1	X-2145|BYL719 + cetuximab	PD	combo	CRC
X-2182	ALPELISIB + CETUXIMAB	44.425	BestAvgResponse	lower = more sensitive	1	X-2182|BYL719 + cetuximab	PD	combo	CRC
X-2239	ALPELISIB + CETUXIMAB	15.48	BestAvgResponse	lower = more sensitive	1	X-2239|BYL719 + cetuximab	PD	combo	CRC
X-2374	ALPELISIB + CETUXIMAB	27.375	BestAvgResponse	lower = more sensitive	1	X-2374|BYL719 + cetuximab	PD	combo	CRC
X-2403	ALPELISIB + CETUXIMAB	-13.1	BestAvgResponse	lower = more sensitive	1	X-2403|BYL719 + cetuximab	SD	combo	CRC
X-2483	ALPELISIB + CETUXIMAB	16.125	BestAvgResponse	lower = more sensitive	1	X-2483|BYL719 + cetuximab	PD	combo	CRC
X-2484	ALPELISIB + CETUXIMAB	-9.95	BestAvgResponse	lower = more sensitive	1	X-2484|BYL719 + cetuximab	SD	combo	CRC
X-2538	ALPELISIB + CETUXIMAB	15.3	BestAvgResponse	lower = more sensitive	1	X-2538|BYL719 + cetuximab	PD	combo	CRC
X-2573	ALPELISIB + CETUXIMAB	-24.4429	BestAvgResponse	lower = more sensitive	1	X-2573|BYL719 + cetuximab	SD	combo	CRC
X-2659	ALPELISIB + CETUXIMAB	16.3	BestAvgResponse	lower = more sensitive	1	X-2659|BYL719 + cetuximab	PD	combo	CRC
X-2822	ALPELISIB + CETUXIMAB	2.56	BestAvgResponse	lower = more sensitive	1	X-2822|BYL719 + cetuximab	SD	combo	CRC
X-2846	ALPELISIB + CETUXIMAB	-79.605	BestAvgResponse	lower = more sensitive	1	X-2846|BYL719 + cetuximab	CR	combo	CRC
X-2861	ALPELISIB + CETUXIMAB	50.6333	BestAvgResponse	lower = more sensitive	1	X-2861|BYL719 + cetuximab	PD	combo	CRC
X-3093	ALPELISIB + CETUXIMAB	2.76	BestAvgResponse	lower = more sensitive	1	X-3093|BYL719 + cetuximab	SD	combo	CRC
X-3205	ALPELISIB + CETUXIMAB	122.78	BestAvgResponse	lower = more sensitive	1	X-3205|BYL719 + cetuximab	PD	combo	CRC
X-3224	ALPELISIB + CETUXIMAB	5.65556	BestAvgResponse	lower = more sensitive	1	X-3224|BYL719 + cetuximab	SD	combo	CRC
X-3267	ALPELISIB + CETUXIMAB	-1.84	BestAvgResponse	lower = more sensitive	1	X-3267|BYL719 + cetuximab	SD	combo	CRC
X-3792	ALPELISIB + CETUXIMAB	38.7	BestAvgResponse	lower = more sensitive	1	X-3792|BYL719 + cetuximab	PD	combo	CRC
X-4087	ALPELISIB + CETUXIMAB	0	BestAvgResponse	lower = more sensitive	1	X-4087|BYL719 + cetuximab	SD	combo	CRC
X-5254	ALPELISIB + CETUXIMAB	43.66	BestAvgResponse	lower = more sensitive	1	X-5254|BYL719 + cetuximab	PD	combo	CRC
X-5405	ALPELISIB + CETUXIMAB	-1.625	BestAvgResponse	lower = more sensitive	1	X-5405|BYL719 + cetuximab	SD	combo	CRC
X-5438	ALPELISIB + CETUXIMAB	2.475	BestAvgResponse	lower = more sensitive	1	X-5438|BYL719 + cetuximab	SD	combo	CRC
X-5446	ALPELISIB + CETUXIMAB	12.05	BestAvgResponse	lower = more sensitive	1	X-5446|BYL719 + cetuximab	SD	combo	CRC
X-5495	ALPELISIB + CETUXIMAB	24.38	BestAvgResponse	lower = more sensitive	1	X-5495|BYL719 + cetuximab	SD	combo	CRC
X-5578	ALPELISIB + CETUXIMAB	38.6833	BestAvgResponse	lower = more sensitive	1	X-5578|BYL719 + cetuximab	PD	combo	CRC
X-0933	ALPELISIB + CETUXIMAB + ENCORAFENIB	-34.284	BestAvgResponse	lower = more sensitive	1	X-0933|BYL719 + cetuximab + encorafenib	PR	combo	CRC
X-1027	ALPELISIB + CETUXIMAB + ENCORAFENIB	68.84	BestAvgResponse	lower = more sensitive	1	X-1027|BYL719 + cetuximab + encorafenib	PD	combo	CRC
X-1055	ALPELISIB + CETUXIMAB + ENCORAFENIB	-54.716	BestAvgResponse	lower = more sensitive	1	X-1055|BYL719 + cetuximab + encorafenib	PR	combo	CRC
X-1119	ALPELISIB + CETUXIMAB + ENCORAFENIB	54.1	BestAvgResponse	lower = more sensitive	1	X-1119|BYL719 + cetuximab + encorafenib	PD	combo	CRC
X-1167	ALPELISIB + CETUXIMAB + ENCORAFENIB	-0.5	BestAvgResponse	lower = more sensitive	1	X-1167|BYL719 + cetuximab + encorafenib	SD	combo	CRC
X-1173	ALPELISIB + CETUXIMAB + ENCORAFENIB	19.4	BestAvgResponse	lower = more sensitive	1	X-1173|BYL719 + cetuximab + encorafenib	PD	combo	CRC
X-1270	ALPELISIB + CETUXIMAB + ENCORAFENIB	26.475	BestAvgResponse	lower = more sensitive	1	X-1270|BYL719 + cetuximab + encorafenib	PD	combo	CRC
X-1290	ALPELISIB + CETUXIMAB + ENCORAFENIB	52.825	BestAvgResponse	lower = more sensitive	1	X-1290|BYL719 + cetuximab + encorafenib	PD	combo	CRC
X-1303	ALPELISIB + CETUXIMAB + ENCORAFENIB	14.16	BestAvgResponse	lower = more sensitive	1	X-1303|BYL719 + cetuximab + encorafenib	PD	combo	CRC
X-1329	ALPELISIB + CETUXIMAB + ENCORAFENIB	51.4	BestAvgResponse	lower = more sensitive	1	X-1329|BYL719 + cetuximab + encorafenib	PD	combo	CRC
X-1441	ALPELISIB + CETUXIMAB + ENCORAFENIB	8.175	BestAvgResponse	lower = more sensitive	1	X-1441|BYL719 + cetuximab + encorafenib	SD	combo	CRC
X-1443	ALPELISIB + CETUXIMAB + ENCORAFENIB	-84.51	BestAvgResponse	lower = more sensitive	1	X-1443|BYL719 + cetuximab + encorafenib	CR	combo	CRC
X-1479	ALPELISIB + CETUXIMAB + ENCORAFENIB	27.15	BestAvgResponse	lower = more sensitive	1	X-1479|BYL719 + cetuximab + encorafenib	PD	combo	CRC
X-1500	ALPELISIB + CETUXIMAB + ENCORAFENIB	-72.2429	BestAvgResponse	lower = more sensitive	1	X-1500|BYL719 + cetuximab + encorafenib	CR	combo	CRC
X-1536	ALPELISIB + CETUXIMAB + ENCORAFENIB	3.54	BestAvgResponse	lower = more sensitive	1	X-1536|BYL719 + cetuximab + encorafenib	SD	combo	CRC
X-1855	ALPELISIB + CETUXIMAB + ENCORAFENIB	0.82	BestAvgResponse	lower = more sensitive	1	X-1855|BYL719 + cetuximab + encorafenib	SD	combo	CRC
X-2145	ALPELISIB + CETUXIMAB + ENCORAFENIB	-32.4	BestAvgResponse	lower = more sensitive	1	X-2145|BYL719 + cetuximab + encorafenib	PR	combo	CRC
X-2182	ALPELISIB + CETUXIMAB + ENCORAFENIB	123.16	BestAvgResponse	lower = more sensitive	1	X-2182|BYL719 + cetuximab + encorafenib	PD	combo	CRC
X-2239	ALPELISIB + CETUXIMAB + ENCORAFENIB	-8.95	BestAvgResponse	lower = more sensitive	1	X-2239|BYL719 + cetuximab + encorafenib	SD	combo	CRC
X-2374	ALPELISIB + CETUXIMAB + ENCORAFENIB	28.8	BestAvgResponse	lower = more sensitive	1	X-2374|BYL719 + cetuximab + encorafenib	PD	combo	CRC
X-2403	ALPELISIB + CETUXIMAB + ENCORAFENIB	-21.16	BestAvgResponse	lower = more sensitive	1	X-2403|BYL719 + cetuximab + encorafenib	PR	combo	CRC
X-2483	ALPELISIB + CETUXIMAB + ENCORAFENIB	11.72	BestAvgResponse	lower = more sensitive	1	X-2483|BYL719 + cetuximab + encorafenib	SD	combo	CRC
X-2484	ALPELISIB + CETUXIMAB + ENCORAFENIB	-6.16667	BestAvgResponse	lower = more sensitive	1	X-2484|BYL719 + cetuximab + encorafenib	SD	combo	CRC
X-2538	ALPELISIB + CETUXIMAB + ENCORAFENIB	8.225	BestAvgResponse	lower = more sensitive	1	X-2538|BYL719 + cetuximab + encorafenib	PD	combo	CRC
X-2573	ALPELISIB + CETUXIMAB + ENCORAFENIB	-11.5571	BestAvgResponse	lower = more sensitive	1	X-2573|BYL719 + cetuximab + encorafenib	SD	combo	CRC
X-2659	ALPELISIB + CETUXIMAB + ENCORAFENIB	34.275	BestAvgResponse	lower = more sensitive	1	X-2659|BYL719 + cetuximab + encorafenib	PD	combo	CRC
X-2822	ALPELISIB + CETUXIMAB + ENCORAFENIB	6.75	BestAvgResponse	lower = more sensitive	1	X-2822|BYL719 + cetuximab + encorafenib	PD	combo	CRC
X-2846	ALPELISIB + CETUXIMAB + ENCORAFENIB	-70.0208	BestAvgResponse	lower = more sensitive	1	X-2846|BYL719 + cetuximab + encorafenib	PR	combo	CRC
X-2861	ALPELISIB + CETUXIMAB + ENCORAFENIB	30.5333	BestAvgResponse	lower = more sensitive	1	X-2861|BYL719 + cetuximab + encorafenib	PD	combo	CRC
X-3093	ALPELISIB + CETUXIMAB + ENCORAFENIB	70.075	BestAvgResponse	lower = more sensitive	1	X-3093|BYL719 + cetuximab + encorafenib	PD	combo	CRC
X-3205	ALPELISIB + CETUXIMAB + ENCORAFENIB	78.32	BestAvgResponse	lower = more sensitive	1	X-3205|BYL719 + cetuximab + encorafenib	PD	combo	CRC
X-3224	ALPELISIB + CETUXIMAB + ENCORAFENIB	47.5	BestAvgResponse	lower = more sensitive	1	X-3224|BYL719 + cetuximab + encorafenib	PD	combo	CRC
X-3267	ALPELISIB + CETUXIMAB + ENCORAFENIB	-5.36	BestAvgResponse	lower = more sensitive	1	X-3267|BYL719 + cetuximab + encorafenib	SD	combo	CRC
X-3792	ALPELISIB + CETUXIMAB + ENCORAFENIB	25.26	BestAvgResponse	lower = more sensitive	1	X-3792|BYL719 + cetuximab + encorafenib	PD	combo	CRC
X-4087	ALPELISIB + CETUXIMAB + ENCORAFENIB	31	BestAvgResponse	lower = more sensitive	1	X-4087|BYL719 + cetuximab + encorafenib	PD	combo	CRC
X-5254	ALPELISIB + CETUXIMAB + ENCORAFENIB	14.16	BestAvgResponse	lower = more sensitive	1	X-5254|BYL719 + cetuximab + encorafenib	PD	combo	CRC
X-5405	ALPELISIB + CETUXIMAB + ENCORAFENIB	61.58	BestAvgResponse	lower = more sensitive	1	X-5405|BYL719 + cetuximab + encorafenib	PD	combo	CRC
X-5438	ALPELISIB + CETUXIMAB + ENCORAFENIB	20.1	BestAvgResponse	lower = more sensitive	1	X-5438|BYL719 + cetuximab + encorafenib	SD	combo	CRC
X-5446	ALPELISIB + CETUXIMAB + ENCORAFENIB	54.9	BestAvgResponse	lower = more sensitive	1	X-5446|BYL719 + cetuximab + encorafenib	PD	combo	CRC
X-5494	ALPELISIB + CETUXIMAB + ENCORAFENIB	-68.8318	BestAvgResponse	lower = more sensitive	1	X-5494|BYL719 + cetuximab + encorafenib	PR	combo	CRC
X-5495	ALPELISIB + CETUXIMAB + ENCORAFENIB	84.86	BestAvgResponse	lower = more sensitive	1	X-5495|BYL719 + cetuximab + encorafenib	PD	combo	CRC
X-5578	ALPELISIB + CETUXIMAB + ENCORAFENIB	58.4333	BestAvgResponse	lower = more sensitive	1	X-5578|BYL719 + cetuximab + encorafenib	PD	combo	CRC
X-007	ALPELISIB + ELGEMTUMAB	40.625	BestAvgResponse	lower = more sensitive	1	X-007|BYL719 + LJM716	PD	combo	GC
X-010	ALPELISIB + ELGEMTUMAB	132.82	BestAvgResponse	lower = more sensitive	1	X-010|BYL719 + LJM716	PD	combo	GC
X-011	ALPELISIB + ELGEMTUMAB	7.025	BestAvgResponse	lower = more sensitive	1	X-011|BYL719 + LJM716	SD	combo	GC
X-015	ALPELISIB + ELGEMTUMAB	-50.8455	BestAvgResponse	lower = more sensitive	1	X-015|BYL719 + LJM716	CR	combo	GC
X-017	ALPELISIB + ELGEMTUMAB	-5.41667	BestAvgResponse	lower = more sensitive	1	X-017|BYL719 + LJM716	SD	combo	GC
X-020	ALPELISIB + ELGEMTUMAB	-43.181	BestAvgResponse	lower = more sensitive	1	X-020|BYL719 + LJM716	PR	combo	GC
X-023	ALPELISIB + ELGEMTUMAB	-1.43333	BestAvgResponse	lower = more sensitive	1	X-023|BYL719 + LJM716	SD	combo	GC
X-024	ALPELISIB + ELGEMTUMAB	6.62	BestAvgResponse	lower = more sensitive	1	X-024|BYL719 + LJM716	PD	combo	GC
X-025	ALPELISIB + ELGEMTUMAB	21.4	BestAvgResponse	lower = more sensitive	1	X-025|BYL719 + LJM716	SD	combo	GC
X-028	ALPELISIB + ELGEMTUMAB	-5.775	BestAvgResponse	lower = more sensitive	1	X-028|BYL719 + LJM716	SD	combo	GC
X-029	ALPELISIB + ELGEMTUMAB	160.525	BestAvgResponse	lower = more sensitive	1	X-029|BYL719 + LJM716	PD	combo	GC
X-034	ALPELISIB + ELGEMTUMAB	15.88	BestAvgResponse	lower = more sensitive	1	X-034|BYL719 + LJM716	SD	combo	GC
X-035	ALPELISIB + ELGEMTUMAB	-64.0556	BestAvgResponse	lower = more sensitive	1	X-035|BYL719 + LJM716	PR	combo	GC
X-038	ALPELISIB + ELGEMTUMAB	19.875	BestAvgResponse	lower = more sensitive	1	X-038|BYL719 + LJM716	PD	combo	GC
X-039	ALPELISIB + ELGEMTUMAB	28.6	BestAvgResponse	lower = more sensitive	1	X-039|BYL719 + LJM716	PD	combo	GC
X-050	ALPELISIB + ELGEMTUMAB	-65.9545	BestAvgResponse	lower = more sensitive	1	X-050|BYL719 + LJM716	PR	combo	GC
X-056	ALPELISIB + ELGEMTUMAB	8.025	BestAvgResponse	lower = more sensitive	1	X-056|BYL719 + LJM716	SD	combo	GC
X-057	ALPELISIB + ELGEMTUMAB	-4.2	BestAvgResponse	lower = more sensitive	1	X-057|BYL719 + LJM716	SD	combo	GC
X-064	ALPELISIB + ELGEMTUMAB	11.45	BestAvgResponse	lower = more sensitive	1	X-064|BYL719 + LJM716	SD	combo	GC
X-065	ALPELISIB + ELGEMTUMAB	-62.8615	BestAvgResponse	lower = more sensitive	1	X-065|BYL719 + LJM716	PR	combo	GC
X-067	ALPELISIB + ELGEMTUMAB	43.46	BestAvgResponse	lower = more sensitive	1	X-067|BYL719 + LJM716	PD	combo	GC
X-074	ALPELISIB + ELGEMTUMAB	12.02	BestAvgResponse	lower = more sensitive	1	X-074|BYL719 + LJM716	SD	combo	GC
X-075	ALPELISIB + ELGEMTUMAB	-8.34167	BestAvgResponse	lower = more sensitive	1	X-075|BYL719 + LJM716	SD	combo	GC
X-077	ALPELISIB + ELGEMTUMAB	49.2	BestAvgResponse	lower = more sensitive	1	X-077|BYL719 + LJM716	PD	combo	GC
X-078	ALPELISIB + ELGEMTUMAB	-18.04	BestAvgResponse	lower = more sensitive	1	X-078|BYL719 + LJM716	SD	combo	GC
X-080	ALPELISIB + ELGEMTUMAB	56.04	BestAvgResponse	lower = more sensitive	1	X-080|BYL719 + LJM716	PD	combo	
X-084	ALPELISIB + ELGEMTUMAB	16.725	BestAvgResponse	lower = more sensitive	1	X-084|BYL719 + LJM716	PD	combo	GC
X-090	ALPELISIB + ELGEMTUMAB	-14.45	BestAvgResponse	lower = more sensitive	1	X-090|BYL719 + LJM716	SD	combo	GC
X-091	ALPELISIB + ELGEMTUMAB	7.35	BestAvgResponse	lower = more sensitive	1	X-091|BYL719 + LJM716	SD	combo	GC
X-0933	ALPELISIB + ELGEMTUMAB	-29.38	BestAvgResponse	lower = more sensitive	1	X-0933|BYL719 + LJM716	PR	combo	CRC
X-096	ALPELISIB + ELGEMTUMAB	31.48	BestAvgResponse	lower = more sensitive	1	X-096|BYL719 + LJM716	PD	combo	GC
X-097	ALPELISIB + ELGEMTUMAB	-2.85	BestAvgResponse	lower = more sensitive	1	X-097|BYL719 + LJM716	SD	combo	GC
X-098	ALPELISIB + ELGEMTUMAB	34.1	BestAvgResponse	lower = more sensitive	1	X-098|BYL719 + LJM716	PD	combo	GC
X-099	ALPELISIB + ELGEMTUMAB	3.8	BestAvgResponse	lower = more sensitive	1	X-099|BYL719 + LJM716	SD	combo	GC
X-0991	ALPELISIB + ELGEMTUMAB	-9.34286	BestAvgResponse	lower = more sensitive	1	X-0991|BYL719 + LJM716	SD	combo	PDAC
X-1004	ALPELISIB + ELGEMTUMAB	2.7	BestAvgResponse	lower = more sensitive	1	X-1004|BYL719 + LJM716	SD	combo	BRCA
X-1008	ALPELISIB + ELGEMTUMAB	-16.76	BestAvgResponse	lower = more sensitive	1	X-1008|BYL719 + LJM716	SD	combo	BRCA
X-101	ALPELISIB + ELGEMTUMAB	72.6667	BestAvgResponse	lower = more sensitive	1	X-101|BYL719 + LJM716	PD	combo	GC
X-102	ALPELISIB + ELGEMTUMAB	-35.1583	BestAvgResponse	lower = more sensitive	1	X-102|BYL719 + LJM716	PR	combo	GC
X-1027	ALPELISIB + ELGEMTUMAB	-3.05	BestAvgResponse	lower = more sensitive	1	X-1027|BYL719 + LJM716	PD	combo	CRC
X-105	ALPELISIB + ELGEMTUMAB	34.8667	BestAvgResponse	lower = more sensitive	1	X-105|BYL719 + LJM716	PD	combo	GC
X-1055	ALPELISIB + ELGEMTUMAB	-22.875	BestAvgResponse	lower = more sensitive	1	X-1055|BYL719 + LJM716	SD	combo	CRC
X-1119	ALPELISIB + ELGEMTUMAB	17.175	BestAvgResponse	lower = more sensitive	1	X-1119|BYL719 + LJM716	PD	combo	CRC
X-114	ALPELISIB + ELGEMTUMAB	-9.38	BestAvgResponse	lower = more sensitive	1	X-114|BYL719 + LJM716	SD	combo	GC
X-1156	ALPELISIB + ELGEMTUMAB	128.32	BestAvgResponse	lower = more sensitive	1	X-1156|BYL719 + LJM716	PD	combo	NSCLC
X-1167	ALPELISIB + ELGEMTUMAB	10.525	BestAvgResponse	lower = more sensitive	1	X-1167|BYL719 + LJM716	PD	combo	CRC
X-1172	ALPELISIB + ELGEMTUMAB	18.66	BestAvgResponse	lower = more sensitive	1	X-1172|BYL719 + LJM716	PD	combo	NSCLC
X-1173	ALPELISIB + ELGEMTUMAB	-24.9909	BestAvgResponse	lower = more sensitive	1	X-1173|BYL719 + LJM716	SD	combo	CRC
X-118	ALPELISIB + ELGEMTUMAB	15.25	BestAvgResponse	lower = more sensitive	1	X-118|BYL719 + LJM716	PD	combo	GC
X-1189	ALPELISIB + ELGEMTUMAB	-76.2727	BestAvgResponse	lower = more sensitive	1	X-1189|BYL719 + LJM716	CR	combo	NSCLC
X-119	ALPELISIB + ELGEMTUMAB	57.9	BestAvgResponse	lower = more sensitive	1	X-119|BYL719 + LJM716	PD	combo	GC
X-1199	ALPELISIB + ELGEMTUMAB	2.2	BestAvgResponse	lower = more sensitive	1	X-1199|BYL719 + LJM716	SD	combo	PDAC
X-1228	ALPELISIB + ELGEMTUMAB	-42.35	BestAvgResponse	lower = more sensitive	1	X-1228|BYL719 + LJM716	PR	combo	NSCLC
X-127	ALPELISIB + ELGEMTUMAB	25.85	BestAvgResponse	lower = more sensitive	1	X-127|BYL719 + LJM716	SD	combo	GC
X-1270	ALPELISIB + ELGEMTUMAB	10.2	BestAvgResponse	lower = more sensitive	1	X-1270|BYL719 + LJM716	PD	combo	CRC
X-128	ALPELISIB + ELGEMTUMAB	-64.7538	BestAvgResponse	lower = more sensitive	1	X-128|BYL719 + LJM716	PR	combo	GC
X-1286	ALPELISIB + ELGEMTUMAB	3.4	BestAvgResponse	lower = more sensitive	1	X-1286|BYL719 + LJM716	SD	combo	BRCA
X-1289	ALPELISIB + ELGEMTUMAB	-80.2893	BestAvgResponse	lower = more sensitive	1	X-1289|BYL719 + LJM716	CR	combo	PDAC
X-129	ALPELISIB + ELGEMTUMAB	-79.3208	BestAvgResponse	lower = more sensitive	1	X-129|BYL719 + LJM716	CR	combo	GC
X-1290	ALPELISIB + ELGEMTUMAB	-26.6625	BestAvgResponse	lower = more sensitive	1	X-1290|BYL719 + LJM716	SD	combo	CRC
X-1298	ALPELISIB + ELGEMTUMAB	54.68	BestAvgResponse	lower = more sensitive	1	X-1298|BYL719 + LJM716	PD	combo	BRCA
X-1303	ALPELISIB + ELGEMTUMAB	-18.9	BestAvgResponse	lower = more sensitive	1	X-1303|BYL719 + LJM716	SD	combo	CRC
X-131	ALPELISIB + ELGEMTUMAB	70.525	BestAvgResponse	lower = more sensitive	1	X-131|BYL719 + LJM716	PD	combo	GC
X-1323	ALPELISIB + ELGEMTUMAB	18.9	BestAvgResponse	lower = more sensitive	1	X-1323|BYL719 + LJM716	PD	combo	NSCLC
X-1329	ALPELISIB + ELGEMTUMAB	17.275	BestAvgResponse	lower = more sensitive	1	X-1329|BYL719 + LJM716	PD	combo	CRC
X-135	ALPELISIB + ELGEMTUMAB	59.4	BestAvgResponse	lower = more sensitive	1	X-135|BYL719 + LJM716	PD	combo	GC
X-136	ALPELISIB + ELGEMTUMAB	-56.2625	BestAvgResponse	lower = more sensitive	1	X-136|BYL719 + LJM716	PR	combo	GC
X-1362	ALPELISIB + ELGEMTUMAB	73.28	BestAvgResponse	lower = more sensitive	1	X-1362|BYL719 + LJM716	PD	combo	PDAC
X-137	ALPELISIB + ELGEMTUMAB	-83.34	BestAvgResponse	lower = more sensitive	1	X-137|BYL719 + LJM716	CR	combo	GC
X-1371	ALPELISIB + ELGEMTUMAB	2.45	BestAvgResponse	lower = more sensitive	1	X-1371|BYL719 + LJM716	SD	combo	BRCA
X-138	ALPELISIB + ELGEMTUMAB	19.9	BestAvgResponse	lower = more sensitive	1	X-138|BYL719 + LJM716	SD	combo	GC
X-1383	ALPELISIB + ELGEMTUMAB	-19.1429	BestAvgResponse	lower = more sensitive	1	X-1383|BYL719 + LJM716	SD	combo	BRCA
X-1407	ALPELISIB + ELGEMTUMAB	-1.2	BestAvgResponse	lower = more sensitive	1	X-1407|BYL719 + LJM716	SD	combo	BRCA
X-141	ALPELISIB + ELGEMTUMAB	7.65	BestAvgResponse	lower = more sensitive	1	X-141|BYL719 + LJM716	PD	combo	GC
X-142	ALPELISIB + ELGEMTUMAB	27.86	BestAvgResponse	lower = more sensitive	1	X-142|BYL719 + LJM716	PD	combo	GC
X-144	ALPELISIB + ELGEMTUMAB	23.88	BestAvgResponse	lower = more sensitive	1	X-144|BYL719 + LJM716	PD	combo	GC
X-1441	ALPELISIB + ELGEMTUMAB	-6.55	BestAvgResponse	lower = more sensitive	1	X-1441|BYL719 + LJM716	SD	combo	CRC
X-1442	ALPELISIB + ELGEMTUMAB	25.2	BestAvgResponse	lower = more sensitive	1	X-1442|BYL719 + LJM716	PD	combo	NSCLC
X-1443	ALPELISIB + ELGEMTUMAB	-19.6429	BestAvgResponse	lower = more sensitive	1	X-1443|BYL719 + LJM716	SD	combo	CRC
X-146	ALPELISIB + ELGEMTUMAB	-56.2733	BestAvgResponse	lower = more sensitive	1	X-146|BYL719 + LJM716	PR	combo	GC
X-1468	ALPELISIB + ELGEMTUMAB	-11.86	BestAvgResponse	lower = more sensitive	1	X-1468|BYL719 + LJM716	SD	combo	
X-1479	ALPELISIB + ELGEMTUMAB	-12.0667	BestAvgResponse	lower = more sensitive	1	X-1479|BYL719 + LJM716	SD	combo	CRC
X-1499	ALPELISIB + ELGEMTUMAB	54.4	BestAvgResponse	lower = more sensitive	1	X-1499|BYL719 + LJM716	PD	combo	NSCLC
X-1500	ALPELISIB + ELGEMTUMAB	-21.525	BestAvgResponse	lower = more sensitive	1	X-1500|BYL719 + LJM716	SD	combo	CRC
X-1536	ALPELISIB + ELGEMTUMAB	9.18	BestAvgResponse	lower = more sensitive	1	X-1536|BYL719 + LJM716	SD	combo	CRC
X-154	ALPELISIB + ELGEMTUMAB	21.675	BestAvgResponse	lower = more sensitive	1	X-154|BYL719 + LJM716	PD	combo	GC
X-1586	ALPELISIB + ELGEMTUMAB	-37.325	BestAvgResponse	lower = more sensitive	1	X-1586|BYL719 + LJM716	PR	combo	NSCLC
X-160	ALPELISIB + ELGEMTUMAB	21.58	BestAvgResponse	lower = more sensitive	1	X-160|BYL719 + LJM716	SD	combo	GC
X-1600	ALPELISIB + ELGEMTUMAB	86.175	BestAvgResponse	lower = more sensitive	1	X-1600|BYL719 + LJM716	PD	combo	BRCA
X-161	ALPELISIB + ELGEMTUMAB	56.1	BestAvgResponse	lower = more sensitive	1	X-161|BYL719 + LJM716	PD	combo	GC
X-162	ALPELISIB + ELGEMTUMAB	25.5	BestAvgResponse	lower = more sensitive	1	X-162|BYL719 + LJM716	PD	combo	GC
X-1631	ALPELISIB + ELGEMTUMAB	16.3667	BestAvgResponse	lower = more sensitive	1	X-1631|BYL719 + LJM716	PD	combo	BRCA
X-165	ALPELISIB + ELGEMTUMAB	11.15	BestAvgResponse	lower = more sensitive	1	X-165|BYL719 + LJM716	SD	combo	GC
X-1658	ALPELISIB + ELGEMTUMAB	-41.1923	BestAvgResponse	lower = more sensitive	1	X-1658|BYL719 + LJM716	PR	combo	NSCLC
X-166	ALPELISIB + ELGEMTUMAB	-65.9429	BestAvgResponse	lower = more sensitive	1	X-166|BYL719 + LJM716	PR	combo	GC
X-1683	ALPELISIB + ELGEMTUMAB	-72.4667	BestAvgResponse	lower = more sensitive	1	X-1683|BYL719 + LJM716	PR	combo	NSCLC
X-169	ALPELISIB + ELGEMTUMAB	-54.2333	BestAvgResponse	lower = more sensitive	1	X-169|BYL719 + LJM716	PR	combo	GC
X-171	ALPELISIB + ELGEMTUMAB	88.58	BestAvgResponse	lower = more sensitive	1	X-171|BYL719 + LJM716	PD	combo	GC
X-1725	ALPELISIB + ELGEMTUMAB	-7.28	BestAvgResponse	lower = more sensitive	1	X-1725|BYL719 + LJM716	SD	combo	NSCLC
X-177	ALPELISIB + ELGEMTUMAB	67.9	BestAvgResponse	lower = more sensitive	1	X-177|BYL719 + LJM716	PD	combo	GC
X-1787	ALPELISIB + ELGEMTUMAB	-0.8	BestAvgResponse	lower = more sensitive	1	X-1787|BYL719 + LJM716	SD	combo	NSCLC
X-1823	ALPELISIB + ELGEMTUMAB	31.3	BestAvgResponse	lower = more sensitive	1	X-1823|BYL719 + LJM716	PD	combo	NSCLC
X-1828	ALPELISIB + ELGEMTUMAB	-7.96	BestAvgResponse	lower = more sensitive	1	X-1828|BYL719 + LJM716	SD	combo	BRCA
X-1832	ALPELISIB + ELGEMTUMAB	17.88	BestAvgResponse	lower = more sensitive	1	X-1832|BYL719 + LJM716	PD	combo	BRCA
X-1834	ALPELISIB + ELGEMTUMAB	52.1	BestAvgResponse	lower = more sensitive	1	X-1834|BYL719 + LJM716	PD	combo	NSCLC
X-1835	ALPELISIB + ELGEMTUMAB	2.24	BestAvgResponse	lower = more sensitive	1	X-1835|BYL719 + LJM716	SD	combo	NSCLC
X-1855	ALPELISIB + ELGEMTUMAB	2.5	BestAvgResponse	lower = more sensitive	1	X-1855|BYL719 + LJM716	SD	combo	CRC
X-1869	ALPELISIB + ELGEMTUMAB	139.5	BestAvgResponse	lower = more sensitive	1	X-1869|BYL719 + LJM716	PD	combo	NSCLC
X-1870	ALPELISIB + ELGEMTUMAB	-11.19	BestAvgResponse	lower = more sensitive	1	X-1870|BYL719 + LJM716	SD	combo	NSCLC
X-1916	ALPELISIB + ELGEMTUMAB	-18.62	BestAvgResponse	lower = more sensitive	1	X-1916|BYL719 + LJM716	SD	combo	BRCA
X-1921	ALPELISIB + ELGEMTUMAB	3.775	BestAvgResponse	lower = more sensitive	1	X-1921|BYL719 + LJM716	PD	combo	BRCA
X-1934	ALPELISIB + ELGEMTUMAB	-8.32	BestAvgResponse	lower = more sensitive	1	X-1934|BYL719 + LJM716	PD	combo	NSCLC
X-1948	ALPELISIB + ELGEMTUMAB	32.975	BestAvgResponse	lower = more sensitive	1	X-1948|BYL719 + LJM716	PD	combo	PDAC
X-1980	ALPELISIB + ELGEMTUMAB	99.52	BestAvgResponse	lower = more sensitive	1	X-1980|BYL719 + LJM716	PD	combo	NSCLC
X-1993	ALPELISIB + ELGEMTUMAB	1.66	BestAvgResponse	lower = more sensitive	1	X-1993|BYL719 + LJM716	PD	combo	NSCLC
X-2017	ALPELISIB + ELGEMTUMAB	68.48	BestAvgResponse	lower = more sensitive	1	X-2017|BYL719 + LJM716	PD	combo	NSCLC
X-2026	ALPELISIB + ELGEMTUMAB	38.34	BestAvgResponse	lower = more sensitive	1	X-2026|BYL719 + LJM716	PD	combo	PDAC
X-2042	ALPELISIB + ELGEMTUMAB	-1.8	BestAvgResponse	lower = more sensitive	1	X-2042|BYL719 + LJM716	SD	combo	NSCLC
X-2043	ALPELISIB + ELGEMTUMAB	11.275	BestAvgResponse	lower = more sensitive	1	X-2043|BYL719 + LJM716	PD	combo	PDAC
X-2081	ALPELISIB + ELGEMTUMAB	59.92	BestAvgResponse	lower = more sensitive	1	X-2081|BYL719 + LJM716	PD	combo	PDAC
X-2082	ALPELISIB + ELGEMTUMAB	2.38	BestAvgResponse	lower = more sensitive	1	X-2082|BYL719 + LJM716	SD	combo	NSCLC
X-2088	ALPELISIB + ELGEMTUMAB	64.08	BestAvgResponse	lower = more sensitive	1	X-2088|BYL719 + LJM716	PD	combo	NSCLC
X-2094	ALPELISIB + ELGEMTUMAB	75.94	BestAvgResponse	lower = more sensitive	1	X-2094|BYL719 + LJM716	PD	combo	NSCLC
X-2145	ALPELISIB + ELGEMTUMAB	1.05	BestAvgResponse	lower = more sensitive	1	X-2145|BYL719 + LJM716	PD	combo	CRC
X-2182	ALPELISIB + ELGEMTUMAB	120.3	BestAvgResponse	lower = more sensitive	1	X-2182|BYL719 + LJM716	PD	combo	CRC
X-2195	ALPELISIB + ELGEMTUMAB	-12.96	BestAvgResponse	lower = more sensitive	1	X-2195|BYL719 + LJM716	SD	combo	BRCA
X-2339	ALPELISIB + ELGEMTUMAB	2.1	BestAvgResponse	lower = more sensitive	1	X-2339|BYL719 + LJM716	SD	combo	PDAC
X-2344	ALPELISIB + ELGEMTUMAB	-13.86	BestAvgResponse	lower = more sensitive	1	X-2344|BYL719 + LJM716	SD	combo	BRCA
X-2353	ALPELISIB + ELGEMTUMAB	52.64	BestAvgResponse	lower = more sensitive	1	X-2353|BYL719 + LJM716	PD	combo	BRCA
X-2374	ALPELISIB + ELGEMTUMAB	11.325	BestAvgResponse	lower = more sensitive	1	X-2374|BYL719 + LJM716	PD	combo	CRC
X-2403	ALPELISIB + ELGEMTUMAB	41	BestAvgResponse	lower = more sensitive	1	X-2403|BYL719 + LJM716	PD	combo	CRC
X-2428	ALPELISIB + ELGEMTUMAB	17.8857	BestAvgResponse	lower = more sensitive	1	X-2428|BYL719 + LJM716	SD	combo	PDAC
X-2483	ALPELISIB + ELGEMTUMAB	16.125	BestAvgResponse	lower = more sensitive	1	X-2483|BYL719 + LJM716	SD	combo	CRC
X-2484	ALPELISIB + ELGEMTUMAB	-8.98	BestAvgResponse	lower = more sensitive	1	X-2484|BYL719 + LJM716	SD	combo	CRC
X-2487	ALPELISIB + ELGEMTUMAB	-6.175	BestAvgResponse	lower = more sensitive	1	X-2487|BYL719 + LJM716	SD	combo	BRCA
X-2524	ALPELISIB + ELGEMTUMAB	10.52	BestAvgResponse	lower = more sensitive	1	X-2524|BYL719 + LJM716	PD	combo	BRCA
X-2538	ALPELISIB + ELGEMTUMAB	15.825	BestAvgResponse	lower = more sensitive	1	X-2538|BYL719 + LJM716	SD	combo	CRC
X-2564	ALPELISIB + ELGEMTUMAB	8	BestAvgResponse	lower = more sensitive	1	X-2564|BYL719 + LJM716	SD	combo	PDAC
X-2573	ALPELISIB + ELGEMTUMAB	-56.9714	BestAvgResponse	lower = more sensitive	1	X-2573|BYL719 + LJM716	PR	combo	CRC
X-2633	ALPELISIB + ELGEMTUMAB	-5.42222	BestAvgResponse	lower = more sensitive	1	X-2633|BYL719 + LJM716	SD	combo	PDAC
X-2640	ALPELISIB + ELGEMTUMAB	-17.825	BestAvgResponse	lower = more sensitive	1	X-2640|BYL719 + LJM716	SD	combo	BRCA
X-2659	ALPELISIB + ELGEMTUMAB	15.56	BestAvgResponse	lower = more sensitive	1	X-2659|BYL719 + LJM716	PD	combo	CRC
X-2684	ALPELISIB + ELGEMTUMAB	15.525	BestAvgResponse	lower = more sensitive	1	X-2684|BYL719 + LJM716	PD	combo	PDAC
X-2780	ALPELISIB + ELGEMTUMAB	12.975	BestAvgResponse	lower = more sensitive	1	X-2780|BYL719 + LJM716	PD	combo	BRCA
X-2822	ALPELISIB + ELGEMTUMAB	-0.88	BestAvgResponse	lower = more sensitive	1	X-2822|BYL719 + LJM716	SD	combo	CRC
X-2846	ALPELISIB + ELGEMTUMAB	-40.5167	BestAvgResponse	lower = more sensitive	1	X-2846|BYL719 + LJM716	PR	combo	CRC
X-2861	ALPELISIB + ELGEMTUMAB	4	BestAvgResponse	lower = more sensitive	1	X-2861|BYL719 + LJM716	PD	combo	CRC
X-2997	ALPELISIB + ELGEMTUMAB	35.625	BestAvgResponse	lower = more sensitive	1	X-2997|BYL719 + LJM716	PD	combo	PDAC
X-3028	ALPELISIB + ELGEMTUMAB	34.12	BestAvgResponse	lower = more sensitive	1	X-3028|BYL719 + LJM716	PD	combo	PDAC
X-3029	ALPELISIB + ELGEMTUMAB	-58.1917	BestAvgResponse	lower = more sensitive	1	X-3029|BYL719 + LJM716	PR	combo	NSCLC
X-3038	ALPELISIB + ELGEMTUMAB	-10.0533	BestAvgResponse	lower = more sensitive	1	X-3038|BYL719 + LJM716	SD	combo	PDAC
X-3052	ALPELISIB + ELGEMTUMAB	-21.7727	BestAvgResponse	lower = more sensitive	1	X-3052|BYL719 + LJM716	SD	combo	PDAC
X-3077	ALPELISIB + ELGEMTUMAB	-75.3909	BestAvgResponse	lower = more sensitive	1	X-3077|BYL719 + LJM716	CR	combo	BRCA
X-3078	ALPELISIB + ELGEMTUMAB	-16.0667	BestAvgResponse	lower = more sensitive	1	X-3078|BYL719 + LJM716	SD	combo	BRCA
X-3093	ALPELISIB + ELGEMTUMAB	7.92	BestAvgResponse	lower = more sensitive	1	X-3093|BYL719 + LJM716	SD	combo	CRC
X-3201	ALPELISIB + ELGEMTUMAB	-3.93333	BestAvgResponse	lower = more sensitive	1	X-3201|BYL719 + LJM716	PD	combo	BRCA
X-3205	ALPELISIB + ELGEMTUMAB	113.975	BestAvgResponse	lower = more sensitive	1	X-3205|BYL719 + LJM716	PD	combo	CRC
X-3209	ALPELISIB + ELGEMTUMAB	-18.8571	BestAvgResponse	lower = more sensitive	1	X-3209|BYL719 + LJM716	SD	combo	PDAC
X-3224	ALPELISIB + ELGEMTUMAB	-32.4864	BestAvgResponse	lower = more sensitive	1	X-3224|BYL719 + LJM716	PR	combo	CRC
X-3237	ALPELISIB + ELGEMTUMAB	36.28	BestAvgResponse	lower = more sensitive	1	X-3237|BYL719 + LJM716	PD	combo	NSCLC
X-3267	ALPELISIB + ELGEMTUMAB	0.2	BestAvgResponse	lower = more sensitive	1	X-3267|BYL719 + LJM716	SD	combo	CRC
X-3268	ALPELISIB + ELGEMTUMAB	-8.825	BestAvgResponse	lower = more sensitive	1	X-3268|BYL719 + LJM716	SD	combo	PDAC
X-3298	ALPELISIB + ELGEMTUMAB	9.66	BestAvgResponse	lower = more sensitive	1	X-3298|BYL719 + LJM716	PD	combo	BRCA
X-3450	ALPELISIB + ELGEMTUMAB	-76.3	BestAvgResponse	lower = more sensitive	1	X-3450|BYL719 + LJM716	CR	combo	BRCA
X-3468	ALPELISIB + ELGEMTUMAB	-39.86	BestAvgResponse	lower = more sensitive	1	X-3468|BYL719 + LJM716	PR	combo	BRCA
X-3697	ALPELISIB + ELGEMTUMAB	-23.5667	BestAvgResponse	lower = more sensitive	1	X-3697|BYL719 + LJM716	SD	combo	BRCA
X-3792	ALPELISIB + ELGEMTUMAB	-19.275	BestAvgResponse	lower = more sensitive	1	X-3792|BYL719 + LJM716	SD	combo	CRC
X-3800	ALPELISIB + ELGEMTUMAB	5.74	BestAvgResponse	lower = more sensitive	1	X-3800|BYL719 + LJM716	SD	combo	PDAC
X-3816	ALPELISIB + ELGEMTUMAB	-8.14	BestAvgResponse	lower = more sensitive	1	X-3816|BYL719 + LJM716	SD	combo	PDAC
X-3843	ALPELISIB + ELGEMTUMAB	14.8	BestAvgResponse	lower = more sensitive	1	X-3843|BYL719 + LJM716	SD	combo	NSCLC
X-3873	ALPELISIB + ELGEMTUMAB	-35.1	BestAvgResponse	lower = more sensitive	1	X-3873|BYL719 + LJM716	PR	combo	BRCA
X-3898	ALPELISIB + ELGEMTUMAB	4.7	BestAvgResponse	lower = more sensitive	1	X-3898|BYL719 + LJM716	PD	combo	PDAC
X-3947	ALPELISIB + ELGEMTUMAB	110.2	BestAvgResponse	lower = more sensitive	1	X-3947|BYL719 + LJM716	PD	combo	PDAC
X-3990	ALPELISIB + ELGEMTUMAB	31.475	BestAvgResponse	lower = more sensitive	1	X-3990|BYL719 + LJM716	PD	combo	PDAC
X-4015	ALPELISIB + ELGEMTUMAB	13.75	BestAvgResponse	lower = more sensitive	1	X-4015|BYL719 + LJM716	SD	combo	PDAC
X-4087	ALPELISIB + ELGEMTUMAB	24.125	BestAvgResponse	lower = more sensitive	1	X-4087|BYL719 + LJM716	PD	combo	CRC
X-4145	ALPELISIB + ELGEMTUMAB	35.3	BestAvgResponse	lower = more sensitive	1	X-4145|BYL719 + LJM716	PD	combo	CRC
X-4215	ALPELISIB + ELGEMTUMAB	-66.0241	BestAvgResponse	lower = more sensitive	1	X-4215|BYL719 + LJM716	CR	combo	PDAC
X-4226	ALPELISIB + ELGEMTUMAB	14.98	BestAvgResponse	lower = more sensitive	1	X-4226|BYL719 + LJM716	PD	combo	PDAC
X-4316	ALPELISIB + ELGEMTUMAB	0.28	BestAvgResponse	lower = more sensitive	1	X-4316|BYL719 + LJM716	SD	combo	PDAC
X-4347	ALPELISIB + ELGEMTUMAB	-11.875	BestAvgResponse	lower = more sensitive	1	X-4347|BYL719 + LJM716	SD	combo	BRCA
X-4378	ALPELISIB + ELGEMTUMAB	11.4	BestAvgResponse	lower = more sensitive	1	X-4378|BYL719 + LJM716	PD	combo	PDAC
X-4439	ALPELISIB + ELGEMTUMAB	-32.0167	BestAvgResponse	lower = more sensitive	1	X-4439|BYL719 + LJM716	SD	combo	PDAC
X-4567	ALPELISIB + ELGEMTUMAB	-85.3577	BestAvgResponse	lower = more sensitive	1	X-4567|BYL719 + LJM716	CR	combo	BRCA
X-4649	ALPELISIB + ELGEMTUMAB	-11.5571	BestAvgResponse	lower = more sensitive	1	X-4649|BYL719 + LJM716	SD	combo	PDAC
X-4676	ALPELISIB + ELGEMTUMAB	17.225	BestAvgResponse	lower = more sensitive	1	X-4676|BYL719 + LJM716	PD	combo	PDAC
X-4819	ALPELISIB + ELGEMTUMAB	233.533	BestAvgResponse	lower = more sensitive	1	X-4819|BYL719 + LJM716	PD	combo	NSCLC
X-4824	ALPELISIB + ELGEMTUMAB	10.15	BestAvgResponse	lower = more sensitive	1	X-4824|BYL719 + LJM716	SD	combo	BRCA
X-4888	ALPELISIB + ELGEMTUMAB	13.9833	BestAvgResponse	lower = more sensitive	1	X-4888|BYL719 + LJM716	SD	combo	BRCA
X-4927	ALPELISIB + ELGEMTUMAB	-13.35	BestAvgResponse	lower = more sensitive	1	X-4927|BYL719 + LJM716	SD	combo	PDAC
X-4949	ALPELISIB + ELGEMTUMAB	-10	BestAvgResponse	lower = more sensitive	1	X-4949|BYL719 + LJM716	PD	combo	BRCA
X-5205	ALPELISIB + ELGEMTUMAB	7.775	BestAvgResponse	lower = more sensitive	1	X-5205|BYL719 + LJM716	PD	combo	PDAC
X-5249	ALPELISIB + ELGEMTUMAB	52.175	BestAvgResponse	lower = more sensitive	1	X-5249|BYL719 + LJM716	PD	combo	BRCA
X-5254	ALPELISIB + ELGEMTUMAB	-25.3857	BestAvgResponse	lower = more sensitive	1	X-5254|BYL719 + LJM716	SD	combo	CRC
X-5355	ALPELISIB + ELGEMTUMAB	-14.1125	BestAvgResponse	lower = more sensitive	1	X-5355|BYL719 + LJM716	SD	combo	BRCA
X-5405	ALPELISIB + ELGEMTUMAB	-13.525	BestAvgResponse	lower = more sensitive	1	X-5405|BYL719 + LJM716	SD	combo	CRC
X-5438	ALPELISIB + ELGEMTUMAB	32.35	BestAvgResponse	lower = more sensitive	1	X-5438|BYL719 + LJM716	PD	combo	CRC
X-5446	ALPELISIB + ELGEMTUMAB	74.72	BestAvgResponse	lower = more sensitive	1	X-5446|BYL719 + LJM716	PD	combo	CRC
X-5494	ALPELISIB + ELGEMTUMAB	-62.825	BestAvgResponse	lower = more sensitive	1	X-5494|BYL719 + LJM716	PR	combo	CRC
X-5495	ALPELISIB + ELGEMTUMAB	-12.0667	BestAvgResponse	lower = more sensitive	1	X-5495|BYL719 + LJM716	SD	combo	CRC
X-5502	ALPELISIB + ELGEMTUMAB	-4.56	BestAvgResponse	lower = more sensitive	1	X-5502|BYL719 + LJM716	SD	combo	BRCA
X-5578	ALPELISIB + ELGEMTUMAB	-8.85	BestAvgResponse	lower = more sensitive	1	X-5578|BYL719 + LJM716	SD	combo	CRC
X-5975	ALPELISIB + ELGEMTUMAB	13.2	BestAvgResponse	lower = more sensitive	1	X-5975|BYL719 + LJM716	PD	combo	BRCA
X-6047	ALPELISIB + ELGEMTUMAB	-1.55	BestAvgResponse	lower = more sensitive	1	X-6047|BYL719 + LJM716	PD	combo	BRCA
X-0933	ALPELISIB + ENCORAFENIB	-11.45	BestAvgResponse	lower = more sensitive	1	X-0933|BYL719 + encorafenib	SD	combo	CRC
X-1027	ALPELISIB + ENCORAFENIB	174.4	BestAvgResponse	lower = more sensitive	1	X-1027|BYL719 + encorafenib	PD	combo	CRC
X-1055	ALPELISIB + ENCORAFENIB	-27.05	BestAvgResponse	lower = more sensitive	1	X-1055|BYL719 + encorafenib	SD	combo	CRC
X-1119	ALPELISIB + ENCORAFENIB	62.325	BestAvgResponse	lower = more sensitive	1	X-1119|BYL719 + encorafenib	PD	combo	CRC
X-1167	ALPELISIB + ENCORAFENIB	81.68	BestAvgResponse	lower = more sensitive	1	X-1167|BYL719 + encorafenib	PD	combo	CRC
X-1173	ALPELISIB + ENCORAFENIB	-9.6	BestAvgResponse	lower = more sensitive	1	X-1173|BYL719 + encorafenib	SD	combo	CRC
X-1270	ALPELISIB + ENCORAFENIB	72.32	BestAvgResponse	lower = more sensitive	1	X-1270|BYL719 + encorafenib	PD	combo	CRC
X-1290	ALPELISIB + ENCORAFENIB	26.3	BestAvgResponse	lower = more sensitive	1	X-1290|BYL719 + encorafenib	PD	combo	CRC
X-1329	ALPELISIB + ENCORAFENIB	-0.35	BestAvgResponse	lower = more sensitive	1	X-1329|BYL719 + encorafenib	SD	combo	CRC
X-1441	ALPELISIB + ENCORAFENIB	-1.82857	BestAvgResponse	lower = more sensitive	1	X-1441|BYL719 + encorafenib	SD	combo	CRC
X-1443	ALPELISIB + ENCORAFENIB	5.225	BestAvgResponse	lower = more sensitive	1	X-1443|BYL719 + encorafenib	SD	combo	CRC
X-1479	ALPELISIB + ENCORAFENIB	-3.025	BestAvgResponse	lower = more sensitive	1	X-1479|BYL719 + encorafenib	SD	combo	CRC
X-1500	ALPELISIB + ENCORAFENIB	62.45	BestAvgResponse	lower = more sensitive	1	X-1500|BYL719 + encorafenib	PD	combo	CRC
X-1536	ALPELISIB + ENCORAFENIB	8.9	BestAvgResponse	lower = more sensitive	1	X-1536|BYL719 + encorafenib	PD	combo	CRC
X-1855	ALPELISIB + ENCORAFENIB	-22.7852	BestAvgResponse	lower = more sensitive	1	X-1855|BYL719 + encorafenib	PR	combo	CRC
X-2145	ALPELISIB + ENCORAFENIB	-61.3846	BestAvgResponse	lower = more sensitive	1	X-2145|BYL719 + encorafenib	PR	combo	CRC
X-2182	ALPELISIB + ENCORAFENIB	112.26	BestAvgResponse	lower = more sensitive	1	X-2182|BYL719 + encorafenib	PD	combo	CRC
X-2239	ALPELISIB + ENCORAFENIB	-31.6833	BestAvgResponse	lower = more sensitive	1	X-2239|BYL719 + encorafenib	PR	combo	CRC
X-2374	ALPELISIB + ENCORAFENIB	20.34	BestAvgResponse	lower = more sensitive	1	X-2374|BYL719 + encorafenib	PD	combo	CRC
X-2403	ALPELISIB + ENCORAFENIB	33.22	BestAvgResponse	lower = more sensitive	1	X-2403|BYL719 + encorafenib	PD	combo	CRC
X-2483	ALPELISIB + ENCORAFENIB	5.975	BestAvgResponse	lower = more sensitive	1	X-2483|BYL719 + encorafenib	SD	combo	CRC
X-2484	ALPELISIB + ENCORAFENIB	18.6	BestAvgResponse	lower = more sensitive	1	X-2484|BYL719 + encorafenib	PD	combo	CRC
X-2538	ALPELISIB + ENCORAFENIB	22.85	BestAvgResponse	lower = more sensitive	1	X-2538|BYL719 + encorafenib	PD	combo	CRC
X-2573	ALPELISIB + ENCORAFENIB	42.8333	BestAvgResponse	lower = more sensitive	1	X-2573|BYL719 + encorafenib	PD	combo	CRC
X-2659	ALPELISIB + ENCORAFENIB	28.96	BestAvgResponse	lower = more sensitive	1	X-2659|BYL719 + encorafenib	PD	combo	CRC
X-2822	ALPELISIB + ENCORAFENIB	14.32	BestAvgResponse	lower = more sensitive	1	X-2822|BYL719 + encorafenib	PD	combo	CRC
X-2846	ALPELISIB + ENCORAFENIB	-5.36667	BestAvgResponse	lower = more sensitive	1	X-2846|BYL719 + encorafenib	SD	combo	CRC
X-2861	ALPELISIB + ENCORAFENIB	71.25	BestAvgResponse	lower = more sensitive	1	X-2861|BYL719 + encorafenib	PD	combo	CRC
X-3093	ALPELISIB + ENCORAFENIB	208.94	BestAvgResponse	lower = more sensitive	1	X-3093|BYL719 + encorafenib	PD	combo	CRC
X-3205	ALPELISIB + ENCORAFENIB	29.68	BestAvgResponse	lower = more sensitive	1	X-3205|BYL719 + encorafenib	PD	combo	CRC
X-3224	ALPELISIB + ENCORAFENIB	26.2667	BestAvgResponse	lower = more sensitive	1	X-3224|BYL719 + encorafenib	PD	combo	CRC
X-3267	ALPELISIB + ENCORAFENIB	5.96	BestAvgResponse	lower = more sensitive	1	X-3267|BYL719 + encorafenib	PD	combo	CRC
X-3792	ALPELISIB + ENCORAFENIB	7.34	BestAvgResponse	lower = more sensitive	1	X-3792|BYL719 + encorafenib	PD	combo	CRC
X-4087	ALPELISIB + ENCORAFENIB	41.58	BestAvgResponse	lower = more sensitive	1	X-4087|BYL719 + encorafenib	PD	combo	CRC
X-5254	ALPELISIB + ENCORAFENIB	39.875	BestAvgResponse	lower = more sensitive	1	X-5254|BYL719 + encorafenib	PD	combo	CRC
X-5405	ALPELISIB + ENCORAFENIB	29.6	BestAvgResponse	lower = more sensitive	1	X-5405|BYL719 + encorafenib	PD	combo	CRC
X-5438	ALPELISIB + ENCORAFENIB	-23.3231	BestAvgResponse	lower = more sensitive	1	X-5438|BYL719 + encorafenib	SD	combo	CRC
X-5446	ALPELISIB + ENCORAFENIB	12.425	BestAvgResponse	lower = more sensitive	1	X-5446|BYL719 + encorafenib	PD	combo	CRC
X-5494	ALPELISIB + ENCORAFENIB	-15.65	BestAvgResponse	lower = more sensitive	1	X-5494|BYL719 + encorafenib	SD	combo	CRC
X-5495	ALPELISIB + ENCORAFENIB	45.48	BestAvgResponse	lower = more sensitive	1	X-5495|BYL719 + encorafenib	PD	combo	CRC
X-5578	ALPELISIB + ENCORAFENIB	-27.65	BestAvgResponse	lower = more sensitive	1	X-5578|BYL719 + encorafenib	SD	combo	CRC
X-007	ALPELISIB + HSP990	8.71667	BestAvgResponse	lower = more sensitive	1	X-007|BYL719 + HSP990	SD	combo	GC
X-010	ALPELISIB + HSP990	-0.08	BestAvgResponse	lower = more sensitive	1	X-010|BYL719 + HSP990	SD	combo	GC
X-011	ALPELISIB + HSP990	10.55	BestAvgResponse	lower = more sensitive	1	X-011|BYL719 + HSP990	PD	combo	GC
X-015	ALPELISIB + HSP990	31.45	BestAvgResponse	lower = more sensitive	1	X-015|BYL719 + HSP990	PD	combo	GC
X-017	ALPELISIB + HSP990	-12.3	BestAvgResponse	lower = more sensitive	1	X-017|BYL719 + HSP990	SD	combo	GC
X-020	ALPELISIB + HSP990	21.625	BestAvgResponse	lower = more sensitive	1	X-020|BYL719 + HSP990	PD	combo	GC
X-023	ALPELISIB + HSP990	-18.8286	BestAvgResponse	lower = more sensitive	1	X-023|BYL719 + HSP990	SD	combo	GC
X-024	ALPELISIB + HSP990	-45.2308	BestAvgResponse	lower = more sensitive	1	X-024|BYL719 + HSP990	PR	combo	GC
X-025	ALPELISIB + HSP990	-5.68571	BestAvgResponse	lower = more sensitive	1	X-025|BYL719 + HSP990	SD	combo	GC
X-027	ALPELISIB + HSP990	-36.1556	BestAvgResponse	lower = more sensitive	1	X-027|BYL719 + HSP990	PR	combo	GC
X-028	ALPELISIB + HSP990	64.48	BestAvgResponse	lower = more sensitive	1	X-028|BYL719 + HSP990	PD	combo	GC
X-029	ALPELISIB + HSP990	57.95	BestAvgResponse	lower = more sensitive	1	X-029|BYL719 + HSP990	PD	combo	GC
X-031	ALPELISIB + HSP990	37.775	BestAvgResponse	lower = more sensitive	1	X-031|BYL719 + HSP990	PD	combo	GC
X-034	ALPELISIB + HSP990	-15.2667	BestAvgResponse	lower = more sensitive	1	X-034|BYL719 + HSP990	SD	combo	GC
X-035	ALPELISIB + HSP990	37.6	BestAvgResponse	lower = more sensitive	1	X-035|BYL719 + HSP990	PD	combo	GC
X-037	ALPELISIB + HSP990	16.62	BestAvgResponse	lower = more sensitive	1	X-037|BYL719 + HSP990	PD	combo	GC
X-038	ALPELISIB + HSP990	-27.1429	BestAvgResponse	lower = more sensitive	1	X-038|BYL719 + HSP990	PR	combo	GC
X-039	ALPELISIB + HSP990	34.8	BestAvgResponse	lower = more sensitive	1	X-039|BYL719 + HSP990	PD	combo	GC
X-050	ALPELISIB + HSP990	15.32	BestAvgResponse	lower = more sensitive	1	X-050|BYL719 + HSP990	SD	combo	GC
X-056	ALPELISIB + HSP990	-1.6	BestAvgResponse	lower = more sensitive	1	X-056|BYL719 + HSP990	SD	combo	GC
X-057	ALPELISIB + HSP990	-19.1	BestAvgResponse	lower = more sensitive	1	X-057|BYL719 + HSP990	SD	combo	GC
X-064	ALPELISIB + HSP990	11.4	BestAvgResponse	lower = more sensitive	1	X-064|BYL719 + HSP990	SD	combo	GC
X-065	ALPELISIB + HSP990	-20.436	BestAvgResponse	lower = more sensitive	1	X-065|BYL719 + HSP990	PR	combo	GC
X-067	ALPELISIB + HSP990	26.85	BestAvgResponse	lower = more sensitive	1	X-067|BYL719 + HSP990	PD	combo	GC
X-074	ALPELISIB + HSP990	6.55	BestAvgResponse	lower = more sensitive	1	X-074|BYL719 + HSP990	SD	combo	GC
X-075	ALPELISIB + HSP990	19.3	BestAvgResponse	lower = more sensitive	1	X-075|BYL719 + HSP990	SD	combo	GC
X-077	ALPELISIB + HSP990	53.6556	BestAvgResponse	lower = more sensitive	1	X-077|BYL719 + HSP990	PD	combo	GC
X-078	ALPELISIB + HSP990	-10.125	BestAvgResponse	lower = more sensitive	1	X-078|BYL719 + HSP990	SD	combo	GC
X-084	ALPELISIB + HSP990	24.44	BestAvgResponse	lower = more sensitive	1	X-084|BYL719 + HSP990	PD	combo	GC
X-089	ALPELISIB + HSP990	-3.85833	BestAvgResponse	lower = more sensitive	1	X-089|BYL719 + HSP990	SD	combo	GC
X-090	ALPELISIB + HSP990	-89.94	BestAvgResponse	lower = more sensitive	1	X-090|BYL719 + HSP990	CR	combo	GC
X-091	ALPELISIB + HSP990	-24.7105	BestAvgResponse	lower = more sensitive	1	X-091|BYL719 + HSP990	PR	combo	GC
X-096	ALPELISIB + HSP990	17.2	BestAvgResponse	lower = more sensitive	1	X-096|BYL719 + HSP990	SD	combo	GC
X-097	ALPELISIB + HSP990	-38.4667	BestAvgResponse	lower = more sensitive	1	X-097|BYL719 + HSP990	PR	combo	GC
X-098	ALPELISIB + HSP990	0.95	BestAvgResponse	lower = more sensitive	1	X-098|BYL719 + HSP990	SD	combo	GC
X-099	ALPELISIB + HSP990	-38.16	BestAvgResponse	lower = more sensitive	1	X-099|BYL719 + HSP990	PR	combo	GC
X-101	ALPELISIB + HSP990	18.375	BestAvgResponse	lower = more sensitive	1	X-101|BYL719 + HSP990	SD	combo	GC
X-102	ALPELISIB + HSP990	-5.15	BestAvgResponse	lower = more sensitive	1	X-102|BYL719 + HSP990	SD	combo	GC
X-105	ALPELISIB + HSP990	-25.1222	BestAvgResponse	lower = more sensitive	1	X-105|BYL719 + HSP990	SD	combo	GC
X-114	ALPELISIB + HSP990	7.06	BestAvgResponse	lower = more sensitive	1	X-114|BYL719 + HSP990	SD	combo	GC
X-118	ALPELISIB + HSP990	27.275	BestAvgResponse	lower = more sensitive	1	X-118|BYL719 + HSP990	PD	combo	GC
X-119	ALPELISIB + HSP990	20.84	BestAvgResponse	lower = more sensitive	1	X-119|BYL719 + HSP990	SD	combo	GC
X-127	ALPELISIB + HSP990	7.675	BestAvgResponse	lower = more sensitive	1	X-127|BYL719 + HSP990	SD	combo	GC
X-128	ALPELISIB + HSP990	-19.9313	BestAvgResponse	lower = more sensitive	1	X-128|BYL719 + HSP990	SD	combo	GC
X-129	ALPELISIB + HSP990	-29.2333	BestAvgResponse	lower = more sensitive	1	X-129|BYL719 + HSP990	PR	combo	GC
X-131	ALPELISIB + HSP990	5.08	BestAvgResponse	lower = more sensitive	1	X-131|BYL719 + HSP990	SD	combo	GC
X-135	ALPELISIB + HSP990	-18.7037	BestAvgResponse	lower = more sensitive	1	X-135|BYL719 + HSP990	SD	combo	GC
X-136	ALPELISIB + HSP990	-33.34	BestAvgResponse	lower = more sensitive	1	X-136|BYL719 + HSP990	PR	combo	GC
X-137	ALPELISIB + HSP990	-75.2	BestAvgResponse	lower = more sensitive	1	X-137|BYL719 + HSP990	CR	combo	GC
X-138	ALPELISIB + HSP990	-24.0231	BestAvgResponse	lower = more sensitive	1	X-138|BYL719 + HSP990	PR	combo	GC
X-141	ALPELISIB + HSP990	-66.8187	BestAvgResponse	lower = more sensitive	1	X-141|BYL719 + HSP990	CR	combo	GC
X-142	ALPELISIB + HSP990	15.42	BestAvgResponse	lower = more sensitive	1	X-142|BYL719 + HSP990	SD	combo	GC
X-144	ALPELISIB + HSP990	110.45	BestAvgResponse	lower = more sensitive	1	X-144|BYL719 + HSP990	PD	combo	GC
X-146	ALPELISIB + HSP990	-64.1	BestAvgResponse	lower = more sensitive	1	X-146|BYL719 + HSP990	PR	combo	GC
X-154	ALPELISIB + HSP990	18.825	BestAvgResponse	lower = more sensitive	1	X-154|BYL719 + HSP990	SD	combo	GC
X-158	ALPELISIB + HSP990	20.725	BestAvgResponse	lower = more sensitive	1	X-158|BYL719 + HSP990	PD	combo	GC
X-160	ALPELISIB + HSP990	14.4889	BestAvgResponse	lower = more sensitive	1	X-160|BYL719 + HSP990	SD	combo	GC
X-161	ALPELISIB + HSP990	-14.725	BestAvgResponse	lower = more sensitive	1	X-161|BYL719 + HSP990	SD	combo	GC
X-162	ALPELISIB + HSP990	-2.56	BestAvgResponse	lower = more sensitive	1	X-162|BYL719 + HSP990	PD	combo	GC
X-165	ALPELISIB + HSP990	-35.9524	BestAvgResponse	lower = more sensitive	1	X-165|BYL719 + HSP990	PR	combo	GC
X-166	ALPELISIB + HSP990	29.8833	BestAvgResponse	lower = more sensitive	1	X-166|BYL719 + HSP990	SD	combo	GC
X-169	ALPELISIB + HSP990	-3.25	BestAvgResponse	lower = more sensitive	1	X-169|BYL719 + HSP990	SD	combo	GC
X-171	ALPELISIB + HSP990	77.25	BestAvgResponse	lower = more sensitive	1	X-171|BYL719 + HSP990	PD	combo	GC
X-177	ALPELISIB + HSP990	16.35	BestAvgResponse	lower = more sensitive	1	X-177|BYL719 + HSP990	PD	combo	GC
X-1156	ALPELISIB + PIM447	29.74	BestAvgResponse	lower = more sensitive	1	X-1156|BYL719 + LGH447	PD	combo	NSCLC
X-1172	ALPELISIB + PIM447	-12.1	BestAvgResponse	lower = more sensitive	1	X-1172|BYL719 + LGH447	SD	combo	NSCLC
X-1189	ALPELISIB + PIM447	-80.4576	BestAvgResponse	lower = more sensitive	1	X-1189|BYL719 + LGH447	CR	combo	NSCLC
X-1228	ALPELISIB + PIM447	-96.2308	BestAvgResponse	lower = more sensitive	1	X-1228|BYL719 + LGH447	CR	combo	NSCLC
X-1323	ALPELISIB + PIM447	-39.9875	BestAvgResponse	lower = more sensitive	1	X-1323|BYL719 + LGH447	PR	combo	NSCLC
X-1442	ALPELISIB + PIM447	97.475	BestAvgResponse	lower = more sensitive	1	X-1442|BYL719 + LGH447	PD	combo	NSCLC
X-1499	ALPELISIB + PIM447	124.15	BestAvgResponse	lower = more sensitive	1	X-1499|BYL719 + LGH447	PD	combo	NSCLC
X-1586	ALPELISIB + PIM447	-36.4333	BestAvgResponse	lower = more sensitive	1	X-1586|BYL719 + LGH447	PR	combo	NSCLC
X-1658	ALPELISIB + PIM447	-12.475	BestAvgResponse	lower = more sensitive	1	X-1658|BYL719 + LGH447	SD	combo	NSCLC
X-1683	ALPELISIB + PIM447	-68.5725	BestAvgResponse	lower = more sensitive	1	X-1683|BYL719 + LGH447	PR	combo	NSCLC
X-1725	ALPELISIB + PIM447	45.12	BestAvgResponse	lower = more sensitive	1	X-1725|BYL719 + LGH447	PD	combo	NSCLC
X-1787	ALPELISIB + PIM447	59.175	BestAvgResponse	lower = more sensitive	1	X-1787|BYL719 + LGH447	PD	combo	NSCLC
X-1823	ALPELISIB + PIM447	31.675	BestAvgResponse	lower = more sensitive	1	X-1823|BYL719 + LGH447	PD	combo	NSCLC
X-1834	ALPELISIB + PIM447	40.95	BestAvgResponse	lower = more sensitive	1	X-1834|BYL719 + LGH447	PD	combo	NSCLC
X-1835	ALPELISIB + PIM447	38.4333	BestAvgResponse	lower = more sensitive	1	X-1835|BYL719 + LGH447	PD	combo	NSCLC
X-1869	ALPELISIB + PIM447	-70.2	BestAvgResponse	lower = more sensitive	1	X-1869|BYL719 + LGH447	CR	combo	NSCLC
X-1870	ALPELISIB + PIM447	-14.075	BestAvgResponse	lower = more sensitive	1	X-1870|BYL719 + LGH447	SD	combo	NSCLC
X-1934	ALPELISIB + PIM447	46.575	BestAvgResponse	lower = more sensitive	1	X-1934|BYL719 + LGH447	PD	combo	NSCLC
X-1980	ALPELISIB + PIM447	1.45	BestAvgResponse	lower = more sensitive	1	X-1980|BYL719 + LGH447	PD	combo	NSCLC
X-1993	ALPELISIB + PIM447	-0.94	BestAvgResponse	lower = more sensitive	1	X-1993|BYL719 + LGH447	SD	combo	NSCLC
X-2017	ALPELISIB + PIM447	-0.866667	BestAvgResponse	lower = more sensitive	1	X-2017|BYL719 + LGH447	SD	combo	NSCLC
X-2042	ALPELISIB + PIM447	-14.48	BestAvgResponse	lower = more sensitive	1	X-2042|BYL719 + LGH447	SD	combo	NSCLC
X-2082	ALPELISIB + PIM447	20.025	BestAvgResponse	lower = more sensitive	1	X-2082|BYL719 + LGH447	PD	combo	NSCLC
X-2088	ALPELISIB + PIM447	-17.9	BestAvgResponse	lower = more sensitive	1	X-2088|BYL719 + LGH447	SD	combo	NSCLC
X-2094	ALPELISIB + PIM447	12.58	BestAvgResponse	lower = more sensitive	1	X-2094|BYL719 + LGH447	PD	combo	NSCLC
X-3029	ALPELISIB + PIM447	-51.5667	BestAvgResponse	lower = more sensitive	1	X-3029|BYL719 + LGH447	PR	combo	NSCLC
X-3237	ALPELISIB + PIM447	-14.9167	BestAvgResponse	lower = more sensitive	1	X-3237|BYL719 + LGH447	SD	combo	NSCLC
X-3843	ALPELISIB + PIM447	12.0667	BestAvgResponse	lower = more sensitive	1	X-3843|BYL719 + LGH447	SD	combo	NSCLC
X-4819	ALPELISIB + PIM447	131.233	BestAvgResponse	lower = more sensitive	1	X-4819|BYL719 + LGH447	PD	combo	NSCLC
X-1004	ALPELISIB + RIBOCICLIB	52.55	BestAvgResponse	lower = more sensitive	1	X-1004|BYL719 + LEE011	PD	combo	BRCA
X-1008	ALPELISIB + RIBOCICLIB	-26.7	BestAvgResponse	lower = more sensitive	1	X-1008|BYL719 + LEE011	SD	combo	BRCA
X-1286	ALPELISIB + RIBOCICLIB	-21.4938	BestAvgResponse	lower = more sensitive	1	X-1286|BYL719 + LEE011	SD	combo	BRCA
X-1298	ALPELISIB + RIBOCICLIB	49.16	BestAvgResponse	lower = more sensitive	1	X-1298|BYL719 + LEE011	PD	combo	BRCA
X-1371	ALPELISIB + RIBOCICLIB	-12.95	BestAvgResponse	lower = more sensitive	1	X-1371|BYL719 + LEE011	SD	combo	BRCA
X-1383	ALPELISIB + RIBOCICLIB	15.375	BestAvgResponse	lower = more sensitive	1	X-1383|BYL719 + LEE011	SD	combo	BRCA
X-1407	ALPELISIB + RIBOCICLIB	1.41765	BestAvgResponse	lower = more sensitive	1	X-1407|BYL719 + LEE011	SD	combo	BRCA
X-1468	ALPELISIB + RIBOCICLIB	-30.7214	BestAvgResponse	lower = more sensitive	1	X-1468|BYL719 + LEE011	SD	combo	
X-1600	ALPELISIB + RIBOCICLIB	-8.56	BestAvgResponse	lower = more sensitive	1	X-1600|BYL719 + LEE011	SD	combo	BRCA
X-1631	ALPELISIB + RIBOCICLIB	-11.0455	BestAvgResponse	lower = more sensitive	1	X-1631|BYL719 + LEE011	SD	combo	BRCA
X-1828	ALPELISIB + RIBOCICLIB	9.03333	BestAvgResponse	lower = more sensitive	1	X-1828|BYL719 + LEE011	SD	combo	BRCA
X-1832	ALPELISIB + RIBOCICLIB	83.52	BestAvgResponse	lower = more sensitive	1	X-1832|BYL719 + LEE011	PD	combo	BRCA
X-1916	ALPELISIB + RIBOCICLIB	64.6	BestAvgResponse	lower = more sensitive	1	X-1916|BYL719 + LEE011	PD	combo	BRCA
X-1921	ALPELISIB + RIBOCICLIB	-25.3429	BestAvgResponse	lower = more sensitive	1	X-1921|BYL719 + LEE011	SD	combo	BRCA
X-2195	ALPELISIB + RIBOCICLIB	-30.9667	BestAvgResponse	lower = more sensitive	1	X-2195|BYL719 + LEE011	PR	combo	BRCA
X-2344	ALPELISIB + RIBOCICLIB	-35.3286	BestAvgResponse	lower = more sensitive	1	X-2344|BYL719 + LEE011	SD	combo	BRCA
X-2353	ALPELISIB + RIBOCICLIB	3.275	BestAvgResponse	lower = more sensitive	1	X-2353|BYL719 + LEE011	SD	combo	BRCA
X-2487	ALPELISIB + RIBOCICLIB	-25.3571	BestAvgResponse	lower = more sensitive	1	X-2487|BYL719 + LEE011	SD	combo	BRCA
X-2524	ALPELISIB + RIBOCICLIB	12.725	BestAvgResponse	lower = more sensitive	1	X-2524|BYL719 + LEE011	PD	combo	BRCA
X-2640	ALPELISIB + RIBOCICLIB	-29.7167	BestAvgResponse	lower = more sensitive	1	X-2640|BYL719 + LEE011	SD	combo	BRCA
X-2780	ALPELISIB + RIBOCICLIB	-5.13333	BestAvgResponse	lower = more sensitive	1	X-2780|BYL719 + LEE011	SD	combo	BRCA
X-3077	ALPELISIB + RIBOCICLIB	-61.6045	BestAvgResponse	lower = more sensitive	1	X-3077|BYL719 + LEE011	PR	combo	BRCA
X-3078	ALPELISIB + RIBOCICLIB	-35.4286	BestAvgResponse	lower = more sensitive	1	X-3078|BYL719 + LEE011	SD	combo	BRCA
X-3201	ALPELISIB + RIBOCICLIB	-1.28	BestAvgResponse	lower = more sensitive	1	X-3201|BYL719 + LEE011	SD	combo	BRCA
X-3298	ALPELISIB + RIBOCICLIB	-6.975	BestAvgResponse	lower = more sensitive	1	X-3298|BYL719 + LEE011	PD	combo	BRCA
X-3450	ALPELISIB + RIBOCICLIB	-17.8389	BestAvgResponse	lower = more sensitive	1	X-3450|BYL719 + LEE011	SD	combo	BRCA
X-3468	ALPELISIB + RIBOCICLIB	-32.4167	BestAvgResponse	lower = more sensitive	1	X-3468|BYL719 + LEE011	PR	combo	BRCA
X-3697	ALPELISIB + RIBOCICLIB	-26.4364	BestAvgResponse	lower = more sensitive	1	X-3697|BYL719 + LEE011	PR	combo	BRCA
X-3873	ALPELISIB + RIBOCICLIB	-29.6	BestAvgResponse	lower = more sensitive	1	X-3873|BYL719 + LEE011	PR	combo	BRCA
X-4347	ALPELISIB + RIBOCICLIB	-42.62	BestAvgResponse	lower = more sensitive	1	X-4347|BYL719 + LEE011	PR	combo	BRCA
X-4567	ALPELISIB + RIBOCICLIB	-84.7792	BestAvgResponse	lower = more sensitive	1	X-4567|BYL719 + LEE011	CR	combo	BRCA
X-4824	ALPELISIB + RIBOCICLIB	-12.74	BestAvgResponse	lower = more sensitive	1	X-4824|BYL719 + LEE011	SD	combo	BRCA
X-4888	ALPELISIB + RIBOCICLIB	-24.3607	BestAvgResponse	lower = more sensitive	1	X-4888|BYL719 + LEE011	PR	combo	BRCA
X-4949	ALPELISIB + RIBOCICLIB	-16.62	BestAvgResponse	lower = more sensitive	1	X-4949|BYL719 + LEE011	SD	combo	BRCA
X-5249	ALPELISIB + RIBOCICLIB	-13.7	BestAvgResponse	lower = more sensitive	1	X-5249|BYL719 + LEE011	SD	combo	BRCA
X-5355	ALPELISIB + RIBOCICLIB	-32.4	BestAvgResponse	lower = more sensitive	1	X-5355|BYL719 + LEE011	PR	combo	BRCA
X-5502	ALPELISIB + RIBOCICLIB	-20.95	BestAvgResponse	lower = more sensitive	1	X-5502|BYL719 + LEE011	SD	combo	BRCA
X-5975	ALPELISIB + RIBOCICLIB	-44.1111	BestAvgResponse	lower = more sensitive	1	X-5975|BYL719 + LEE011	PR	combo	BRCA
X-6047	ALPELISIB + RIBOCICLIB	28.1	BestAvgResponse	lower = more sensitive	1	X-6047|BYL719 + LEE011	PD	combo	BRCA
X-007	BINIMETINIB	51.66	BestAvgResponse	lower = more sensitive	1	X-007|binimetinib	PD	single	GC
X-010	BINIMETINIB	62.12	BestAvgResponse	lower = more sensitive	1	X-010|binimetinib	PD	single	GC
X-011	BINIMETINIB	14.15	BestAvgResponse	lower = more sensitive	1	X-011|binimetinib	PD	single	GC
X-015	BINIMETINIB	-55.6	BestAvgResponse	lower = more sensitive	1	X-015|binimetinib	PR	single	GC
X-017	BINIMETINIB	16.2833	BestAvgResponse	lower = more sensitive	1	X-017|binimetinib	SD	single	GC
X-020	BINIMETINIB	1.37037	BestAvgResponse	lower = more sensitive	1	X-020|binimetinib	SD	single	GC
X-025	BINIMETINIB	-25.2778	BestAvgResponse	lower = more sensitive	1	X-025|binimetinib	SD	single	GC
X-028	BINIMETINIB	50.05	BestAvgResponse	lower = more sensitive	1	X-028|binimetinib	PD	single	GC
X-029	BINIMETINIB	-6.45	BestAvgResponse	lower = more sensitive	1	X-029|binimetinib	SD	single	GC
X-031	BINIMETINIB	15.45	BestAvgResponse	lower = more sensitive	1	X-031|binimetinib	PD	single	GC
X-034	BINIMETINIB	19.9667	BestAvgResponse	lower = more sensitive	1	X-034|binimetinib	SD	single	GC
X-035	BINIMETINIB	31.95	BestAvgResponse	lower = more sensitive	1	X-035|binimetinib	PD	single	GC
X-037	BINIMETINIB	47.5	BestAvgResponse	lower = more sensitive	1	X-037|binimetinib	PD	single	GC
X-038	BINIMETINIB	17.96	BestAvgResponse	lower = more sensitive	1	X-038|binimetinib	PD	single	GC
X-056	BINIMETINIB	-64.369	BestAvgResponse	lower = more sensitive	1	X-056|binimetinib	PR	single	GC
X-057	BINIMETINIB	41.1	BestAvgResponse	lower = more sensitive	1	X-057|binimetinib	PD	single	GC
X-064	BINIMETINIB	-13.0333	BestAvgResponse	lower = more sensitive	1	X-064|binimetinib	SD	single	GC
X-065	BINIMETINIB	25.325	BestAvgResponse	lower = more sensitive	1	X-065|binimetinib	PD	single	GC
X-067	BINIMETINIB	-6.55	BestAvgResponse	lower = more sensitive	1	X-067|binimetinib	SD	single	GC
X-075	BINIMETINIB	5.4	BestAvgResponse	lower = more sensitive	1	X-075|binimetinib	PD	single	GC
X-077	BINIMETINIB	36.64	BestAvgResponse	lower = more sensitive	1	X-077|binimetinib	PD	single	GC
X-084	BINIMETINIB	31.15	BestAvgResponse	lower = more sensitive	1	X-084|binimetinib	PD	single	GC
X-089	BINIMETINIB	14.0464	BestAvgResponse	lower = more sensitive	1	X-089|binimetinib	SD	single	GC
X-090	BINIMETINIB	-83.0036	BestAvgResponse	lower = more sensitive	1	X-090|binimetinib	CR	single	GC
X-091	BINIMETINIB	27.65	BestAvgResponse	lower = more sensitive	1	X-091|binimetinib	PD	single	GC
X-0933	BINIMETINIB	32.7	BestAvgResponse	lower = more sensitive	1	X-0933|binimetinib	PD	single	CRC
X-096	BINIMETINIB	71.84	BestAvgResponse	lower = more sensitive	1	X-096|binimetinib	PD	single	GC
X-097	BINIMETINIB	51.625	BestAvgResponse	lower = more sensitive	1	X-097|binimetinib	PD	single	GC
X-098	BINIMETINIB	82.8	BestAvgResponse	lower = more sensitive	1	X-098|binimetinib	PD	single	GC
X-099	BINIMETINIB	-15.825	BestAvgResponse	lower = more sensitive	1	X-099|binimetinib	SD	single	GC
X-0991	BINIMETINIB	-18	BestAvgResponse	lower = more sensitive	1	X-0991|binimetinib	SD	single	PDAC
X-1004	BINIMETINIB	35.2	BestAvgResponse	lower = more sensitive	1	X-1004|binimetinib	PD	single	BRCA
X-1008	BINIMETINIB	17.48	BestAvgResponse	lower = more sensitive	1	X-1008|binimetinib	PD	single	BRCA
X-1027	BINIMETINIB	35.8	BestAvgResponse	lower = more sensitive	1	X-1027|binimetinib	PD	single	CRC
X-1055	BINIMETINIB	11.2857	BestAvgResponse	lower = more sensitive	1	X-1055|binimetinib	SD	single	CRC
X-1119	BINIMETINIB	41.68	BestAvgResponse	lower = more sensitive	1	X-1119|binimetinib	PD	single	CRC
X-114	BINIMETINIB	-7.73333	BestAvgResponse	lower = more sensitive	1	X-114|binimetinib	SD	single	GC
X-1156	BINIMETINIB	57.1	BestAvgResponse	lower = more sensitive	1	X-1156|binimetinib	PD	single	NSCLC
X-1167	BINIMETINIB	39.1	BestAvgResponse	lower = more sensitive	1	X-1167|binimetinib	PD	single	CRC
X-1172	BINIMETINIB	-29.46	BestAvgResponse	lower = more sensitive	1	X-1172|binimetinib	PR	single	NSCLC
X-1173	BINIMETINIB	12.225	BestAvgResponse	lower = more sensitive	1	X-1173|binimetinib	PD	single	CRC
X-118	BINIMETINIB	42.64	BestAvgResponse	lower = more sensitive	1	X-118|binimetinib	PD	single	GC
X-1189	BINIMETINIB	6.1	BestAvgResponse	lower = more sensitive	1	X-1189|binimetinib	PD	single	NSCLC
X-119	BINIMETINIB	8.06	BestAvgResponse	lower = more sensitive	1	X-119|binimetinib	SD	single	GC
X-1199	BINIMETINIB	-60.4267	BestAvgResponse	lower = more sensitive	1	X-1199|binimetinib	PR	single	PDAC
X-1228	BINIMETINIB	-2.175	BestAvgResponse	lower = more sensitive	1	X-1228|binimetinib	PD	single	NSCLC
X-127	BINIMETINIB	-87.2567	BestAvgResponse	lower = more sensitive	1	X-127|binimetinib	CR	single	GC
X-1270	BINIMETINIB	61.6	BestAvgResponse	lower = more sensitive	1	X-1270|binimetinib	PD	single	CRC
X-128	BINIMETINIB	-41.54	BestAvgResponse	lower = more sensitive	1	X-128|binimetinib	PR	single	GC
X-1286	BINIMETINIB	2.825	BestAvgResponse	lower = more sensitive	1	X-1286|binimetinib	SD	single	BRCA
X-129	BINIMETINIB	-0.95	BestAvgResponse	lower = more sensitive	1	X-129|binimetinib	SD	single	GC
X-1290	BINIMETINIB	80.875	BestAvgResponse	lower = more sensitive	1	X-1290|binimetinib	PD	single	CRC
X-1298	BINIMETINIB	68.475	BestAvgResponse	lower = more sensitive	1	X-1298|binimetinib	PD	single	BRCA
X-1303	BINIMETINIB	5.78182	BestAvgResponse	lower = more sensitive	1	X-1303|binimetinib	SD	single	CRC
X-131	BINIMETINIB	41.32	BestAvgResponse	lower = more sensitive	1	X-131|binimetinib	PD	single	GC
X-1317	BINIMETINIB	-22.2412	BestAvgResponse	lower = more sensitive	1	X-1317|binimetinib	SD	single	PDAC
X-1323	BINIMETINIB	-30.26	BestAvgResponse	lower = more sensitive	1	X-1323|binimetinib	PR	single	NSCLC
X-1329	BINIMETINIB	23.175	BestAvgResponse	lower = more sensitive	1	X-1329|binimetinib	PD	single	CRC
X-1362	BINIMETINIB	13.15	BestAvgResponse	lower = more sensitive	1	X-1362|binimetinib	SD	single	PDAC
X-1371	BINIMETINIB	5.34	BestAvgResponse	lower = more sensitive	1	X-1371|binimetinib	SD	single	BRCA
X-138	BINIMETINIB	15.1	BestAvgResponse	lower = more sensitive	1	X-138|binimetinib	SD	single	GC
X-1383	BINIMETINIB	31.675	BestAvgResponse	lower = more sensitive	1	X-1383|binimetinib	PD	single	BRCA
X-1407	BINIMETINIB	-16.3143	BestAvgResponse	lower = more sensitive	1	X-1407|binimetinib	SD	single	BRCA
X-1441	BINIMETINIB	-32.5857	BestAvgResponse	lower = more sensitive	1	X-1441|binimetinib	PR	single	CRC
X-1442	BINIMETINIB	-19.96	BestAvgResponse	lower = more sensitive	1	X-1442|binimetinib	SD	single	NSCLC
X-1443	BINIMETINIB	-31.5667	BestAvgResponse	lower = more sensitive	1	X-1443|binimetinib	SD	single	CRC
X-1468	BINIMETINIB	1.24	BestAvgResponse	lower = more sensitive	1	X-1468|binimetinib	SD	single	
X-1479	BINIMETINIB	1.08	BestAvgResponse	lower = more sensitive	1	X-1479|binimetinib	SD	single	CRC
X-1499	BINIMETINIB	102.64	BestAvgResponse	lower = more sensitive	1	X-1499|binimetinib	PD	single	NSCLC
X-1500	BINIMETINIB	-6.66923	BestAvgResponse	lower = more sensitive	1	X-1500|binimetinib	SD	single	CRC
X-1536	BINIMETINIB	-17.5519	BestAvgResponse	lower = more sensitive	1	X-1536|binimetinib	SD	single	CRC
X-154	BINIMETINIB	39.32	BestAvgResponse	lower = more sensitive	1	X-154|binimetinib	PD	single	GC
X-158	BINIMETINIB	4.25714	BestAvgResponse	lower = more sensitive	1	X-158|binimetinib	SD	single	GC
X-1586	BINIMETINIB	-28.9	BestAvgResponse	lower = more sensitive	1	X-1586|binimetinib	SD	single	NSCLC
X-160	BINIMETINIB	7.98	BestAvgResponse	lower = more sensitive	1	X-160|binimetinib	SD	single	GC
X-1600	BINIMETINIB	116.825	BestAvgResponse	lower = more sensitive	1	X-1600|binimetinib	PD	single	BRCA
X-161	BINIMETINIB	23.825	BestAvgResponse	lower = more sensitive	1	X-161|binimetinib	SD	single	GC
X-1631	BINIMETINIB	37.3	BestAvgResponse	lower = more sensitive	1	X-1631|binimetinib	PD	single	BRCA
X-165	BINIMETINIB	3.5	BestAvgResponse	lower = more sensitive	1	X-165|binimetinib	SD	single	GC
X-1655	BINIMETINIB	-5.525	BestAvgResponse	lower = more sensitive	1	X-1655|binimetinib	PD	single	CM
X-1658	BINIMETINIB	59.2	BestAvgResponse	lower = more sensitive	1	X-1658|binimetinib	PD	single	NSCLC
X-166	BINIMETINIB	10.148	BestAvgResponse	lower = more sensitive	1	X-166|binimetinib	SD	single	GC
X-1683	BINIMETINIB	-45.7875	BestAvgResponse	lower = more sensitive	1	X-1683|binimetinib	PR	single	NSCLC
X-171	BINIMETINIB	209.6	BestAvgResponse	lower = more sensitive	1	X-171|binimetinib	PD	single	GC
X-1725	BINIMETINIB	-12.2	BestAvgResponse	lower = more sensitive	1	X-1725|binimetinib	SD	single	NSCLC
X-1787	BINIMETINIB	-4.56	BestAvgResponse	lower = more sensitive	1	X-1787|binimetinib	SD	single	NSCLC
X-1823	BINIMETINIB	78.72	BestAvgResponse	lower = more sensitive	1	X-1823|binimetinib	PD	single	NSCLC
X-1828	BINIMETINIB	-36.3308	BestAvgResponse	lower = more sensitive	1	X-1828|binimetinib	PR	single	BRCA
X-1832	BINIMETINIB	72.2	BestAvgResponse	lower = more sensitive	1	X-1832|binimetinib	PD	single	BRCA
X-1834	BINIMETINIB	-20.6	BestAvgResponse	lower = more sensitive	1	X-1834|binimetinib	SD	single	NSCLC
X-1835	BINIMETINIB	-86.3412	BestAvgResponse	lower = more sensitive	1	X-1835|binimetinib	CR	single	NSCLC
X-1855	BINIMETINIB	-1.79167	BestAvgResponse	lower = more sensitive	1	X-1855|binimetinib	SD	single	CRC
X-1869	BINIMETINIB	130.6	BestAvgResponse	lower = more sensitive	1	X-1869|binimetinib	PD	single	NSCLC
X-1870	BINIMETINIB	-16.38	BestAvgResponse	lower = more sensitive	1	X-1870|binimetinib	SD	single	NSCLC
X-1906	BINIMETINIB	-69.1474	BestAvgResponse	lower = more sensitive	1	X-1906|binimetinib	CR	single	CM
X-1916	BINIMETINIB	48.875	BestAvgResponse	lower = more sensitive	1	X-1916|binimetinib	PD	single	BRCA
X-1921	BINIMETINIB	3.625	BestAvgResponse	lower = more sensitive	1	X-1921|binimetinib	SD	single	BRCA
X-1934	BINIMETINIB	162.34	BestAvgResponse	lower = more sensitive	1	X-1934|binimetinib	PD	single	NSCLC
X-1948	BINIMETINIB	-2.375	BestAvgResponse	lower = more sensitive	1	X-1948|binimetinib	SD	single	PDAC
X-1959	BINIMETINIB	-27.3182	BestAvgResponse	lower = more sensitive	1	X-1959|binimetinib	SD	single	PDAC
X-1980	BINIMETINIB	-12.7286	BestAvgResponse	lower = more sensitive	1	X-1980|binimetinib	SD	single	NSCLC
X-1993	BINIMETINIB	-0.614815	BestAvgResponse	lower = more sensitive	1	X-1993|binimetinib	SD	single	NSCLC
X-2017	BINIMETINIB	-79.1045	BestAvgResponse	lower = more sensitive	1	X-2017|binimetinib	CR	single	NSCLC
X-2026	BINIMETINIB	10.65	BestAvgResponse	lower = more sensitive	1	X-2026|binimetinib	SD	single	PDAC
X-2042	BINIMETINIB	24.35	BestAvgResponse	lower = more sensitive	1	X-2042|binimetinib	SD	single	NSCLC
X-2043	BINIMETINIB	-15.7714	BestAvgResponse	lower = more sensitive	1	X-2043|binimetinib	SD	single	PDAC
X-2081	BINIMETINIB	-24.2714	BestAvgResponse	lower = more sensitive	1	X-2081|binimetinib	PR	single	PDAC
X-2082	BINIMETINIB	-61.2647	BestAvgResponse	lower = more sensitive	1	X-2082|binimetinib	PR	single	NSCLC
X-2088	BINIMETINIB	160.933	BestAvgResponse	lower = more sensitive	1	X-2088|binimetinib	PD	single	NSCLC
X-2094	BINIMETINIB	-71.1467	BestAvgResponse	lower = more sensitive	1	X-2094|binimetinib	CR	single	NSCLC
X-2145	BINIMETINIB	-27.3636	BestAvgResponse	lower = more sensitive	1	X-2145|binimetinib	SD	single	CRC
X-2163	BINIMETINIB	-13.82	BestAvgResponse	lower = more sensitive	1	X-2163|binimetinib	SD	single	CM
X-2182	BINIMETINIB	172.44	BestAvgResponse	lower = more sensitive	1	X-2182|binimetinib	PD	single	CRC
X-2195	BINIMETINIB	13	BestAvgResponse	lower = more sensitive	1	X-2195|binimetinib	PD	single	BRCA
X-2239	BINIMETINIB	-10.56	BestAvgResponse	lower = more sensitive	1	X-2239|binimetinib	SD	single	CRC
X-2306	BINIMETINIB	-5.525	BestAvgResponse	lower = more sensitive	1	X-2306|binimetinib	SD	single	CM
X-2339	BINIMETINIB	-11.1536	BestAvgResponse	lower = more sensitive	1	X-2339|binimetinib	SD	single	PDAC
X-2344	BINIMETINIB	111.625	BestAvgResponse	lower = more sensitive	1	X-2344|binimetinib	PD	single	BRCA
X-2353	BINIMETINIB	10	BestAvgResponse	lower = more sensitive	1	X-2353|binimetinib	SD	single	BRCA
X-2374	BINIMETINIB	7.13333	BestAvgResponse	lower = more sensitive	1	X-2374|binimetinib	SD	single	CRC
X-2403	BINIMETINIB	82.08	BestAvgResponse	lower = more sensitive	1	X-2403|binimetinib	PD	single	CRC
X-2428	BINIMETINIB	-15.5391	BestAvgResponse	lower = more sensitive	1	X-2428|binimetinib	SD	single	PDAC
X-2483	BINIMETINIB	3.1	BestAvgResponse	lower = more sensitive	1	X-2483|binimetinib	SD	single	CRC
X-2484	BINIMETINIB	5.22	BestAvgResponse	lower = more sensitive	1	X-2484|binimetinib	PD	single	CRC
X-2487	BINIMETINIB	36.3	BestAvgResponse	lower = more sensitive	1	X-2487|binimetinib	PD	single	BRCA
X-2524	BINIMETINIB	103.96	BestAvgResponse	lower = more sensitive	1	X-2524|binimetinib	PD	single	BRCA
X-2538	BINIMETINIB	13.4	BestAvgResponse	lower = more sensitive	1	X-2538|binimetinib	PD	single	CRC
X-2564	BINIMETINIB	-10.8722	BestAvgResponse	lower = more sensitive	1	X-2564|binimetinib	SD	single	PDAC
X-2573	BINIMETINIB	-11.45	BestAvgResponse	lower = more sensitive	1	X-2573|binimetinib	SD	single	CRC
X-2602	BINIMETINIB	5	BestAvgResponse	lower = more sensitive	1	X-2602|binimetinib	PD	single	CM
X-2613	BINIMETINIB	11.16	BestAvgResponse	lower = more sensitive	1	X-2613|binimetinib	SD	single	CM
X-2633	BINIMETINIB	3.975	BestAvgResponse	lower = more sensitive	1	X-2633|binimetinib	SD	single	PDAC
X-2640	BINIMETINIB	-3.92	BestAvgResponse	lower = more sensitive	1	X-2640|binimetinib	SD	single	BRCA
X-2659	BINIMETINIB	43.025	BestAvgResponse	lower = more sensitive	1	X-2659|binimetinib	PD	single	CRC
X-2684	BINIMETINIB	-5.3	BestAvgResponse	lower = more sensitive	1	X-2684|binimetinib	SD	single	PDAC
X-2700	BINIMETINIB	-9.41875	BestAvgResponse	lower = more sensitive	1	X-2700|binimetinib	SD	single	CM
X-2723	BINIMETINIB	7.4	BestAvgResponse	lower = more sensitive	1	X-2723|binimetinib	SD	single	CM
X-2753	BINIMETINIB	57.725	BestAvgResponse	lower = more sensitive	1	X-2753|binimetinib	PD	single	CM
X-2780	BINIMETINIB	14.74	BestAvgResponse	lower = more sensitive	1	X-2780|binimetinib	SD	single	BRCA
X-2822	BINIMETINIB	4.25	BestAvgResponse	lower = more sensitive	1	X-2822|binimetinib	SD	single	CRC
X-2838	BINIMETINIB	31.18	BestAvgResponse	lower = more sensitive	1	X-2838|binimetinib	PD	single	CM
X-2846	BINIMETINIB	-5.475	BestAvgResponse	lower = more sensitive	1	X-2846|binimetinib	SD	single	CRC
X-2861	BINIMETINIB	75.7	BestAvgResponse	lower = more sensitive	1	X-2861|binimetinib	PD	single	CRC
X-2921	BINIMETINIB	129.375	BestAvgResponse	lower = more sensitive	1	X-2921|binimetinib	PD	single	CM
X-2992	BINIMETINIB	-0.633333	BestAvgResponse	lower = more sensitive	1	X-2992|binimetinib	SD	single	CM
X-2997	BINIMETINIB	27.86	BestAvgResponse	lower = more sensitive	1	X-2997|binimetinib	PD	single	PDAC
X-3028	BINIMETINIB	29.35	BestAvgResponse	lower = more sensitive	1	X-3028|binimetinib	PD	single	PDAC
X-3029	BINIMETINIB	-79.3053	BestAvgResponse	lower = more sensitive	1	X-3029|binimetinib	CR	single	NSCLC
X-3038	BINIMETINIB	17.825	BestAvgResponse	lower = more sensitive	1	X-3038|binimetinib	SD	single	PDAC
X-3052	BINIMETINIB	-0.825	BestAvgResponse	lower = more sensitive	1	X-3052|binimetinib	SD	single	PDAC
X-3077	BINIMETINIB	30.83	BestAvgResponse	lower = more sensitive	1	X-3077|binimetinib	PD	single	BRCA
X-3078	BINIMETINIB	66.925	BestAvgResponse	lower = more sensitive	1	X-3078|binimetinib	PD	single	BRCA
X-3093	BINIMETINIB	-6.1	BestAvgResponse	lower = more sensitive	1	X-3093|binimetinib	SD	single	CRC
X-3127	BINIMETINIB	9.16	BestAvgResponse	lower = more sensitive	1	X-3127|binimetinib	SD	single	CM
X-3201	BINIMETINIB	33.225	BestAvgResponse	lower = more sensitive	1	X-3201|binimetinib	PD	single	BRCA
X-3205	BINIMETINIB	16.72	BestAvgResponse	lower = more sensitive	1	X-3205|binimetinib	PD	single	CRC
X-3209	BINIMETINIB	19.075	BestAvgResponse	lower = more sensitive	1	X-3209|binimetinib	SD	single	PDAC
X-3211	BINIMETINIB	-56.4677	BestAvgResponse	lower = more sensitive	1	X-3211|binimetinib	PR	single	CM
X-3224	BINIMETINIB	145.44	BestAvgResponse	lower = more sensitive	1	X-3224|binimetinib	PD	single	CRC
X-3237	BINIMETINIB	-36.6333	BestAvgResponse	lower = more sensitive	1	X-3237|binimetinib	PR	single	NSCLC
X-3267	BINIMETINIB	-10.0885	BestAvgResponse	lower = more sensitive	1	X-3267|binimetinib	SD	single	CRC
X-3268	BINIMETINIB	-23.068	BestAvgResponse	lower = more sensitive	1	X-3268|binimetinib	PR	single	PDAC
X-3298	BINIMETINIB	28.05	BestAvgResponse	lower = more sensitive	1	X-3298|binimetinib	PD	single	BRCA
X-3450	BINIMETINIB	6.32632	BestAvgResponse	lower = more sensitive	1	X-3450|binimetinib	SD	single	BRCA
X-3468	BINIMETINIB	15.55	BestAvgResponse	lower = more sensitive	1	X-3468|binimetinib	PD	single	BRCA
X-3483	BINIMETINIB	-13.1	BestAvgResponse	lower = more sensitive	1	X-3483|binimetinib	SD	single	CM
X-3486	BINIMETINIB	4.40909	BestAvgResponse	lower = more sensitive	1	X-3486|binimetinib	SD	single	CM
X-3503	BINIMETINIB	27.125	BestAvgResponse	lower = more sensitive	1	X-3503|binimetinib	PD	single	CM
X-3671	BINIMETINIB	0.72	BestAvgResponse	lower = more sensitive	1	X-3671|binimetinib	SD	single	CRC
X-3676	BINIMETINIB	13.52	BestAvgResponse	lower = more sensitive	1	X-3676|binimetinib	PD	single	CM
X-3697	BINIMETINIB	2.2	BestAvgResponse	lower = more sensitive	1	X-3697|binimetinib	SD	single	BRCA
X-3746	BINIMETINIB	-34.9067	BestAvgResponse	lower = more sensitive	1	X-3746|binimetinib	PR	single	CM
X-3773	BINIMETINIB	-8.11667	BestAvgResponse	lower = more sensitive	1	X-3773|binimetinib	SD	single	CM
X-3782	BINIMETINIB	-10.9818	BestAvgResponse	lower = more sensitive	1	X-3782|binimetinib	SD	single	
X-3792	BINIMETINIB	53.125	BestAvgResponse	lower = more sensitive	1	X-3792|binimetinib	PD	single	CRC
X-3800	BINIMETINIB	-31.875	BestAvgResponse	lower = more sensitive	1	X-3800|binimetinib	PR	single	PDAC
X-3816	BINIMETINIB	16.6	BestAvgResponse	lower = more sensitive	1	X-3816|binimetinib	SD	single	PDAC
X-3843	BINIMETINIB	23.525	BestAvgResponse	lower = more sensitive	1	X-3843|binimetinib	PD	single	NSCLC
X-3846	BINIMETINIB	-32.15	BestAvgResponse	lower = more sensitive	1	X-3846|binimetinib	PR	single	PDAC
X-3851	BINIMETINIB	0.52	BestAvgResponse	lower = more sensitive	1	X-3851|binimetinib	SD	single	CM
X-3873	BINIMETINIB	-0.983333	BestAvgResponse	lower = more sensitive	1	X-3873|binimetinib	SD	single	BRCA
X-3880	BINIMETINIB	-61.1912	BestAvgResponse	lower = more sensitive	1	X-3880|binimetinib	PR	single	CM
X-3898	BINIMETINIB	90.48	BestAvgResponse	lower = more sensitive	1	X-3898|binimetinib	PD	single	PDAC
X-3947	BINIMETINIB	31.95	BestAvgResponse	lower = more sensitive	1	X-3947|binimetinib	PD	single	PDAC
X-3990	BINIMETINIB	2	BestAvgResponse	lower = more sensitive	1	X-3990|binimetinib	SD	single	PDAC
X-4015	BINIMETINIB	-5.63571	BestAvgResponse	lower = more sensitive	1	X-4015|binimetinib	SD	single	PDAC
X-4018	BINIMETINIB	11.8833	BestAvgResponse	lower = more sensitive	1	X-4018|binimetinib	SD	single	PDAC
X-4087	BINIMETINIB	-10.0286	BestAvgResponse	lower = more sensitive	1	X-4087|binimetinib	SD	single	CRC
X-4145	BINIMETINIB	-24.5545	BestAvgResponse	lower = more sensitive	1	X-4145|binimetinib	SD	single	CRC
X-4157	BINIMETINIB	13.58	BestAvgResponse	lower = more sensitive	1	X-4157|binimetinib	SD	single	CM
X-4215	BINIMETINIB	22.5625	BestAvgResponse	lower = more sensitive	1	X-4215|binimetinib	SD	single	PDAC
X-4226	BINIMETINIB	-5.89167	BestAvgResponse	lower = more sensitive	1	X-4226|binimetinib	SD	single	PDAC
X-4316	BINIMETINIB	-26.8963	BestAvgResponse	lower = more sensitive	1	X-4316|binimetinib	SD	single	PDAC
X-4339	BINIMETINIB	0.12	BestAvgResponse	lower = more sensitive	1	X-4339|binimetinib	SD	single	CM
X-4347	BINIMETINIB	-31.7062	BestAvgResponse	lower = more sensitive	1	X-4347|binimetinib	PR	single	BRCA
X-4377	BINIMETINIB	-3.175	BestAvgResponse	lower = more sensitive	1	X-4377|binimetinib	SD	single	PDAC
X-4378	BINIMETINIB	-12.8	BestAvgResponse	lower = more sensitive	1	X-4378|binimetinib	SD	single	PDAC
X-4426	BINIMETINIB	44.88	BestAvgResponse	lower = more sensitive	1	X-4426|binimetinib	PD	single	CM
X-4439	BINIMETINIB	25.9	BestAvgResponse	lower = more sensitive	1	X-4439|binimetinib	SD	single	PDAC
X-4455	BINIMETINIB	65.55	BestAvgResponse	lower = more sensitive	1	X-4455|binimetinib	PD	single	CM
X-4530	BINIMETINIB	-9.68571	BestAvgResponse	lower = more sensitive	1	X-4530|binimetinib	SD	single	CM
X-4538	BINIMETINIB	38.65	BestAvgResponse	lower = more sensitive	1	X-4538|binimetinib	PD	single	CM
X-4567	BINIMETINIB	-43.4704	BestAvgResponse	lower = more sensitive	1	X-4567|binimetinib	PR	single	BRCA
X-4644	BINIMETINIB	-29.7	BestAvgResponse	lower = more sensitive	1	X-4644|binimetinib	SD	single	CM
X-4649	BINIMETINIB	13.575	BestAvgResponse	lower = more sensitive	1	X-4649|binimetinib	SD	single	PDAC
X-4668	BINIMETINIB	19.5	BestAvgResponse	lower = more sensitive	1	X-4668|binimetinib	PD	single	CM
X-4676	BINIMETINIB	-38.224	BestAvgResponse	lower = more sensitive	1	X-4676|binimetinib	PR	single	PDAC
X-4819	BINIMETINIB	17.9	BestAvgResponse	lower = more sensitive	1	X-4819|binimetinib	SD	single	NSCLC
X-4824	BINIMETINIB	9.96	BestAvgResponse	lower = more sensitive	1	X-4824|binimetinib	SD	single	BRCA
X-4832	BINIMETINIB	69.475	BestAvgResponse	lower = more sensitive	1	X-4832|binimetinib	PD	single	CM
X-4849	BINIMETINIB	29.42	BestAvgResponse	lower = more sensitive	1	X-4849|binimetinib	PD	single	CM
X-4888	BINIMETINIB	13.15	BestAvgResponse	lower = more sensitive	1	X-4888|binimetinib	PD	single	BRCA
X-4927	BINIMETINIB	-25.9885	BestAvgResponse	lower = more sensitive	1	X-4927|binimetinib	SD	single	PDAC
X-4949	BINIMETINIB	30.125	BestAvgResponse	lower = more sensitive	1	X-4949|binimetinib	PD	single	BRCA
X-5189	BINIMETINIB	-34.525	BestAvgResponse	lower = more sensitive	1	X-5189|binimetinib	PR	single	CM
X-5205	BINIMETINIB	3.71667	BestAvgResponse	lower = more sensitive	1	X-5205|binimetinib	SD	single	PDAC
X-5249	BINIMETINIB	11.5	BestAvgResponse	lower = more sensitive	1	X-5249|binimetinib	SD	single	BRCA
X-5254	BINIMETINIB	25.74	BestAvgResponse	lower = more sensitive	1	X-5254|binimetinib	PD	single	CRC
X-5355	BINIMETINIB	-45.8375	BestAvgResponse	lower = more sensitive	1	X-5355|binimetinib	PR	single	BRCA
X-5405	BINIMETINIB	-20.38	BestAvgResponse	lower = more sensitive	1	X-5405|binimetinib	SD	single	CRC
X-5438	BINIMETINIB	-4.31111	BestAvgResponse	lower = more sensitive	1	X-5438|binimetinib	SD	single	CRC
X-5446	BINIMETINIB	78.78	BestAvgResponse	lower = more sensitive	1	X-5446|binimetinib	PD	single	CRC
X-5494	BINIMETINIB	-20.9143	BestAvgResponse	lower = more sensitive	1	X-5494|binimetinib	SD	single	CRC
X-5495	BINIMETINIB	-18.26	BestAvgResponse	lower = more sensitive	1	X-5495|binimetinib	SD	single	CRC
X-5502	BINIMETINIB	-2.6	BestAvgResponse	lower = more sensitive	1	X-5502|binimetinib	SD	single	BRCA
X-5578	BINIMETINIB	57.5667	BestAvgResponse	lower = more sensitive	1	X-5578|binimetinib	PD	single	CRC
X-5975	BINIMETINIB	13.3	BestAvgResponse	lower = more sensitive	1	X-5975|binimetinib	SD	single	BRCA
X-6047	BINIMETINIB	185.55	BestAvgResponse	lower = more sensitive	1	X-6047|binimetinib	PD	single	BRCA
X-007	BUPARLISIB	77.05	BestAvgResponse	lower = more sensitive	1	X-007|BKM120	PD	single	GC
X-010	BUPARLISIB	18.8	BestAvgResponse	lower = more sensitive	1	X-010|BKM120	PD	single	GC
X-011	BUPARLISIB	28.7	BestAvgResponse	lower = more sensitive	1	X-011|BKM120	PD	single	GC
X-015	BUPARLISIB	11.9333	BestAvgResponse	lower = more sensitive	1	X-015|BKM120	PD	single	GC
X-017	BUPARLISIB	15.25	BestAvgResponse	lower = more sensitive	1	X-017|BKM120	PD	single	GC
X-020	BUPARLISIB	40.925	BestAvgResponse	lower = more sensitive	1	X-020|BKM120	PD	single	GC
X-025	BUPARLISIB	-21.5143	BestAvgResponse	lower = more sensitive	1	X-025|BKM120	SD	single	GC
X-027	BUPARLISIB	41.6	BestAvgResponse	lower = more sensitive	1	X-027|BKM120	PD	single	GC
X-028	BUPARLISIB	1.64	BestAvgResponse	lower = more sensitive	1	X-028|BKM120	SD	single	GC
X-029	BUPARLISIB	57.525	BestAvgResponse	lower = more sensitive	1	X-029|BKM120	PD	single	GC
X-031	BUPARLISIB	4.375	BestAvgResponse	lower = more sensitive	1	X-031|BKM120	SD	single	GC
X-034	BUPARLISIB	5.275	BestAvgResponse	lower = more sensitive	1	X-034|BKM120	SD	single	GC
X-035	BUPARLISIB	3.52	BestAvgResponse	lower = more sensitive	1	X-035|BKM120	SD	single	GC
X-037	BUPARLISIB	-23	BestAvgResponse	lower = more sensitive	1	X-037|BKM120	PR	single	GC
X-038	BUPARLISIB	27.68	BestAvgResponse	lower = more sensitive	1	X-038|BKM120	SD	single	GC
X-056	BUPARLISIB	-2.86667	BestAvgResponse	lower = more sensitive	1	X-056|BKM120	SD	single	GC
X-057	BUPARLISIB	-3.85	BestAvgResponse	lower = more sensitive	1	X-057|BKM120	SD	single	GC
X-064	BUPARLISIB	-9.225	BestAvgResponse	lower = more sensitive	1	X-064|BKM120	SD	single	GC
X-065	BUPARLISIB	-12.2333	BestAvgResponse	lower = more sensitive	1	X-065|BKM120	SD	single	GC
X-067	BUPARLISIB	-5.94286	BestAvgResponse	lower = more sensitive	1	X-067|BKM120	SD	single	GC
X-075	BUPARLISIB	32.75	BestAvgResponse	lower = more sensitive	1	X-075|BKM120	PD	single	GC
X-077	BUPARLISIB	8.1	BestAvgResponse	lower = more sensitive	1	X-077|BKM120	SD	single	GC
X-084	BUPARLISIB	11.95	BestAvgResponse	lower = more sensitive	1	X-084|BKM120	SD	single	GC
X-089	BUPARLISIB	0.125	BestAvgResponse	lower = more sensitive	1	X-089|BKM120	SD	single	GC
X-090	BUPARLISIB	-20.4714	BestAvgResponse	lower = more sensitive	1	X-090|BKM120	SD	single	GC
X-091	BUPARLISIB	3.325	BestAvgResponse	lower = more sensitive	1	X-091|BKM120	SD	single	GC
X-0933	BUPARLISIB	-21.225	BestAvgResponse	lower = more sensitive	1	X-0933|BKM120	SD	single	CRC
X-097	BUPARLISIB	15.175	BestAvgResponse	lower = more sensitive	1	X-097|BKM120	PD	single	GC
X-098	BUPARLISIB	10.7333	BestAvgResponse	lower = more sensitive	1	X-098|BKM120	PD	single	GC
X-1004	BUPARLISIB	23.7	BestAvgResponse	lower = more sensitive	1	X-1004|BKM120	PD	single	BRCA
X-1008	BUPARLISIB	10.54	BestAvgResponse	lower = more sensitive	1	X-1008|BKM120	SD	single	BRCA
X-102	BUPARLISIB	-55.6385	BestAvgResponse	lower = more sensitive	1	X-102|BKM120	PR	single	GC
X-1027	BUPARLISIB	66.02	BestAvgResponse	lower = more sensitive	1	X-1027|BKM120	PD	single	CRC
X-1055	BUPARLISIB	-3.65714	BestAvgResponse	lower = more sensitive	1	X-1055|BKM120	SD	single	CRC
X-1119	BUPARLISIB	10.6	BestAvgResponse	lower = more sensitive	1	X-1119|BKM120	PD	single	CRC
X-114	BUPARLISIB	-29.5889	BestAvgResponse	lower = more sensitive	1	X-114|BKM120	SD	single	GC
X-1156	BUPARLISIB	98.45	BestAvgResponse	lower = more sensitive	1	X-1156|BKM120	PD	single	NSCLC
X-1167	BUPARLISIB	-8.8	BestAvgResponse	lower = more sensitive	1	X-1167|BKM120	SD	single	CRC
X-1172	BUPARLISIB	-60.6286	BestAvgResponse	lower = more sensitive	1	X-1172|BKM120	PR	single	NSCLC
X-1173	BUPARLISIB	-25.65	BestAvgResponse	lower = more sensitive	1	X-1173|BKM120	PR	single	CRC
X-118	BUPARLISIB	33.6333	BestAvgResponse	lower = more sensitive	1	X-118|BKM120	PD	single	GC
X-1189	BUPARLISIB	-69.6794	BestAvgResponse	lower = more sensitive	1	X-1189|BKM120	CR	single	NSCLC
X-119	BUPARLISIB	25.2	BestAvgResponse	lower = more sensitive	1	X-119|BKM120	PD	single	GC
X-1199	BUPARLISIB	0.725	BestAvgResponse	lower = more sensitive	1	X-1199|BKM120	SD	single	PDAC
X-1228	BUPARLISIB	-69.4108	BestAvgResponse	lower = more sensitive	1	X-1228|BKM120	PR	single	NSCLC
X-127	BUPARLISIB	-87.2889	BestAvgResponse	lower = more sensitive	1	X-127|BKM120	CR	single	GC
X-1270	BUPARLISIB	118.52	BestAvgResponse	lower = more sensitive	1	X-1270|BKM120	PD	single	CRC
X-128	BUPARLISIB	-87.1136	BestAvgResponse	lower = more sensitive	1	X-128|BKM120	CR	single	GC
X-1286	BUPARLISIB	-19.2683	BestAvgResponse	lower = more sensitive	1	X-1286|BKM120	SD	single	BRCA
X-1289	BUPARLISIB	82.5	BestAvgResponse	lower = more sensitive	1	X-1289|BKM120	PD	single	PDAC
X-129	BUPARLISIB	-26.95	BestAvgResponse	lower = more sensitive	1	X-129|BKM120	PR	single	GC
X-1290	BUPARLISIB	108.875	BestAvgResponse	lower = more sensitive	1	X-1290|BKM120	PD	single	CRC
X-1298	BUPARLISIB	-46.1967	BestAvgResponse	lower = more sensitive	1	X-1298|BKM120	PR	single	BRCA
X-1303	BUPARLISIB	34.5	BestAvgResponse	lower = more sensitive	1	X-1303|BKM120	PD	single	CRC
X-131	BUPARLISIB	33.36	BestAvgResponse	lower = more sensitive	1	X-131|BKM120	PD	single	GC
X-1323	BUPARLISIB	-22.325	BestAvgResponse	lower = more sensitive	1	X-1323|BKM120	SD	single	NSCLC
X-1329	BUPARLISIB	44.425	BestAvgResponse	lower = more sensitive	1	X-1329|BKM120	PD	single	CRC
X-1362	BUPARLISIB	27.275	BestAvgResponse	lower = more sensitive	1	X-1362|BKM120	PD	single	PDAC
X-1371	BUPARLISIB	8.9	BestAvgResponse	lower = more sensitive	1	X-1371|BKM120	PD	single	BRCA
X-138	BUPARLISIB	11.875	BestAvgResponse	lower = more sensitive	1	X-138|BKM120	PD	single	GC
X-1383	BUPARLISIB	-23.1	BestAvgResponse	lower = more sensitive	1	X-1383|BKM120	SD	single	BRCA
X-1407	BUPARLISIB	12.26	BestAvgResponse	lower = more sensitive	1	X-1407|BKM120	SD	single	BRCA
X-1441	BUPARLISIB	-39.8111	BestAvgResponse	lower = more sensitive	1	X-1441|BKM120	PR	single	CRC
X-1442	BUPARLISIB	24.15	BestAvgResponse	lower = more sensitive	1	X-1442|BKM120	PD	single	NSCLC
X-1443	BUPARLISIB	139.833	BestAvgResponse	lower = more sensitive	1	X-1443|BKM120	PD	single	CRC
X-1468	BUPARLISIB	-13.9417	BestAvgResponse	lower = more sensitive	1	X-1468|BKM120	SD	single	
X-1479	BUPARLISIB	5.14	BestAvgResponse	lower = more sensitive	1	X-1479|BKM120	SD	single	CRC
X-1499	BUPARLISIB	52.7	BestAvgResponse	lower = more sensitive	1	X-1499|BKM120	PD	single	NSCLC
X-1500	BUPARLISIB	-54.95	BestAvgResponse	lower = more sensitive	1	X-1500|BKM120	PR	single	CRC
X-1536	BUPARLISIB	16.18	BestAvgResponse	lower = more sensitive	1	X-1536|BKM120	PD	single	CRC
X-154	BUPARLISIB	8.11667	BestAvgResponse	lower = more sensitive	1	X-154|BKM120	SD	single	GC
X-158	BUPARLISIB	-25.28	BestAvgResponse	lower = more sensitive	1	X-158|BKM120	SD	single	GC
X-1586	BUPARLISIB	-26.7	BestAvgResponse	lower = more sensitive	1	X-1586|BKM120	SD	single	NSCLC
X-160	BUPARLISIB	-16.9692	BestAvgResponse	lower = more sensitive	1	X-160|BKM120	SD	single	GC
X-1600	BUPARLISIB	-19.88	BestAvgResponse	lower = more sensitive	1	X-1600|BKM120	SD	single	BRCA
X-161	BUPARLISIB	31.65	BestAvgResponse	lower = more sensitive	1	X-161|BKM120	PD	single	GC
X-1631	BUPARLISIB	11	BestAvgResponse	lower = more sensitive	1	X-1631|BKM120	SD	single	BRCA
X-165	BUPARLISIB	-37.1455	BestAvgResponse	lower = more sensitive	1	X-165|BKM120	PR	single	GC
X-1655	BUPARLISIB	46.9	BestAvgResponse	lower = more sensitive	1	X-1655|BKM120	PD	single	CM
X-1658	BUPARLISIB	-12.72	BestAvgResponse	lower = more sensitive	1	X-1658|BKM120	SD	single	NSCLC
X-166	BUPARLISIB	-3.22857	BestAvgResponse	lower = more sensitive	1	X-166|BKM120	SD	single	GC
X-1683	BUPARLISIB	-48.18	BestAvgResponse	lower = more sensitive	1	X-1683|BKM120	PR	single	NSCLC
X-171	BUPARLISIB	68.5	BestAvgResponse	lower = more sensitive	1	X-171|BKM120	PD	single	GC
X-1725	BUPARLISIB	10.84	BestAvgResponse	lower = more sensitive	1	X-1725|BKM120	SD	single	NSCLC
X-1787	BUPARLISIB	1.28	BestAvgResponse	lower = more sensitive	1	X-1787|BKM120	SD	single	NSCLC
X-1823	BUPARLISIB	120.175	BestAvgResponse	lower = more sensitive	1	X-1823|BKM120	PD	single	NSCLC
X-1828	BUPARLISIB	-0.64	BestAvgResponse	lower = more sensitive	1	X-1828|BKM120	SD	single	BRCA
X-1832	BUPARLISIB	36.2	BestAvgResponse	lower = more sensitive	1	X-1832|BKM120	PD	single	BRCA
X-1834	BUPARLISIB	-1.975	BestAvgResponse	lower = more sensitive	1	X-1834|BKM120	SD	single	NSCLC
X-1835	BUPARLISIB	24.58	BestAvgResponse	lower = more sensitive	1	X-1835|BKM120	PD	single	NSCLC
X-1855	BUPARLISIB	-0.166667	BestAvgResponse	lower = more sensitive	1	X-1855|BKM120	SD	single	CRC
X-1869	BUPARLISIB	-82.9571	BestAvgResponse	lower = more sensitive	1	X-1869|BKM120	CR	single	NSCLC
X-1870	BUPARLISIB	-12.85	BestAvgResponse	lower = more sensitive	1	X-1870|BKM120	SD	single	NSCLC
X-1906	BUPARLISIB	6.575	BestAvgResponse	lower = more sensitive	1	X-1906|BKM120	SD	single	CM
X-1916	BUPARLISIB	27.72	BestAvgResponse	lower = more sensitive	1	X-1916|BKM120	PD	single	BRCA
X-1921	BUPARLISIB	-3.5	BestAvgResponse	lower = more sensitive	1	X-1921|BKM120	SD	single	BRCA
X-1934	BUPARLISIB	98.4	BestAvgResponse	lower = more sensitive	1	X-1934|BKM120	PD	single	NSCLC
X-1948	BUPARLISIB	-10.3875	BestAvgResponse	lower = more sensitive	1	X-1948|BKM120	SD	single	PDAC
X-1980	BUPARLISIB	-13.95	BestAvgResponse	lower = more sensitive	1	X-1980|BKM120	SD	single	NSCLC
X-1993	BUPARLISIB	22.86	BestAvgResponse	lower = more sensitive	1	X-1993|BKM120	PD	single	NSCLC
X-2017	BUPARLISIB	39.04	BestAvgResponse	lower = more sensitive	1	X-2017|BKM120	PD	single	NSCLC
X-2026	BUPARLISIB	25.9	BestAvgResponse	lower = more sensitive	1	X-2026|BKM120	PD	single	PDAC
X-2042	BUPARLISIB	-11.1	BestAvgResponse	lower = more sensitive	1	X-2042|BKM120	SD	single	NSCLC
X-2043	BUPARLISIB	59	BestAvgResponse	lower = more sensitive	1	X-2043|BKM120	PD	single	PDAC
X-2081	BUPARLISIB	27.08	BestAvgResponse	lower = more sensitive	1	X-2081|BKM120	PD	single	PDAC
X-2082	BUPARLISIB	26.775	BestAvgResponse	lower = more sensitive	1	X-2082|BKM120	PD	single	NSCLC
X-2088	BUPARLISIB	88.475	BestAvgResponse	lower = more sensitive	1	X-2088|BKM120	PD	single	NSCLC
X-2094	BUPARLISIB	62.18	BestAvgResponse	lower = more sensitive	1	X-2094|BKM120	PD	single	NSCLC
X-2145	BUPARLISIB	-5.1	BestAvgResponse	lower = more sensitive	1	X-2145|BKM120	SD	single	CRC
X-2163	BUPARLISIB	5.38	BestAvgResponse	lower = more sensitive	1	X-2163|BKM120	SD	single	CM
X-2182	BUPARLISIB	161.6	BestAvgResponse	lower = more sensitive	1	X-2182|BKM120	PD	single	CRC
X-2195	BUPARLISIB	37.55	BestAvgResponse	lower = more sensitive	1	X-2195|BKM120	PD	single	BRCA
X-2283	BUPARLISIB	71.3	BestAvgResponse	lower = more sensitive	1	X-2283|BKM120	PD	single	PDAC
X-2306	BUPARLISIB	0.65	BestAvgResponse	lower = more sensitive	1	X-2306|BKM120	SD	single	CM
X-2339	BUPARLISIB	20.02	BestAvgResponse	lower = more sensitive	1	X-2339|BKM120	SD	single	PDAC
X-2344	BUPARLISIB	-15.6917	BestAvgResponse	lower = more sensitive	1	X-2344|BKM120	SD	single	BRCA
X-2353	BUPARLISIB	21.84	BestAvgResponse	lower = more sensitive	1	X-2353|BKM120	PD	single	BRCA
X-2374	BUPARLISIB	5.62	BestAvgResponse	lower = more sensitive	1	X-2374|BKM120	SD	single	CRC
X-2403	BUPARLISIB	15.375	BestAvgResponse	lower = more sensitive	1	X-2403|BKM120	PD	single	CRC
X-2428	BUPARLISIB	-13.125	BestAvgResponse	lower = more sensitive	1	X-2428|BKM120	SD	single	PDAC
X-2470	BUPARLISIB	10.25	BestAvgResponse	lower = more sensitive	1	X-2470|BKM120	SD	single	PDAC
X-2483	BUPARLISIB	1.55	BestAvgResponse	lower = more sensitive	1	X-2483|BKM120	SD	single	CRC
X-2484	BUPARLISIB	1.08333	BestAvgResponse	lower = more sensitive	1	X-2484|BKM120	SD	single	CRC
X-2487	BUPARLISIB	28.42	BestAvgResponse	lower = more sensitive	1	X-2487|BKM120	PD	single	BRCA
X-2524	BUPARLISIB	64.66	BestAvgResponse	lower = more sensitive	1	X-2524|BKM120	PD	single	BRCA
X-2538	BUPARLISIB	9.52	BestAvgResponse	lower = more sensitive	1	X-2538|BKM120	SD	single	CRC
X-2564	BUPARLISIB	16.1	BestAvgResponse	lower = more sensitive	1	X-2564|BKM120	SD	single	PDAC
X-2573	BUPARLISIB	33.35	BestAvgResponse	lower = more sensitive	1	X-2573|BKM120	PD	single	CRC
X-2602	BUPARLISIB	19	BestAvgResponse	lower = more sensitive	1	X-2602|BKM120	PD	single	CM
X-2613	BUPARLISIB	54.75	BestAvgResponse	lower = more sensitive	1	X-2613|BKM120	PD	single	CM
X-2633	BUPARLISIB	-12.98	BestAvgResponse	lower = more sensitive	1	X-2633|BKM120	SD	single	PDAC
X-2640	BUPARLISIB	-30.5407	BestAvgResponse	lower = more sensitive	1	X-2640|BKM120	SD	single	BRCA
X-2659	BUPARLISIB	14.85	BestAvgResponse	lower = more sensitive	1	X-2659|BKM120	PD	single	CRC
X-2684	BUPARLISIB	8.25714	BestAvgResponse	lower = more sensitive	1	X-2684|BKM120	SD	single	PDAC
X-2700	BUPARLISIB	18.2	BestAvgResponse	lower = more sensitive	1	X-2700|BKM120	PD	single	CM
X-2723	BUPARLISIB	36.8	BestAvgResponse	lower = more sensitive	1	X-2723|BKM120	PD	single	CM
X-2753	BUPARLISIB	3.675	BestAvgResponse	lower = more sensitive	1	X-2753|BKM120	PD	single	CM
X-2780	BUPARLISIB	-8.57143	BestAvgResponse	lower = more sensitive	1	X-2780|BKM120	SD	single	BRCA
X-2822	BUPARLISIB	5.18	BestAvgResponse	lower = more sensitive	1	X-2822|BKM120	SD	single	CRC
X-2838	BUPARLISIB	14.22	BestAvgResponse	lower = more sensitive	1	X-2838|BKM120	SD	single	CM
X-2846	BUPARLISIB	-6	BestAvgResponse	lower = more sensitive	1	X-2846|BKM120	SD	single	CRC
X-2861	BUPARLISIB	30.1	BestAvgResponse	lower = more sensitive	1	X-2861|BKM120	PD	single	CRC
X-2921	BUPARLISIB	50.125	BestAvgResponse	lower = more sensitive	1	X-2921|BKM120	PD	single	CM
X-2992	BUPARLISIB	49.125	BestAvgResponse	lower = more sensitive	1	X-2992|BKM120	PD	single	CM
X-2997	BUPARLISIB	14.8	BestAvgResponse	lower = more sensitive	1	X-2997|BKM120	PD	single	PDAC
X-3028	BUPARLISIB	2.08	BestAvgResponse	lower = more sensitive	1	X-3028|BKM120	SD	single	PDAC
X-3029	BUPARLISIB	-57.8074	BestAvgResponse	lower = more sensitive	1	X-3029|BKM120	PR	single	NSCLC
X-3038	BUPARLISIB	-0.14	BestAvgResponse	lower = more sensitive	1	X-3038|BKM120	SD	single	PDAC
X-3052	BUPARLISIB	0.08	BestAvgResponse	lower = more sensitive	1	X-3052|BKM120	SD	single	PDAC
X-3077	BUPARLISIB	-42.8444	BestAvgResponse	lower = more sensitive	1	X-3077|BKM120	PR	single	BRCA
X-3078	BUPARLISIB	7.9	BestAvgResponse	lower = more sensitive	1	X-3078|BKM120	PD	single	BRCA
X-3093	BUPARLISIB	8.125	BestAvgResponse	lower = more sensitive	1	X-3093|BKM120	SD	single	CRC
X-3127	BUPARLISIB	10.8	BestAvgResponse	lower = more sensitive	1	X-3127|BKM120	PD	single	CM
X-3201	BUPARLISIB	64.56	BestAvgResponse	lower = more sensitive	1	X-3201|BKM120	PD	single	BRCA
X-3205	BUPARLISIB	-0.775	BestAvgResponse	lower = more sensitive	1	X-3205|BKM120	SD	single	CRC
X-3209	BUPARLISIB	-6.45	BestAvgResponse	lower = more sensitive	1	X-3209|BKM120	SD	single	PDAC
X-3211	BUPARLISIB	-12.34	BestAvgResponse	lower = more sensitive	1	X-3211|BKM120	SD	single	CM
X-3224	BUPARLISIB	-13.95	BestAvgResponse	lower = more sensitive	1	X-3224|BKM120	SD	single	CRC
X-3237	BUPARLISIB	4.76	BestAvgResponse	lower = more sensitive	1	X-3237|BKM120	PD	single	NSCLC
X-3267	BUPARLISIB	-0.66	BestAvgResponse	lower = more sensitive	1	X-3267|BKM120	SD	single	CRC
X-3268	BUPARLISIB	-7.18333	BestAvgResponse	lower = more sensitive	1	X-3268|BKM120	SD	single	PDAC
X-3298	BUPARLISIB	19.55	BestAvgResponse	lower = more sensitive	1	X-3298|BKM120	PD	single	BRCA
X-3450	BUPARLISIB	-34.9846	BestAvgResponse	lower = more sensitive	1	X-3450|BKM120	PR	single	BRCA
X-3468	BUPARLISIB	-2.76296	BestAvgResponse	lower = more sensitive	1	X-3468|BKM120	SD	single	BRCA
X-3483	BUPARLISIB	-16.04	BestAvgResponse	lower = more sensitive	1	X-3483|BKM120	SD	single	CM
X-3486	BUPARLISIB	25.04	BestAvgResponse	lower = more sensitive	1	X-3486|BKM120	PD	single	CM
X-3503	BUPARLISIB	19.16	BestAvgResponse	lower = more sensitive	1	X-3503|BKM120	PD	single	CM
X-3676	BUPARLISIB	70.52	BestAvgResponse	lower = more sensitive	1	X-3676|BKM120	PD	single	CM
X-3697	BUPARLISIB	-2.67	BestAvgResponse	lower = more sensitive	1	X-3697|BKM120	SD	single	BRCA
X-3746	BUPARLISIB	-3.46667	BestAvgResponse	lower = more sensitive	1	X-3746|BKM120	PD	single	CM
X-3773	BUPARLISIB	21.04	BestAvgResponse	lower = more sensitive	1	X-3773|BKM120	PD	single	CM
X-3792	BUPARLISIB	16.075	BestAvgResponse	lower = more sensitive	1	X-3792|BKM120	PD	single	CRC
X-3800	BUPARLISIB	17.725	BestAvgResponse	lower = more sensitive	1	X-3800|BKM120	SD	single	PDAC
X-3816	BUPARLISIB	15	BestAvgResponse	lower = more sensitive	1	X-3816|BKM120	PD	single	PDAC
X-3843	BUPARLISIB	47	BestAvgResponse	lower = more sensitive	1	X-3843|BKM120	PD	single	NSCLC
X-3846	BUPARLISIB	-18.9	BestAvgResponse	lower = more sensitive	1	X-3846|BKM120	SD	single	PDAC
X-3851	BUPARLISIB	15.52	BestAvgResponse	lower = more sensitive	1	X-3851|BKM120	PD	single	CM
X-3873	BUPARLISIB	-30.1	BestAvgResponse	lower = more sensitive	1	X-3873|BKM120	SD	single	BRCA
X-3880	BUPARLISIB	17.48	BestAvgResponse	lower = more sensitive	1	X-3880|BKM120	SD	single	CM
X-3898	BUPARLISIB	10.7	BestAvgResponse	lower = more sensitive	1	X-3898|BKM120	SD	single	PDAC
X-3947	BUPARLISIB	121.12	BestAvgResponse	lower = more sensitive	1	X-3947|BKM120	PD	single	PDAC
X-3990	BUPARLISIB	76.55	BestAvgResponse	lower = more sensitive	1	X-3990|BKM120	PD	single	PDAC
X-4018	BUPARLISIB	50.75	BestAvgResponse	lower = more sensitive	1	X-4018|BKM120	PD	single	PDAC
X-4087	BUPARLISIB	21.825	BestAvgResponse	lower = more sensitive	1	X-4087|BKM120	PD	single	CRC
X-4145	BUPARLISIB	64.8	BestAvgResponse	lower = more sensitive	1	X-4145|BKM120	PD	single	CRC
X-4157	BUPARLISIB	9.5	BestAvgResponse	lower = more sensitive	1	X-4157|BKM120	PD	single	CM
X-4215	BUPARLISIB	40.6	BestAvgResponse	lower = more sensitive	1	X-4215|BKM120	PD	single	PDAC
X-4226	BUPARLISIB	10.3167	BestAvgResponse	lower = more sensitive	1	X-4226|BKM120	SD	single	PDAC
X-4316	BUPARLISIB	19.98	BestAvgResponse	lower = more sensitive	1	X-4316|BKM120	PD	single	PDAC
X-4339	BUPARLISIB	-10.2429	BestAvgResponse	lower = more sensitive	1	X-4339|BKM120	SD	single	CM
X-4347	BUPARLISIB	-11.7	BestAvgResponse	lower = more sensitive	1	X-4347|BKM120	SD	single	BRCA
X-4377	BUPARLISIB	20.58	BestAvgResponse	lower = more sensitive	1	X-4377|BKM120	PD	single	PDAC
X-4378	BUPARLISIB	21.275	BestAvgResponse	lower = more sensitive	1	X-4378|BKM120	PD	single	PDAC
X-4426	BUPARLISIB	47.25	BestAvgResponse	lower = more sensitive	1	X-4426|BKM120	PD	single	CM
X-4439	BUPARLISIB	-14.7333	BestAvgResponse	lower = more sensitive	1	X-4439|BKM120	SD	single	PDAC
X-4455	BUPARLISIB	131.975	BestAvgResponse	lower = more sensitive	1	X-4455|BKM120	PD	single	CM
X-4530	BUPARLISIB	8.575	BestAvgResponse	lower = more sensitive	1	X-4530|BKM120	PD	single	CM
X-4538	BUPARLISIB	1.975	BestAvgResponse	lower = more sensitive	1	X-4538|BKM120	SD	single	CM
X-4567	BUPARLISIB	-84.8435	BestAvgResponse	lower = more sensitive	1	X-4567|BKM120	CR	single	BRCA
X-4644	BUPARLISIB	12.7	BestAvgResponse	lower = more sensitive	1	X-4644|BKM120	PD	single	CM
X-4649	BUPARLISIB	19.26	BestAvgResponse	lower = more sensitive	1	X-4649|BKM120	SD	single	PDAC
X-4668	BUPARLISIB	43	BestAvgResponse	lower = more sensitive	1	X-4668|BKM120	PD	single	CM
X-4676	BUPARLISIB	7.275	BestAvgResponse	lower = more sensitive	1	X-4676|BKM120	SD	single	PDAC
X-4819	BUPARLISIB	204.82	BestAvgResponse	lower = more sensitive	1	X-4819|BKM120	PD	single	NSCLC
X-4824	BUPARLISIB	-5.4375	BestAvgResponse	lower = more sensitive	1	X-4824|BKM120	SD	single	BRCA
X-4832	BUPARLISIB	121.5	BestAvgResponse	lower = more sensitive	1	X-4832|BKM120	PD	single	CM
X-4849	BUPARLISIB	67.12	BestAvgResponse	lower = more sensitive	1	X-4849|BKM120	PD	single	CM
X-4888	BUPARLISIB	24.45	BestAvgResponse	lower = more sensitive	1	X-4888|BKM120	PD	single	BRCA
X-4927	BUPARLISIB	161.1	BestAvgResponse	lower = more sensitive	1	X-4927|BKM120	PD	single	PDAC
X-4949	BUPARLISIB	-21.1667	BestAvgResponse	lower = more sensitive	1	X-4949|BKM120	SD	single	BRCA
X-5189	BUPARLISIB	-0.2	BestAvgResponse	lower = more sensitive	1	X-5189|BKM120	SD	single	CM
X-5205	BUPARLISIB	26	BestAvgResponse	lower = more sensitive	1	X-5205|BKM120	PD	single	PDAC
X-5249	BUPARLISIB	-18.18	BestAvgResponse	lower = more sensitive	1	X-5249|BKM120	SD	single	BRCA
X-5254	BUPARLISIB	4.3	BestAvgResponse	lower = more sensitive	1	X-5254|BKM120	PD	single	CRC
X-5355	BUPARLISIB	-48.4708	BestAvgResponse	lower = more sensitive	1	X-5355|BKM120	PR	single	BRCA
X-5405	BUPARLISIB	-0.325	BestAvgResponse	lower = more sensitive	1	X-5405|BKM120	PD	single	CRC
X-5438	BUPARLISIB	-5.125	BestAvgResponse	lower = more sensitive	1	X-5438|BKM120	SD	single	CRC
X-5446	BUPARLISIB	39.975	BestAvgResponse	lower = more sensitive	1	X-5446|BKM120	PD	single	CRC
X-5494	BUPARLISIB	-11.2591	BestAvgResponse	lower = more sensitive	1	X-5494|BKM120	SD	single	CRC
X-5495	BUPARLISIB	3.18571	BestAvgResponse	lower = more sensitive	1	X-5495|BKM120	SD	single	CRC
X-5502	BUPARLISIB	7.00312	BestAvgResponse	lower = more sensitive	1	X-5502|BKM120	SD	single	BRCA
X-5578	BUPARLISIB	1	BestAvgResponse	lower = more sensitive	1	X-5578|BKM120	SD	single	CRC
X-5975	BUPARLISIB	22.475	BestAvgResponse	lower = more sensitive	1	X-5975|BKM120	PD	single	BRCA
X-6047	BUPARLISIB	15.3	BestAvgResponse	lower = more sensitive	1	X-6047|BKM120	PD	single	BRCA
X-0991	BUPARLISIB + BINIMETINIB	-34.1	BestAvgResponse	lower = more sensitive	1	X-0991|BKM120 + binimetinib	PR	combo	PDAC
X-1156	BUPARLISIB + BINIMETINIB	57	BestAvgResponse	lower = more sensitive	1	X-1156|BKM120 + binimetinib	PD	combo	NSCLC
X-1172	BUPARLISIB + BINIMETINIB	-38.25	BestAvgResponse	lower = more sensitive	1	X-1172|BKM120 + binimetinib	SD	combo	NSCLC
X-1189	BUPARLISIB + BINIMETINIB	37.65	BestAvgResponse	lower = more sensitive	1	X-1189|BKM120 + binimetinib	PD	combo	NSCLC
X-1199	BUPARLISIB + BINIMETINIB	-34.7833	BestAvgResponse	lower = more sensitive	1	X-1199|BKM120 + binimetinib	PR	combo	PDAC
X-1228	BUPARLISIB + BINIMETINIB	-86.2385	BestAvgResponse	lower = more sensitive	1	X-1228|BKM120 + binimetinib	CR	combo	NSCLC
X-1317	BUPARLISIB + BINIMETINIB	-53.8875	BestAvgResponse	lower = more sensitive	1	X-1317|BKM120 + binimetinib	PR	combo	PDAC
X-1323	BUPARLISIB + BINIMETINIB	-24.56	BestAvgResponse	lower = more sensitive	1	X-1323|BKM120 + binimetinib	SD	combo	NSCLC
X-1362	BUPARLISIB + BINIMETINIB	-6.75	BestAvgResponse	lower = more sensitive	1	X-1362|BKM120 + binimetinib	SD	combo	PDAC
X-1442	BUPARLISIB + BINIMETINIB	-48.6484	BestAvgResponse	lower = more sensitive	1	X-1442|BKM120 + binimetinib	CR	combo	NSCLC
X-1499	BUPARLISIB + BINIMETINIB	30.94	BestAvgResponse	lower = more sensitive	1	X-1499|BKM120 + binimetinib	PD	combo	NSCLC
X-1586	BUPARLISIB + BINIMETINIB	-53.12	BestAvgResponse	lower = more sensitive	1	X-1586|BKM120 + binimetinib	PR	combo	NSCLC
X-1658	BUPARLISIB + BINIMETINIB	-16.12	BestAvgResponse	lower = more sensitive	1	X-1658|BKM120 + binimetinib	SD	combo	NSCLC
X-1683	BUPARLISIB + BINIMETINIB	-69.2806	BestAvgResponse	lower = more sensitive	1	X-1683|BKM120 + binimetinib	PR	combo	NSCLC
X-1725	BUPARLISIB + BINIMETINIB	-21.16	BestAvgResponse	lower = more sensitive	1	X-1725|BKM120 + binimetinib	SD	combo	NSCLC
X-1787	BUPARLISIB + BINIMETINIB	19.25	BestAvgResponse	lower = more sensitive	1	X-1787|BKM120 + binimetinib	SD	combo	NSCLC
X-1823	BUPARLISIB + BINIMETINIB	21.575	BestAvgResponse	lower = more sensitive	1	X-1823|BKM120 + binimetinib	PD	combo	NSCLC
X-1834	BUPARLISIB + BINIMETINIB	9.375	BestAvgResponse	lower = more sensitive	1	X-1834|BKM120 + binimetinib	SD	combo	NSCLC
X-1835	BUPARLISIB + BINIMETINIB	35.0833	BestAvgResponse	lower = more sensitive	1	X-1835|BKM120 + binimetinib	PD	combo	NSCLC
X-1869	BUPARLISIB + BINIMETINIB	-57.1	BestAvgResponse	lower = more sensitive	1	X-1869|BKM120 + binimetinib	CR	combo	NSCLC
X-1870	BUPARLISIB + BINIMETINIB	-19.65	BestAvgResponse	lower = more sensitive	1	X-1870|BKM120 + binimetinib	SD	combo	NSCLC
X-1934	BUPARLISIB + BINIMETINIB	65.6	BestAvgResponse	lower = more sensitive	1	X-1934|BKM120 + binimetinib	PD	combo	NSCLC
X-1948	BUPARLISIB + BINIMETINIB	28.6	BestAvgResponse	lower = more sensitive	1	X-1948|BKM120 + binimetinib	SD	combo	PDAC
X-1959	BUPARLISIB + BINIMETINIB	-27.3286	BestAvgResponse	lower = more sensitive	1	X-1959|BKM120 + binimetinib	PR	combo	PDAC
X-1980	BUPARLISIB + BINIMETINIB	-9.89	BestAvgResponse	lower = more sensitive	1	X-1980|BKM120 + binimetinib	SD	combo	NSCLC
X-1993	BUPARLISIB + BINIMETINIB	1.275	BestAvgResponse	lower = more sensitive	1	X-1993|BKM120 + binimetinib	PD	combo	NSCLC
X-2017	BUPARLISIB + BINIMETINIB	-25.6333	BestAvgResponse	lower = more sensitive	1	X-2017|BKM120 + binimetinib	SD	combo	NSCLC
X-2026	BUPARLISIB + BINIMETINIB	-0.818182	BestAvgResponse	lower = more sensitive	1	X-2026|BKM120 + binimetinib	SD	combo	PDAC
X-2042	BUPARLISIB + BINIMETINIB	-35.64	BestAvgResponse	lower = more sensitive	1	X-2042|BKM120 + binimetinib	PR	combo	NSCLC
X-2043	BUPARLISIB + BINIMETINIB	5.03333	BestAvgResponse	lower = more sensitive	1	X-2043|BKM120 + binimetinib	SD	combo	PDAC
X-2081	BUPARLISIB + BINIMETINIB	-35.03	BestAvgResponse	lower = more sensitive	1	X-2081|BKM120 + binimetinib	PR	combo	PDAC
X-2082	BUPARLISIB + BINIMETINIB	-9.3	BestAvgResponse	lower = more sensitive	1	X-2082|BKM120 + binimetinib	SD	combo	NSCLC
X-2088	BUPARLISIB + BINIMETINIB	139.5	BestAvgResponse	lower = more sensitive	1	X-2088|BKM120 + binimetinib	PD	combo	NSCLC
X-2094	BUPARLISIB + BINIMETINIB	21.66	BestAvgResponse	lower = more sensitive	1	X-2094|BKM120 + binimetinib	PD	combo	NSCLC
X-2339	BUPARLISIB + BINIMETINIB	-45.3857	BestAvgResponse	lower = more sensitive	1	X-2339|BKM120 + binimetinib	PR	combo	PDAC
X-2428	BUPARLISIB + BINIMETINIB	-40.7652	BestAvgResponse	lower = more sensitive	1	X-2428|BKM120 + binimetinib	PR	combo	PDAC
X-2564	BUPARLISIB + BINIMETINIB	1.48421	BestAvgResponse	lower = more sensitive	1	X-2564|BKM120 + binimetinib	SD	combo	PDAC
X-2633	BUPARLISIB + BINIMETINIB	-47.9486	BestAvgResponse	lower = more sensitive	1	X-2633|BKM120 + binimetinib	PR	combo	PDAC
X-2684	BUPARLISIB + BINIMETINIB	-10.1	BestAvgResponse	lower = more sensitive	1	X-2684|BKM120 + binimetinib	SD	combo	PDAC
X-2997	BUPARLISIB + BINIMETINIB	5.05556	BestAvgResponse	lower = more sensitive	1	X-2997|BKM120 + binimetinib	SD	combo	PDAC
X-3028	BUPARLISIB + BINIMETINIB	0.55	BestAvgResponse	lower = more sensitive	1	X-3028|BKM120 + binimetinib	SD	combo	PDAC
X-3029	BUPARLISIB + BINIMETINIB	-46.2185	BestAvgResponse	lower = more sensitive	1	X-3029|BKM120 + binimetinib	PR	combo	NSCLC
X-3038	BUPARLISIB + BINIMETINIB	-8.7625	BestAvgResponse	lower = more sensitive	1	X-3038|BKM120 + binimetinib	SD	combo	PDAC
X-3052	BUPARLISIB + BINIMETINIB	-6.43333	BestAvgResponse	lower = more sensitive	1	X-3052|BKM120 + binimetinib	SD	combo	PDAC
X-3209	BUPARLISIB + BINIMETINIB	-31.5333	BestAvgResponse	lower = more sensitive	1	X-3209|BKM120 + binimetinib	PR	combo	PDAC
X-3237	BUPARLISIB + BINIMETINIB	-22.38	BestAvgResponse	lower = more sensitive	1	X-3237|BKM120 + binimetinib	SD	combo	NSCLC
X-3268	BUPARLISIB + BINIMETINIB	5.87143	BestAvgResponse	lower = more sensitive	1	X-3268|BKM120 + binimetinib	SD	combo	PDAC
X-3782	BUPARLISIB + BINIMETINIB	-24.45	BestAvgResponse	lower = more sensitive	1	X-3782|BKM120 + binimetinib	PR	combo	
X-3800	BUPARLISIB + BINIMETINIB	-68.7833	BestAvgResponse	lower = more sensitive	1	X-3800|BKM120 + binimetinib	CR	combo	PDAC
X-3816	BUPARLISIB + BINIMETINIB	39.475	BestAvgResponse	lower = more sensitive	1	X-3816|BKM120 + binimetinib	PD	combo	PDAC
X-3843	BUPARLISIB + BINIMETINIB	29.725	BestAvgResponse	lower = more sensitive	1	X-3843|BKM120 + binimetinib	PD	combo	NSCLC
X-3846	BUPARLISIB + BINIMETINIB	-14.2188	BestAvgResponse	lower = more sensitive	1	X-3846|BKM120 + binimetinib	SD	combo	PDAC
X-3898	BUPARLISIB + BINIMETINIB	52.14	BestAvgResponse	lower = more sensitive	1	X-3898|BKM120 + binimetinib	PD	combo	PDAC
X-3947	BUPARLISIB + BINIMETINIB	-28.1538	BestAvgResponse	lower = more sensitive	1	X-3947|BKM120 + binimetinib	SD	combo	PDAC
X-3990	BUPARLISIB + BINIMETINIB	-27.6786	BestAvgResponse	lower = more sensitive	1	X-3990|BKM120 + binimetinib	PR	combo	PDAC
X-4015	BUPARLISIB + BINIMETINIB	34.24	BestAvgResponse	lower = more sensitive	1	X-4015|BKM120 + binimetinib	PD	combo	PDAC
X-4018	BUPARLISIB + BINIMETINIB	-16.335	BestAvgResponse	lower = more sensitive	1	X-4018|BKM120 + binimetinib	SD	combo	PDAC
X-4145	BUPARLISIB + BINIMETINIB	20.9857	BestAvgResponse	lower = more sensitive	1	X-4145|BKM120 + binimetinib	SD	combo	CRC
X-4226	BUPARLISIB + BINIMETINIB	-1.95455	BestAvgResponse	lower = more sensitive	1	X-4226|BKM120 + binimetinib	SD	combo	PDAC
X-4377	BUPARLISIB + BINIMETINIB	3.31667	BestAvgResponse	lower = more sensitive	1	X-4377|BKM120 + binimetinib	SD	combo	PDAC
X-4378	BUPARLISIB + BINIMETINIB	-5.61429	BestAvgResponse	lower = more sensitive	1	X-4378|BKM120 + binimetinib	SD	combo	PDAC
X-4439	BUPARLISIB + BINIMETINIB	-24.2704	BestAvgResponse	lower = more sensitive	1	X-4439|BKM120 + binimetinib	PR	combo	PDAC
X-4649	BUPARLISIB + BINIMETINIB	-10.5875	BestAvgResponse	lower = more sensitive	1	X-4649|BKM120 + binimetinib	SD	combo	PDAC
X-4676	BUPARLISIB + BINIMETINIB	-46.4346	BestAvgResponse	lower = more sensitive	1	X-4676|BKM120 + binimetinib	CR	combo	PDAC
X-4819	BUPARLISIB + BINIMETINIB	133.9	BestAvgResponse	lower = more sensitive	1	X-4819|BKM120 + binimetinib	PD	combo	NSCLC
X-4927	BUPARLISIB + BINIMETINIB	-30.6042	BestAvgResponse	lower = more sensitive	1	X-4927|BKM120 + binimetinib	PR	combo	PDAC
X-5205	BUPARLISIB + BINIMETINIB	-25.4846	BestAvgResponse	lower = more sensitive	1	X-5205|BKM120 + binimetinib	SD	combo	PDAC
X-1655	BUPARLISIB + ENCORAFENIB	46.65	BestAvgResponse	lower = more sensitive	1	X-1655|BKM120 + encorafenib	PD	combo	CM
X-1906	BUPARLISIB + ENCORAFENIB	-95.3694	BestAvgResponse	lower = more sensitive	1	X-1906|BKM120 + encorafenib	CR	combo	CM
X-2163	BUPARLISIB + ENCORAFENIB	7	BestAvgResponse	lower = more sensitive	1	X-2163|BKM120 + encorafenib	PD	combo	CM
X-2306	BUPARLISIB + ENCORAFENIB	16.225	BestAvgResponse	lower = more sensitive	1	X-2306|BKM120 + encorafenib	PD	combo	CM
X-2602	BUPARLISIB + ENCORAFENIB	-17.925	BestAvgResponse	lower = more sensitive	1	X-2602|BKM120 + encorafenib	SD	combo	CM
X-2613	BUPARLISIB + ENCORAFENIB	-60.1833	BestAvgResponse	lower = more sensitive	1	X-2613|BKM120 + encorafenib	PR	combo	CM
X-2700	BUPARLISIB + ENCORAFENIB	20.375	BestAvgResponse	lower = more sensitive	1	X-2700|BKM120 + encorafenib	PD	combo	CM
X-2723	BUPARLISIB + ENCORAFENIB	-60.6571	BestAvgResponse	lower = more sensitive	1	X-2723|BKM120 + encorafenib	PR	combo	CM
X-2753	BUPARLISIB + ENCORAFENIB	95.375	BestAvgResponse	lower = more sensitive	1	X-2753|BKM120 + encorafenib	PD	combo	CM
X-2838	BUPARLISIB + ENCORAFENIB	-16.6143	BestAvgResponse	lower = more sensitive	1	X-2838|BKM120 + encorafenib	SD	combo	CM
X-2921	BUPARLISIB + ENCORAFENIB	-92.9562	BestAvgResponse	lower = more sensitive	1	X-2921|BKM120 + encorafenib	CR	combo	CM
X-2992	BUPARLISIB + ENCORAFENIB	-46.95	BestAvgResponse	lower = more sensitive	1	X-2992|BKM120 + encorafenib	PR	combo	CM
X-3127	BUPARLISIB + ENCORAFENIB	15.98	BestAvgResponse	lower = more sensitive	1	X-3127|BKM120 + encorafenib	SD	combo	CM
X-3211	BUPARLISIB + ENCORAFENIB	-80.9614	BestAvgResponse	lower = more sensitive	1	X-3211|BKM120 + encorafenib	CR	combo	CM
X-3483	BUPARLISIB + ENCORAFENIB	-96.7	BestAvgResponse	lower = more sensitive	1	X-3483|BKM120 + encorafenib	CR	combo	CM
X-3486	BUPARLISIB + ENCORAFENIB	65.2	BestAvgResponse	lower = more sensitive	1	X-3486|BKM120 + encorafenib	PD	combo	CM
X-3503	BUPARLISIB + ENCORAFENIB	-1.86364	BestAvgResponse	lower = more sensitive	1	X-3503|BKM120 + encorafenib	SD	combo	CM
X-3676	BUPARLISIB + ENCORAFENIB	-25.78	BestAvgResponse	lower = more sensitive	1	X-3676|BKM120 + encorafenib	SD	combo	CM
X-3746	BUPARLISIB + ENCORAFENIB	-94.9844	BestAvgResponse	lower = more sensitive	1	X-3746|BKM120 + encorafenib	CR	combo	CM
X-3773	BUPARLISIB + ENCORAFENIB	9.96	BestAvgResponse	lower = more sensitive	1	X-3773|BKM120 + encorafenib	PD	combo	CM
X-3851	BUPARLISIB + ENCORAFENIB	-2.3	BestAvgResponse	lower = more sensitive	1	X-3851|BKM120 + encorafenib	PD	combo	CM
X-3880	BUPARLISIB + ENCORAFENIB	6.9	BestAvgResponse	lower = more sensitive	1	X-3880|BKM120 + encorafenib	SD	combo	CM
X-4157	BUPARLISIB + ENCORAFENIB	9.76	BestAvgResponse	lower = more sensitive	1	X-4157|BKM120 + encorafenib	SD	combo	CM
X-4339	BUPARLISIB + ENCORAFENIB	3.36	BestAvgResponse	lower = more sensitive	1	X-4339|BKM120 + encorafenib	SD	combo	CM
X-4426	BUPARLISIB + ENCORAFENIB	52	BestAvgResponse	lower = more sensitive	1	X-4426|BKM120 + encorafenib	PD	combo	CM
X-4455	BUPARLISIB + ENCORAFENIB	79.46	BestAvgResponse	lower = more sensitive	1	X-4455|BKM120 + encorafenib	PD	combo	CM
X-4530	BUPARLISIB + ENCORAFENIB	-14.7	BestAvgResponse	lower = more sensitive	1	X-4530|BKM120 + encorafenib	SD	combo	CM
X-4538	BUPARLISIB + ENCORAFENIB	-49.2	BestAvgResponse	lower = more sensitive	1	X-4538|BKM120 + encorafenib	PR	combo	CM
X-4644	BUPARLISIB + ENCORAFENIB	-94.55	BestAvgResponse	lower = more sensitive	1	X-4644|BKM120 + encorafenib	CR	combo	CM
X-4668	BUPARLISIB + ENCORAFENIB	-20.06	BestAvgResponse	lower = more sensitive	1	X-4668|BKM120 + encorafenib	SD	combo	CM
X-4832	BUPARLISIB + ENCORAFENIB	63.25	BestAvgResponse	lower = more sensitive	1	X-4832|BKM120 + encorafenib	PD	combo	CM
X-4849	BUPARLISIB + ENCORAFENIB	-48.1962	BestAvgResponse	lower = more sensitive	1	X-4849|BKM120 + encorafenib	PR	combo	CM
X-5189	BUPARLISIB + ENCORAFENIB	12.65	BestAvgResponse	lower = more sensitive	1	X-5189|BKM120 + encorafenib	PD	combo	CM
X-0933	BUPARLISIB + LJC049	11.025	BestAvgResponse	lower = more sensitive	1	X-0933|BKM120 + LJC049	PD	combo	CRC
X-1027	BUPARLISIB + LJC049	176.15	BestAvgResponse	lower = more sensitive	1	X-1027|BKM120 + LJC049	PD	combo	CRC
X-1055	BUPARLISIB + LJC049	-11.7867	BestAvgResponse	lower = more sensitive	1	X-1055|BKM120 + LJC049	SD	combo	CRC
X-1119	BUPARLISIB + LJC049	58.275	BestAvgResponse	lower = more sensitive	1	X-1119|BKM120 + LJC049	PD	combo	CRC
X-1167	BUPARLISIB + LJC049	116.425	BestAvgResponse	lower = more sensitive	1	X-1167|BKM120 + LJC049	PD	combo	CRC
X-1173	BUPARLISIB + LJC049	16.46	BestAvgResponse	lower = more sensitive	1	X-1173|BKM120 + LJC049	SD	combo	CRC
X-1270	BUPARLISIB + LJC049	1.82	BestAvgResponse	lower = more sensitive	1	X-1270|BKM120 + LJC049	SD	combo	CRC
X-1290	BUPARLISIB + LJC049	7.38	BestAvgResponse	lower = more sensitive	1	X-1290|BKM120 + LJC049	SD	combo	CRC
X-1329	BUPARLISIB + LJC049	122.425	BestAvgResponse	lower = more sensitive	1	X-1329|BKM120 + LJC049	PD	combo	CRC
X-1441	BUPARLISIB + LJC049	-8.15	BestAvgResponse	lower = more sensitive	1	X-1441|BKM120 + LJC049	SD	combo	CRC
X-1443	BUPARLISIB + LJC049	9.125	BestAvgResponse	lower = more sensitive	1	X-1443|BKM120 + LJC049	PD	combo	CRC
X-1479	BUPARLISIB + LJC049	-2	BestAvgResponse	lower = more sensitive	1	X-1479|BKM120 + LJC049	SD	combo	CRC
X-1500	BUPARLISIB + LJC049	-22.1286	BestAvgResponse	lower = more sensitive	1	X-1500|BKM120 + LJC049	PR	combo	CRC
X-1536	BUPARLISIB + LJC049	-0.9	BestAvgResponse	lower = more sensitive	1	X-1536|BKM120 + LJC049	SD	combo	CRC
X-1855	BUPARLISIB + LJC049	3.95	BestAvgResponse	lower = more sensitive	1	X-1855|BKM120 + LJC049	PD	combo	CRC
X-2145	BUPARLISIB + LJC049	6.2	BestAvgResponse	lower = more sensitive	1	X-2145|BKM120 + LJC049	SD	combo	CRC
X-2182	BUPARLISIB + LJC049	240.6	BestAvgResponse	lower = more sensitive	1	X-2182|BKM120 + LJC049	PD	combo	CRC
X-2239	BUPARLISIB + LJC049	25.7	BestAvgResponse	lower = more sensitive	1	X-2239|BKM120 + LJC049	PD	combo	CRC
X-2374	BUPARLISIB + LJC049	31.3	BestAvgResponse	lower = more sensitive	1	X-2374|BKM120 + LJC049	PD	combo	CRC
X-2403	BUPARLISIB + LJC049	48.06	BestAvgResponse	lower = more sensitive	1	X-2403|BKM120 + LJC049	PD	combo	CRC
X-2483	BUPARLISIB + LJC049	9.625	BestAvgResponse	lower = more sensitive	1	X-2483|BKM120 + LJC049	PD	combo	CRC
X-2484	BUPARLISIB + LJC049	25.06	BestAvgResponse	lower = more sensitive	1	X-2484|BKM120 + LJC049	PD	combo	CRC
X-2538	BUPARLISIB + LJC049	-9.35	BestAvgResponse	lower = more sensitive	1	X-2538|BKM120 + LJC049	SD	combo	CRC
X-2573	BUPARLISIB + LJC049	-43.3	BestAvgResponse	lower = more sensitive	1	X-2573|BKM120 + LJC049	PR	combo	CRC
X-2659	BUPARLISIB + LJC049	17.94	BestAvgResponse	lower = more sensitive	1	X-2659|BKM120 + LJC049	PD	combo	CRC
X-2822	BUPARLISIB + LJC049	3.64	BestAvgResponse	lower = more sensitive	1	X-2822|BKM120 + LJC049	PD	combo	CRC
X-2846	BUPARLISIB + LJC049	17.35	BestAvgResponse	lower = more sensitive	1	X-2846|BKM120 + LJC049	PD	combo	CRC
X-2861	BUPARLISIB + LJC049	44.025	BestAvgResponse	lower = more sensitive	1	X-2861|BKM120 + LJC049	PD	combo	CRC
X-3093	BUPARLISIB + LJC049	9.72	BestAvgResponse	lower = more sensitive	1	X-3093|BKM120 + LJC049	PD	combo	CRC
X-3205	BUPARLISIB + LJC049	3.88	BestAvgResponse	lower = more sensitive	1	X-3205|BKM120 + LJC049	SD	combo	CRC
X-3224	BUPARLISIB + LJC049	232.925	BestAvgResponse	lower = more sensitive	1	X-3224|BKM120 + LJC049	PD	combo	CRC
X-3267	BUPARLISIB + LJC049	-3.61667	BestAvgResponse	lower = more sensitive	1	X-3267|BKM120 + LJC049	SD	combo	CRC
X-3792	BUPARLISIB + LJC049	42.7	BestAvgResponse	lower = more sensitive	1	X-3792|BKM120 + LJC049	PD	combo	CRC
X-4087	BUPARLISIB + LJC049	112.92	BestAvgResponse	lower = more sensitive	1	X-4087|BKM120 + LJC049	PD	combo	CRC
X-5254	BUPARLISIB + LJC049	42.375	BestAvgResponse	lower = more sensitive	1	X-5254|BKM120 + LJC049	PD	combo	CRC
X-5405	BUPARLISIB + LJC049	5.6	BestAvgResponse	lower = more sensitive	1	X-5405|BKM120 + LJC049	SD	combo	CRC
X-5438	BUPARLISIB + LJC049	53.025	BestAvgResponse	lower = more sensitive	1	X-5438|BKM120 + LJC049	PD	combo	CRC
X-5446	BUPARLISIB + LJC049	31.1	BestAvgResponse	lower = more sensitive	1	X-5446|BKM120 + LJC049	PD	combo	CRC
X-5494	BUPARLISIB + LJC049	-21.8952	BestAvgResponse	lower = more sensitive	1	X-5494|BKM120 + LJC049	SD	combo	CRC
X-5495	BUPARLISIB + LJC049	12.95	BestAvgResponse	lower = more sensitive	1	X-5495|BKM120 + LJC049	SD	combo	CRC
X-5578	BUPARLISIB + LJC049	-5.58	BestAvgResponse	lower = more sensitive	1	X-5578|BKM120 + LJC049	SD	combo	CRC
X-0991	BUPARLISIB + SONIDEGIB	-13.05	BestAvgResponse	lower = more sensitive	1	X-0991|BKM120 + LDE225	SD	combo	PDAC
X-1199	BUPARLISIB + SONIDEGIB	10.3364	BestAvgResponse	lower = more sensitive	1	X-1199|BKM120 + LDE225	SD	combo	PDAC
X-1317	BUPARLISIB + SONIDEGIB	-20.4875	BestAvgResponse	lower = more sensitive	1	X-1317|BKM120 + LDE225	PR	combo	PDAC
X-1362	BUPARLISIB + SONIDEGIB	-23.7462	BestAvgResponse	lower = more sensitive	1	X-1362|BKM120 + LDE225	SD	combo	PDAC
X-1948	BUPARLISIB + SONIDEGIB	9.16	BestAvgResponse	lower = more sensitive	1	X-1948|BKM120 + LDE225	SD	combo	PDAC
X-2043	BUPARLISIB + SONIDEGIB	40.32	BestAvgResponse	lower = more sensitive	1	X-2043|BKM120 + LDE225	PD	combo	PDAC
X-2081	BUPARLISIB + SONIDEGIB	-9.77692	BestAvgResponse	lower = more sensitive	1	X-2081|BKM120 + LDE225	SD	combo	PDAC
X-2428	BUPARLISIB + SONIDEGIB	-39.6895	BestAvgResponse	lower = more sensitive	1	X-2428|BKM120 + LDE225	PR	combo	PDAC
X-2564	BUPARLISIB + SONIDEGIB	6.42	BestAvgResponse	lower = more sensitive	1	X-2564|BKM120 + LDE225	SD	combo	PDAC
X-2633	BUPARLISIB + SONIDEGIB	-5.01333	BestAvgResponse	lower = more sensitive	1	X-2633|BKM120 + LDE225	SD	combo	PDAC
X-2684	BUPARLISIB + SONIDEGIB	14.78	BestAvgResponse	lower = more sensitive	1	X-2684|BKM120 + LDE225	PD	combo	PDAC
X-2997	BUPARLISIB + SONIDEGIB	17.05	BestAvgResponse	lower = more sensitive	1	X-2997|BKM120 + LDE225	SD	combo	PDAC
X-3028	BUPARLISIB + SONIDEGIB	-20.325	BestAvgResponse	lower = more sensitive	1	X-3028|BKM120 + LDE225	SD	combo	PDAC
X-3038	BUPARLISIB + SONIDEGIB	22.7	BestAvgResponse	lower = more sensitive	1	X-3038|BKM120 + LDE225	SD	combo	PDAC
X-3052	BUPARLISIB + SONIDEGIB	-5.125	BestAvgResponse	lower = more sensitive	1	X-3052|BKM120 + LDE225	SD	combo	PDAC
X-3209	BUPARLISIB + SONIDEGIB	-17.2733	BestAvgResponse	lower = more sensitive	1	X-3209|BKM120 + LDE225	SD	combo	PDAC
X-3268	BUPARLISIB + SONIDEGIB	40.35	BestAvgResponse	lower = more sensitive	1	X-3268|BKM120 + LDE225	PD	combo	PDAC
X-3800	BUPARLISIB + SONIDEGIB	-46.6273	BestAvgResponse	lower = more sensitive	1	X-3800|BKM120 + LDE225	PR	combo	PDAC
X-3846	BUPARLISIB + SONIDEGIB	-1.92941	BestAvgResponse	lower = more sensitive	1	X-3846|BKM120 + LDE225	SD	combo	PDAC
X-3898	BUPARLISIB + SONIDEGIB	-24.2452	BestAvgResponse	lower = more sensitive	1	X-3898|BKM120 + LDE225	PR	combo	PDAC
X-3947	BUPARLISIB + SONIDEGIB	30.95	BestAvgResponse	lower = more sensitive	1	X-3947|BKM120 + LDE225	PD	combo	PDAC
X-3990	BUPARLISIB + SONIDEGIB	-7.58	BestAvgResponse	lower = more sensitive	1	X-3990|BKM120 + LDE225	SD	combo	PDAC
X-4015	BUPARLISIB + SONIDEGIB	32.78	BestAvgResponse	lower = more sensitive	1	X-4015|BKM120 + LDE225	PD	combo	PDAC
X-4018	BUPARLISIB + SONIDEGIB	13.425	BestAvgResponse	lower = more sensitive	1	X-4018|BKM120 + LDE225	PD	combo	PDAC
X-4145	BUPARLISIB + SONIDEGIB	22.68	BestAvgResponse	lower = more sensitive	1	X-4145|BKM120 + LDE225	PD	combo	CRC
X-4215	BUPARLISIB + SONIDEGIB	117.32	BestAvgResponse	lower = more sensitive	1	X-4215|BKM120 + LDE225	PD	combo	PDAC
X-4226	BUPARLISIB + SONIDEGIB	-17.64	BestAvgResponse	lower = more sensitive	1	X-4226|BKM120 + LDE225	SD	combo	PDAC
X-4316	BUPARLISIB + SONIDEGIB	-9.93333	BestAvgResponse	lower = more sensitive	1	X-4316|BKM120 + LDE225	SD	combo	PDAC
X-4377	BUPARLISIB + SONIDEGIB	-21.48	BestAvgResponse	lower = more sensitive	1	X-4377|BKM120 + LDE225	SD	combo	PDAC
X-4378	BUPARLISIB + SONIDEGIB	-46.88	BestAvgResponse	lower = more sensitive	1	X-4378|BKM120 + LDE225	PR	combo	PDAC
X-4439	BUPARLISIB + SONIDEGIB	-28.4	BestAvgResponse	lower = more sensitive	1	X-4439|BKM120 + LDE225	PR	combo	PDAC
X-4649	BUPARLISIB + SONIDEGIB	31.75	BestAvgResponse	lower = more sensitive	1	X-4649|BKM120 + LDE225	PD	combo	PDAC
X-4676	BUPARLISIB + SONIDEGIB	-38.7467	BestAvgResponse	lower = more sensitive	1	X-4676|BKM120 + LDE225	PR	combo	PDAC
X-4927	BUPARLISIB + SONIDEGIB	13.45	BestAvgResponse	lower = more sensitive	1	X-4927|BKM120 + LDE225	SD	combo	PDAC
X-5205	BUPARLISIB + SONIDEGIB	-43.76	BestAvgResponse	lower = more sensitive	1	X-5205|BKM120 + LDE225	PR	combo	PDAC
X-007	CAPMATINIB	202	BestAvgResponse	lower = more sensitive	1	X-007|INC280	PD	single	GC
X-010	CAPMATINIB	62.06	BestAvgResponse	lower = more sensitive	1	X-010|INC280	PD	single	GC
X-011	CAPMATINIB	34.225	BestAvgResponse	lower = more sensitive	1	X-011|INC280	PD	single	GC
X-015	CAPMATINIB	97.75	BestAvgResponse	lower = more sensitive	1	X-015|INC280	PD	single	GC
X-017	CAPMATINIB	8.05	BestAvgResponse	lower = more sensitive	1	X-017|INC280	PD	single	GC
X-020	CAPMATINIB	34.7	BestAvgResponse	lower = more sensitive	1	X-020|INC280	PD	single	GC
X-025	CAPMATINIB	32.26	BestAvgResponse	lower = more sensitive	1	X-025|INC280	PD	single	GC
X-028	CAPMATINIB	54.6	BestAvgResponse	lower = more sensitive	1	X-028|INC280	PD	single	GC
X-029	CAPMATINIB	137.725	BestAvgResponse	lower = more sensitive	1	X-029|INC280	PD	single	GC
X-031	CAPMATINIB	10.175	BestAvgResponse	lower = more sensitive	1	X-031|INC280	PD	single	GC
X-034	CAPMATINIB	20.98	BestAvgResponse	lower = more sensitive	1	X-034|INC280	PD	single	GC
X-037	CAPMATINIB	28.3947	BestAvgResponse	lower = more sensitive	1	X-037|INC280	SD	single	GC
X-038	CAPMATINIB	20.18	BestAvgResponse	lower = more sensitive	1	X-038|INC280	PD	single	GC
X-056	CAPMATINIB	-0.3	BestAvgResponse	lower = more sensitive	1	X-056|INC280	PD	single	GC
X-057	CAPMATINIB	68.98	BestAvgResponse	lower = more sensitive	1	X-057|INC280	PD	single	GC
X-064	CAPMATINIB	2.14	BestAvgResponse	lower = more sensitive	1	X-064|INC280	SD	single	GC
X-065	CAPMATINIB	23.1	BestAvgResponse	lower = more sensitive	1	X-065|INC280	PD	single	GC
X-067	CAPMATINIB	4.05	BestAvgResponse	lower = more sensitive	1	X-067|INC280	SD	single	GC
X-075	CAPMATINIB	42.6	BestAvgResponse	lower = more sensitive	1	X-075|INC280	PD	single	GC
X-077	CAPMATINIB	32.225	BestAvgResponse	lower = more sensitive	1	X-077|INC280	PD	single	GC
X-084	CAPMATINIB	39.55	BestAvgResponse	lower = more sensitive	1	X-084|INC280	PD	single	GC
X-090	CAPMATINIB	-5	BestAvgResponse	lower = more sensitive	1	X-090|INC280	PD	single	GC
X-091	CAPMATINIB	37.175	BestAvgResponse	lower = more sensitive	1	X-091|INC280	PD	single	GC
X-096	CAPMATINIB	119.68	BestAvgResponse	lower = more sensitive	1	X-096|INC280	PD	single	GC
X-097	CAPMATINIB	87.825	BestAvgResponse	lower = more sensitive	1	X-097|INC280	PD	single	GC
X-098	CAPMATINIB	62.05	BestAvgResponse	lower = more sensitive	1	X-098|INC280	PD	single	GC
X-099	CAPMATINIB	49.45	BestAvgResponse	lower = more sensitive	1	X-099|INC280	PD	single	GC
X-102	CAPMATINIB	17.8	BestAvgResponse	lower = more sensitive	1	X-102|INC280	PD	single	GC
X-114	CAPMATINIB	36.6	BestAvgResponse	lower = more sensitive	1	X-114|INC280	PD	single	GC
X-1156	CAPMATINIB	86.7	BestAvgResponse	lower = more sensitive	1	X-1156|INC280	PD	single	NSCLC
X-1172	CAPMATINIB	50.86	BestAvgResponse	lower = more sensitive	1	X-1172|INC280	PD	single	NSCLC
X-118	CAPMATINIB	66.55	BestAvgResponse	lower = more sensitive	1	X-118|INC280	PD	single	GC
X-1189	CAPMATINIB	81.65	BestAvgResponse	lower = more sensitive	1	X-1189|INC280	PD	single	NSCLC
X-119	CAPMATINIB	29.9	BestAvgResponse	lower = more sensitive	1	X-119|INC280	PD	single	GC
X-1228	CAPMATINIB	-12.325	BestAvgResponse	lower = more sensitive	1	X-1228|INC280	PD	single	NSCLC
X-127	CAPMATINIB	28.5	BestAvgResponse	lower = more sensitive	1	X-127|INC280	PD	single	GC
X-128	CAPMATINIB	50.82	BestAvgResponse	lower = more sensitive	1	X-128|INC280	PD	single	GC
X-129	CAPMATINIB	14.1	BestAvgResponse	lower = more sensitive	1	X-129|INC280	PD	single	GC
X-131	CAPMATINIB	139.7	BestAvgResponse	lower = more sensitive	1	X-131|INC280	PD	single	GC
X-1323	CAPMATINIB	61.96	BestAvgResponse	lower = more sensitive	1	X-1323|INC280	PD	single	NSCLC
X-138	CAPMATINIB	44.675	BestAvgResponse	lower = more sensitive	1	X-138|INC280	PD	single	GC
X-1442	CAPMATINIB	35.22	BestAvgResponse	lower = more sensitive	1	X-1442|INC280	PD	single	NSCLC
X-1499	CAPMATINIB	108.5	BestAvgResponse	lower = more sensitive	1	X-1499|INC280	PD	single	NSCLC
X-154	CAPMATINIB	-73.1375	BestAvgResponse	lower = more sensitive	1	X-154|INC280	CR	single	GC
X-158	CAPMATINIB	35.45	BestAvgResponse	lower = more sensitive	1	X-158|INC280	PD	single	GC
X-1586	CAPMATINIB	-24.66	BestAvgResponse	lower = more sensitive	1	X-1586|INC280	PD	single	NSCLC
X-160	CAPMATINIB	5.62	BestAvgResponse	lower = more sensitive	1	X-160|INC280	PD	single	GC
X-161	CAPMATINIB	-13.84	BestAvgResponse	lower = more sensitive	1	X-161|INC280	SD	single	GC
X-165	CAPMATINIB	-11.4	BestAvgResponse	lower = more sensitive	1	X-165|INC280	SD	single	GC
X-1658	CAPMATINIB	38.18	BestAvgResponse	lower = more sensitive	1	X-1658|INC280	PD	single	NSCLC
X-166	CAPMATINIB	71.4	BestAvgResponse	lower = more sensitive	1	X-166|INC280	PD	single	GC
X-1683	CAPMATINIB	-43.5	BestAvgResponse	lower = more sensitive	1	X-1683|INC280	PR	single	NSCLC
X-171	CAPMATINIB	-75	BestAvgResponse	lower = more sensitive	1	X-171|INC280	CR	single	GC
X-1725	CAPMATINIB	44.14	BestAvgResponse	lower = more sensitive	1	X-1725|INC280	PD	single	NSCLC
X-1787	CAPMATINIB	-15.9	BestAvgResponse	lower = more sensitive	1	X-1787|INC280	SD	single	NSCLC
X-1823	CAPMATINIB	134.54	BestAvgResponse	lower = more sensitive	1	X-1823|INC280	PD	single	NSCLC
X-1834	CAPMATINIB	20.55	BestAvgResponse	lower = more sensitive	1	X-1834|INC280	SD	single	NSCLC
X-1835	CAPMATINIB	59.88	BestAvgResponse	lower = more sensitive	1	X-1835|INC280	PD	single	NSCLC
X-1869	CAPMATINIB	152.32	BestAvgResponse	lower = more sensitive	1	X-1869|INC280	PD	single	NSCLC
X-1934	CAPMATINIB	98.625	BestAvgResponse	lower = more sensitive	1	X-1934|INC280	PD	single	NSCLC
X-1980	CAPMATINIB	93.12	BestAvgResponse	lower = more sensitive	1	X-1980|INC280	PD	single	NSCLC
X-1993	CAPMATINIB	69.45	BestAvgResponse	lower = more sensitive	1	X-1993|INC280	PD	single	NSCLC
X-2017	CAPMATINIB	43.04	BestAvgResponse	lower = more sensitive	1	X-2017|INC280	PD	single	NSCLC
X-2042	CAPMATINIB	14.8333	BestAvgResponse	lower = more sensitive	1	X-2042|INC280	SD	single	NSCLC
X-2082	CAPMATINIB	47.95	BestAvgResponse	lower = more sensitive	1	X-2082|INC280	PD	single	NSCLC
X-2088	CAPMATINIB	109.633	BestAvgResponse	lower = more sensitive	1	X-2088|INC280	PD	single	NSCLC
X-2094	CAPMATINIB	187.08	BestAvgResponse	lower = more sensitive	1	X-2094|INC280	PD	single	NSCLC
X-3029	CAPMATINIB	-38.26	BestAvgResponse	lower = more sensitive	1	X-3029|INC280	PR	single	NSCLC
X-3237	CAPMATINIB	88.4	BestAvgResponse	lower = more sensitive	1	X-3237|INC280	PD	single	NSCLC
X-3843	CAPMATINIB	65.8	BestAvgResponse	lower = more sensitive	1	X-3843|INC280	PD	single	NSCLC
X-4819	CAPMATINIB	226.96	BestAvgResponse	lower = more sensitive	1	X-4819|INC280	PD	single	NSCLC
X-007	CAPMATINIB + TRASTUZUMAB	142.36	BestAvgResponse	lower = more sensitive	1	X-007|INC280 + trastuzumab	PD	combo	GC
X-010	CAPMATINIB + TRASTUZUMAB	10.9	BestAvgResponse	lower = more sensitive	1	X-010|INC280 + trastuzumab	PD	combo	GC
X-011	CAPMATINIB + TRASTUZUMAB	34.475	BestAvgResponse	lower = more sensitive	1	X-011|INC280 + trastuzumab	PD	combo	GC
X-015	CAPMATINIB + TRASTUZUMAB	71.8	BestAvgResponse	lower = more sensitive	1	X-015|INC280 + trastuzumab	PD	combo	GC
X-017	CAPMATINIB + TRASTUZUMAB	74.75	BestAvgResponse	lower = more sensitive	1	X-017|INC280 + trastuzumab	PD	combo	GC
X-020	CAPMATINIB + TRASTUZUMAB	26.875	BestAvgResponse	lower = more sensitive	1	X-020|INC280 + trastuzumab	PD	combo	GC
X-025	CAPMATINIB + TRASTUZUMAB	11.64	BestAvgResponse	lower = more sensitive	1	X-025|INC280 + trastuzumab	SD	combo	GC
X-028	CAPMATINIB + TRASTUZUMAB	54.925	BestAvgResponse	lower = more sensitive	1	X-028|INC280 + trastuzumab	PD	combo	GC
X-029	CAPMATINIB + TRASTUZUMAB	168.275	BestAvgResponse	lower = more sensitive	1	X-029|INC280 + trastuzumab	PD	combo	GC
X-031	CAPMATINIB + TRASTUZUMAB	109.72	BestAvgResponse	lower = more sensitive	1	X-031|INC280 + trastuzumab	PD	combo	GC
X-034	CAPMATINIB + TRASTUZUMAB	14.06	BestAvgResponse	lower = more sensitive	1	X-034|INC280 + trastuzumab	SD	combo	GC
X-035	CAPMATINIB + TRASTUZUMAB	-76.9652	BestAvgResponse	lower = more sensitive	1	X-035|INC280 + trastuzumab	CR	combo	GC
X-037	CAPMATINIB + TRASTUZUMAB	86.48	BestAvgResponse	lower = more sensitive	1	X-037|INC280 + trastuzumab	PD	combo	GC
X-038	CAPMATINIB + TRASTUZUMAB	44.86	BestAvgResponse	lower = more sensitive	1	X-038|INC280 + trastuzumab	PD	combo	GC
X-056	CAPMATINIB + TRASTUZUMAB	16.325	BestAvgResponse	lower = more sensitive	1	X-056|INC280 + trastuzumab	PD	combo	GC
X-057	CAPMATINIB + TRASTUZUMAB	60.44	BestAvgResponse	lower = more sensitive	1	X-057|INC280 + trastuzumab	PD	combo	GC
X-064	CAPMATINIB + TRASTUZUMAB	-45.4	BestAvgResponse	lower = more sensitive	1	X-064|INC280 + trastuzumab	PR	combo	GC
X-065	CAPMATINIB + TRASTUZUMAB	20.15	BestAvgResponse	lower = more sensitive	1	X-065|INC280 + trastuzumab	PD	combo	GC
X-067	CAPMATINIB + TRASTUZUMAB	44	BestAvgResponse	lower = more sensitive	1	X-067|INC280 + trastuzumab	PD	combo	GC
X-075	CAPMATINIB + TRASTUZUMAB	52.88	BestAvgResponse	lower = more sensitive	1	X-075|INC280 + trastuzumab	PD	combo	GC
X-077	CAPMATINIB + TRASTUZUMAB	8.025	BestAvgResponse	lower = more sensitive	1	X-077|INC280 + trastuzumab	PD	combo	GC
X-084	CAPMATINIB + TRASTUZUMAB	35.875	BestAvgResponse	lower = more sensitive	1	X-084|INC280 + trastuzumab	PD	combo	GC
X-090	CAPMATINIB + TRASTUZUMAB	-82.6643	BestAvgResponse	lower = more sensitive	1	X-090|INC280 + trastuzumab	CR	combo	GC
X-091	CAPMATINIB + TRASTUZUMAB	4.64	BestAvgResponse	lower = more sensitive	1	X-091|INC280 + trastuzumab	SD	combo	GC
X-096	CAPMATINIB + TRASTUZUMAB	25.6667	BestAvgResponse	lower = more sensitive	1	X-096|INC280 + trastuzumab	SD	combo	GC
X-097	CAPMATINIB + TRASTUZUMAB	58.325	BestAvgResponse	lower = more sensitive	1	X-097|INC280 + trastuzumab	PD	combo	GC
X-098	CAPMATINIB + TRASTUZUMAB	61.0667	BestAvgResponse	lower = more sensitive	1	X-098|INC280 + trastuzumab	PD	combo	GC
X-099	CAPMATINIB + TRASTUZUMAB	-46.4846	BestAvgResponse	lower = more sensitive	1	X-099|INC280 + trastuzumab	PR	combo	GC
X-102	CAPMATINIB + TRASTUZUMAB	30.925	BestAvgResponse	lower = more sensitive	1	X-102|INC280 + trastuzumab	PD	combo	GC
X-114	CAPMATINIB + TRASTUZUMAB	-1.34194	BestAvgResponse	lower = more sensitive	1	X-114|INC280 + trastuzumab	SD	combo	GC
X-118	CAPMATINIB + TRASTUZUMAB	69.225	BestAvgResponse	lower = more sensitive	1	X-118|INC280 + trastuzumab	PD	combo	GC
X-119	CAPMATINIB + TRASTUZUMAB	102.44	BestAvgResponse	lower = more sensitive	1	X-119|INC280 + trastuzumab	PD	combo	GC
X-127	CAPMATINIB + TRASTUZUMAB	54.3	BestAvgResponse	lower = more sensitive	1	X-127|INC280 + trastuzumab	PD	combo	GC
X-128	CAPMATINIB + TRASTUZUMAB	32.12	BestAvgResponse	lower = more sensitive	1	X-128|INC280 + trastuzumab	PD	combo	GC
X-129	CAPMATINIB + TRASTUZUMAB	18.55	BestAvgResponse	lower = more sensitive	1	X-129|INC280 + trastuzumab	PD	combo	GC
X-131	CAPMATINIB + TRASTUZUMAB	16.04	BestAvgResponse	lower = more sensitive	1	X-131|INC280 + trastuzumab	PD	combo	GC
X-138	CAPMATINIB + TRASTUZUMAB	2.525	BestAvgResponse	lower = more sensitive	1	X-138|INC280 + trastuzumab	PD	combo	GC
X-154	CAPMATINIB + TRASTUZUMAB	-78.8833	BestAvgResponse	lower = more sensitive	1	X-154|INC280 + trastuzumab	CR	combo	GC
X-158	CAPMATINIB + TRASTUZUMAB	-31.4344	BestAvgResponse	lower = more sensitive	1	X-158|INC280 + trastuzumab	PR	combo	GC
X-160	CAPMATINIB + TRASTUZUMAB	-10.35	BestAvgResponse	lower = more sensitive	1	X-160|INC280 + trastuzumab	SD	combo	GC
X-161	CAPMATINIB + TRASTUZUMAB	59.86	BestAvgResponse	lower = more sensitive	1	X-161|INC280 + trastuzumab	PD	combo	GC
X-165	CAPMATINIB + TRASTUZUMAB	-6.06667	BestAvgResponse	lower = more sensitive	1	X-165|INC280 + trastuzumab	SD	combo	GC
X-166	CAPMATINIB + TRASTUZUMAB	8.925	BestAvgResponse	lower = more sensitive	1	X-166|INC280 + trastuzumab	PD	combo	GC
X-1655	CERITINIB	68.225	BestAvgResponse	lower = more sensitive	1	X-1655|LDK378	PD	single	CM
X-1906	CERITINIB	36.95	BestAvgResponse	lower = more sensitive	1	X-1906|LDK378	PD	single	CM
X-2163	CERITINIB	-12.7	BestAvgResponse	lower = more sensitive	1	X-2163|LDK378	SD	single	CM
X-2306	CERITINIB	23.04	BestAvgResponse	lower = more sensitive	1	X-2306|LDK378	PD	single	CM
X-2602	CERITINIB	39.62	BestAvgResponse	lower = more sensitive	1	X-2602|LDK378	PD	single	CM
X-2613	CERITINIB	69.9667	BestAvgResponse	lower = more sensitive	1	X-2613|LDK378	PD	single	CM
X-2700	CERITINIB	43.65	BestAvgResponse	lower = more sensitive	1	X-2700|LDK378	PD	single	CM
X-2723	CERITINIB	12.125	BestAvgResponse	lower = more sensitive	1	X-2723|LDK378	PD	single	CM
X-2753	CERITINIB	41.025	BestAvgResponse	lower = more sensitive	1	X-2753|LDK378	PD	single	CM
X-2838	CERITINIB	-13.7	BestAvgResponse	lower = more sensitive	1	X-2838|LDK378	SD	single	CM
X-2921	CERITINIB	167.675	BestAvgResponse	lower = more sensitive	1	X-2921|LDK378	PD	single	CM
X-2992	CERITINIB	179.94	BestAvgResponse	lower = more sensitive	1	X-2992|LDK378	PD	single	CM
X-3127	CERITINIB	20.95	BestAvgResponse	lower = more sensitive	1	X-3127|LDK378	PD	single	CM
X-3211	CERITINIB	13.05	BestAvgResponse	lower = more sensitive	1	X-3211|LDK378	PD	single	CM
X-3483	CERITINIB	154.98	BestAvgResponse	lower = more sensitive	1	X-3483|LDK378	PD	single	CM
X-3486	CERITINIB	74.68	BestAvgResponse	lower = more sensitive	1	X-3486|LDK378	PD	single	CM
X-3503	CERITINIB	33.46	BestAvgResponse	lower = more sensitive	1	X-3503|LDK378	PD	single	CM
X-3676	CERITINIB	152.5	BestAvgResponse	lower = more sensitive	1	X-3676|LDK378	PD	single	CM
X-3746	CERITINIB	80.6667	BestAvgResponse	lower = more sensitive	1	X-3746|LDK378	PD	single	CM
X-3773	CERITINIB	16.4	BestAvgResponse	lower = more sensitive	1	X-3773|LDK378	SD	single	CM
X-3851	CERITINIB	33.9	BestAvgResponse	lower = more sensitive	1	X-3851|LDK378	PD	single	CM
X-3880	CERITINIB	89.88	BestAvgResponse	lower = more sensitive	1	X-3880|LDK378	PD	single	CM
X-4157	CERITINIB	22.05	BestAvgResponse	lower = more sensitive	1	X-4157|LDK378	PD	single	CM
X-4339	CERITINIB	8.15	BestAvgResponse	lower = more sensitive	1	X-4339|LDK378	SD	single	CM
X-4426	CERITINIB	28.5	BestAvgResponse	lower = more sensitive	1	X-4426|LDK378	PD	single	CM
X-4455	CERITINIB	104.075	BestAvgResponse	lower = more sensitive	1	X-4455|LDK378	PD	single	CM
X-4530	CERITINIB	44.475	BestAvgResponse	lower = more sensitive	1	X-4530|LDK378	PD	single	CM
X-4538	CERITINIB	76.52	BestAvgResponse	lower = more sensitive	1	X-4538|LDK378	PD	single	CM
X-4644	CERITINIB	88.8	BestAvgResponse	lower = more sensitive	1	X-4644|LDK378	PD	single	CM
X-4668	CERITINIB	96.975	BestAvgResponse	lower = more sensitive	1	X-4668|LDK378	PD	single	CM
X-4832	CERITINIB	59.9667	BestAvgResponse	lower = more sensitive	1	X-4832|LDK378	PD	single	CM
X-4849	CERITINIB	83.94	BestAvgResponse	lower = more sensitive	1	X-4849|LDK378	PD	single	CM
X-5189	CERITINIB	23.65	BestAvgResponse	lower = more sensitive	1	X-5189|LDK378	PD	single	CM
X-0933	CETUXIMAB	-1.8	BestAvgResponse	lower = more sensitive	1	X-0933|cetuximab	SD	single	CRC
X-1027	CETUXIMAB	83.125	BestAvgResponse	lower = more sensitive	1	X-1027|cetuximab	PD	single	CRC
X-1055	CETUXIMAB	-41.2071	BestAvgResponse	lower = more sensitive	1	X-1055|cetuximab	PR	single	CRC
X-1119	CETUXIMAB	60.92	BestAvgResponse	lower = more sensitive	1	X-1119|cetuximab	PD	single	CRC
X-1156	CETUXIMAB	125.8	BestAvgResponse	lower = more sensitive	1	X-1156|cetuximab	PD	single	NSCLC
X-1167	CETUXIMAB	96.88	BestAvgResponse	lower = more sensitive	1	X-1167|cetuximab	PD	single	CRC
X-1172	CETUXIMAB	79.375	BestAvgResponse	lower = more sensitive	1	X-1172|cetuximab	PD	single	NSCLC
X-1173	CETUXIMAB	94.275	BestAvgResponse	lower = more sensitive	1	X-1173|cetuximab	PD	single	CRC
X-1189	CETUXIMAB	38.875	BestAvgResponse	lower = more sensitive	1	X-1189|cetuximab	PD	single	NSCLC
X-1228	CETUXIMAB	-48.75	BestAvgResponse	lower = more sensitive	1	X-1228|cetuximab	PR	single	NSCLC
X-1270	CETUXIMAB	36.72	BestAvgResponse	lower = more sensitive	1	X-1270|cetuximab	PD	single	CRC
X-1290	CETUXIMAB	-19.14	BestAvgResponse	lower = more sensitive	1	X-1290|cetuximab	SD	single	CRC
X-1303	CETUXIMAB	-50.872	BestAvgResponse	lower = more sensitive	1	X-1303|cetuximab	PR	single	CRC
X-1323	CETUXIMAB	11.28	BestAvgResponse	lower = more sensitive	1	X-1323|cetuximab	PD	single	NSCLC
X-1329	CETUXIMAB	88.975	BestAvgResponse	lower = more sensitive	1	X-1329|cetuximab	PD	single	CRC
X-1441	CETUXIMAB	-14.0667	BestAvgResponse	lower = more sensitive	1	X-1441|cetuximab	SD	single	CRC
X-1442	CETUXIMAB	145.1	BestAvgResponse	lower = more sensitive	1	X-1442|cetuximab	PD	single	NSCLC
X-1443	CETUXIMAB	-81.3944	BestAvgResponse	lower = more sensitive	1	X-1443|cetuximab	CR	single	CRC
X-1479	CETUXIMAB	18.15	BestAvgResponse	lower = more sensitive	1	X-1479|cetuximab	SD	single	CRC
X-1499	CETUXIMAB	209.72	BestAvgResponse	lower = more sensitive	1	X-1499|cetuximab	PD	single	NSCLC
X-1500	CETUXIMAB	-54.2167	BestAvgResponse	lower = more sensitive	1	X-1500|cetuximab	PR	single	CRC
X-1536	CETUXIMAB	24.375	BestAvgResponse	lower = more sensitive	1	X-1536|cetuximab	PD	single	CRC
X-1538	CETUXIMAB	20.58	BestAvgResponse	lower = more sensitive	1	X-1538|cetuximab	PD	single	CRC
X-1586	CETUXIMAB	19.28	BestAvgResponse	lower = more sensitive	1	X-1586|cetuximab	PD	single	NSCLC
X-1658	CETUXIMAB	47.5	BestAvgResponse	lower = more sensitive	1	X-1658|cetuximab	PD	single	NSCLC
X-1683	CETUXIMAB	-32.06	BestAvgResponse	lower = more sensitive	1	X-1683|cetuximab	SD	single	NSCLC
X-1725	CETUXIMAB	20.94	BestAvgResponse	lower = more sensitive	1	X-1725|cetuximab	PD	single	NSCLC
X-1787	CETUXIMAB	200.3	BestAvgResponse	lower = more sensitive	1	X-1787|cetuximab	PD	single	NSCLC
X-1823	CETUXIMAB	39.66	BestAvgResponse	lower = more sensitive	1	X-1823|cetuximab	PD	single	NSCLC
X-1834	CETUXIMAB	47.025	BestAvgResponse	lower = more sensitive	1	X-1834|cetuximab	PD	single	NSCLC
X-1835	CETUXIMAB	20.025	BestAvgResponse	lower = more sensitive	1	X-1835|cetuximab	PD	single	NSCLC
X-1855	CETUXIMAB	1.76	BestAvgResponse	lower = more sensitive	1	X-1855|cetuximab	SD	single	CRC
X-1869	CETUXIMAB	305.825	BestAvgResponse	lower = more sensitive	1	X-1869|cetuximab	PD	single	NSCLC
X-1870	CETUXIMAB	17.34	BestAvgResponse	lower = more sensitive	1	X-1870|cetuximab	PD	single	NSCLC
X-1934	CETUXIMAB	180.075	BestAvgResponse	lower = more sensitive	1	X-1934|cetuximab	PD	single	NSCLC
X-1980	CETUXIMAB	20.7714	BestAvgResponse	lower = more sensitive	1	X-1980|cetuximab	SD	single	NSCLC
X-1993	CETUXIMAB	15.575	BestAvgResponse	lower = more sensitive	1	X-1993|cetuximab	PD	single	NSCLC
X-2017	CETUXIMAB	74.325	BestAvgResponse	lower = more sensitive	1	X-2017|cetuximab	PD	single	NSCLC
X-2042	CETUXIMAB	65.85	BestAvgResponse	lower = more sensitive	1	X-2042|cetuximab	PD	single	NSCLC
X-2082	CETUXIMAB	28.175	BestAvgResponse	lower = more sensitive	1	X-2082|cetuximab	PD	single	NSCLC
X-2088	CETUXIMAB	473.533	BestAvgResponse	lower = more sensitive	1	X-2088|cetuximab	PD	single	NSCLC
X-2094	CETUXIMAB	88.12	BestAvgResponse	lower = more sensitive	1	X-2094|cetuximab	PD	single	NSCLC
X-2145	CETUXIMAB	79.375	BestAvgResponse	lower = more sensitive	1	X-2145|cetuximab	PD	single	CRC
X-2182	CETUXIMAB	81.68	BestAvgResponse	lower = more sensitive	1	X-2182|cetuximab	PD	single	CRC
X-2239	CETUXIMAB	27.55	BestAvgResponse	lower = more sensitive	1	X-2239|cetuximab	PD	single	CRC
X-2374	CETUXIMAB	14.06	BestAvgResponse	lower = more sensitive	1	X-2374|cetuximab	SD	single	CRC
X-2403	CETUXIMAB	18.2333	BestAvgResponse	lower = more sensitive	1	X-2403|cetuximab	PD	single	CRC
X-2483	CETUXIMAB	30.8	BestAvgResponse	lower = more sensitive	1	X-2483|cetuximab	PD	single	CRC
X-2484	CETUXIMAB	11.98	BestAvgResponse	lower = more sensitive	1	X-2484|cetuximab	PD	single	CRC
X-2538	CETUXIMAB	29.55	BestAvgResponse	lower = more sensitive	1	X-2538|cetuximab	PD	single	CRC
X-2573	CETUXIMAB	25.85	BestAvgResponse	lower = more sensitive	1	X-2573|cetuximab	SD	single	CRC
X-2659	CETUXIMAB	101.65	BestAvgResponse	lower = more sensitive	1	X-2659|cetuximab	PD	single	CRC
X-2822	CETUXIMAB	32.175	BestAvgResponse	lower = more sensitive	1	X-2822|cetuximab	PD	single	CRC
X-2846	CETUXIMAB	-26.8136	BestAvgResponse	lower = more sensitive	1	X-2846|cetuximab	SD	single	CRC
X-2861	CETUXIMAB	122.467	BestAvgResponse	lower = more sensitive	1	X-2861|cetuximab	PD	single	CRC
X-3029	CETUXIMAB	-57.0375	BestAvgResponse	lower = more sensitive	1	X-3029|cetuximab	PR	single	NSCLC
X-3093	CETUXIMAB	39.225	BestAvgResponse	lower = more sensitive	1	X-3093|cetuximab	PD	single	CRC
X-3205	CETUXIMAB	121.78	BestAvgResponse	lower = more sensitive	1	X-3205|cetuximab	PD	single	CRC
X-3224	CETUXIMAB	23.15	BestAvgResponse	lower = more sensitive	1	X-3224|cetuximab	PD	single	CRC
X-3237	CETUXIMAB	26.84	BestAvgResponse	lower = more sensitive	1	X-3237|cetuximab	PD	single	NSCLC
X-3267	CETUXIMAB	4.22	BestAvgResponse	lower = more sensitive	1	X-3267|cetuximab	SD	single	CRC
X-3671	CETUXIMAB	-86.15	BestAvgResponse	lower = more sensitive	1	X-3671|cetuximab	CR	single	CRC
X-3792	CETUXIMAB	31	BestAvgResponse	lower = more sensitive	1	X-3792|cetuximab	PD	single	CRC
X-3843	CETUXIMAB	107.325	BestAvgResponse	lower = more sensitive	1	X-3843|cetuximab	PD	single	NSCLC
X-4087	CETUXIMAB	104.633	BestAvgResponse	lower = more sensitive	1	X-4087|cetuximab	PD	single	CRC
X-4819	CETUXIMAB	105.967	BestAvgResponse	lower = more sensitive	1	X-4819|cetuximab	PD	single	NSCLC
X-5254	CETUXIMAB	3.04	BestAvgResponse	lower = more sensitive	1	X-5254|cetuximab	PD	single	CRC
X-5405	CETUXIMAB	32.6	BestAvgResponse	lower = more sensitive	1	X-5405|cetuximab	PD	single	CRC
X-5438	CETUXIMAB	-13.275	BestAvgResponse	lower = more sensitive	1	X-5438|cetuximab	SD	single	CRC
X-5446	CETUXIMAB	43.56	BestAvgResponse	lower = more sensitive	1	X-5446|cetuximab	PD	single	CRC
X-5495	CETUXIMAB	36.1	BestAvgResponse	lower = more sensitive	1	X-5495|cetuximab	PD	single	CRC
X-5578	CETUXIMAB	18.4333	BestAvgResponse	lower = more sensitive	1	X-5578|cetuximab	PD	single	CRC
X-0933	CETUXIMAB + ENCORAFENIB	-16.25	BestAvgResponse	lower = more sensitive	1	X-0933|cetuximab + encorafenib	SD	combo	CRC
X-1027	CETUXIMAB + ENCORAFENIB	79.76	BestAvgResponse	lower = more sensitive	1	X-1027|cetuximab + encorafenib	PD	combo	CRC
X-1055	CETUXIMAB + ENCORAFENIB	-18.3615	BestAvgResponse	lower = more sensitive	1	X-1055|cetuximab + encorafenib	SD	combo	CRC
X-1119	CETUXIMAB + ENCORAFENIB	58.44	BestAvgResponse	lower = more sensitive	1	X-1119|cetuximab + encorafenib	PD	combo	CRC
X-1167	CETUXIMAB + ENCORAFENIB	59.25	BestAvgResponse	lower = more sensitive	1	X-1167|cetuximab + encorafenib	PD	combo	CRC
X-1173	CETUXIMAB + ENCORAFENIB	72.52	BestAvgResponse	lower = more sensitive	1	X-1173|cetuximab + encorafenib	PD	combo	CRC
X-1270	CETUXIMAB + ENCORAFENIB	66.55	BestAvgResponse	lower = more sensitive	1	X-1270|cetuximab + encorafenib	PD	combo	CRC
X-1290	CETUXIMAB + ENCORAFENIB	73.1333	BestAvgResponse	lower = more sensitive	1	X-1290|cetuximab + encorafenib	PD	combo	CRC
X-1303	CETUXIMAB + ENCORAFENIB	3.7	BestAvgResponse	lower = more sensitive	1	X-1303|cetuximab + encorafenib	SD	combo	CRC
X-1329	CETUXIMAB + ENCORAFENIB	65.3	BestAvgResponse	lower = more sensitive	1	X-1329|cetuximab + encorafenib	PD	combo	CRC
X-1441	CETUXIMAB + ENCORAFENIB	5.05833	BestAvgResponse	lower = more sensitive	1	X-1441|cetuximab + encorafenib	SD	combo	CRC
X-1443	CETUXIMAB + ENCORAFENIB	-60.6235	BestAvgResponse	lower = more sensitive	1	X-1443|cetuximab + encorafenib	CR	combo	CRC
X-1479	CETUXIMAB + ENCORAFENIB	45.575	BestAvgResponse	lower = more sensitive	1	X-1479|cetuximab + encorafenib	PD	combo	CRC
X-1500	CETUXIMAB + ENCORAFENIB	-79.613	BestAvgResponse	lower = more sensitive	1	X-1500|cetuximab + encorafenib	CR	combo	CRC
X-1536	CETUXIMAB + ENCORAFENIB	20.2	BestAvgResponse	lower = more sensitive	1	X-1536|cetuximab + encorafenib	PD	combo	CRC
X-1855	CETUXIMAB + ENCORAFENIB	4.46	BestAvgResponse	lower = more sensitive	1	X-1855|cetuximab + encorafenib	PD	combo	CRC
X-2145	CETUXIMAB + ENCORAFENIB	-4.43333	BestAvgResponse	lower = more sensitive	1	X-2145|cetuximab + encorafenib	SD	combo	CRC
X-2182	CETUXIMAB + ENCORAFENIB	98.4	BestAvgResponse	lower = more sensitive	1	X-2182|cetuximab + encorafenib	PD	combo	CRC
X-2239	CETUXIMAB + ENCORAFENIB	-23.3308	BestAvgResponse	lower = more sensitive	1	X-2239|cetuximab + encorafenib	SD	combo	CRC
X-2374	CETUXIMAB + ENCORAFENIB	22.225	BestAvgResponse	lower = more sensitive	1	X-2374|cetuximab + encorafenib	PD	combo	CRC
X-2403	CETUXIMAB + ENCORAFENIB	24.6333	BestAvgResponse	lower = more sensitive	1	X-2403|cetuximab + encorafenib	SD	combo	CRC
X-2483	CETUXIMAB + ENCORAFENIB	14.65	BestAvgResponse	lower = more sensitive	1	X-2483|cetuximab + encorafenib	PD	combo	CRC
X-2484	CETUXIMAB + ENCORAFENIB	35.7333	BestAvgResponse	lower = more sensitive	1	X-2484|cetuximab + encorafenib	PD	combo	CRC
X-2538	CETUXIMAB + ENCORAFENIB	19.65	BestAvgResponse	lower = more sensitive	1	X-2538|cetuximab + encorafenib	PD	combo	CRC
X-2573	CETUXIMAB + ENCORAFENIB	7.15	BestAvgResponse	lower = more sensitive	1	X-2573|cetuximab + encorafenib	SD	combo	CRC
X-2659	CETUXIMAB + ENCORAFENIB	46.65	BestAvgResponse	lower = more sensitive	1	X-2659|cetuximab + encorafenib	PD	combo	CRC
X-2822	CETUXIMAB + ENCORAFENIB	9.15	BestAvgResponse	lower = more sensitive	1	X-2822|cetuximab + encorafenib	PD	combo	CRC
X-2846	CETUXIMAB + ENCORAFENIB	-47.7318	BestAvgResponse	lower = more sensitive	1	X-2846|cetuximab + encorafenib	PR	combo	CRC
X-2861	CETUXIMAB + ENCORAFENIB	186.533	BestAvgResponse	lower = more sensitive	1	X-2861|cetuximab + encorafenib	PD	combo	CRC
X-3093	CETUXIMAB + ENCORAFENIB	135.775	BestAvgResponse	lower = more sensitive	1	X-3093|cetuximab + encorafenib	PD	combo	CRC
X-3205	CETUXIMAB + ENCORAFENIB	87.65	BestAvgResponse	lower = more sensitive	1	X-3205|cetuximab + encorafenib	PD	combo	CRC
X-3224	CETUXIMAB + ENCORAFENIB	14.575	BestAvgResponse	lower = more sensitive	1	X-3224|cetuximab + encorafenib	SD	combo	CRC
X-3267	CETUXIMAB + ENCORAFENIB	7.54	BestAvgResponse	lower = more sensitive	1	X-3267|cetuximab + encorafenib	SD	combo	CRC
X-3792	CETUXIMAB + ENCORAFENIB	23.8	BestAvgResponse	lower = more sensitive	1	X-3792|cetuximab + encorafenib	PD	combo	CRC
X-4087	CETUXIMAB + ENCORAFENIB	153.067	BestAvgResponse	lower = more sensitive	1	X-4087|cetuximab + encorafenib	PD	combo	CRC
X-5254	CETUXIMAB + ENCORAFENIB	40.66	BestAvgResponse	lower = more sensitive	1	X-5254|cetuximab + encorafenib	PD	combo	CRC
X-5405	CETUXIMAB + ENCORAFENIB	82.9	BestAvgResponse	lower = more sensitive	1	X-5405|cetuximab + encorafenib	PD	combo	CRC
X-5438	CETUXIMAB + ENCORAFENIB	-11.7	BestAvgResponse	lower = more sensitive	1	X-5438|cetuximab + encorafenib	SD	combo	CRC
X-5446	CETUXIMAB + ENCORAFENIB	91.9	BestAvgResponse	lower = more sensitive	1	X-5446|cetuximab + encorafenib	PD	combo	CRC
X-5494	CETUXIMAB + ENCORAFENIB	-75.5565	BestAvgResponse	lower = more sensitive	1	X-5494|cetuximab + encorafenib	CR	combo	CRC
X-5495	CETUXIMAB + ENCORAFENIB	95.82	BestAvgResponse	lower = more sensitive	1	X-5495|cetuximab + encorafenib	PD	combo	CRC
X-5578	CETUXIMAB + ENCORAFENIB	-3.5	BestAvgResponse	lower = more sensitive	1	X-5578|cetuximab + encorafenib	SD	combo	CRC
X-0933	CGM097	52.075	BestAvgResponse	lower = more sensitive	1	X-0933|CGM097	PD	single	CRC
X-1004	CGM097	46.3333	BestAvgResponse	lower = more sensitive	1	X-1004|CGM097	PD	single	BRCA
X-1008	CGM097	42.6	BestAvgResponse	lower = more sensitive	1	X-1008|CGM097	PD	single	BRCA
X-1027	CGM097	169.5	BestAvgResponse	lower = more sensitive	1	X-1027|CGM097	PD	single	CRC
X-1055	CGM097	8.75	BestAvgResponse	lower = more sensitive	1	X-1055|CGM097	SD	single	CRC
X-1119	CGM097	33.16	BestAvgResponse	lower = more sensitive	1	X-1119|CGM097	PD	single	CRC
X-1156	CGM097	138.12	BestAvgResponse	lower = more sensitive	1	X-1156|CGM097	PD	single	NSCLC
X-1167	CGM097	10.975	BestAvgResponse	lower = more sensitive	1	X-1167|CGM097	PD	single	CRC
X-1172	CGM097	56.04	BestAvgResponse	lower = more sensitive	1	X-1172|CGM097	PD	single	NSCLC
X-1173	CGM097	40.025	BestAvgResponse	lower = more sensitive	1	X-1173|CGM097	PD	single	CRC
X-1189	CGM097	-50.1324	BestAvgResponse	lower = more sensitive	1	X-1189|CGM097	CR	single	NSCLC
X-1228	CGM097	-10.7	BestAvgResponse	lower = more sensitive	1	X-1228|CGM097	PD	single	NSCLC
X-1270	CGM097	119.96	BestAvgResponse	lower = more sensitive	1	X-1270|CGM097	PD	single	CRC
X-1286	CGM097	42.05	BestAvgResponse	lower = more sensitive	1	X-1286|CGM097	PD	single	BRCA
X-1290	CGM097	251.175	BestAvgResponse	lower = more sensitive	1	X-1290|CGM097	PD	single	CRC
X-1298	CGM097	64.95	BestAvgResponse	lower = more sensitive	1	X-1298|CGM097	PD	single	BRCA
X-1303	CGM097	40.18	BestAvgResponse	lower = more sensitive	1	X-1303|CGM097	PD	single	CRC
X-1323	CGM097	20.9	BestAvgResponse	lower = more sensitive	1	X-1323|CGM097	PD	single	NSCLC
X-1329	CGM097	67.1	BestAvgResponse	lower = more sensitive	1	X-1329|CGM097	PD	single	CRC
X-1371	CGM097	3.14	BestAvgResponse	lower = more sensitive	1	X-1371|CGM097	PD	single	BRCA
X-1383	CGM097	18.95	BestAvgResponse	lower = more sensitive	1	X-1383|CGM097	PD	single	BRCA
X-1407	CGM097	105.66	BestAvgResponse	lower = more sensitive	1	X-1407|CGM097	PD	single	BRCA
X-1441	CGM097	23.88	BestAvgResponse	lower = more sensitive	1	X-1441|CGM097	PD	single	CRC
X-1442	CGM097	138.15	BestAvgResponse	lower = more sensitive	1	X-1442|CGM097	PD	single	NSCLC
X-1443	CGM097	28.2667	BestAvgResponse	lower = more sensitive	1	X-1443|CGM097	PD	single	CRC
X-1468	CGM097	15.86	BestAvgResponse	lower = more sensitive	1	X-1468|CGM097	PD	single	
X-1479	CGM097	27.1	BestAvgResponse	lower = more sensitive	1	X-1479|CGM097	PD	single	CRC
X-1499	CGM097	-82.4964	BestAvgResponse	lower = more sensitive	1	X-1499|CGM097	CR	single	NSCLC
X-1500	CGM097	98.24	BestAvgResponse	lower = more sensitive	1	X-1500|CGM097	PD	single	CRC
X-1586	CGM097	-8.875	BestAvgResponse	lower = more sensitive	1	X-1586|CGM097	SD	single	NSCLC
X-1600	CGM097	76.9	BestAvgResponse	lower = more sensitive	1	X-1600|CGM097	PD	single	BRCA
X-1631	CGM097	53.3	BestAvgResponse	lower = more sensitive	1	X-1631|CGM097	PD	single	BRCA
X-1655	CGM097	164.6	BestAvgResponse	lower = more sensitive	1	X-1655|CGM097	PD	single	CM
X-1658	CGM097	45.4	BestAvgResponse	lower = more sensitive	1	X-1658|CGM097	PD	single	NSCLC
X-1683	CGM097	-53.5	BestAvgResponse	lower = more sensitive	1	X-1683|CGM097	PR	single	NSCLC
X-1725	CGM097	21.925	BestAvgResponse	lower = more sensitive	1	X-1725|CGM097	SD	single	NSCLC
X-1787	CGM097	128.26	BestAvgResponse	lower = more sensitive	1	X-1787|CGM097	PD	single	NSCLC
X-1823	CGM097	125.58	BestAvgResponse	lower = more sensitive	1	X-1823|CGM097	PD	single	NSCLC
X-1828	CGM097	32.26	BestAvgResponse	lower = more sensitive	1	X-1828|CGM097	PD	single	BRCA
X-1832	CGM097	84.8	BestAvgResponse	lower = more sensitive	1	X-1832|CGM097	PD	single	BRCA
X-1834	CGM097	87.95	BestAvgResponse	lower = more sensitive	1	X-1834|CGM097	PD	single	NSCLC
X-1835	CGM097	-2.425	BestAvgResponse	lower = more sensitive	1	X-1835|CGM097	PD	single	NSCLC
X-1855	CGM097	2.3	BestAvgResponse	lower = more sensitive	1	X-1855|CGM097	PD	single	CRC
X-1869	CGM097	199.9	BestAvgResponse	lower = more sensitive	1	X-1869|CGM097	PD	single	NSCLC
X-1870	CGM097	11.1	BestAvgResponse	lower = more sensitive	1	X-1870|CGM097	PD	single	NSCLC
X-1906	CGM097	76.74	BestAvgResponse	lower = more sensitive	1	X-1906|CGM097	PD	single	CM
X-1916	CGM097	42.74	BestAvgResponse	lower = more sensitive	1	X-1916|CGM097	PD	single	BRCA
X-1921	CGM097	46.05	BestAvgResponse	lower = more sensitive	1	X-1921|CGM097	PD	single	BRCA
X-1934	CGM097	111.62	BestAvgResponse	lower = more sensitive	1	X-1934|CGM097	PD	single	NSCLC
X-1980	CGM097	64.35	BestAvgResponse	lower = more sensitive	1	X-1980|CGM097	PD	single	NSCLC
X-1993	CGM097	111.02	BestAvgResponse	lower = more sensitive	1	X-1993|CGM097	PD	single	NSCLC
X-2017	CGM097	50.3	BestAvgResponse	lower = more sensitive	1	X-2017|CGM097	PD	single	NSCLC
X-2042	CGM097	19.775	BestAvgResponse	lower = more sensitive	1	X-2042|CGM097	PD	single	NSCLC
X-2082	CGM097	9.325	BestAvgResponse	lower = more sensitive	1	X-2082|CGM097	PD	single	NSCLC
X-2088	CGM097	148.725	BestAvgResponse	lower = more sensitive	1	X-2088|CGM097	PD	single	NSCLC
X-2094	CGM097	128.6	BestAvgResponse	lower = more sensitive	1	X-2094|CGM097	PD	single	NSCLC
X-2145	CGM097	-16.5375	BestAvgResponse	lower = more sensitive	1	X-2145|CGM097	SD	single	CRC
X-2163	CGM097	61.78	BestAvgResponse	lower = more sensitive	1	X-2163|CGM097	PD	single	CM
X-2182	CGM097	257.18	BestAvgResponse	lower = more sensitive	1	X-2182|CGM097	PD	single	CRC
X-2195	CGM097	8.75556	BestAvgResponse	lower = more sensitive	1	X-2195|CGM097	SD	single	BRCA
X-2306	CGM097	-26.8143	BestAvgResponse	lower = more sensitive	1	X-2306|CGM097	SD	single	CM
X-2344	CGM097	132.3	BestAvgResponse	lower = more sensitive	1	X-2344|CGM097	PD	single	BRCA
X-2353	CGM097	23.74	BestAvgResponse	lower = more sensitive	1	X-2353|CGM097	PD	single	BRCA
X-2403	CGM097	10.42	BestAvgResponse	lower = more sensitive	1	X-2403|CGM097	PD	single	CRC
X-2483	CGM097	12.725	BestAvgResponse	lower = more sensitive	1	X-2483|CGM097	PD	single	CRC
X-2484	CGM097	1.54	BestAvgResponse	lower = more sensitive	1	X-2484|CGM097	PD	single	CRC
X-2487	CGM097	66.94	BestAvgResponse	lower = more sensitive	1	X-2487|CGM097	PD	single	BRCA
X-2524	CGM097	68.5	BestAvgResponse	lower = more sensitive	1	X-2524|CGM097	PD	single	BRCA
X-2538	CGM097	12.95	BestAvgResponse	lower = more sensitive	1	X-2538|CGM097	PD	single	CRC
X-2573	CGM097	37.1	BestAvgResponse	lower = more sensitive	1	X-2573|CGM097	PD	single	CRC
X-2602	CGM097	48.86	BestAvgResponse	lower = more sensitive	1	X-2602|CGM097	PD	single	CM
X-2613	CGM097	-39.065	BestAvgResponse	lower = more sensitive	1	X-2613|CGM097	PR	single	CM
X-2640	CGM097	0.88	BestAvgResponse	lower = more sensitive	1	X-2640|CGM097	SD	single	BRCA
X-2659	CGM097	59.66	BestAvgResponse	lower = more sensitive	1	X-2659|CGM097	PD	single	CRC
X-2700	CGM097	49.44	BestAvgResponse	lower = more sensitive	1	X-2700|CGM097	PD	single	CM
X-2723	CGM097	29.625	BestAvgResponse	lower = more sensitive	1	X-2723|CGM097	PD	single	CM
X-2753	CGM097	2.71667	BestAvgResponse	lower = more sensitive	1	X-2753|CGM097	SD	single	CM
X-2780	CGM097	24.64	BestAvgResponse	lower = more sensitive	1	X-2780|CGM097	PD	single	BRCA
X-2822	CGM097	16.825	BestAvgResponse	lower = more sensitive	1	X-2822|CGM097	PD	single	CRC
X-2838	CGM097	1.38	BestAvgResponse	lower = more sensitive	1	X-2838|CGM097	SD	single	CM
X-2846	CGM097	99.85	BestAvgResponse	lower = more sensitive	1	X-2846|CGM097	PD	single	CRC
X-2861	CGM097	64.925	BestAvgResponse	lower = more sensitive	1	X-2861|CGM097	PD	single	CRC
X-2921	CGM097	269.65	BestAvgResponse	lower = more sensitive	1	X-2921|CGM097	PD	single	CM
X-2992	CGM097	38.48	BestAvgResponse	lower = more sensitive	1	X-2992|CGM097	PD	single	CM
X-3029	CGM097	-57.2318	BestAvgResponse	lower = more sensitive	1	X-3029|CGM097	PR	single	NSCLC
X-3077	CGM097	1.275	BestAvgResponse	lower = more sensitive	1	X-3077|CGM097	PD	single	BRCA
X-3078	CGM097	36.76	BestAvgResponse	lower = more sensitive	1	X-3078|CGM097	PD	single	BRCA
X-3093	CGM097	39.36	BestAvgResponse	lower = more sensitive	1	X-3093|CGM097	PD	single	CRC
X-3127	CGM097	20.6	BestAvgResponse	lower = more sensitive	1	X-3127|CGM097	SD	single	CM
X-3201	CGM097	47.05	BestAvgResponse	lower = more sensitive	1	X-3201|CGM097	PD	single	BRCA
X-3205	CGM097	29.32	BestAvgResponse	lower = more sensitive	1	X-3205|CGM097	PD	single	CRC
X-3211	CGM097	2.05	BestAvgResponse	lower = more sensitive	1	X-3211|CGM097	SD	single	CM
X-3224	CGM097	48.5	BestAvgResponse	lower = more sensitive	1	X-3224|CGM097	PD	single	CRC
X-3237	CGM097	93.3	BestAvgResponse	lower = more sensitive	1	X-3237|CGM097	PD	single	NSCLC
X-3267	CGM097	14.04	BestAvgResponse	lower = more sensitive	1	X-3267|CGM097	PD	single	CRC
X-3298	CGM097	42.075	BestAvgResponse	lower = more sensitive	1	X-3298|CGM097	PD	single	BRCA
X-3450	CGM097	21.18	BestAvgResponse	lower = more sensitive	1	X-3450|CGM097	PD	single	BRCA
X-3468	CGM097	15.175	BestAvgResponse	lower = more sensitive	1	X-3468|CGM097	PD	single	BRCA
X-3483	CGM097	-79.139	BestAvgResponse	lower = more sensitive	1	X-3483|CGM097	CR	single	CM
X-3486	CGM097	96.86	BestAvgResponse	lower = more sensitive	1	X-3486|CGM097	PD	single	CM
X-3503	CGM097	8.68	BestAvgResponse	lower = more sensitive	1	X-3503|CGM097	PD	single	CM
X-3676	CGM097	224.1	BestAvgResponse	lower = more sensitive	1	X-3676|CGM097	PD	single	CM
X-3697	CGM097	7.78	BestAvgResponse	lower = more sensitive	1	X-3697|CGM097	PD	single	BRCA
X-3746	CGM097	41.85	BestAvgResponse	lower = more sensitive	1	X-3746|CGM097	PD	single	CM
X-3773	CGM097	-26.325	BestAvgResponse	lower = more sensitive	1	X-3773|CGM097	SD	single	CM
X-3792	CGM097	-5.425	BestAvgResponse	lower = more sensitive	1	X-3792|CGM097	SD	single	CRC
X-3843	CGM097	40.25	BestAvgResponse	lower = more sensitive	1	X-3843|CGM097	PD	single	NSCLC
X-3851	CGM097	39.04	BestAvgResponse	lower = more sensitive	1	X-3851|CGM097	PD	single	CM
X-3873	CGM097	2.15	BestAvgResponse	lower = more sensitive	1	X-3873|CGM097	SD	single	BRCA
X-3880	CGM097	71.325	BestAvgResponse	lower = more sensitive	1	X-3880|CGM097	PD	single	CM
X-4087	CGM097	29.5333	BestAvgResponse	lower = more sensitive	1	X-4087|CGM097	PD	single	CRC
X-4157	CGM097	35.9	BestAvgResponse	lower = more sensitive	1	X-4157|CGM097	PD	single	CM
X-4339	CGM097	11.5	BestAvgResponse	lower = more sensitive	1	X-4339|CGM097	PD	single	CM
X-4347	CGM097	2.225	BestAvgResponse	lower = more sensitive	1	X-4347|CGM097	PD	single	BRCA
X-4426	CGM097	56.38	BestAvgResponse	lower = more sensitive	1	X-4426|CGM097	PD	single	CM
X-4455	CGM097	34.05	BestAvgResponse	lower = more sensitive	1	X-4455|CGM097	PD	single	CM
X-4530	CGM097	30.6	BestAvgResponse	lower = more sensitive	1	X-4530|CGM097	PD	single	CM
X-4538	CGM097	39.64	BestAvgResponse	lower = more sensitive	1	X-4538|CGM097	PD	single	CM
X-4567	CGM097	-4.45	BestAvgResponse	lower = more sensitive	1	X-4567|CGM097	PD	single	BRCA
X-4644	CGM097	122.175	BestAvgResponse	lower = more sensitive	1	X-4644|CGM097	PD	single	CM
X-4668	CGM097	62.4	BestAvgResponse	lower = more sensitive	1	X-4668|CGM097	PD	single	CM
X-4819	CGM097	162.7	BestAvgResponse	lower = more sensitive	1	X-4819|CGM097	PD	single	NSCLC
X-4824	CGM097	25.875	BestAvgResponse	lower = more sensitive	1	X-4824|CGM097	PD	single	BRCA
X-4832	CGM097	2.35	BestAvgResponse	lower = more sensitive	1	X-4832|CGM097	SD	single	CM
X-4849	CGM097	8.3	BestAvgResponse	lower = more sensitive	1	X-4849|CGM097	PD	single	CM
X-4888	CGM097	36.525	BestAvgResponse	lower = more sensitive	1	X-4888|CGM097	PD	single	BRCA
X-4949	CGM097	75.95	BestAvgResponse	lower = more sensitive	1	X-4949|CGM097	PD	single	BRCA
X-5189	CGM097	10.35	BestAvgResponse	lower = more sensitive	1	X-5189|CGM097	PD	single	CM
X-5249	CGM097	83.125	BestAvgResponse	lower = more sensitive	1	X-5249|CGM097	PD	single	BRCA
X-5254	CGM097	56.075	BestAvgResponse	lower = more sensitive	1	X-5254|CGM097	PD	single	CRC
X-5355	CGM097	79.125	BestAvgResponse	lower = more sensitive	1	X-5355|CGM097	PD	single	BRCA
X-5405	CGM097	28.4	BestAvgResponse	lower = more sensitive	1	X-5405|CGM097	PD	single	CRC
X-5438	CGM097	-5.325	BestAvgResponse	lower = more sensitive	1	X-5438|CGM097	SD	single	CRC
X-5446	CGM097	91.4333	BestAvgResponse	lower = more sensitive	1	X-5446|CGM097	PD	single	CRC
X-5494	CGM097	54.8667	BestAvgResponse	lower = more sensitive	1	X-5494|CGM097	PD	single	CRC
X-5495	CGM097	29.18	BestAvgResponse	lower = more sensitive	1	X-5495|CGM097	PD	single	CRC
X-5502	CGM097	19.14	BestAvgResponse	lower = more sensitive	1	X-5502|CGM097	PD	single	BRCA
X-5578	CGM097	61.3	BestAvgResponse	lower = more sensitive	1	X-5578|CGM097	PD	single	CRC
X-5975	CGM097	39.3	BestAvgResponse	lower = more sensitive	1	X-5975|CGM097	PD	single	BRCA
X-6047	CGM097	145.4	BestAvgResponse	lower = more sensitive	1	X-6047|CGM097	PD	single	BRCA
X-0933	CKX620	-28.9762	BestAvgResponse	lower = more sensitive	1	X-0933|CKX620	SD	single	CRC
X-1027	CKX620	32.96	BestAvgResponse	lower = more sensitive	1	X-1027|CKX620	PD	single	CRC
X-1055	CKX620	-21.675	BestAvgResponse	lower = more sensitive	1	X-1055|CKX620	SD	single	CRC
X-1119	CKX620	22.7	BestAvgResponse	lower = more sensitive	1	X-1119|CKX620	PD	single	CRC
X-1156	CKX620	130.64	BestAvgResponse	lower = more sensitive	1	X-1156|CKX620	PD	single	NSCLC
X-1167	CKX620	-5.24	BestAvgResponse	lower = more sensitive	1	X-1167|CKX620	SD	single	CRC
X-1172	CKX620	11.12	BestAvgResponse	lower = more sensitive	1	X-1172|CKX620	SD	single	NSCLC
X-1173	CKX620	51.25	BestAvgResponse	lower = more sensitive	1	X-1173|CKX620	PD	single	CRC
X-1189	CKX620	25.875	BestAvgResponse	lower = more sensitive	1	X-1189|CKX620	SD	single	NSCLC
X-1228	CKX620	-85.5667	BestAvgResponse	lower = more sensitive	1	X-1228|CKX620	CR	single	NSCLC
X-1270	CKX620	-6.74	BestAvgResponse	lower = more sensitive	1	X-1270|CKX620	SD	single	CRC
X-1290	CKX620	66.8	BestAvgResponse	lower = more sensitive	1	X-1290|CKX620	PD	single	CRC
X-1303	CKX620	-16.5938	BestAvgResponse	lower = more sensitive	1	X-1303|CKX620	SD	single	CRC
X-1323	CKX620	-11.7	BestAvgResponse	lower = more sensitive	1	X-1323|CKX620	SD	single	NSCLC
X-1329	CKX620	-4.65	BestAvgResponse	lower = more sensitive	1	X-1329|CKX620	SD	single	CRC
X-1441	CKX620	-21.2273	BestAvgResponse	lower = more sensitive	1	X-1441|CKX620	PR	single	CRC
X-1442	CKX620	0.575	BestAvgResponse	lower = more sensitive	1	X-1442|CKX620	SD	single	NSCLC
X-1443	CKX620	-6.05	BestAvgResponse	lower = more sensitive	1	X-1443|CKX620	SD	single	CRC
X-1479	CKX620	-8.23529	BestAvgResponse	lower = more sensitive	1	X-1479|CKX620	SD	single	CRC
X-1499	CKX620	50.575	BestAvgResponse	lower = more sensitive	1	X-1499|CKX620	PD	single	NSCLC
X-1500	CKX620	2.8125	BestAvgResponse	lower = more sensitive	1	X-1500|CKX620	SD	single	CRC
X-1536	CKX620	7.28	BestAvgResponse	lower = more sensitive	1	X-1536|CKX620	SD	single	CRC
X-1586	CKX620	-39.2211	BestAvgResponse	lower = more sensitive	1	X-1586|CKX620	PR	single	NSCLC
X-1658	CKX620	251.7	BestAvgResponse	lower = more sensitive	1	X-1658|CKX620	PD	single	NSCLC
X-1683	CKX620	-79.84	BestAvgResponse	lower = more sensitive	1	X-1683|CKX620	PR	single	NSCLC
X-1725	CKX620	-16.76	BestAvgResponse	lower = more sensitive	1	X-1725|CKX620	SD	single	NSCLC
X-1787	CKX620	28.3286	BestAvgResponse	lower = more sensitive	1	X-1787|CKX620	SD	single	NSCLC
X-1823	CKX620	62.875	BestAvgResponse	lower = more sensitive	1	X-1823|CKX620	PD	single	NSCLC
X-1834	CKX620	6.30455	BestAvgResponse	lower = more sensitive	1	X-1834|CKX620	SD	single	NSCLC
X-1835	CKX620	-64.905	BestAvgResponse	lower = more sensitive	1	X-1835|CKX620	PR	single	NSCLC
X-1855	CKX620	0.25	BestAvgResponse	lower = more sensitive	1	X-1855|CKX620	SD	single	CRC
X-1869	CKX620	-4.38	BestAvgResponse	lower = more sensitive	1	X-1869|CKX620	SD	single	NSCLC
X-1870	CKX620	-20.6	BestAvgResponse	lower = more sensitive	1	X-1870|CKX620	SD	single	NSCLC
X-1934	CKX620	43.7	BestAvgResponse	lower = more sensitive	1	X-1934|CKX620	PD	single	NSCLC
X-1980	CKX620	8.975	BestAvgResponse	lower = more sensitive	1	X-1980|CKX620	PD	single	NSCLC
X-1993	CKX620	-67.7407	BestAvgResponse	lower = more sensitive	1	X-1993|CKX620	CR	single	NSCLC
X-2017	CKX620	-25.825	BestAvgResponse	lower = more sensitive	1	X-2017|CKX620	PR	single	NSCLC
X-2042	CKX620	-38.9308	BestAvgResponse	lower = more sensitive	1	X-2042|CKX620	PR	single	NSCLC
X-2082	CKX620	-52	BestAvgResponse	lower = more sensitive	1	X-2082|CKX620	PR	single	NSCLC
X-2088	CKX620	-18.925	BestAvgResponse	lower = more sensitive	1	X-2088|CKX620	SD	single	NSCLC
X-2094	CKX620	24.0333	BestAvgResponse	lower = more sensitive	1	X-2094|CKX620	SD	single	NSCLC
X-2145	CKX620	-20.384	BestAvgResponse	lower = more sensitive	1	X-2145|CKX620	SD	single	CRC
X-2182	CKX620	29.44	BestAvgResponse	lower = more sensitive	1	X-2182|CKX620	PD	single	CRC
X-2374	CKX620	-3.05	BestAvgResponse	lower = more sensitive	1	X-2374|CKX620	SD	single	CRC
X-2403	CKX620	-12.08	BestAvgResponse	lower = more sensitive	1	X-2403|CKX620	SD	single	CRC
X-2483	CKX620	3.725	BestAvgResponse	lower = more sensitive	1	X-2483|CKX620	SD	single	CRC
X-2484	CKX620	9.34	BestAvgResponse	lower = more sensitive	1	X-2484|CKX620	PD	single	CRC
X-2538	CKX620	-1.98	BestAvgResponse	lower = more sensitive	1	X-2538|CKX620	SD	single	CRC
X-2573	CKX620	25.525	BestAvgResponse	lower = more sensitive	1	X-2573|CKX620	PD	single	CRC
X-2659	CKX620	19	BestAvgResponse	lower = more sensitive	1	X-2659|CKX620	PD	single	CRC
X-2822	CKX620	5.34	BestAvgResponse	lower = more sensitive	1	X-2822|CKX620	SD	single	CRC
X-2846	CKX620	-70.952	BestAvgResponse	lower = more sensitive	1	X-2846|CKX620	CR	single	CRC
X-2861	CKX620	-18.9667	BestAvgResponse	lower = more sensitive	1	X-2861|CKX620	SD	single	CRC
X-3029	CKX620	-45.9692	BestAvgResponse	lower = more sensitive	1	X-3029|CKX620	PR	single	NSCLC
X-3093	CKX620	11	BestAvgResponse	lower = more sensitive	1	X-3093|CKX620	SD	single	CRC
X-3205	CKX620	-2.74615	BestAvgResponse	lower = more sensitive	1	X-3205|CKX620	SD	single	CRC
X-3224	CKX620	127.925	BestAvgResponse	lower = more sensitive	1	X-3224|CKX620	PD	single	CRC
X-3237	CKX620	-20.85	BestAvgResponse	lower = more sensitive	1	X-3237|CKX620	SD	single	NSCLC
X-3267	CKX620	-1.83333	BestAvgResponse	lower = more sensitive	1	X-3267|CKX620	SD	single	CRC
X-3792	CKX620	6.76	BestAvgResponse	lower = more sensitive	1	X-3792|CKX620	PD	single	CRC
X-3843	CKX620	108.375	BestAvgResponse	lower = more sensitive	1	X-3843|CKX620	PD	single	NSCLC
X-4087	CKX620	2.675	BestAvgResponse	lower = more sensitive	1	X-4087|CKX620	SD	single	CRC
X-4819	CKX620	-14.3833	BestAvgResponse	lower = more sensitive	1	X-4819|CKX620	SD	single	NSCLC
X-5254	CKX620	20.925	BestAvgResponse	lower = more sensitive	1	X-5254|CKX620	PD	single	CRC
X-5405	CKX620	23.28	BestAvgResponse	lower = more sensitive	1	X-5405|CKX620	PD	single	CRC
X-5438	CKX620	-2.4	BestAvgResponse	lower = more sensitive	1	X-5438|CKX620	SD	single	CRC
X-5446	CKX620	24.025	BestAvgResponse	lower = more sensitive	1	X-5446|CKX620	PD	single	CRC
X-5494	CKX620	78.9667	BestAvgResponse	lower = more sensitive	1	X-5494|CKX620	PD	single	CRC
X-5495	CKX620	-5.125	BestAvgResponse	lower = more sensitive	1	X-5495|CKX620	SD	single	CRC
X-5578	CKX620	28.7667	BestAvgResponse	lower = more sensitive	1	X-5578|CKX620	PD	single	CRC
X-007	CLR457	26.5333	BestAvgResponse	lower = more sensitive	1	X-007|CLR457	SD	single	GC
X-010	CLR457	28.9667	BestAvgResponse	lower = more sensitive	1	X-010|CLR457	SD	single	GC
X-011	CLR457	-9.9	BestAvgResponse	lower = more sensitive	1	X-011|CLR457	SD	single	GC
X-015	CLR457	11	BestAvgResponse	lower = more sensitive	1	X-015|CLR457	PD	single	GC
X-017	CLR457	6.44	BestAvgResponse	lower = more sensitive	1	X-017|CLR457	SD	single	GC
X-020	CLR457	-10.8889	BestAvgResponse	lower = more sensitive	1	X-020|CLR457	SD	single	GC
X-025	CLR457	5.07143	BestAvgResponse	lower = more sensitive	1	X-025|CLR457	SD	single	GC
X-027	CLR457	-4.6	BestAvgResponse	lower = more sensitive	1	X-027|CLR457	SD	single	GC
X-028	CLR457	2.64	BestAvgResponse	lower = more sensitive	1	X-028|CLR457	SD	single	GC
X-029	CLR457	81.15	BestAvgResponse	lower = more sensitive	1	X-029|CLR457	PD	single	GC
X-031	CLR457	5.86	BestAvgResponse	lower = more sensitive	1	X-031|CLR457	SD	single	GC
X-034	CLR457	45.35	BestAvgResponse	lower = more sensitive	1	X-034|CLR457	PD	single	GC
X-037	CLR457	34.92	BestAvgResponse	lower = more sensitive	1	X-037|CLR457	PD	single	GC
X-038	CLR457	52.14	BestAvgResponse	lower = more sensitive	1	X-038|CLR457	PD	single	GC
X-056	CLR457	16.725	BestAvgResponse	lower = more sensitive	1	X-056|CLR457	PD	single	GC
X-057	CLR457	8.52	BestAvgResponse	lower = more sensitive	1	X-057|CLR457	SD	single	GC
X-064	CLR457	-0.8	BestAvgResponse	lower = more sensitive	1	X-064|CLR457	SD	single	GC
X-065	CLR457	0.781818	BestAvgResponse	lower = more sensitive	1	X-065|CLR457	SD	single	GC
X-067	CLR457	13.88	BestAvgResponse	lower = more sensitive	1	X-067|CLR457	SD	single	GC
X-075	CLR457	42.675	BestAvgResponse	lower = more sensitive	1	X-075|CLR457	PD	single	GC
X-077	CLR457	41.6	BestAvgResponse	lower = more sensitive	1	X-077|CLR457	PD	single	GC
X-084	CLR457	-2.55	BestAvgResponse	lower = more sensitive	1	X-084|CLR457	SD	single	GC
X-090	CLR457	14.05	BestAvgResponse	lower = more sensitive	1	X-090|CLR457	SD	single	GC
X-091	CLR457	14.2105	BestAvgResponse	lower = more sensitive	1	X-091|CLR457	SD	single	GC
X-0933	CLR457	-15.0625	BestAvgResponse	lower = more sensitive	1	X-0933|CLR457	SD	single	CRC
X-096	CLR457	33.92	BestAvgResponse	lower = more sensitive	1	X-096|CLR457	PD	single	GC
X-097	CLR457	29.3	BestAvgResponse	lower = more sensitive	1	X-097|CLR457	SD	single	GC
X-098	CLR457	39.3667	BestAvgResponse	lower = more sensitive	1	X-098|CLR457	PD	single	GC
X-099	CLR457	60.2	BestAvgResponse	lower = more sensitive	1	X-099|CLR457	PD	single	GC
X-0991	CLR457	-13.6778	BestAvgResponse	lower = more sensitive	1	X-0991|CLR457	SD	single	PDAC
X-1004	CLR457	5.6	BestAvgResponse	lower = more sensitive	1	X-1004|CLR457	SD	single	BRCA
X-1008	CLR457	-7.46	BestAvgResponse	lower = more sensitive	1	X-1008|CLR457	SD	single	BRCA
X-102	CLR457	-8.2625	BestAvgResponse	lower = more sensitive	1	X-102|CLR457	SD	single	GC
X-1027	CLR457	24.24	BestAvgResponse	lower = more sensitive	1	X-1027|CLR457	PD	single	CRC
X-1055	CLR457	-22.1273	BestAvgResponse	lower = more sensitive	1	X-1055|CLR457	SD	single	CRC
X-1119	CLR457	9.75	BestAvgResponse	lower = more sensitive	1	X-1119|CLR457	PD	single	CRC
X-114	CLR457	-16.8	BestAvgResponse	lower = more sensitive	1	X-114|CLR457	SD	single	GC
X-1156	CLR457	74.26	BestAvgResponse	lower = more sensitive	1	X-1156|CLR457	PD	single	NSCLC
X-1167	CLR457	23.275	BestAvgResponse	lower = more sensitive	1	X-1167|CLR457	PD	single	CRC
X-1172	CLR457	14.54	BestAvgResponse	lower = more sensitive	1	X-1172|CLR457	PD	single	NSCLC
X-1173	CLR457	-29.5857	BestAvgResponse	lower = more sensitive	1	X-1173|CLR457	SD	single	CRC
X-118	CLR457	38.275	BestAvgResponse	lower = more sensitive	1	X-118|CLR457	PD	single	GC
X-1189	CLR457	-19.95	BestAvgResponse	lower = more sensitive	1	X-1189|CLR457	SD	single	NSCLC
X-119	CLR457	46.68	BestAvgResponse	lower = more sensitive	1	X-119|CLR457	PD	single	GC
X-1199	CLR457	33.72	BestAvgResponse	lower = more sensitive	1	X-1199|CLR457	PD	single	PDAC
X-1228	CLR457	-40.88	BestAvgResponse	lower = more sensitive	1	X-1228|CLR457	SD	single	NSCLC
X-127	CLR457	-19.7667	BestAvgResponse	lower = more sensitive	1	X-127|CLR457	SD	single	GC
X-1270	CLR457	14.8	BestAvgResponse	lower = more sensitive	1	X-1270|CLR457	SD	single	CRC
X-128	CLR457	34.02	BestAvgResponse	lower = more sensitive	1	X-128|CLR457	PD	single	GC
X-1286	CLR457	-19.4806	BestAvgResponse	lower = more sensitive	1	X-1286|CLR457	SD	single	BRCA
X-1289	CLR457	24.94	BestAvgResponse	lower = more sensitive	1	X-1289|CLR457	PD	single	PDAC
X-129	CLR457	-52.4222	BestAvgResponse	lower = more sensitive	1	X-129|CLR457	PR	single	GC
X-1290	CLR457	37	BestAvgResponse	lower = more sensitive	1	X-1290|CLR457	PD	single	CRC
X-1298	CLR457	26.075	BestAvgResponse	lower = more sensitive	1	X-1298|CLR457	PD	single	BRCA
X-1303	CLR457	35.25	BestAvgResponse	lower = more sensitive	1	X-1303|CLR457	PD	single	CRC
X-131	CLR457	27.26	BestAvgResponse	lower = more sensitive	1	X-131|CLR457	PD	single	GC
X-1323	CLR457	-9.58	BestAvgResponse	lower = more sensitive	1	X-1323|CLR457	SD	single	NSCLC
X-1329	CLR457	66.975	BestAvgResponse	lower = more sensitive	1	X-1329|CLR457	PD	single	CRC
X-1362	CLR457	34.66	BestAvgResponse	lower = more sensitive	1	X-1362|CLR457	PD	single	PDAC
X-1371	CLR457	68.88	BestAvgResponse	lower = more sensitive	1	X-1371|CLR457	PD	single	BRCA
X-138	CLR457	-14.9571	BestAvgResponse	lower = more sensitive	1	X-138|CLR457	SD	single	GC
X-1383	CLR457	18.12	BestAvgResponse	lower = more sensitive	1	X-1383|CLR457	SD	single	BRCA
X-1407	CLR457	-14.5154	BestAvgResponse	lower = more sensitive	1	X-1407|CLR457	SD	single	BRCA
X-1441	CLR457	-16.9917	BestAvgResponse	lower = more sensitive	1	X-1441|CLR457	SD	single	CRC
X-1442	CLR457	66.08	BestAvgResponse	lower = more sensitive	1	X-1442|CLR457	PD	single	NSCLC
X-1443	CLR457	-9.43333	BestAvgResponse	lower = more sensitive	1	X-1443|CLR457	SD	single	CRC
X-1468	CLR457	6.04	BestAvgResponse	lower = more sensitive	1	X-1468|CLR457	SD	single	
X-1479	CLR457	9.5	BestAvgResponse	lower = more sensitive	1	X-1479|CLR457	SD	single	CRC
X-1499	CLR457	84.84	BestAvgResponse	lower = more sensitive	1	X-1499|CLR457	PD	single	NSCLC
X-1500	CLR457	-51.7867	BestAvgResponse	lower = more sensitive	1	X-1500|CLR457	PR	single	CRC
X-1536	CLR457	-2.21667	BestAvgResponse	lower = more sensitive	1	X-1536|CLR457	SD	single	CRC
X-1538	CLR457	8.875	BestAvgResponse	lower = more sensitive	1	X-1538|CLR457	SD	single	CRC
X-154	CLR457	15.3667	BestAvgResponse	lower = more sensitive	1	X-154|CLR457	SD	single	GC
X-158	CLR457	-0.666667	BestAvgResponse	lower = more sensitive	1	X-158|CLR457	SD	single	GC
X-1586	CLR457	-3.6	BestAvgResponse	lower = more sensitive	1	X-1586|CLR457	SD	single	NSCLC
X-160	CLR457	-2.75556	BestAvgResponse	lower = more sensitive	1	X-160|CLR457	SD	single	GC
X-1600	CLR457	-10.25	BestAvgResponse	lower = more sensitive	1	X-1600|CLR457	SD	single	BRCA
X-161	CLR457	62.875	BestAvgResponse	lower = more sensitive	1	X-161|CLR457	PD	single	GC
X-1631	CLR457	-7.025	BestAvgResponse	lower = more sensitive	1	X-1631|CLR457	SD	single	BRCA
X-1655	CLR457	-0.96	BestAvgResponse	lower = more sensitive	1	X-1655|CLR457	SD	single	CM
X-1658	CLR457	-10	BestAvgResponse	lower = more sensitive	1	X-1658|CLR457	SD	single	NSCLC
X-166	CLR457	-2.425	BestAvgResponse	lower = more sensitive	1	X-166|CLR457	SD	single	GC
X-1683	CLR457	-18.525	BestAvgResponse	lower = more sensitive	1	X-1683|CLR457	SD	single	NSCLC
X-171	CLR457	126.8	BestAvgResponse	lower = more sensitive	1	X-171|CLR457	PD	single	GC
X-1725	CLR457	28.62	BestAvgResponse	lower = more sensitive	1	X-1725|CLR457	PD	single	NSCLC
X-1787	CLR457	107.46	BestAvgResponse	lower = more sensitive	1	X-1787|CLR457	PD	single	NSCLC
X-1823	CLR457	34.92	BestAvgResponse	lower = more sensitive	1	X-1823|CLR457	PD	single	NSCLC
X-1828	CLR457	-44.3353	BestAvgResponse	lower = more sensitive	1	X-1828|CLR457	CR	single	BRCA
X-1832	CLR457	65.8	BestAvgResponse	lower = more sensitive	1	X-1832|CLR457	PD	single	BRCA
X-1834	CLR457	-21.24	BestAvgResponse	lower = more sensitive	1	X-1834|CLR457	SD	single	NSCLC
X-1835	CLR457	-11.1	BestAvgResponse	lower = more sensitive	1	X-1835|CLR457	SD	single	NSCLC
X-1869	CLR457	293.575	BestAvgResponse	lower = more sensitive	1	X-1869|CLR457	PD	single	NSCLC
X-1870	CLR457	3.3	BestAvgResponse	lower = more sensitive	1	X-1870|CLR457	SD	single	NSCLC
X-1906	CLR457	17.225	BestAvgResponse	lower = more sensitive	1	X-1906|CLR457	SD	single	CM
X-1916	CLR457	16.34	BestAvgResponse	lower = more sensitive	1	X-1916|CLR457	SD	single	BRCA
X-1921	CLR457	-25.52	BestAvgResponse	lower = more sensitive	1	X-1921|CLR457	SD	single	BRCA
X-1934	CLR457	109.72	BestAvgResponse	lower = more sensitive	1	X-1934|CLR457	PD	single	NSCLC
X-1948	CLR457	18.45	BestAvgResponse	lower = more sensitive	1	X-1948|CLR457	PD	single	PDAC
X-1980	CLR457	-17.6	BestAvgResponse	lower = more sensitive	1	X-1980|CLR457	SD	single	NSCLC
X-1993	CLR457	-41.5368	BestAvgResponse	lower = more sensitive	1	X-1993|CLR457	PR	single	NSCLC
X-2017	CLR457	25.975	BestAvgResponse	lower = more sensitive	1	X-2017|CLR457	PD	single	NSCLC
X-2026	CLR457	14.28	BestAvgResponse	lower = more sensitive	1	X-2026|CLR457	PD	single	PDAC
X-2042	CLR457	-18.8	BestAvgResponse	lower = more sensitive	1	X-2042|CLR457	SD	single	NSCLC
X-2043	CLR457	20.525	BestAvgResponse	lower = more sensitive	1	X-2043|CLR457	PD	single	PDAC
X-2081	CLR457	51.95	BestAvgResponse	lower = more sensitive	1	X-2081|CLR457	PD	single	PDAC
X-2082	CLR457	29.925	BestAvgResponse	lower = more sensitive	1	X-2082|CLR457	PD	single	NSCLC
X-2088	CLR457	154.6	BestAvgResponse	lower = more sensitive	1	X-2088|CLR457	PD	single	NSCLC
X-2094	CLR457	27.84	BestAvgResponse	lower = more sensitive	1	X-2094|CLR457	PD	single	NSCLC
X-2145	CLR457	24.5143	BestAvgResponse	lower = more sensitive	1	X-2145|CLR457	SD	single	CRC
X-2163	CLR457	10.04	BestAvgResponse	lower = more sensitive	1	X-2163|CLR457	PD	single	CM
X-2182	CLR457	68.58	BestAvgResponse	lower = more sensitive	1	X-2182|CLR457	PD	single	CRC
X-2195	CLR457	33.625	BestAvgResponse	lower = more sensitive	1	X-2195|CLR457	PD	single	BRCA
X-2239	CLR457	20.54	BestAvgResponse	lower = more sensitive	1	X-2239|CLR457	PD	single	CRC
X-2283	CLR457	95	BestAvgResponse	lower = more sensitive	1	X-2283|CLR457	PD	single	PDAC
X-2306	CLR457	-0.525	BestAvgResponse	lower = more sensitive	1	X-2306|CLR457	SD	single	CM
X-2339	CLR457	-26.9857	BestAvgResponse	lower = more sensitive	1	X-2339|CLR457	SD	single	PDAC
X-2344	CLR457	23.225	BestAvgResponse	lower = more sensitive	1	X-2344|CLR457	PD	single	BRCA
X-2353	CLR457	8.25	BestAvgResponse	lower = more sensitive	1	X-2353|CLR457	PD	single	BRCA
X-2374	CLR457	5.73333	BestAvgResponse	lower = more sensitive	1	X-2374|CLR457	SD	single	CRC
X-2403	CLR457	4.9	BestAvgResponse	lower = more sensitive	1	X-2403|CLR457	SD	single	CRC
X-2428	CLR457	-2.24	BestAvgResponse	lower = more sensitive	1	X-2428|CLR457	SD	single	PDAC
X-2470	CLR457	1.26	BestAvgResponse	lower = more sensitive	1	X-2470|CLR457	SD	single	PDAC
X-2483	CLR457	8.1	BestAvgResponse	lower = more sensitive	1	X-2483|CLR457	SD	single	CRC
X-2484	CLR457	-1.04	BestAvgResponse	lower = more sensitive	1	X-2484|CLR457	SD	single	CRC
X-2487	CLR457	13.375	BestAvgResponse	lower = more sensitive	1	X-2487|CLR457	PD	single	BRCA
X-2524	CLR457	30.52	BestAvgResponse	lower = more sensitive	1	X-2524|CLR457	PD	single	BRCA
X-2538	CLR457	-27.26	BestAvgResponse	lower = more sensitive	1	X-2538|CLR457	SD	single	CRC
X-2564	CLR457	-0.114286	BestAvgResponse	lower = more sensitive	1	X-2564|CLR457	SD	single	PDAC
X-2573	CLR457	-18.94	BestAvgResponse	lower = more sensitive	1	X-2573|CLR457	SD	single	CRC
X-2613	CLR457	117.533	BestAvgResponse	lower = more sensitive	1	X-2613|CLR457	PD	single	CM
X-2633	CLR457	15.75	BestAvgResponse	lower = more sensitive	1	X-2633|CLR457	PD	single	PDAC
X-2640	CLR457	-0.76	BestAvgResponse	lower = more sensitive	1	X-2640|CLR457	SD	single	BRCA
X-2659	CLR457	24.96	BestAvgResponse	lower = more sensitive	1	X-2659|CLR457	PD	single	CRC
X-2684	CLR457	30.85	BestAvgResponse	lower = more sensitive	1	X-2684|CLR457	PD	single	PDAC
X-2700	CLR457	66.875	BestAvgResponse	lower = more sensitive	1	X-2700|CLR457	PD	single	CM
X-2723	CLR457	2.65	BestAvgResponse	lower = more sensitive	1	X-2723|CLR457	PD	single	CM
X-2753	CLR457	15.28	BestAvgResponse	lower = more sensitive	1	X-2753|CLR457	SD	single	CM
X-2780	CLR457	21.0333	BestAvgResponse	lower = more sensitive	1	X-2780|CLR457	SD	single	BRCA
X-2822	CLR457	0.46	BestAvgResponse	lower = more sensitive	1	X-2822|CLR457	SD	single	CRC
X-2838	CLR457	-7.325	BestAvgResponse	lower = more sensitive	1	X-2838|CLR457	SD	single	CM
X-2846	CLR457	-40.4	BestAvgResponse	lower = more sensitive	1	X-2846|CLR457	PR	single	CRC
X-2861	CLR457	15.375	BestAvgResponse	lower = more sensitive	1	X-2861|CLR457	PD	single	CRC
X-2921	CLR457	44.0667	BestAvgResponse	lower = more sensitive	1	X-2921|CLR457	PD	single	CM
X-2992	CLR457	15	BestAvgResponse	lower = more sensitive	1	X-2992|CLR457	PD	single	CM
X-2997	CLR457	51.475	BestAvgResponse	lower = more sensitive	1	X-2997|CLR457	PD	single	PDAC
X-3028	CLR457	2.5	BestAvgResponse	lower = more sensitive	1	X-3028|CLR457	SD	single	PDAC
X-3029	CLR457	-48.3833	BestAvgResponse	lower = more sensitive	1	X-3029|CLR457	PR	single	NSCLC
X-3038	CLR457	14.05	BestAvgResponse	lower = more sensitive	1	X-3038|CLR457	PD	single	PDAC
X-3052	CLR457	12.8	BestAvgResponse	lower = more sensitive	1	X-3052|CLR457	PD	single	PDAC
X-3077	CLR457	-55.4133	BestAvgResponse	lower = more sensitive	1	X-3077|CLR457	PR	single	BRCA
X-3078	CLR457	8.175	BestAvgResponse	lower = more sensitive	1	X-3078|CLR457	SD	single	BRCA
X-3093	CLR457	33.4	BestAvgResponse	lower = more sensitive	1	X-3093|CLR457	PD	single	CRC
X-3127	CLR457	8.32	BestAvgResponse	lower = more sensitive	1	X-3127|CLR457	PD	single	CM
X-3201	CLR457	28.825	BestAvgResponse	lower = more sensitive	1	X-3201|CLR457	PD	single	BRCA
X-3205	CLR457	1.35	BestAvgResponse	lower = more sensitive	1	X-3205|CLR457	SD	single	CRC
X-3211	CLR457	-23.3643	BestAvgResponse	lower = more sensitive	1	X-3211|CLR457	SD	single	CM
X-3224	CLR457	11.1	BestAvgResponse	lower = more sensitive	1	X-3224|CLR457	SD	single	CRC
X-3237	CLR457	14.08	BestAvgResponse	lower = more sensitive	1	X-3237|CLR457	PD	single	NSCLC
X-3267	CLR457	2.98	BestAvgResponse	lower = more sensitive	1	X-3267|CLR457	SD	single	CRC
X-3268	CLR457	14.5	BestAvgResponse	lower = more sensitive	1	X-3268|CLR457	PD	single	PDAC
X-3298	CLR457	25.675	BestAvgResponse	lower = more sensitive	1	X-3298|CLR457	PD	single	BRCA
X-3450	CLR457	-31.9278	BestAvgResponse	lower = more sensitive	1	X-3450|CLR457	PR	single	BRCA
X-3468	CLR457	-31.1429	BestAvgResponse	lower = more sensitive	1	X-3468|CLR457	SD	single	BRCA
X-3697	CLR457	-42.5625	BestAvgResponse	lower = more sensitive	1	X-3697|CLR457	PR	single	BRCA
X-3773	CLR457	6.98	BestAvgResponse	lower = more sensitive	1	X-3773|CLR457	SD	single	CM
X-3782	CLR457	-1.76	BestAvgResponse	lower = more sensitive	1	X-3782|CLR457	SD	single	
X-3792	CLR457	22.75	BestAvgResponse	lower = more sensitive	1	X-3792|CLR457	SD	single	CRC
X-3800	CLR457	-28.0316	BestAvgResponse	lower = more sensitive	1	X-3800|CLR457	SD	single	PDAC
X-3816	CLR457	0.48	BestAvgResponse	lower = more sensitive	1	X-3816|CLR457	SD	single	PDAC
X-3843	CLR457	18.6	BestAvgResponse	lower = more sensitive	1	X-3843|CLR457	SD	single	NSCLC
X-3846	CLR457	5.45	BestAvgResponse	lower = more sensitive	1	X-3846|CLR457	SD	single	PDAC
X-3851	CLR457	-0.8	BestAvgResponse	lower = more sensitive	1	X-3851|CLR457	SD	single	CM
X-3873	CLR457	-69.98	BestAvgResponse	lower = more sensitive	1	X-3873|CLR457	PR	single	BRCA
X-3947	CLR457	55.56	BestAvgResponse	lower = more sensitive	1	X-3947|CLR457	PD	single	PDAC
X-3990	CLR457	11.175	BestAvgResponse	lower = more sensitive	1	X-3990|CLR457	SD	single	PDAC
X-4015	CLR457	49.38	BestAvgResponse	lower = more sensitive	1	X-4015|CLR457	PD	single	PDAC
X-4018	CLR457	9.25	BestAvgResponse	lower = more sensitive	1	X-4018|CLR457	SD	single	PDAC
X-4087	CLR457	15.425	BestAvgResponse	lower = more sensitive	1	X-4087|CLR457	PD	single	CRC
X-4145	CLR457	36.16	BestAvgResponse	lower = more sensitive	1	X-4145|CLR457	PD	single	CRC
X-4157	CLR457	35.3	BestAvgResponse	lower = more sensitive	1	X-4157|CLR457	PD	single	CM
X-4215	CLR457	21.275	BestAvgResponse	lower = more sensitive	1	X-4215|CLR457	PD	single	PDAC
X-4226	CLR457	13.06	BestAvgResponse	lower = more sensitive	1	X-4226|CLR457	PD	single	PDAC
X-4316	CLR457	4.8	BestAvgResponse	lower = more sensitive	1	X-4316|CLR457	SD	single	PDAC
X-4339	CLR457	7.56	BestAvgResponse	lower = more sensitive	1	X-4339|CLR457	SD	single	CM
X-4347	CLR457	-1.9	BestAvgResponse	lower = more sensitive	1	X-4347|CLR457	SD	single	BRCA
X-4377	CLR457	22.22	BestAvgResponse	lower = more sensitive	1	X-4377|CLR457	PD	single	PDAC
X-4378	CLR457	3.725	BestAvgResponse	lower = more sensitive	1	X-4378|CLR457	SD	single	PDAC
X-4439	CLR457	-15.4688	BestAvgResponse	lower = more sensitive	1	X-4439|CLR457	SD	single	PDAC
X-4455	CLR457	36.86	BestAvgResponse	lower = more sensitive	1	X-4455|CLR457	PD	single	CM
X-4567	CLR457	-79.2846	BestAvgResponse	lower = more sensitive	1	X-4567|CLR457	CR	single	BRCA
X-4644	CLR457	41.6	BestAvgResponse	lower = more sensitive	1	X-4644|CLR457	PD	single	CM
X-4649	CLR457	8.76	BestAvgResponse	lower = more sensitive	1	X-4649|CLR457	SD	single	PDAC
X-4676	CLR457	12.5	BestAvgResponse	lower = more sensitive	1	X-4676|CLR457	PD	single	PDAC
X-4819	CLR457	90.06	BestAvgResponse	lower = more sensitive	1	X-4819|CLR457	PD	single	NSCLC
X-4824	CLR457	-30.3538	BestAvgResponse	lower = more sensitive	1	X-4824|CLR457	PR	single	BRCA
X-4849	CLR457	28.25	BestAvgResponse	lower = more sensitive	1	X-4849|CLR457	PD	single	CM
X-4888	CLR457	-5.075	BestAvgResponse	lower = more sensitive	1	X-4888|CLR457	SD	single	BRCA
X-4949	CLR457	63.375	BestAvgResponse	lower = more sensitive	1	X-4949|CLR457	PD	single	BRCA
X-5189	CLR457	31.15	BestAvgResponse	lower = more sensitive	1	X-5189|CLR457	PD	single	CM
X-5205	CLR457	20.15	BestAvgResponse	lower = more sensitive	1	X-5205|CLR457	PD	single	PDAC
X-5249	CLR457	29.5667	BestAvgResponse	lower = more sensitive	1	X-5249|CLR457	PD	single	BRCA
X-5254	CLR457	-23.8	BestAvgResponse	lower = more sensitive	1	X-5254|CLR457	SD	single	CRC
X-5355	CLR457	-13.7	BestAvgResponse	lower = more sensitive	1	X-5355|CLR457	SD	single	BRCA
X-5405	CLR457	14.26	BestAvgResponse	lower = more sensitive	1	X-5405|CLR457	PD	single	CRC
X-5438	CLR457	7.26	BestAvgResponse	lower = more sensitive	1	X-5438|CLR457	SD	single	CRC
X-5446	CLR457	16.65	BestAvgResponse	lower = more sensitive	1	X-5446|CLR457	PD	single	CRC
X-5494	CLR457	-30.9	BestAvgResponse	lower = more sensitive	1	X-5494|CLR457	SD	single	CRC
X-5495	CLR457	-20.0105	BestAvgResponse	lower = more sensitive	1	X-5495|CLR457	SD	single	CRC
X-5502	CLR457	-1.68	BestAvgResponse	lower = more sensitive	1	X-5502|CLR457	SD	single	BRCA
X-5578	CLR457	2.125	BestAvgResponse	lower = more sensitive	1	X-5578|CLR457	SD	single	CRC
X-5975	CLR457	37.46	BestAvgResponse	lower = more sensitive	1	X-5975|CLR457	PD	single	BRCA
X-6047	CLR457	24.325	BestAvgResponse	lower = more sensitive	1	X-6047|CLR457	PD	single	BRCA
X-1655	DACARBAZINE	37.34	BestAvgResponse	lower = more sensitive	1	X-1655|dacarbazine	PD	single	CM
X-1906	DACARBAZINE	19.5	BestAvgResponse	lower = more sensitive	1	X-1906|dacarbazine	PD	single	CM
X-2163	DACARBAZINE	-11.64	BestAvgResponse	lower = more sensitive	1	X-2163|dacarbazine	SD	single	CM
X-2306	DACARBAZINE	-8.625	BestAvgResponse	lower = more sensitive	1	X-2306|dacarbazine	SD	single	CM
X-2602	DACARBAZINE	48.4	BestAvgResponse	lower = more sensitive	1	X-2602|dacarbazine	PD	single	CM
X-2613	DACARBAZINE	66.425	BestAvgResponse	lower = more sensitive	1	X-2613|dacarbazine	PD	single	CM
X-2700	DACARBAZINE	35.82	BestAvgResponse	lower = more sensitive	1	X-2700|dacarbazine	PD	single	CM
X-2723	DACARBAZINE	93.825	BestAvgResponse	lower = more sensitive	1	X-2723|dacarbazine	PD	single	CM
X-2753	DACARBAZINE	42.9	BestAvgResponse	lower = more sensitive	1	X-2753|dacarbazine	PD	single	CM
X-2838	DACARBAZINE	-21.4571	BestAvgResponse	lower = more sensitive	1	X-2838|dacarbazine	SD	single	CM
X-2921	DACARBAZINE	-61.6875	BestAvgResponse	lower = more sensitive	1	X-2921|dacarbazine	PR	single	CM
X-2992	DACARBAZINE	23.9	BestAvgResponse	lower = more sensitive	1	X-2992|dacarbazine	PD	single	CM
X-3127	DACARBAZINE	-79.7941	BestAvgResponse	lower = more sensitive	1	X-3127|dacarbazine	CR	single	CM
X-3211	DACARBAZINE	5.48571	BestAvgResponse	lower = more sensitive	1	X-3211|dacarbazine	SD	single	CM
X-3483	DACARBAZINE	-83.7226	BestAvgResponse	lower = more sensitive	1	X-3483|dacarbazine	CR	single	CM
X-3486	DACARBAZINE	35.45	BestAvgResponse	lower = more sensitive	1	X-3486|dacarbazine	PD	single	CM
X-3503	DACARBAZINE	28.28	BestAvgResponse	lower = more sensitive	1	X-3503|dacarbazine	PD	single	CM
X-3676	DACARBAZINE	172.025	BestAvgResponse	lower = more sensitive	1	X-3676|dacarbazine	PD	single	CM
X-3746	DACARBAZINE	16.2	BestAvgResponse	lower = more sensitive	1	X-3746|dacarbazine	PD	single	CM
X-3773	DACARBAZINE	6.38	BestAvgResponse	lower = more sensitive	1	X-3773|dacarbazine	SD	single	CM
X-3851	DACARBAZINE	-54.8647	BestAvgResponse	lower = more sensitive	1	X-3851|dacarbazine	PR	single	CM
X-3880	DACARBAZINE	77.975	BestAvgResponse	lower = more sensitive	1	X-3880|dacarbazine	PD	single	CM
X-4157	DACARBAZINE	16	BestAvgResponse	lower = more sensitive	1	X-4157|dacarbazine	PD	single	CM
X-4339	DACARBAZINE	13.14	BestAvgResponse	lower = more sensitive	1	X-4339|dacarbazine	SD	single	CM
X-4426	DACARBAZINE	72.14	BestAvgResponse	lower = more sensitive	1	X-4426|dacarbazine	PD	single	CM
X-4455	DACARBAZINE	38.64	BestAvgResponse	lower = more sensitive	1	X-4455|dacarbazine	PD	single	CM
X-4538	DACARBAZINE	-9.58	BestAvgResponse	lower = more sensitive	1	X-4538|dacarbazine	SD	single	CM
X-4644	DACARBAZINE	56.86	BestAvgResponse	lower = more sensitive	1	X-4644|dacarbazine	PD	single	CM
X-4668	DACARBAZINE	67.075	BestAvgResponse	lower = more sensitive	1	X-4668|dacarbazine	PD	single	CM
X-4832	DACARBAZINE	-0.333333	BestAvgResponse	lower = more sensitive	1	X-4832|dacarbazine	SD	single	CM
X-4849	DACARBAZINE	41.725	BestAvgResponse	lower = more sensitive	1	X-4849|dacarbazine	PD	single	CM
X-5189	DACARBAZINE	16.6	BestAvgResponse	lower = more sensitive	1	X-5189|dacarbazine	SD	single	CM
X-007	ELGEMTUMAB	284.64	BestAvgResponse	lower = more sensitive	1	X-007|LJM716	PD	single	GC
X-010	ELGEMTUMAB	132.32	BestAvgResponse	lower = more sensitive	1	X-010|LJM716	PD	single	GC
X-011	ELGEMTUMAB	36.675	BestAvgResponse	lower = more sensitive	1	X-011|LJM716	PD	single	GC
X-015	ELGEMTUMAB	34.32	BestAvgResponse	lower = more sensitive	1	X-015|LJM716	PD	single	GC
X-017	ELGEMTUMAB	104.2	BestAvgResponse	lower = more sensitive	1	X-017|LJM716	PD	single	GC
X-020	ELGEMTUMAB	46	BestAvgResponse	lower = more sensitive	1	X-020|LJM716	PD	single	GC
X-023	ELGEMTUMAB	35.16	BestAvgResponse	lower = more sensitive	1	X-023|LJM716	PD	single	GC
X-024	ELGEMTUMAB	20.04	BestAvgResponse	lower = more sensitive	1	X-024|LJM716	PD	single	GC
X-025	ELGEMTUMAB	-13.26	BestAvgResponse	lower = more sensitive	1	X-025|LJM716	SD	single	GC
X-027	ELGEMTUMAB	-25.64	BestAvgResponse	lower = more sensitive	1	X-027|LJM716	PR	single	GC
X-028	ELGEMTUMAB	60.6	BestAvgResponse	lower = more sensitive	1	X-028|LJM716	PD	single	GC
X-031	ELGEMTUMAB	22.5429	BestAvgResponse	lower = more sensitive	1	X-031|LJM716	SD	single	GC
X-034	ELGEMTUMAB	15.38	BestAvgResponse	lower = more sensitive	1	X-034|LJM716	PD	single	GC
X-035	ELGEMTUMAB	13.2375	BestAvgResponse	lower = more sensitive	1	X-035|LJM716	SD	single	GC
X-037	ELGEMTUMAB	73.52	BestAvgResponse	lower = more sensitive	1	X-037|LJM716	PD	single	GC
X-038	ELGEMTUMAB	14.4	BestAvgResponse	lower = more sensitive	1	X-038|LJM716	PD	single	GC
X-039	ELGEMTUMAB	31.425	BestAvgResponse	lower = more sensitive	1	X-039|LJM716	PD	single	GC
X-050	ELGEMTUMAB	-5.15	BestAvgResponse	lower = more sensitive	1	X-050|LJM716	SD	single	GC
X-056	ELGEMTUMAB	26.28	BestAvgResponse	lower = more sensitive	1	X-056|LJM716	PD	single	GC
X-057	ELGEMTUMAB	-5.9	BestAvgResponse	lower = more sensitive	1	X-057|LJM716	SD	single	GC
X-064	ELGEMTUMAB	46.78	BestAvgResponse	lower = more sensitive	1	X-064|LJM716	PD	single	GC
X-065	ELGEMTUMAB	17.375	BestAvgResponse	lower = more sensitive	1	X-065|LJM716	SD	single	GC
X-067	ELGEMTUMAB	122.025	BestAvgResponse	lower = more sensitive	1	X-067|LJM716	PD	single	GC
X-074	ELGEMTUMAB	40.02	BestAvgResponse	lower = more sensitive	1	X-074|LJM716	PD	single	GC
X-075	ELGEMTUMAB	46.5	BestAvgResponse	lower = more sensitive	1	X-075|LJM716	PD	single	GC
X-077	ELGEMTUMAB	2.575	BestAvgResponse	lower = more sensitive	1	X-077|LJM716	PD	single	GC
X-078	ELGEMTUMAB	29.66	BestAvgResponse	lower = more sensitive	1	X-078|LJM716	PD	single	GC
X-080	ELGEMTUMAB	25.7	BestAvgResponse	lower = more sensitive	1	X-080|LJM716	PD	single	
X-084	ELGEMTUMAB	-2.24	BestAvgResponse	lower = more sensitive	1	X-084|LJM716	SD	single	GC
X-089	ELGEMTUMAB	-0.705	BestAvgResponse	lower = more sensitive	1	X-089|LJM716	SD	single	GC
X-090	ELGEMTUMAB	12.525	BestAvgResponse	lower = more sensitive	1	X-090|LJM716	PD	single	GC
X-091	ELGEMTUMAB	-6.82	BestAvgResponse	lower = more sensitive	1	X-091|LJM716	SD	single	GC
X-096	ELGEMTUMAB	-8.22222	BestAvgResponse	lower = more sensitive	1	X-096|LJM716	SD	single	GC
X-097	ELGEMTUMAB	52.275	BestAvgResponse	lower = more sensitive	1	X-097|LJM716	PD	single	GC
X-098	ELGEMTUMAB	54.5667	BestAvgResponse	lower = more sensitive	1	X-098|LJM716	PD	single	GC
X-099	ELGEMTUMAB	35.525	BestAvgResponse	lower = more sensitive	1	X-099|LJM716	PD	single	GC
X-1004	ELGEMTUMAB	4.03333	BestAvgResponse	lower = more sensitive	1	X-1004|LJM716	SD	single	BRCA
X-1008	ELGEMTUMAB	-17.95	BestAvgResponse	lower = more sensitive	1	X-1008|LJM716	SD	single	BRCA
X-101	ELGEMTUMAB	57.1	BestAvgResponse	lower = more sensitive	1	X-101|LJM716	PD	single	GC
X-102	ELGEMTUMAB	1.62609	BestAvgResponse	lower = more sensitive	1	X-102|LJM716	SD	single	GC
X-105	ELGEMTUMAB	-0.133333	BestAvgResponse	lower = more sensitive	1	X-105|LJM716	SD	single	GC
X-114	ELGEMTUMAB	-20.4	BestAvgResponse	lower = more sensitive	1	X-114|LJM716	SD	single	GC
X-118	ELGEMTUMAB	153.35	BestAvgResponse	lower = more sensitive	1	X-118|LJM716	PD	single	GC
X-119	ELGEMTUMAB	-21.32	BestAvgResponse	lower = more sensitive	1	X-119|LJM716	SD	single	GC
X-127	ELGEMTUMAB	45.65	BestAvgResponse	lower = more sensitive	1	X-127|LJM716	PD	single	GC
X-128	ELGEMTUMAB	68.26	BestAvgResponse	lower = more sensitive	1	X-128|LJM716	PD	single	GC
X-1286	ELGEMTUMAB	4.45	BestAvgResponse	lower = more sensitive	1	X-1286|LJM716	PD	single	BRCA
X-129	ELGEMTUMAB	37.875	BestAvgResponse	lower = more sensitive	1	X-129|LJM716	PD	single	GC
X-1298	ELGEMTUMAB	13.04	BestAvgResponse	lower = more sensitive	1	X-1298|LJM716	PD	single	BRCA
X-131	ELGEMTUMAB	103.16	BestAvgResponse	lower = more sensitive	1	X-131|LJM716	PD	single	GC
X-135	ELGEMTUMAB	10.15	BestAvgResponse	lower = more sensitive	1	X-135|LJM716	SD	single	GC
X-136	ELGEMTUMAB	-23	BestAvgResponse	lower = more sensitive	1	X-136|LJM716	SD	single	GC
X-137	ELGEMTUMAB	-38.34	BestAvgResponse	lower = more sensitive	1	X-137|LJM716	SD	single	GC
X-1371	ELGEMTUMAB	13.82	BestAvgResponse	lower = more sensitive	1	X-1371|LJM716	PD	single	BRCA
X-138	ELGEMTUMAB	40.75	BestAvgResponse	lower = more sensitive	1	X-138|LJM716	PD	single	GC
X-1383	ELGEMTUMAB	20.15	BestAvgResponse	lower = more sensitive	1	X-1383|LJM716	SD	single	BRCA
X-1407	ELGEMTUMAB	63.675	BestAvgResponse	lower = more sensitive	1	X-1407|LJM716	PD	single	BRCA
X-141	ELGEMTUMAB	2.81667	BestAvgResponse	lower = more sensitive	1	X-141|LJM716	SD	single	GC
X-142	ELGEMTUMAB	13.32	BestAvgResponse	lower = more sensitive	1	X-142|LJM716	PD	single	GC
X-144	ELGEMTUMAB	98.18	BestAvgResponse	lower = more sensitive	1	X-144|LJM716	PD	single	GC
X-146	ELGEMTUMAB	-34.4714	BestAvgResponse	lower = more sensitive	1	X-146|LJM716	PR	single	GC
X-1468	ELGEMTUMAB	10.26	BestAvgResponse	lower = more sensitive	1	X-1468|LJM716	SD	single	
X-154	ELGEMTUMAB	33.425	BestAvgResponse	lower = more sensitive	1	X-154|LJM716	PD	single	GC
X-158	ELGEMTUMAB	9.275	BestAvgResponse	lower = more sensitive	1	X-158|LJM716	SD	single	GC
X-160	ELGEMTUMAB	-1.18182	BestAvgResponse	lower = more sensitive	1	X-160|LJM716	SD	single	GC
X-1600	ELGEMTUMAB	156.3	BestAvgResponse	lower = more sensitive	1	X-1600|LJM716	PD	single	BRCA
X-161	ELGEMTUMAB	29.8	BestAvgResponse	lower = more sensitive	1	X-161|LJM716	PD	single	GC
X-1631	ELGEMTUMAB	76.5667	BestAvgResponse	lower = more sensitive	1	X-1631|LJM716	PD	single	BRCA
X-165	ELGEMTUMAB	19.85	BestAvgResponse	lower = more sensitive	1	X-165|LJM716	SD	single	GC
X-166	ELGEMTUMAB	6.1	BestAvgResponse	lower = more sensitive	1	X-166|LJM716	PD	single	GC
X-169	ELGEMTUMAB	-35.8583	BestAvgResponse	lower = more sensitive	1	X-169|LJM716	PR	single	GC
X-171	ELGEMTUMAB	66.4	BestAvgResponse	lower = more sensitive	1	X-171|LJM716	PD	single	GC
X-177	ELGEMTUMAB	125.86	BestAvgResponse	lower = more sensitive	1	X-177|LJM716	PD	single	GC
X-1828	ELGEMTUMAB	2.325	BestAvgResponse	lower = more sensitive	1	X-1828|LJM716	SD	single	BRCA
X-1832	ELGEMTUMAB	22.05	BestAvgResponse	lower = more sensitive	1	X-1832|LJM716	PD	single	BRCA
X-1916	ELGEMTUMAB	0.98	BestAvgResponse	lower = more sensitive	1	X-1916|LJM716	SD	single	BRCA
X-1921	ELGEMTUMAB	34.62	BestAvgResponse	lower = more sensitive	1	X-1921|LJM716	PD	single	BRCA
X-2195	ELGEMTUMAB	51.2333	BestAvgResponse	lower = more sensitive	1	X-2195|LJM716	PD	single	BRCA
X-2344	ELGEMTUMAB	-13.88	BestAvgResponse	lower = more sensitive	1	X-2344|LJM716	SD	single	BRCA
X-2353	ELGEMTUMAB	-12.6	BestAvgResponse	lower = more sensitive	1	X-2353|LJM716	SD	single	BRCA
X-2487	ELGEMTUMAB	3.7	BestAvgResponse	lower = more sensitive	1	X-2487|LJM716	SD	single	BRCA
X-2524	ELGEMTUMAB	94.125	BestAvgResponse	lower = more sensitive	1	X-2524|LJM716	PD	single	BRCA
X-2640	ELGEMTUMAB	-14.075	BestAvgResponse	lower = more sensitive	1	X-2640|LJM716	SD	single	BRCA
X-2780	ELGEMTUMAB	36.16	BestAvgResponse	lower = more sensitive	1	X-2780|LJM716	PD	single	BRCA
X-3077	ELGEMTUMAB	-2.91667	BestAvgResponse	lower = more sensitive	1	X-3077|LJM716	SD	single	BRCA
X-3078	ELGEMTUMAB	36.84	BestAvgResponse	lower = more sensitive	1	X-3078|LJM716	PD	single	BRCA
X-3201	ELGEMTUMAB	28.06	BestAvgResponse	lower = more sensitive	1	X-3201|LJM716	PD	single	BRCA
X-3298	ELGEMTUMAB	9.1	BestAvgResponse	lower = more sensitive	1	X-3298|LJM716	PD	single	BRCA
X-3450	ELGEMTUMAB	-58.6684	BestAvgResponse	lower = more sensitive	1	X-3450|LJM716	PR	single	BRCA
X-3468	ELGEMTUMAB	-0.26	BestAvgResponse	lower = more sensitive	1	X-3468|LJM716	SD	single	BRCA
X-3697	ELGEMTUMAB	4.45	BestAvgResponse	lower = more sensitive	1	X-3697|LJM716	PD	single	BRCA
X-3873	ELGEMTUMAB	-3.74	BestAvgResponse	lower = more sensitive	1	X-3873|LJM716	SD	single	BRCA
X-4347	ELGEMTUMAB	43.5	BestAvgResponse	lower = more sensitive	1	X-4347|LJM716	PD	single	BRCA
X-4567	ELGEMTUMAB	-15.22	BestAvgResponse	lower = more sensitive	1	X-4567|LJM716	SD	single	BRCA
X-4824	ELGEMTUMAB	10.72	BestAvgResponse	lower = more sensitive	1	X-4824|LJM716	PD	single	BRCA
X-4888	ELGEMTUMAB	52.675	BestAvgResponse	lower = more sensitive	1	X-4888|LJM716	PD	single	BRCA
X-4949	ELGEMTUMAB	26.46	BestAvgResponse	lower = more sensitive	1	X-4949|LJM716	PD	single	BRCA
X-5249	ELGEMTUMAB	-8.176	BestAvgResponse	lower = more sensitive	1	X-5249|LJM716	SD	single	BRCA
X-5355	ELGEMTUMAB	19.6	BestAvgResponse	lower = more sensitive	1	X-5355|LJM716	PD	single	BRCA
X-5502	ELGEMTUMAB	4.3	BestAvgResponse	lower = more sensitive	1	X-5502|LJM716	PD	single	BRCA
X-5975	ELGEMTUMAB	19.72	BestAvgResponse	lower = more sensitive	1	X-5975|LJM716	PD	single	BRCA
X-6047	ELGEMTUMAB	85.575	BestAvgResponse	lower = more sensitive	1	X-6047|LJM716	PD	single	BRCA
X-007	ELGEMTUMAB + TRASTUZUMAB	265.46	BestAvgResponse	lower = more sensitive	1	X-007|LJM716 + trastuzumab	PD	combo	GC
X-010	ELGEMTUMAB + TRASTUZUMAB	53.14	BestAvgResponse	lower = more sensitive	1	X-010|LJM716 + trastuzumab	PD	combo	GC
X-011	ELGEMTUMAB + TRASTUZUMAB	28.775	BestAvgResponse	lower = more sensitive	1	X-011|LJM716 + trastuzumab	PD	combo	GC
X-015	ELGEMTUMAB + TRASTUZUMAB	2	BestAvgResponse	lower = more sensitive	1	X-015|LJM716 + trastuzumab	PD	combo	GC
X-017	ELGEMTUMAB + TRASTUZUMAB	38.65	BestAvgResponse	lower = more sensitive	1	X-017|LJM716 + trastuzumab	PD	combo	GC
X-020	ELGEMTUMAB + TRASTUZUMAB	14.94	BestAvgResponse	lower = more sensitive	1	X-020|LJM716 + trastuzumab	SD	combo	GC
X-025	ELGEMTUMAB + TRASTUZUMAB	-9.08	BestAvgResponse	lower = more sensitive	1	X-025|LJM716 + trastuzumab	SD	combo	GC
X-028	ELGEMTUMAB + TRASTUZUMAB	-19.55	BestAvgResponse	lower = more sensitive	1	X-028|LJM716 + trastuzumab	SD	combo	GC
X-029	ELGEMTUMAB + TRASTUZUMAB	51.15	BestAvgResponse	lower = more sensitive	1	X-029|LJM716 + trastuzumab	PD	combo	GC
X-031	ELGEMTUMAB + TRASTUZUMAB	55.02	BestAvgResponse	lower = more sensitive	1	X-031|LJM716 + trastuzumab	PD	combo	GC
X-034	ELGEMTUMAB + TRASTUZUMAB	23.4	BestAvgResponse	lower = more sensitive	1	X-034|LJM716 + trastuzumab	PD	combo	GC
X-035	ELGEMTUMAB + TRASTUZUMAB	3.1	BestAvgResponse	lower = more sensitive	1	X-035|LJM716 + trastuzumab	PD	combo	GC
X-037	ELGEMTUMAB + TRASTUZUMAB	45.96	BestAvgResponse	lower = more sensitive	1	X-037|LJM716 + trastuzumab	PD	combo	GC
X-038	ELGEMTUMAB + TRASTUZUMAB	30.12	BestAvgResponse	lower = more sensitive	1	X-038|LJM716 + trastuzumab	PD	combo	GC
X-056	ELGEMTUMAB + TRASTUZUMAB	31.74	BestAvgResponse	lower = more sensitive	1	X-056|LJM716 + trastuzumab	PD	combo	GC
X-057	ELGEMTUMAB + TRASTUZUMAB	28.46	BestAvgResponse	lower = more sensitive	1	X-057|LJM716 + trastuzumab	PD	combo	GC
X-064	ELGEMTUMAB + TRASTUZUMAB	95.975	BestAvgResponse	lower = more sensitive	1	X-064|LJM716 + trastuzumab	PD	combo	GC
X-065	ELGEMTUMAB + TRASTUZUMAB	-52.7	BestAvgResponse	lower = more sensitive	1	X-065|LJM716 + trastuzumab	CR	combo	GC
X-067	ELGEMTUMAB + TRASTUZUMAB	33.64	BestAvgResponse	lower = more sensitive	1	X-067|LJM716 + trastuzumab	PD	combo	GC
X-075	ELGEMTUMAB + TRASTUZUMAB	1.225	BestAvgResponse	lower = more sensitive	1	X-075|LJM716 + trastuzumab	SD	combo	GC
X-077	ELGEMTUMAB + TRASTUZUMAB	35.84	BestAvgResponse	lower = more sensitive	1	X-077|LJM716 + trastuzumab	PD	combo	GC
X-084	ELGEMTUMAB + TRASTUZUMAB	20.325	BestAvgResponse	lower = more sensitive	1	X-084|LJM716 + trastuzumab	PD	combo	GC
X-089	ELGEMTUMAB + TRASTUZUMAB	63.675	BestAvgResponse	lower = more sensitive	1	X-089|LJM716 + trastuzumab	PD	combo	GC
X-090	ELGEMTUMAB + TRASTUZUMAB	-34.09	BestAvgResponse	lower = more sensitive	1	X-090|LJM716 + trastuzumab	PR	combo	GC
X-091	ELGEMTUMAB + TRASTUZUMAB	3.775	BestAvgResponse	lower = more sensitive	1	X-091|LJM716 + trastuzumab	SD	combo	GC
X-096	ELGEMTUMAB + TRASTUZUMAB	43.3444	BestAvgResponse	lower = more sensitive	1	X-096|LJM716 + trastuzumab	PD	combo	GC
X-097	ELGEMTUMAB + TRASTUZUMAB	26.65	BestAvgResponse	lower = more sensitive	1	X-097|LJM716 + trastuzumab	PD	combo	GC
X-098	ELGEMTUMAB + TRASTUZUMAB	24.6333	BestAvgResponse	lower = more sensitive	1	X-098|LJM716 + trastuzumab	PD	combo	GC
X-099	ELGEMTUMAB + TRASTUZUMAB	-50.0538	BestAvgResponse	lower = more sensitive	1	X-099|LJM716 + trastuzumab	PR	combo	GC
X-1004	ELGEMTUMAB + TRASTUZUMAB	7.1	BestAvgResponse	lower = more sensitive	1	X-1004|LJM716 + trastuzumab	SD	combo	BRCA
X-1008	ELGEMTUMAB + TRASTUZUMAB	-47.4158	BestAvgResponse	lower = more sensitive	1	X-1008|LJM716 + trastuzumab	PR	combo	BRCA
X-102	ELGEMTUMAB + TRASTUZUMAB	-66.3857	BestAvgResponse	lower = more sensitive	1	X-102|LJM716 + trastuzumab	CR	combo	GC
X-114	ELGEMTUMAB + TRASTUZUMAB	-52.092	BestAvgResponse	lower = more sensitive	1	X-114|LJM716 + trastuzumab	PR	combo	GC
X-118	ELGEMTUMAB + TRASTUZUMAB	-31.1474	BestAvgResponse	lower = more sensitive	1	X-118|LJM716 + trastuzumab	PR	combo	GC
X-119	ELGEMTUMAB + TRASTUZUMAB	160.675	BestAvgResponse	lower = more sensitive	1	X-119|LJM716 + trastuzumab	PD	combo	GC
X-127	ELGEMTUMAB + TRASTUZUMAB	31.175	BestAvgResponse	lower = more sensitive	1	X-127|LJM716 + trastuzumab	PD	combo	GC
X-128	ELGEMTUMAB + TRASTUZUMAB	-12.875	BestAvgResponse	lower = more sensitive	1	X-128|LJM716 + trastuzumab	SD	combo	GC
X-1286	ELGEMTUMAB + TRASTUZUMAB	23.34	BestAvgResponse	lower = more sensitive	1	X-1286|LJM716 + trastuzumab	PD	combo	BRCA
X-129	ELGEMTUMAB + TRASTUZUMAB	29.7	BestAvgResponse	lower = more sensitive	1	X-129|LJM716 + trastuzumab	PD	combo	GC
X-1298	ELGEMTUMAB + TRASTUZUMAB	0.52	BestAvgResponse	lower = more sensitive	1	X-1298|LJM716 + trastuzumab	PD	combo	BRCA
X-131	ELGEMTUMAB + TRASTUZUMAB	92.14	BestAvgResponse	lower = more sensitive	1	X-131|LJM716 + trastuzumab	PD	combo	GC
X-1371	ELGEMTUMAB + TRASTUZUMAB	25.82	BestAvgResponse	lower = more sensitive	1	X-1371|LJM716 + trastuzumab	PD	combo	BRCA
X-138	ELGEMTUMAB + TRASTUZUMAB	22.05	BestAvgResponse	lower = more sensitive	1	X-138|LJM716 + trastuzumab	PD	combo	GC
X-1383	ELGEMTUMAB + TRASTUZUMAB	45.32	BestAvgResponse	lower = more sensitive	1	X-1383|LJM716 + trastuzumab	PD	combo	BRCA
X-1407	ELGEMTUMAB + TRASTUZUMAB	0.26	BestAvgResponse	lower = more sensitive	1	X-1407|LJM716 + trastuzumab	SD	combo	BRCA
X-1468	ELGEMTUMAB + TRASTUZUMAB	7.14	BestAvgResponse	lower = more sensitive	1	X-1468|LJM716 + trastuzumab	SD	combo	
X-154	ELGEMTUMAB + TRASTUZUMAB	99.54	BestAvgResponse	lower = more sensitive	1	X-154|LJM716 + trastuzumab	PD	combo	GC
X-158	ELGEMTUMAB + TRASTUZUMAB	-2.44	BestAvgResponse	lower = more sensitive	1	X-158|LJM716 + trastuzumab	PD	combo	GC
X-160	ELGEMTUMAB + TRASTUZUMAB	1.94	BestAvgResponse	lower = more sensitive	1	X-160|LJM716 + trastuzumab	SD	combo	GC
X-1600	ELGEMTUMAB + TRASTUZUMAB	53.4	BestAvgResponse	lower = more sensitive	1	X-1600|LJM716 + trastuzumab	PD	combo	BRCA
X-161	ELGEMTUMAB + TRASTUZUMAB	18.3	BestAvgResponse	lower = more sensitive	1	X-161|LJM716 + trastuzumab	PD	combo	GC
X-1631	ELGEMTUMAB + TRASTUZUMAB	77.575	BestAvgResponse	lower = more sensitive	1	X-1631|LJM716 + trastuzumab	PD	combo	BRCA
X-165	ELGEMTUMAB + TRASTUZUMAB	11.32	BestAvgResponse	lower = more sensitive	1	X-165|LJM716 + trastuzumab	SD	combo	GC
X-166	ELGEMTUMAB + TRASTUZUMAB	17.05	BestAvgResponse	lower = more sensitive	1	X-166|LJM716 + trastuzumab	PD	combo	GC
X-171	ELGEMTUMAB + TRASTUZUMAB	44.8	BestAvgResponse	lower = more sensitive	1	X-171|LJM716 + trastuzumab	PD	combo	GC
X-1828	ELGEMTUMAB + TRASTUZUMAB	6.45	BestAvgResponse	lower = more sensitive	1	X-1828|LJM716 + trastuzumab	SD	combo	BRCA
X-1832	ELGEMTUMAB + TRASTUZUMAB	172.94	BestAvgResponse	lower = more sensitive	1	X-1832|LJM716 + trastuzumab	PD	combo	BRCA
X-1916	ELGEMTUMAB + TRASTUZUMAB	-39.01	BestAvgResponse	lower = more sensitive	1	X-1916|LJM716 + trastuzumab	PR	combo	BRCA
X-1921	ELGEMTUMAB + TRASTUZUMAB	51.44	BestAvgResponse	lower = more sensitive	1	X-1921|LJM716 + trastuzumab	PD	combo	BRCA
X-2195	ELGEMTUMAB + TRASTUZUMAB	62.34	BestAvgResponse	lower = more sensitive	1	X-2195|LJM716 + trastuzumab	PD	combo	BRCA
X-2344	ELGEMTUMAB + TRASTUZUMAB	-27.4	BestAvgResponse	lower = more sensitive	1	X-2344|LJM716 + trastuzumab	PR	combo	BRCA
X-2353	ELGEMTUMAB + TRASTUZUMAB	13.68	BestAvgResponse	lower = more sensitive	1	X-2353|LJM716 + trastuzumab	SD	combo	BRCA
X-2487	ELGEMTUMAB + TRASTUZUMAB	26.14	BestAvgResponse	lower = more sensitive	1	X-2487|LJM716 + trastuzumab	PD	combo	BRCA
X-2524	ELGEMTUMAB + TRASTUZUMAB	60.18	BestAvgResponse	lower = more sensitive	1	X-2524|LJM716 + trastuzumab	PD	combo	BRCA
X-2640	ELGEMTUMAB + TRASTUZUMAB	19.24	BestAvgResponse	lower = more sensitive	1	X-2640|LJM716 + trastuzumab	PD	combo	BRCA
X-2780	ELGEMTUMAB + TRASTUZUMAB	29.86	BestAvgResponse	lower = more sensitive	1	X-2780|LJM716 + trastuzumab	PD	combo	BRCA
X-3077	ELGEMTUMAB + TRASTUZUMAB	-45.1	BestAvgResponse	lower = more sensitive	1	X-3077|LJM716 + trastuzumab	PR	combo	BRCA
X-3078	ELGEMTUMAB + TRASTUZUMAB	14.78	BestAvgResponse	lower = more sensitive	1	X-3078|LJM716 + trastuzumab	PD	combo	BRCA
X-3201	ELGEMTUMAB + TRASTUZUMAB	49.025	BestAvgResponse	lower = more sensitive	1	X-3201|LJM716 + trastuzumab	PD	combo	BRCA
X-3298	ELGEMTUMAB + TRASTUZUMAB	25.62	BestAvgResponse	lower = more sensitive	1	X-3298|LJM716 + trastuzumab	PD	combo	BRCA
X-3450	ELGEMTUMAB + TRASTUZUMAB	-25.875	BestAvgResponse	lower = more sensitive	1	X-3450|LJM716 + trastuzumab	PR	combo	BRCA
X-3468	ELGEMTUMAB + TRASTUZUMAB	1.85	BestAvgResponse	lower = more sensitive	1	X-3468|LJM716 + trastuzumab	SD	combo	BRCA
X-3697	ELGEMTUMAB + TRASTUZUMAB	-7.42	BestAvgResponse	lower = more sensitive	1	X-3697|LJM716 + trastuzumab	PD	combo	BRCA
X-3873	ELGEMTUMAB + TRASTUZUMAB	-3.9	BestAvgResponse	lower = more sensitive	1	X-3873|LJM716 + trastuzumab	SD	combo	BRCA
X-4347	ELGEMTUMAB + TRASTUZUMAB	18.25	BestAvgResponse	lower = more sensitive	1	X-4347|LJM716 + trastuzumab	PD	combo	BRCA
X-4567	ELGEMTUMAB + TRASTUZUMAB	-91.752	BestAvgResponse	lower = more sensitive	1	X-4567|LJM716 + trastuzumab	CR	combo	BRCA
X-4824	ELGEMTUMAB + TRASTUZUMAB	-13.2857	BestAvgResponse	lower = more sensitive	1	X-4824|LJM716 + trastuzumab	SD	combo	BRCA
X-4888	ELGEMTUMAB + TRASTUZUMAB	19.12	BestAvgResponse	lower = more sensitive	1	X-4888|LJM716 + trastuzumab	PD	combo	BRCA
X-4949	ELGEMTUMAB + TRASTUZUMAB	17.38	BestAvgResponse	lower = more sensitive	1	X-4949|LJM716 + trastuzumab	PD	combo	BRCA
X-5249	ELGEMTUMAB + TRASTUZUMAB	93.8	BestAvgResponse	lower = more sensitive	1	X-5249|LJM716 + trastuzumab	PD	combo	BRCA
X-5355	ELGEMTUMAB + TRASTUZUMAB	95.28	BestAvgResponse	lower = more sensitive	1	X-5355|LJM716 + trastuzumab	PD	combo	BRCA
X-5502	ELGEMTUMAB + TRASTUZUMAB	19.68	BestAvgResponse	lower = more sensitive	1	X-5502|LJM716 + trastuzumab	PD	combo	BRCA
X-6047	ELGEMTUMAB + TRASTUZUMAB	86.6	BestAvgResponse	lower = more sensitive	1	X-6047|LJM716 + trastuzumab	PD	combo	BRCA
X-0933	ENCORAFENIB	7.4	BestAvgResponse	lower = more sensitive	1	X-0933|encorafenib	SD	single	CRC
X-1027	ENCORAFENIB	157.98	BestAvgResponse	lower = more sensitive	1	X-1027|encorafenib	PD	single	CRC
X-1055	ENCORAFENIB	20.925	BestAvgResponse	lower = more sensitive	1	X-1055|encorafenib	PD	single	CRC
X-1119	ENCORAFENIB	96.58	BestAvgResponse	lower = more sensitive	1	X-1119|encorafenib	PD	single	CRC
X-1167	ENCORAFENIB	12.825	BestAvgResponse	lower = more sensitive	1	X-1167|encorafenib	PD	single	CRC
X-1173	ENCORAFENIB	82.2	BestAvgResponse	lower = more sensitive	1	X-1173|encorafenib	PD	single	CRC
X-1270	ENCORAFENIB	33.06	BestAvgResponse	lower = more sensitive	1	X-1270|encorafenib	PD	single	CRC
X-1290	ENCORAFENIB	88.425	BestAvgResponse	lower = more sensitive	1	X-1290|encorafenib	PD	single	CRC
X-1303	ENCORAFENIB	59.2	BestAvgResponse	lower = more sensitive	1	X-1303|encorafenib	PD	single	CRC
X-1329	ENCORAFENIB	9.275	BestAvgResponse	lower = more sensitive	1	X-1329|encorafenib	SD	single	CRC
X-1441	ENCORAFENIB	42.36	BestAvgResponse	lower = more sensitive	1	X-1441|encorafenib	PD	single	CRC
X-1443	ENCORAFENIB	50.6	BestAvgResponse	lower = more sensitive	1	X-1443|encorafenib	PD	single	CRC
X-1479	ENCORAFENIB	7.42	BestAvgResponse	lower = more sensitive	1	X-1479|encorafenib	PD	single	CRC
X-1500	ENCORAFENIB	119.3	BestAvgResponse	lower = more sensitive	1	X-1500|encorafenib	PD	single	CRC
X-1536	ENCORAFENIB	35.74	BestAvgResponse	lower = more sensitive	1	X-1536|encorafenib	PD	single	CRC
X-1538	ENCORAFENIB	0.625	BestAvgResponse	lower = more sensitive	1	X-1538|encorafenib	SD	single	CRC
X-1655	ENCORAFENIB	69.78	BestAvgResponse	lower = more sensitive	1	X-1655|encorafenib	PD	single	CM
X-1855	ENCORAFENIB	10.1667	BestAvgResponse	lower = more sensitive	1	X-1855|encorafenib	PD	single	CRC
X-1906	ENCORAFENIB	-89.4594	BestAvgResponse	lower = more sensitive	1	X-1906|encorafenib	CR	single	CM
X-2145	ENCORAFENIB	0.266667	BestAvgResponse	lower = more sensitive	1	X-2145|encorafenib	SD	single	CRC
X-2163	ENCORAFENIB	22.08	BestAvgResponse	lower = more sensitive	1	X-2163|encorafenib	PD	single	CM
X-2182	ENCORAFENIB	304.025	BestAvgResponse	lower = more sensitive	1	X-2182|encorafenib	PD	single	CRC
X-2239	ENCORAFENIB	26.42	BestAvgResponse	lower = more sensitive	1	X-2239|encorafenib	PD	single	CRC
X-2306	ENCORAFENIB	26.675	BestAvgResponse	lower = more sensitive	1	X-2306|encorafenib	PD	single	CM
X-2374	ENCORAFENIB	78.625	BestAvgResponse	lower = more sensitive	1	X-2374|encorafenib	PD	single	CRC
X-2403	ENCORAFENIB	114.7	BestAvgResponse	lower = more sensitive	1	X-2403|encorafenib	PD	single	CRC
X-2483	ENCORAFENIB	9.5	BestAvgResponse	lower = more sensitive	1	X-2483|encorafenib	SD	single	CRC
X-2484	ENCORAFENIB	29.5	BestAvgResponse	lower = more sensitive	1	X-2484|encorafenib	PD	single	CRC
X-2538	ENCORAFENIB	28.175	BestAvgResponse	lower = more sensitive	1	X-2538|encorafenib	PD	single	CRC
X-2573	ENCORAFENIB	40.875	BestAvgResponse	lower = more sensitive	1	X-2573|encorafenib	PD	single	CRC
X-2602	ENCORAFENIB	9.62667	BestAvgResponse	lower = more sensitive	1	X-2602|encorafenib	SD	single	CM
X-2613	ENCORAFENIB	-39.35	BestAvgResponse	lower = more sensitive	1	X-2613|encorafenib	SD	single	CM
X-2659	ENCORAFENIB	50.82	BestAvgResponse	lower = more sensitive	1	X-2659|encorafenib	PD	single	CRC
X-2700	ENCORAFENIB	63.38	BestAvgResponse	lower = more sensitive	1	X-2700|encorafenib	PD	single	CM
X-2723	ENCORAFENIB	65.2	BestAvgResponse	lower = more sensitive	1	X-2723|encorafenib	PD	single	CM
X-2753	ENCORAFENIB	50.725	BestAvgResponse	lower = more sensitive	1	X-2753|encorafenib	PD	single	CM
X-2822	ENCORAFENIB	30.4	BestAvgResponse	lower = more sensitive	1	X-2822|encorafenib	PD	single	CRC
X-2838	ENCORAFENIB	6.5	BestAvgResponse	lower = more sensitive	1	X-2838|encorafenib	SD	single	CM
X-2846	ENCORAFENIB	-12.35	BestAvgResponse	lower = more sensitive	1	X-2846|encorafenib	PD	single	CRC
X-2861	ENCORAFENIB	76.15	BestAvgResponse	lower = more sensitive	1	X-2861|encorafenib	PD	single	CRC
X-2921	ENCORAFENIB	252.825	BestAvgResponse	lower = more sensitive	1	X-2921|encorafenib	PD	single	CM
X-2992	ENCORAFENIB	-13.94	BestAvgResponse	lower = more sensitive	1	X-2992|encorafenib	PD	single	CM
X-3093	ENCORAFENIB	70.02	BestAvgResponse	lower = more sensitive	1	X-3093|encorafenib	PD	single	CRC
X-3127	ENCORAFENIB	11.4	BestAvgResponse	lower = more sensitive	1	X-3127|encorafenib	SD	single	CM
X-3205	ENCORAFENIB	173.14	BestAvgResponse	lower = more sensitive	1	X-3205|encorafenib	PD	single	CRC
X-3211	ENCORAFENIB	-33.5875	BestAvgResponse	lower = more sensitive	1	X-3211|encorafenib	PR	single	CM
X-3224	ENCORAFENIB	19.975	BestAvgResponse	lower = more sensitive	1	X-3224|encorafenib	PD	single	CRC
X-3267	ENCORAFENIB	4.7	BestAvgResponse	lower = more sensitive	1	X-3267|encorafenib	SD	single	CRC
X-3483	ENCORAFENIB	-92.4828	BestAvgResponse	lower = more sensitive	1	X-3483|encorafenib	CR	single	CM
X-3486	ENCORAFENIB	272.16	BestAvgResponse	lower = more sensitive	1	X-3486|encorafenib	PD	single	CM
X-3503	ENCORAFENIB	22.14	BestAvgResponse	lower = more sensitive	1	X-3503|encorafenib	PD	single	CM
X-3676	ENCORAFENIB	47.38	BestAvgResponse	lower = more sensitive	1	X-3676|encorafenib	PD	single	CM
X-3746	ENCORAFENIB	-67.8706	BestAvgResponse	lower = more sensitive	1	X-3746|encorafenib	CR	single	CM
X-3773	ENCORAFENIB	1.725	BestAvgResponse	lower = more sensitive	1	X-3773|encorafenib	SD	single	CM
X-3792	ENCORAFENIB	188.85	BestAvgResponse	lower = more sensitive	1	X-3792|encorafenib	PD	single	CRC
X-3851	ENCORAFENIB	49.74	BestAvgResponse	lower = more sensitive	1	X-3851|encorafenib	PD	single	CM
X-3880	ENCORAFENIB	36.6	BestAvgResponse	lower = more sensitive	1	X-3880|encorafenib	PD	single	CM
X-4087	ENCORAFENIB	17.8333	BestAvgResponse	lower = more sensitive	1	X-4087|encorafenib	SD	single	CRC
X-4157	ENCORAFENIB	18.42	BestAvgResponse	lower = more sensitive	1	X-4157|encorafenib	PD	single	CM
X-4339	ENCORAFENIB	30.5	BestAvgResponse	lower = more sensitive	1	X-4339|encorafenib	PD	single	CM
X-4426	ENCORAFENIB	108.14	BestAvgResponse	lower = more sensitive	1	X-4426|encorafenib	PD	single	CM
X-4455	ENCORAFENIB	51.5	BestAvgResponse	lower = more sensitive	1	X-4455|encorafenib	PD	single	CM
X-4530	ENCORAFENIB	49.05	BestAvgResponse	lower = more sensitive	1	X-4530|encorafenib	PD	single	CM
X-4538	ENCORAFENIB	-7.76	BestAvgResponse	lower = more sensitive	1	X-4538|encorafenib	SD	single	CM
X-4644	ENCORAFENIB	-52.6444	BestAvgResponse	lower = more sensitive	1	X-4644|encorafenib	PR	single	CM
X-4668	ENCORAFENIB	-7.92	BestAvgResponse	lower = more sensitive	1	X-4668|encorafenib	PD	single	CM
X-4832	ENCORAFENIB	323.925	BestAvgResponse	lower = more sensitive	1	X-4832|encorafenib	PD	single	CM
X-4849	ENCORAFENIB	43.7	BestAvgResponse	lower = more sensitive	1	X-4849|encorafenib	PD	single	CM
X-5189	ENCORAFENIB	162.05	BestAvgResponse	lower = more sensitive	1	X-5189|encorafenib	PD	single	CM
X-5254	ENCORAFENIB	77.25	BestAvgResponse	lower = more sensitive	1	X-5254|encorafenib	PD	single	CRC
X-5405	ENCORAFENIB	17.15	BestAvgResponse	lower = more sensitive	1	X-5405|encorafenib	PD	single	CRC
X-5438	ENCORAFENIB	51	BestAvgResponse	lower = more sensitive	1	X-5438|encorafenib	PD	single	CRC
X-5446	ENCORAFENIB	85.2	BestAvgResponse	lower = more sensitive	1	X-5446|encorafenib	PD	single	CRC
X-5494	ENCORAFENIB	27.4667	BestAvgResponse	lower = more sensitive	1	X-5494|encorafenib	PD	single	CRC
X-5495	ENCORAFENIB	11.575	BestAvgResponse	lower = more sensitive	1	X-5495|encorafenib	PD	single	CRC
X-5578	ENCORAFENIB	14.35	BestAvgResponse	lower = more sensitive	1	X-5578|encorafenib	SD	single	CRC
X-1655	ENCORAFENIB + BINIMETINIB	75.625	BestAvgResponse	lower = more sensitive	1	X-1655|encorafenib + binimetinib	PD	combo	CM
X-1906	ENCORAFENIB + BINIMETINIB	-96.4296	BestAvgResponse	lower = more sensitive	1	X-1906|encorafenib + binimetinib	CR	combo	CM
X-2163	ENCORAFENIB + BINIMETINIB	20.7	BestAvgResponse	lower = more sensitive	1	X-2163|encorafenib + binimetinib	PD	combo	CM
X-2306	ENCORAFENIB + BINIMETINIB	-9.65714	BestAvgResponse	lower = more sensitive	1	X-2306|encorafenib + binimetinib	SD	combo	CM
X-2602	ENCORAFENIB + BINIMETINIB	-33.2833	BestAvgResponse	lower = more sensitive	1	X-2602|encorafenib + binimetinib	SD	combo	CM
X-2613	ENCORAFENIB + BINIMETINIB	-95.0054	BestAvgResponse	lower = more sensitive	1	X-2613|encorafenib + binimetinib	CR	combo	CM
X-2700	ENCORAFENIB + BINIMETINIB	21.1	BestAvgResponse	lower = more sensitive	1	X-2700|encorafenib + binimetinib	PD	combo	CM
X-2723	ENCORAFENIB + BINIMETINIB	-55.525	BestAvgResponse	lower = more sensitive	1	X-2723|encorafenib + binimetinib	PR	combo	CM
X-2753	ENCORAFENIB + BINIMETINIB	71.5	BestAvgResponse	lower = more sensitive	1	X-2753|encorafenib + binimetinib	PD	combo	CM
X-2838	ENCORAFENIB + BINIMETINIB	33.85	BestAvgResponse	lower = more sensitive	1	X-2838|encorafenib + binimetinib	PD	combo	CM
X-2921	ENCORAFENIB + BINIMETINIB	110.625	BestAvgResponse	lower = more sensitive	1	X-2921|encorafenib + binimetinib	PD	combo	CM
X-2992	ENCORAFENIB + BINIMETINIB	-36.8714	BestAvgResponse	lower = more sensitive	1	X-2992|encorafenib + binimetinib	PR	combo	CM
X-3127	ENCORAFENIB + BINIMETINIB	10.7	BestAvgResponse	lower = more sensitive	1	X-3127|encorafenib + binimetinib	PD	combo	CM
X-3211	ENCORAFENIB + BINIMETINIB	-80.9946	BestAvgResponse	lower = more sensitive	1	X-3211|encorafenib + binimetinib	CR	combo	CM
X-3483	ENCORAFENIB + BINIMETINIB	-96.384	BestAvgResponse	lower = more sensitive	1	X-3483|encorafenib + binimetinib	CR	combo	CM
X-3486	ENCORAFENIB + BINIMETINIB	19.08	BestAvgResponse	lower = more sensitive	1	X-3486|encorafenib + binimetinib	PD	combo	CM
X-3503	ENCORAFENIB + BINIMETINIB	6.5	BestAvgResponse	lower = more sensitive	1	X-3503|encorafenib + binimetinib	PD	combo	CM
X-3676	ENCORAFENIB + BINIMETINIB	-27.72	BestAvgResponse	lower = more sensitive	1	X-3676|encorafenib + binimetinib	SD	combo	CM
X-3746	ENCORAFENIB + BINIMETINIB	-94.7723	BestAvgResponse	lower = more sensitive	1	X-3746|encorafenib + binimetinib	CR	combo	CM
X-3773	ENCORAFENIB + BINIMETINIB	6.78	BestAvgResponse	lower = more sensitive	1	X-3773|encorafenib + binimetinib	SD	combo	CM
X-3851	ENCORAFENIB + BINIMETINIB	40.6667	BestAvgResponse	lower = more sensitive	1	X-3851|encorafenib + binimetinib	PD	combo	CM
X-3880	ENCORAFENIB + BINIMETINIB	-8.48	BestAvgResponse	lower = more sensitive	1	X-3880|encorafenib + binimetinib	SD	combo	CM
X-4157	ENCORAFENIB + BINIMETINIB	-8.05	BestAvgResponse	lower = more sensitive	1	X-4157|encorafenib + binimetinib	SD	combo	CM
X-4339	ENCORAFENIB + BINIMETINIB	17.05	BestAvgResponse	lower = more sensitive	1	X-4339|encorafenib + binimetinib	PD	combo	CM
X-4426	ENCORAFENIB + BINIMETINIB	122.64	BestAvgResponse	lower = more sensitive	1	X-4426|encorafenib + binimetinib	PD	combo	CM
X-4455	ENCORAFENIB + BINIMETINIB	88	BestAvgResponse	lower = more sensitive	1	X-4455|encorafenib + binimetinib	PD	combo	CM
X-4530	ENCORAFENIB + BINIMETINIB	-52.7429	BestAvgResponse	lower = more sensitive	1	X-4530|encorafenib + binimetinib	PR	combo	CM
X-4538	ENCORAFENIB + BINIMETINIB	-72.2333	BestAvgResponse	lower = more sensitive	1	X-4538|encorafenib + binimetinib	PR	combo	CM
X-4644	ENCORAFENIB + BINIMETINIB	-95.4488	BestAvgResponse	lower = more sensitive	1	X-4644|encorafenib + binimetinib	CR	combo	CM
X-4668	ENCORAFENIB + BINIMETINIB	-19.3636	BestAvgResponse	lower = more sensitive	1	X-4668|encorafenib + binimetinib	SD	combo	CM
X-4832	ENCORAFENIB + BINIMETINIB	59.35	BestAvgResponse	lower = more sensitive	1	X-4832|encorafenib + binimetinib	PD	combo	CM
X-4849	ENCORAFENIB + BINIMETINIB	4.85	BestAvgResponse	lower = more sensitive	1	X-4849|encorafenib + binimetinib	SD	combo	CM
X-5189	ENCORAFENIB + BINIMETINIB	-34.5143	BestAvgResponse	lower = more sensitive	1	X-5189|encorafenib + binimetinib	PR	combo	CM
X-1156	ERLOTINIB	130.42	BestAvgResponse	lower = more sensitive	1	X-1156|erlotinib	PD	single	NSCLC
X-1172	ERLOTINIB	46.1	BestAvgResponse	lower = more sensitive	1	X-1172|erlotinib	PD	single	NSCLC
X-1189	ERLOTINIB	-74.1036	BestAvgResponse	lower = more sensitive	1	X-1189|erlotinib	CR	single	NSCLC
X-1228	ERLOTINIB	-39.18	BestAvgResponse	lower = more sensitive	1	X-1228|erlotinib	SD	single	NSCLC
X-1323	ERLOTINIB	-4.3	BestAvgResponse	lower = more sensitive	1	X-1323|erlotinib	PD	single	NSCLC
X-1442	ERLOTINIB	0.05	BestAvgResponse	lower = more sensitive	1	X-1442|erlotinib	SD	single	NSCLC
X-1499	ERLOTINIB	98.84	BestAvgResponse	lower = more sensitive	1	X-1499|erlotinib	PD	single	NSCLC
X-1586	ERLOTINIB	-23.35	BestAvgResponse	lower = more sensitive	1	X-1586|erlotinib	SD	single	NSCLC
X-1658	ERLOTINIB	-65.0846	BestAvgResponse	lower = more sensitive	1	X-1658|erlotinib	PR	single	NSCLC
X-1683	ERLOTINIB	-56.2444	BestAvgResponse	lower = more sensitive	1	X-1683|erlotinib	PR	single	NSCLC
X-1725	ERLOTINIB	-16.1875	BestAvgResponse	lower = more sensitive	1	X-1725|erlotinib	SD	single	NSCLC
X-1787	ERLOTINIB	95	BestAvgResponse	lower = more sensitive	1	X-1787|erlotinib	PD	single	NSCLC
X-1823	ERLOTINIB	36.1667	BestAvgResponse	lower = more sensitive	1	X-1823|erlotinib	PD	single	NSCLC
X-1834	ERLOTINIB	10.1	BestAvgResponse	lower = more sensitive	1	X-1834|erlotinib	SD	single	NSCLC
X-1835	ERLOTINIB	-5.5	BestAvgResponse	lower = more sensitive	1	X-1835|erlotinib	SD	single	NSCLC
X-1869	ERLOTINIB	230.767	BestAvgResponse	lower = more sensitive	1	X-1869|erlotinib	PD	single	NSCLC
X-1870	ERLOTINIB	-14.5667	BestAvgResponse	lower = more sensitive	1	X-1870|erlotinib	SD	single	NSCLC
X-1934	ERLOTINIB	96.35	BestAvgResponse	lower = more sensitive	1	X-1934|erlotinib	PD	single	NSCLC
X-1980	ERLOTINIB	4.36	BestAvgResponse	lower = more sensitive	1	X-1980|erlotinib	SD	single	NSCLC
X-1993	ERLOTINIB	-2.3	BestAvgResponse	lower = more sensitive	1	X-1993|erlotinib	PD	single	NSCLC
X-2017	ERLOTINIB	45.325	BestAvgResponse	lower = more sensitive	1	X-2017|erlotinib	PD	single	NSCLC
X-2042	ERLOTINIB	-23.6	BestAvgResponse	lower = more sensitive	1	X-2042|erlotinib	SD	single	NSCLC
X-2082	ERLOTINIB	1.16667	BestAvgResponse	lower = more sensitive	1	X-2082|erlotinib	SD	single	NSCLC
X-2088	ERLOTINIB	93.5667	BestAvgResponse	lower = more sensitive	1	X-2088|erlotinib	PD	single	NSCLC
X-2094	ERLOTINIB	102.88	BestAvgResponse	lower = more sensitive	1	X-2094|erlotinib	PD	single	NSCLC
X-3029	ERLOTINIB	-51.6958	BestAvgResponse	lower = more sensitive	1	X-3029|erlotinib	PR	single	NSCLC
X-3237	ERLOTINIB	8.075	BestAvgResponse	lower = more sensitive	1	X-3237|erlotinib	PD	single	NSCLC
X-3843	ERLOTINIB	79.975	BestAvgResponse	lower = more sensitive	1	X-3843|erlotinib	PD	single	NSCLC
X-4819	ERLOTINIB	297.233	BestAvgResponse	lower = more sensitive	1	X-4819|erlotinib	PD	single	NSCLC
X-007	EVEROLIMUS	68.125	BestAvgResponse	lower = more sensitive	1	X-007|everolimus	PD	single	GC
X-010	EVEROLIMUS	33.3333	BestAvgResponse	lower = more sensitive	1	X-010|everolimus	PD	single	GC
X-011	EVEROLIMUS	20.25	BestAvgResponse	lower = more sensitive	1	X-011|everolimus	PD	single	GC
X-015	EVEROLIMUS	28.1	BestAvgResponse	lower = more sensitive	1	X-015|everolimus	PD	single	GC
X-017	EVEROLIMUS	9.525	BestAvgResponse	lower = more sensitive	1	X-017|everolimus	SD	single	GC
X-020	EVEROLIMUS	46.4	BestAvgResponse	lower = more sensitive	1	X-020|everolimus	PD	single	GC
X-023	EVEROLIMUS	-41.7375	BestAvgResponse	lower = more sensitive	1	X-023|everolimus	PR	single	GC
X-024	EVEROLIMUS	8.15	BestAvgResponse	lower = more sensitive	1	X-024|everolimus	SD	single	GC
X-025	EVEROLIMUS	12.575	BestAvgResponse	lower = more sensitive	1	X-025|everolimus	SD	single	GC
X-028	EVEROLIMUS	0.1	BestAvgResponse	lower = more sensitive	1	X-028|everolimus	SD	single	GC
X-029	EVEROLIMUS	34.3	BestAvgResponse	lower = more sensitive	1	X-029|everolimus	PD	single	GC
X-031	EVEROLIMUS	18.7	BestAvgResponse	lower = more sensitive	1	X-031|everolimus	SD	single	GC
X-034	EVEROLIMUS	4.94444	BestAvgResponse	lower = more sensitive	1	X-034|everolimus	SD	single	GC
X-035	EVEROLIMUS	-52.08	BestAvgResponse	lower = more sensitive	1	X-035|everolimus	PR	single	GC
X-037	EVEROLIMUS	20.7	BestAvgResponse	lower = more sensitive	1	X-037|everolimus	PD	single	GC
X-038	EVEROLIMUS	-25.0065	BestAvgResponse	lower = more sensitive	1	X-038|everolimus	PR	single	GC
X-039	EVEROLIMUS	11.6833	BestAvgResponse	lower = more sensitive	1	X-039|everolimus	SD	single	GC
X-050	EVEROLIMUS	4.76667	BestAvgResponse	lower = more sensitive	1	X-050|everolimus	SD	single	GC
X-056	EVEROLIMUS	13.4333	BestAvgResponse	lower = more sensitive	1	X-056|everolimus	PD	single	GC
X-057	EVEROLIMUS	3.575	BestAvgResponse	lower = more sensitive	1	X-057|everolimus	SD	single	GC
X-064	EVEROLIMUS	5.7	BestAvgResponse	lower = more sensitive	1	X-064|everolimus	PD	single	GC
X-065	EVEROLIMUS	-17.1222	BestAvgResponse	lower = more sensitive	1	X-065|everolimus	SD	single	GC
X-067	EVEROLIMUS	21.74	BestAvgResponse	lower = more sensitive	1	X-067|everolimus	SD	single	GC
X-074	EVEROLIMUS	36.725	BestAvgResponse	lower = more sensitive	1	X-074|everolimus	PD	single	GC
X-075	EVEROLIMUS	8.85	BestAvgResponse	lower = more sensitive	1	X-075|everolimus	PD	single	GC
X-077	EVEROLIMUS	-23.8643	BestAvgResponse	lower = more sensitive	1	X-077|everolimus	SD	single	GC
X-078	EVEROLIMUS	24.86	BestAvgResponse	lower = more sensitive	1	X-078|everolimus	PD	single	GC
X-084	EVEROLIMUS	1.125	BestAvgResponse	lower = more sensitive	1	X-084|everolimus	SD	single	GC
X-089	EVEROLIMUS	14.925	BestAvgResponse	lower = more sensitive	1	X-089|everolimus	PD	single	GC
X-090	EVEROLIMUS	-2.65	BestAvgResponse	lower = more sensitive	1	X-090|everolimus	SD	single	GC
X-091	EVEROLIMUS	-16.425	BestAvgResponse	lower = more sensitive	1	X-091|everolimus	SD	single	GC
X-096	EVEROLIMUS	15.3286	BestAvgResponse	lower = more sensitive	1	X-096|everolimus	SD	single	GC
X-097	EVEROLIMUS	22.875	BestAvgResponse	lower = more sensitive	1	X-097|everolimus	PD	single	GC
X-098	EVEROLIMUS	48.2	BestAvgResponse	lower = more sensitive	1	X-098|everolimus	PD	single	GC
X-101	EVEROLIMUS	73.375	BestAvgResponse	lower = more sensitive	1	X-101|everolimus	PD	single	GC
X-105	EVEROLIMUS	23.875	BestAvgResponse	lower = more sensitive	1	X-105|everolimus	PD	single	GC
X-114	EVEROLIMUS	18.725	BestAvgResponse	lower = more sensitive	1	X-114|everolimus	SD	single	GC
X-118	EVEROLIMUS	23.4333	BestAvgResponse	lower = more sensitive	1	X-118|everolimus	PD	single	GC
X-119	EVEROLIMUS	8.7	BestAvgResponse	lower = more sensitive	1	X-119|everolimus	SD	single	GC
X-127	EVEROLIMUS	-15.0714	BestAvgResponse	lower = more sensitive	1	X-127|everolimus	SD	single	GC
X-128	EVEROLIMUS	5.18333	BestAvgResponse	lower = more sensitive	1	X-128|everolimus	SD	single	GC
X-129	EVEROLIMUS	9.42	BestAvgResponse	lower = more sensitive	1	X-129|everolimus	PD	single	GC
X-131	EVEROLIMUS	39.775	BestAvgResponse	lower = more sensitive	1	X-131|everolimus	PD	single	GC
X-135	EVEROLIMUS	-9.32	BestAvgResponse	lower = more sensitive	1	X-135|everolimus	SD	single	GC
X-136	EVEROLIMUS	-17.875	BestAvgResponse	lower = more sensitive	1	X-136|everolimus	SD	single	GC
X-137	EVEROLIMUS	102.72	BestAvgResponse	lower = more sensitive	1	X-137|everolimus	PD	single	GC
X-138	EVEROLIMUS	15.875	BestAvgResponse	lower = more sensitive	1	X-138|everolimus	PD	single	GC
X-141	EVEROLIMUS	-24.0522	BestAvgResponse	lower = more sensitive	1	X-141|everolimus	SD	single	GC
X-142	EVEROLIMUS	-11.44	BestAvgResponse	lower = more sensitive	1	X-142|everolimus	SD	single	GC
X-144	EVEROLIMUS	122.625	BestAvgResponse	lower = more sensitive	1	X-144|everolimus	PD	single	GC
X-154	EVEROLIMUS	6.32	BestAvgResponse	lower = more sensitive	1	X-154|everolimus	SD	single	GC
X-158	EVEROLIMUS	14.68	BestAvgResponse	lower = more sensitive	1	X-158|everolimus	SD	single	GC
X-160	EVEROLIMUS	-23.1111	BestAvgResponse	lower = more sensitive	1	X-160|everolimus	SD	single	GC
X-161	EVEROLIMUS	14.7	BestAvgResponse	lower = more sensitive	1	X-161|everolimus	PD	single	GC
X-162	EVEROLIMUS	5.32	BestAvgResponse	lower = more sensitive	1	X-162|everolimus	SD	single	GC
X-165	EVEROLIMUS	-29.4765	BestAvgResponse	lower = more sensitive	1	X-165|everolimus	PR	single	GC
X-166	EVEROLIMUS	21.3	BestAvgResponse	lower = more sensitive	1	X-166|everolimus	SD	single	GC
X-169	EVEROLIMUS	-35.5714	BestAvgResponse	lower = more sensitive	1	X-169|everolimus	PR	single	GC
X-171	EVEROLIMUS	29.125	BestAvgResponse	lower = more sensitive	1	X-171|everolimus	PD	single	GC
X-177	EVEROLIMUS	50.65	BestAvgResponse	lower = more sensitive	1	X-177|everolimus	PD	single	GC
X-007	FIGITUMUMAB	153.55	BestAvgResponse	lower = more sensitive	1	"X-007|figitumumab"""	PD	single	GC
X-010	FIGITUMUMAB	16.28	BestAvgResponse	lower = more sensitive	1	"X-010|figitumumab"""	PD	single	GC
X-011	FIGITUMUMAB	19.325	BestAvgResponse	lower = more sensitive	1	"X-011|figitumumab"""	PD	single	GC
X-015	FIGITUMUMAB	-22.725	BestAvgResponse	lower = more sensitive	1	"X-015|figitumumab"""	SD	single	GC
X-017	FIGITUMUMAB	36.775	BestAvgResponse	lower = more sensitive	1	"X-017|figitumumab"""	PD	single	GC
X-020	FIGITUMUMAB	38.725	BestAvgResponse	lower = more sensitive	1	"X-020|figitumumab"""	PD	single	GC
X-025	FIGITUMUMAB	14.34	BestAvgResponse	lower = more sensitive	1	"X-025|figitumumab"""	SD	single	GC
X-027	FIGITUMUMAB	31.3333	BestAvgResponse	lower = more sensitive	1	"X-027|figitumumab"""	PD	single	GC
X-028	FIGITUMUMAB	45.52	BestAvgResponse	lower = more sensitive	1	"X-028|figitumumab"""	PD	single	GC
X-029	FIGITUMUMAB	144.225	BestAvgResponse	lower = more sensitive	1	"X-029|figitumumab"""	PD	single	GC
X-031	FIGITUMUMAB	59.975	BestAvgResponse	lower = more sensitive	1	"X-031|figitumumab"""	PD	single	GC
X-034	FIGITUMUMAB	7.4	BestAvgResponse	lower = more sensitive	1	"X-034|figitumumab"""	SD	single	GC
X-035	FIGITUMUMAB	63.2	BestAvgResponse	lower = more sensitive	1	"X-035|figitumumab"""	PD	single	GC
X-037	FIGITUMUMAB	38.525	BestAvgResponse	lower = more sensitive	1	"X-037|figitumumab"""	PD	single	GC
X-038	FIGITUMUMAB	31	BestAvgResponse	lower = more sensitive	1	"X-038|figitumumab"""	PD	single	GC
X-056	FIGITUMUMAB	-6.66512	BestAvgResponse	lower = more sensitive	1	"X-056|figitumumab"""	SD	single	GC
X-057	FIGITUMUMAB	50.95	BestAvgResponse	lower = more sensitive	1	"X-057|figitumumab"""	PD	single	GC
X-064	FIGITUMUMAB	69.8	BestAvgResponse	lower = more sensitive	1	"X-064|figitumumab"""	PD	single	GC
X-065	FIGITUMUMAB	21.475	BestAvgResponse	lower = more sensitive	1	"X-065|figitumumab"""	PD	single	GC
X-067	FIGITUMUMAB	6.075	BestAvgResponse	lower = more sensitive	1	"X-067|figitumumab"""	PD	single	GC
X-075	FIGITUMUMAB	25.14	BestAvgResponse	lower = more sensitive	1	"X-075|figitumumab"""	SD	single	GC
X-077	FIGITUMUMAB	75.1	BestAvgResponse	lower = more sensitive	1	"X-077|figitumumab"""	PD	single	GC
X-084	FIGITUMUMAB	48.375	BestAvgResponse	lower = more sensitive	1	"X-084|figitumumab"""	PD	single	GC
X-089	FIGITUMUMAB	31.575	BestAvgResponse	lower = more sensitive	1	"X-089|figitumumab"""	PD	single	GC
X-090	FIGITUMUMAB	-4.26	BestAvgResponse	lower = more sensitive	1	"X-090|figitumumab"""	PD	single	GC
X-091	FIGITUMUMAB	-4.175	BestAvgResponse	lower = more sensitive	1	"X-091|figitumumab"""	SD	single	GC
X-096	FIGITUMUMAB	62.3	BestAvgResponse	lower = more sensitive	1	"X-096|figitumumab"""	PD	single	GC
X-097	FIGITUMUMAB	72.76	BestAvgResponse	lower = more sensitive	1	"X-097|figitumumab"""	PD	single	GC
X-098	FIGITUMUMAB	34.3333	BestAvgResponse	lower = more sensitive	1	"X-098|figitumumab"""	PD	single	GC
X-099	FIGITUMUMAB	-2.22	BestAvgResponse	lower = more sensitive	1	"X-099|figitumumab"""	SD	single	GC
X-0991	FIGITUMUMAB	-5.5	BestAvgResponse	lower = more sensitive	1	"X-0991|figitumumab"""	SD	single	PDAC
X-118	FIGITUMUMAB	180.05	BestAvgResponse	lower = more sensitive	1	"X-118|figitumumab"""	PD	single	GC
X-119	FIGITUMUMAB	131.5	BestAvgResponse	lower = more sensitive	1	"X-119|figitumumab"""	PD	single	GC
X-1199	FIGITUMUMAB	186.9	BestAvgResponse	lower = more sensitive	1	"X-1199|figitumumab"""	PD	single	PDAC
X-127	FIGITUMUMAB	14.14	BestAvgResponse	lower = more sensitive	1	"X-127|figitumumab"""	SD	single	GC
X-128	FIGITUMUMAB	31.96	BestAvgResponse	lower = more sensitive	1	"X-128|figitumumab"""	PD	single	GC
X-1289	FIGITUMUMAB	73.925	BestAvgResponse	lower = more sensitive	1	"X-1289|figitumumab"""	PD	single	PDAC
X-129	FIGITUMUMAB	57.78	BestAvgResponse	lower = more sensitive	1	"X-129|figitumumab"""	PD	single	GC
X-131	FIGITUMUMAB	57.95	BestAvgResponse	lower = more sensitive	1	"X-131|figitumumab"""	PD	single	GC
X-1317	FIGITUMUMAB	40.16	BestAvgResponse	lower = more sensitive	1	"X-1317|figitumumab"""	PD	single	PDAC
X-1362	FIGITUMUMAB	10.2667	BestAvgResponse	lower = more sensitive	1	"X-1362|figitumumab"""	PD	single	PDAC
X-138	FIGITUMUMAB	53.2	BestAvgResponse	lower = more sensitive	1	"X-138|figitumumab"""	PD	single	GC
X-154	FIGITUMUMAB	24.78	BestAvgResponse	lower = more sensitive	1	"X-154|figitumumab"""	PD	single	GC
X-158	FIGITUMUMAB	61.96	BestAvgResponse	lower = more sensitive	1	"X-158|figitumumab"""	PD	single	GC
X-160	FIGITUMUMAB	27.975	BestAvgResponse	lower = more sensitive	1	"X-160|figitumumab"""	PD	single	GC
X-161	FIGITUMUMAB	1.675	BestAvgResponse	lower = more sensitive	1	"X-161|figitumumab"""	PD	single	GC
X-166	FIGITUMUMAB	34.66	BestAvgResponse	lower = more sensitive	1	"X-166|figitumumab"""	PD	single	GC
X-171	FIGITUMUMAB	169.725	BestAvgResponse	lower = more sensitive	1	"X-171|figitumumab"""	PD	single	GC
X-1948	FIGITUMUMAB	5.32	BestAvgResponse	lower = more sensitive	1	"X-1948|figitumumab"""	SD	single	PDAC
X-2043	FIGITUMUMAB	36.1	BestAvgResponse	lower = more sensitive	1	"X-2043|figitumumab"""	PD	single	PDAC
X-2081	FIGITUMUMAB	224.5	BestAvgResponse	lower = more sensitive	1	"X-2081|figitumumab"""	PD	single	PDAC
X-2220	FIGITUMUMAB	50	BestAvgResponse	lower = more sensitive	1	"X-2220|figitumumab"""	PD	single	
X-2339	FIGITUMUMAB	29.125	BestAvgResponse	lower = more sensitive	1	"X-2339|figitumumab"""	PD	single	PDAC
X-2428	FIGITUMUMAB	32.82	BestAvgResponse	lower = more sensitive	1	"X-2428|figitumumab"""	PD	single	PDAC
X-2470	FIGITUMUMAB	52.3667	BestAvgResponse	lower = more sensitive	1	"X-2470|figitumumab"""	PD	single	PDAC
X-2564	FIGITUMUMAB	22.3	BestAvgResponse	lower = more sensitive	1	"X-2564|figitumumab"""	PD	single	PDAC
X-2633	FIGITUMUMAB	9.96667	BestAvgResponse	lower = more sensitive	1	"X-2633|figitumumab"""	PD	single	PDAC
X-2684	FIGITUMUMAB	-28.732	BestAvgResponse	lower = more sensitive	1	"X-2684|figitumumab"""	PR	single	PDAC
X-2997	FIGITUMUMAB	87.625	BestAvgResponse	lower = more sensitive	1	"X-2997|figitumumab"""	PD	single	PDAC
X-3028	FIGITUMUMAB	23.425	BestAvgResponse	lower = more sensitive	1	"X-3028|figitumumab"""	PD	single	PDAC
X-3038	FIGITUMUMAB	21	BestAvgResponse	lower = more sensitive	1	"X-3038|figitumumab"""	SD	single	PDAC
X-3052	FIGITUMUMAB	60.2667	BestAvgResponse	lower = more sensitive	1	"X-3052|figitumumab"""	PD	single	PDAC
X-3268	FIGITUMUMAB	51.9	BestAvgResponse	lower = more sensitive	1	"X-3268|figitumumab"""	PD	single	PDAC
X-3782	FIGITUMUMAB	43.1	BestAvgResponse	lower = more sensitive	1	"X-3782|figitumumab"""	PD	single	
X-3800	FIGITUMUMAB	16.1	BestAvgResponse	lower = more sensitive	1	"X-3800|figitumumab"""	PD	single	PDAC
X-3816	FIGITUMUMAB	76.65	BestAvgResponse	lower = more sensitive	1	"X-3816|figitumumab"""	PD	single	PDAC
X-3846	FIGITUMUMAB	58.125	BestAvgResponse	lower = more sensitive	1	"X-3846|figitumumab"""	PD	single	PDAC
X-3898	FIGITUMUMAB	8.35	BestAvgResponse	lower = more sensitive	1	"X-3898|figitumumab"""	SD	single	PDAC
X-3947	FIGITUMUMAB	134.025	BestAvgResponse	lower = more sensitive	1	"X-3947|figitumumab"""	PD	single	PDAC
X-3990	FIGITUMUMAB	122.675	BestAvgResponse	lower = more sensitive	1	"X-3990|figitumumab"""	PD	single	PDAC
X-4015	FIGITUMUMAB	87	BestAvgResponse	lower = more sensitive	1	"X-4015|figitumumab"""	PD	single	PDAC
X-4018	FIGITUMUMAB	13.9929	BestAvgResponse	lower = more sensitive	1	"X-4018|figitumumab"""	SD	single	PDAC
X-4145	FIGITUMUMAB	35.425	BestAvgResponse	lower = more sensitive	1	"X-4145|figitumumab"""	PD	single	CRC
X-4215	FIGITUMUMAB	57.2667	BestAvgResponse	lower = more sensitive	1	"X-4215|figitumumab"""	PD	single	PDAC
X-4226	FIGITUMUMAB	-2	BestAvgResponse	lower = more sensitive	1	"X-4226|figitumumab"""	PD	single	PDAC
X-4316	FIGITUMUMAB	34.5667	BestAvgResponse	lower = more sensitive	1	"X-4316|figitumumab"""	PD	single	PDAC
X-4377	FIGITUMUMAB	91.875	BestAvgResponse	lower = more sensitive	1	"X-4377|figitumumab"""	PD	single	PDAC
X-4378	FIGITUMUMAB	27.0333	BestAvgResponse	lower = more sensitive	1	"X-4378|figitumumab"""	PD	single	PDAC
X-4439	FIGITUMUMAB	43.84	BestAvgResponse	lower = more sensitive	1	"X-4439|figitumumab"""	PD	single	PDAC
X-4649	FIGITUMUMAB	29.82	BestAvgResponse	lower = more sensitive	1	"X-4649|figitumumab"""	PD	single	PDAC
X-4676	FIGITUMUMAB	19.7	BestAvgResponse	lower = more sensitive	1	"X-4676|figitumumab"""	PD	single	PDAC
X-4927	FIGITUMUMAB	61.825	BestAvgResponse	lower = more sensitive	1	"X-4927|figitumumab"""	PD	single	PDAC
X-5205	FIGITUMUMAB	-4.325	BestAvgResponse	lower = more sensitive	1	"X-5205|figitumumab"""	PD	single	PDAC
X-0991	FIGITUMUMAB + BINIMETINIB	15.45	BestAvgResponse	lower = more sensitive	1	"X-0991|figitumumab"" + binimetinib"	SD	combo	PDAC
X-1199	FIGITUMUMAB + BINIMETINIB	14.15	BestAvgResponse	lower = more sensitive	1	"X-1199|figitumumab"" + binimetinib"	SD	combo	PDAC
X-1289	FIGITUMUMAB + BINIMETINIB	37.7	BestAvgResponse	lower = more sensitive	1	"X-1289|figitumumab"" + binimetinib"	PD	combo	PDAC
X-1362	FIGITUMUMAB + BINIMETINIB	3.8	BestAvgResponse	lower = more sensitive	1	"X-1362|figitumumab"" + binimetinib"	SD	combo	PDAC
X-1948	FIGITUMUMAB + BINIMETINIB	62.425	BestAvgResponse	lower = more sensitive	1	"X-1948|figitumumab"" + binimetinib"	PD	combo	PDAC
X-2026	FIGITUMUMAB + BINIMETINIB	33.96	BestAvgResponse	lower = more sensitive	1	"X-2026|figitumumab"" + binimetinib"	PD	combo	PDAC
X-2043	FIGITUMUMAB + BINIMETINIB	172.3	BestAvgResponse	lower = more sensitive	1	"X-2043|figitumumab"" + binimetinib"	PD	combo	PDAC
X-2081	FIGITUMUMAB + BINIMETINIB	78.48	BestAvgResponse	lower = more sensitive	1	"X-2081|figitumumab"" + binimetinib"	PD	combo	PDAC
X-2339	FIGITUMUMAB + BINIMETINIB	-13.48	BestAvgResponse	lower = more sensitive	1	"X-2339|figitumumab"" + binimetinib"	SD	combo	PDAC
X-2428	FIGITUMUMAB + BINIMETINIB	-57.5526	BestAvgResponse	lower = more sensitive	1	"X-2428|figitumumab"" + binimetinib"	PR	combo	PDAC
X-2470	FIGITUMUMAB + BINIMETINIB	43.48	BestAvgResponse	lower = more sensitive	1	"X-2470|figitumumab"" + binimetinib"	PD	combo	PDAC
X-2564	FIGITUMUMAB + BINIMETINIB	6.55	BestAvgResponse	lower = more sensitive	1	"X-2564|figitumumab"" + binimetinib"	SD	combo	PDAC
X-2633	FIGITUMUMAB + BINIMETINIB	4.56	BestAvgResponse	lower = more sensitive	1	"X-2633|figitumumab"" + binimetinib"	SD	combo	PDAC
X-2684	FIGITUMUMAB + BINIMETINIB	-16.28	BestAvgResponse	lower = more sensitive	1	"X-2684|figitumumab"" + binimetinib"	SD	combo	PDAC
X-2997	FIGITUMUMAB + BINIMETINIB	58.1	BestAvgResponse	lower = more sensitive	1	"X-2997|figitumumab"" + binimetinib"	PD	combo	PDAC
X-3028	FIGITUMUMAB + BINIMETINIB	62.9125	BestAvgResponse	lower = more sensitive	1	"X-3028|figitumumab"" + binimetinib"	PD	combo	PDAC
X-3038	FIGITUMUMAB + BINIMETINIB	20.2	BestAvgResponse	lower = more sensitive	1	"X-3038|figitumumab"" + binimetinib"	PD	combo	PDAC
X-3052	FIGITUMUMAB + BINIMETINIB	-4.72	BestAvgResponse	lower = more sensitive	1	"X-3052|figitumumab"" + binimetinib"	SD	combo	PDAC
X-3209	FIGITUMUMAB + BINIMETINIB	7.75	BestAvgResponse	lower = more sensitive	1	"X-3209|figitumumab"" + binimetinib"	SD	combo	PDAC
X-3268	FIGITUMUMAB + BINIMETINIB	2.85	BestAvgResponse	lower = more sensitive	1	"X-3268|figitumumab"" + binimetinib"	SD	combo	PDAC
X-3782	FIGITUMUMAB + BINIMETINIB	13.65	BestAvgResponse	lower = more sensitive	1	"X-3782|figitumumab"" + binimetinib"	PD	combo	
X-3800	FIGITUMUMAB + BINIMETINIB	60.5	BestAvgResponse	lower = more sensitive	1	"X-3800|figitumumab"" + binimetinib"	PD	combo	PDAC
X-3816	FIGITUMUMAB + BINIMETINIB	2.94	BestAvgResponse	lower = more sensitive	1	"X-3816|figitumumab"" + binimetinib"	PD	combo	PDAC
X-3846	FIGITUMUMAB + BINIMETINIB	39.575	BestAvgResponse	lower = more sensitive	1	"X-3846|figitumumab"" + binimetinib"	PD	combo	PDAC
X-3898	FIGITUMUMAB + BINIMETINIB	47.78	BestAvgResponse	lower = more sensitive	1	"X-3898|figitumumab"" + binimetinib"	PD	combo	PDAC
X-3947	FIGITUMUMAB + BINIMETINIB	135.48	BestAvgResponse	lower = more sensitive	1	"X-3947|figitumumab"" + binimetinib"	PD	combo	PDAC
X-3990	FIGITUMUMAB + BINIMETINIB	121.85	BestAvgResponse	lower = more sensitive	1	"X-3990|figitumumab"" + binimetinib"	PD	combo	PDAC
X-4015	FIGITUMUMAB + BINIMETINIB	46.58	BestAvgResponse	lower = more sensitive	1	"X-4015|figitumumab"" + binimetinib"	PD	combo	PDAC
X-4018	FIGITUMUMAB + BINIMETINIB	-34.25	BestAvgResponse	lower = more sensitive	1	"X-4018|figitumumab"" + binimetinib"	SD	combo	PDAC
X-4145	FIGITUMUMAB + BINIMETINIB	7.175	BestAvgResponse	lower = more sensitive	1	"X-4145|figitumumab"" + binimetinib"	PD	combo	CRC
X-4215	FIGITUMUMAB + BINIMETINIB	12.78	BestAvgResponse	lower = more sensitive	1	"X-4215|figitumumab"" + binimetinib"	SD	combo	PDAC
X-4226	FIGITUMUMAB + BINIMETINIB	87.85	BestAvgResponse	lower = more sensitive	1	"X-4226|figitumumab"" + binimetinib"	PD	combo	PDAC
X-4316	FIGITUMUMAB + BINIMETINIB	133.5	BestAvgResponse	lower = more sensitive	1	"X-4316|figitumumab"" + binimetinib"	PD	combo	PDAC
X-4377	FIGITUMUMAB + BINIMETINIB	174.44	BestAvgResponse	lower = more sensitive	1	"X-4377|figitumumab"" + binimetinib"	PD	combo	PDAC
X-4378	FIGITUMUMAB + BINIMETINIB	24.72	BestAvgResponse	lower = more sensitive	1	"X-4378|figitumumab"" + binimetinib"	SD	combo	PDAC
X-4439	FIGITUMUMAB + BINIMETINIB	25.65	BestAvgResponse	lower = more sensitive	1	"X-4439|figitumumab"" + binimetinib"	PD	combo	PDAC
X-4649	FIGITUMUMAB + BINIMETINIB	23.24	BestAvgResponse	lower = more sensitive	1	"X-4649|figitumumab"" + binimetinib"	SD	combo	PDAC
X-4676	FIGITUMUMAB + BINIMETINIB	57.225	BestAvgResponse	lower = more sensitive	1	"X-4676|figitumumab"" + binimetinib"	PD	combo	PDAC
X-4927	FIGITUMUMAB + BINIMETINIB	57.7667	BestAvgResponse	lower = more sensitive	1	"X-4927|figitumumab"" + binimetinib"	PD	combo	PDAC
X-0933	FLUOROURACIL	117.84	BestAvgResponse	lower = more sensitive	1	X-0933|5FU	PD	single	CRC
X-1027	FLUOROURACIL	184.22	BestAvgResponse	lower = more sensitive	1	X-1027|5FU	PD	single	CRC
X-1055	FLUOROURACIL	29.06	BestAvgResponse	lower = more sensitive	1	X-1055|5FU	SD	single	CRC
X-1119	FLUOROURACIL	-28.8115	BestAvgResponse	lower = more sensitive	1	X-1119|5FU	PR	single	CRC
X-1167	FLUOROURACIL	23.5286	BestAvgResponse	lower = more sensitive	1	X-1167|5FU	SD	single	CRC
X-1173	FLUOROURACIL	-4.93846	BestAvgResponse	lower = more sensitive	1	X-1173|5FU	SD	single	CRC
X-1270	FLUOROURACIL	64.875	BestAvgResponse	lower = more sensitive	1	X-1270|5FU	PD	single	CRC
X-1290	FLUOROURACIL	-31.76	BestAvgResponse	lower = more sensitive	1	X-1290|5FU	SD	single	CRC
X-1303	FLUOROURACIL	-17.5333	BestAvgResponse	lower = more sensitive	1	X-1303|5FU	SD	single	CRC
X-1329	FLUOROURACIL	15.6	BestAvgResponse	lower = more sensitive	1	X-1329|5FU	PD	single	CRC
X-1441	FLUOROURACIL	8.8	BestAvgResponse	lower = more sensitive	1	X-1441|5FU	SD	single	CRC
X-1443	FLUOROURACIL	9.8	BestAvgResponse	lower = more sensitive	1	X-1443|5FU	SD	single	CRC
X-1479	FLUOROURACIL	-3.14	BestAvgResponse	lower = more sensitive	1	X-1479|5FU	SD	single	CRC
X-1500	FLUOROURACIL	-8.25	BestAvgResponse	lower = more sensitive	1	X-1500|5FU	SD	single	CRC
X-1536	FLUOROURACIL	21.28	BestAvgResponse	lower = more sensitive	1	X-1536|5FU	SD	single	CRC
X-1855	FLUOROURACIL	5	BestAvgResponse	lower = more sensitive	1	X-1855|5FU	SD	single	CRC
X-2145	FLUOROURACIL	41.525	BestAvgResponse	lower = more sensitive	1	X-2145|5FU	PD	single	CRC
X-2182	FLUOROURACIL	60.3	BestAvgResponse	lower = more sensitive	1	X-2182|5FU	PD	single	CRC
X-2239	FLUOROURACIL	13	BestAvgResponse	lower = more sensitive	1	X-2239|5FU	SD	single	CRC
X-2374	FLUOROURACIL	15.14	BestAvgResponse	lower = more sensitive	1	X-2374|5FU	SD	single	CRC
X-2403	FLUOROURACIL	19.05	BestAvgResponse	lower = more sensitive	1	X-2403|5FU	SD	single	CRC
X-2483	FLUOROURACIL	13.5	BestAvgResponse	lower = more sensitive	1	X-2483|5FU	PD	single	CRC
X-2484	FLUOROURACIL	1.24	BestAvgResponse	lower = more sensitive	1	X-2484|5FU	SD	single	CRC
X-2538	FLUOROURACIL	15.2667	BestAvgResponse	lower = more sensitive	1	X-2538|5FU	PD	single	CRC
X-2573	FLUOROURACIL	5.525	BestAvgResponse	lower = more sensitive	1	X-2573|5FU	PD	single	CRC
X-2659	FLUOROURACIL	60.025	BestAvgResponse	lower = more sensitive	1	X-2659|5FU	PD	single	CRC
X-2822	FLUOROURACIL	0.65	BestAvgResponse	lower = more sensitive	1	X-2822|5FU	SD	single	CRC
X-2846	FLUOROURACIL	37.7	BestAvgResponse	lower = more sensitive	1	X-2846|5FU	PD	single	CRC
X-2861	FLUOROURACIL	33.675	BestAvgResponse	lower = more sensitive	1	X-2861|5FU	PD	single	CRC
X-3093	FLUOROURACIL	101.76	BestAvgResponse	lower = more sensitive	1	X-3093|5FU	PD	single	CRC
X-3205	FLUOROURACIL	41.28	BestAvgResponse	lower = more sensitive	1	X-3205|5FU	PD	single	CRC
X-3224	FLUOROURACIL	9.675	BestAvgResponse	lower = more sensitive	1	X-3224|5FU	SD	single	CRC
X-3267	FLUOROURACIL	-13.2346	BestAvgResponse	lower = more sensitive	1	X-3267|5FU	SD	single	CRC
X-3671	FLUOROURACIL	66.26	BestAvgResponse	lower = more sensitive	1	X-3671|5FU	PD	single	CRC
X-3792	FLUOROURACIL	41.14	BestAvgResponse	lower = more sensitive	1	X-3792|5FU	PD	single	CRC
X-4087	FLUOROURACIL	3.775	BestAvgResponse	lower = more sensitive	1	X-4087|5FU	PD	single	CRC
X-5254	FLUOROURACIL	-19.2	BestAvgResponse	lower = more sensitive	1	X-5254|5FU	SD	single	CRC
X-5405	FLUOROURACIL	7.14	BestAvgResponse	lower = more sensitive	1	X-5405|5FU	PD	single	CRC
X-5438	FLUOROURACIL	41.74	BestAvgResponse	lower = more sensitive	1	X-5438|5FU	PD	single	CRC
X-5446	FLUOROURACIL	3.08	BestAvgResponse	lower = more sensitive	1	X-5446|5FU	SD	single	CRC
X-5494	FLUOROURACIL	8.78	BestAvgResponse	lower = more sensitive	1	X-5494|5FU	SD	single	CRC
X-5495	FLUOROURACIL	15	BestAvgResponse	lower = more sensitive	1	X-5495|5FU	PD	single	CRC
X-5578	FLUOROURACIL	43.5333	BestAvgResponse	lower = more sensitive	1	X-5578|5FU	PD	single	CRC
X-0991	GEMCITABINE	-0.975	BestAvgResponse	lower = more sensitive	1	X-0991|gemcitabine-50mpk	SD	single	PDAC
X-1199	GEMCITABINE	20.55	BestAvgResponse	lower = more sensitive	1	X-1199|gemcitabine-50mpk	SD	single	PDAC
X-1289	GEMCITABINE	-77.0781	BestAvgResponse	lower = more sensitive	1	X-1289|gemcitabine-50mpk	CR	single	PDAC
X-1317	GEMCITABINE	9	BestAvgResponse	lower = more sensitive	1	X-1317|gemcitabine-50mpk	PD	single	PDAC
X-1362	GEMCITABINE	38.52	BestAvgResponse	lower = more sensitive	1	X-1362|gemcitabine-50mpk	PD	single	PDAC
X-1948	GEMCITABINE	10.625	BestAvgResponse	lower = more sensitive	1	X-1948|gemcitabine-50mpk	SD	single	PDAC
X-1959	GEMCITABINE	9.6	BestAvgResponse	lower = more sensitive	1	X-1959|gemcitabine-50mpk	SD	single	PDAC
X-2026	GEMCITABINE	-71.512	BestAvgResponse	lower = more sensitive	1	X-2026|gemcitabine-50mpk	CR	single	PDAC
X-2043	GEMCITABINE	25.76	BestAvgResponse	lower = more sensitive	1	X-2043|gemcitabine-50mpk	SD	single	PDAC
X-2081	GEMCITABINE	40.84	BestAvgResponse	lower = more sensitive	1	X-2081|gemcitabine-50mpk	PD	single	PDAC
X-2283	GEMCITABINE	48.9	BestAvgResponse	lower = more sensitive	1	X-2283|gemcitabine-50mpk	PD	single	PDAC
X-2339	GEMCITABINE	21.75	BestAvgResponse	lower = more sensitive	1	X-2339|gemcitabine-50mpk	PD	single	PDAC
X-2428	GEMCITABINE	40.72	BestAvgResponse	lower = more sensitive	1	X-2428|gemcitabine-50mpk	PD	single	PDAC
X-2564	GEMCITABINE	13.15	BestAvgResponse	lower = more sensitive	1	X-2564|gemcitabine-50mpk	SD	single	PDAC
X-2633	GEMCITABINE	-37.7643	BestAvgResponse	lower = more sensitive	1	X-2633|gemcitabine-50mpk	PR	single	PDAC
X-3052	GEMCITABINE	66.18	BestAvgResponse	lower = more sensitive	1	X-3052|gemcitabine-50mpk	PD	single	PDAC
X-3209	GEMCITABINE	-1.06	BestAvgResponse	lower = more sensitive	1	X-3209|gemcitabine-50mpk	SD	single	PDAC
X-3268	GEMCITABINE	33.42	BestAvgResponse	lower = more sensitive	1	X-3268|gemcitabine-50mpk	PD	single	PDAC
X-3782	GEMCITABINE	35.54	BestAvgResponse	lower = more sensitive	1	X-3782|gemcitabine-50mpk	PD	single	
X-3800	GEMCITABINE	-0.764286	BestAvgResponse	lower = more sensitive	1	X-3800|gemcitabine-50mpk	SD	single	PDAC
X-3816	GEMCITABINE	18.52	BestAvgResponse	lower = more sensitive	1	X-3816|gemcitabine-50mpk	PD	single	PDAC
X-3846	GEMCITABINE	28.075	BestAvgResponse	lower = more sensitive	1	X-3846|gemcitabine-50mpk	PD	single	PDAC
X-3898	GEMCITABINE	14.52	BestAvgResponse	lower = more sensitive	1	X-3898|gemcitabine-50mpk	SD	single	PDAC
X-3947	GEMCITABINE	-9.60833	BestAvgResponse	lower = more sensitive	1	X-3947|gemcitabine-50mpk	SD	single	PDAC
X-3990	GEMCITABINE	-54.9692	BestAvgResponse	lower = more sensitive	1	X-3990|gemcitabine-50mpk	CR	single	PDAC
X-4015	GEMCITABINE	-26.1731	BestAvgResponse	lower = more sensitive	1	X-4015|gemcitabine-50mpk	PR	single	PDAC
X-4018	GEMCITABINE	18.5	BestAvgResponse	lower = more sensitive	1	X-4018|gemcitabine-50mpk	SD	single	PDAC
X-4145	GEMCITABINE	-27.6462	BestAvgResponse	lower = more sensitive	1	X-4145|gemcitabine-50mpk	PR	single	CRC
X-4215	GEMCITABINE	-33.6941	BestAvgResponse	lower = more sensitive	1	X-4215|gemcitabine-50mpk	PR	single	PDAC
X-4226	GEMCITABINE	30.78	BestAvgResponse	lower = more sensitive	1	X-4226|gemcitabine-50mpk	PD	single	PDAC
X-4316	GEMCITABINE	-41.0773	BestAvgResponse	lower = more sensitive	1	X-4316|gemcitabine-50mpk	PR	single	PDAC
X-4377	GEMCITABINE	11.0111	BestAvgResponse	lower = more sensitive	1	X-4377|gemcitabine-50mpk	SD	single	PDAC
X-4378	GEMCITABINE	-11.0839	BestAvgResponse	lower = more sensitive	1	X-4378|gemcitabine-50mpk	SD	single	PDAC
X-4439	GEMCITABINE	35.82	BestAvgResponse	lower = more sensitive	1	X-4439|gemcitabine-50mpk	PD	single	PDAC
X-4649	GEMCITABINE	-5.7	BestAvgResponse	lower = more sensitive	1	X-4649|gemcitabine-50mpk	SD	single	PDAC
X-4676	GEMCITABINE	-37.0069	BestAvgResponse	lower = more sensitive	1	X-4676|gemcitabine-50mpk	PR	single	PDAC
X-4927	GEMCITABINE	-39.1333	BestAvgResponse	lower = more sensitive	1	X-4927|gemcitabine-50mpk	PR	single	PDAC
X-5205	GEMCITABINE	-76.6871	BestAvgResponse	lower = more sensitive	1	X-5205|gemcitabine-50mpk	CR	single	PDAC
X-007	HSP990	-21.84	BestAvgResponse	lower = more sensitive	1	X-007|HSP990	SD	single	GC
X-010	HSP990	147.1	BestAvgResponse	lower = more sensitive	1	X-010|HSP990	PD	single	GC
X-011	HSP990	86.14	BestAvgResponse	lower = more sensitive	1	X-011|HSP990	PD	single	GC
X-015	HSP990	39.06	BestAvgResponse	lower = more sensitive	1	X-015|HSP990	PD	single	GC
X-017	HSP990	162.98	BestAvgResponse	lower = more sensitive	1	X-017|HSP990	PD	single	GC
X-020	HSP990	-4.525	BestAvgResponse	lower = more sensitive	1	X-020|HSP990	SD	single	GC
X-023	HSP990	55.64	BestAvgResponse	lower = more sensitive	1	X-023|HSP990	PD	single	GC
X-024	HSP990	27	BestAvgResponse	lower = more sensitive	1	X-024|HSP990	PD	single	GC
X-025	HSP990	36.5	BestAvgResponse	lower = more sensitive	1	X-025|HSP990	PD	single	GC
X-028	HSP990	-9.56	BestAvgResponse	lower = more sensitive	1	X-028|HSP990	SD	single	GC
X-029	HSP990	50.575	BestAvgResponse	lower = more sensitive	1	X-029|HSP990	PD	single	GC
X-031	HSP990	27.525	BestAvgResponse	lower = more sensitive	1	X-031|HSP990	PD	single	GC
X-034	HSP990	7.2	BestAvgResponse	lower = more sensitive	1	X-034|HSP990	SD	single	GC
X-035	HSP990	2.2	BestAvgResponse	lower = more sensitive	1	X-035|HSP990	SD	single	GC
X-037	HSP990	33.15	BestAvgResponse	lower = more sensitive	1	X-037|HSP990	PD	single	GC
X-038	HSP990	10.4	BestAvgResponse	lower = more sensitive	1	X-038|HSP990	SD	single	GC
X-039	HSP990	69.35	BestAvgResponse	lower = more sensitive	1	X-039|HSP990	PD	single	GC
X-050	HSP990	36.7333	BestAvgResponse	lower = more sensitive	1	X-050|HSP990	PD	single	GC
X-056	HSP990	57.3	BestAvgResponse	lower = more sensitive	1	X-056|HSP990	PD	single	GC
X-057	HSP990	30.66	BestAvgResponse	lower = more sensitive	1	X-057|HSP990	PD	single	GC
X-064	HSP990	66.64	BestAvgResponse	lower = more sensitive	1	X-064|HSP990	PD	single	GC
X-065	HSP990	12.7	BestAvgResponse	lower = more sensitive	1	X-065|HSP990	PD	single	GC
X-067	HSP990	23.075	BestAvgResponse	lower = more sensitive	1	X-067|HSP990	PD	single	GC
X-074	HSP990	42.225	BestAvgResponse	lower = more sensitive	1	X-074|HSP990	PD	single	GC
X-075	HSP990	22.25	BestAvgResponse	lower = more sensitive	1	X-075|HSP990	PD	single	GC
X-077	HSP990	54.08	BestAvgResponse	lower = more sensitive	1	X-077|HSP990	PD	single	GC
X-078	HSP990	22.125	BestAvgResponse	lower = more sensitive	1	X-078|HSP990	PD	single	GC
X-084	HSP990	67.34	BestAvgResponse	lower = more sensitive	1	X-084|HSP990	PD	single	GC
X-089	HSP990	54.125	BestAvgResponse	lower = more sensitive	1	X-089|HSP990	PD	single	GC
X-090	HSP990	-28.1111	BestAvgResponse	lower = more sensitive	1	X-090|HSP990	PR	single	GC
X-091	HSP990	-19.2	BestAvgResponse	lower = more sensitive	1	X-091|HSP990	SD	single	GC
X-096	HSP990	106.05	BestAvgResponse	lower = more sensitive	1	X-096|HSP990	PD	single	GC
X-097	HSP990	47.8	BestAvgResponse	lower = more sensitive	1	X-097|HSP990	PD	single	GC
X-098	HSP990	14.1	BestAvgResponse	lower = more sensitive	1	X-098|HSP990	PD	single	GC
X-099	HSP990	2.58	BestAvgResponse	lower = more sensitive	1	X-099|HSP990	SD	single	GC
X-101	HSP990	31.75	BestAvgResponse	lower = more sensitive	1	X-101|HSP990	PD	single	GC
X-102	HSP990	-45.6762	BestAvgResponse	lower = more sensitive	1	X-102|HSP990	PR	single	GC
X-105	HSP990	9.475	BestAvgResponse	lower = more sensitive	1	X-105|HSP990	SD	single	GC
X-114	HSP990	-27.9	BestAvgResponse	lower = more sensitive	1	X-114|HSP990	SD	single	GC
X-1156	HSP990	57.1	BestAvgResponse	lower = more sensitive	1	X-1156|HSP990	PD	single	NSCLC
X-1172	HSP990	-4	BestAvgResponse	lower = more sensitive	1	X-1172|HSP990	SD	single	NSCLC
X-118	HSP990	131.4	BestAvgResponse	lower = more sensitive	1	X-118|HSP990	PD	single	GC
X-1189	HSP990	-14.36	BestAvgResponse	lower = more sensitive	1	X-1189|HSP990	SD	single	NSCLC
X-119	HSP990	-26.3	BestAvgResponse	lower = more sensitive	1	X-119|HSP990	SD	single	GC
X-1228	HSP990	-24.4071	BestAvgResponse	lower = more sensitive	1	X-1228|HSP990	SD	single	NSCLC
X-127	HSP990	-36.8667	BestAvgResponse	lower = more sensitive	1	X-127|HSP990	PR	single	GC
X-128	HSP990	-32.1462	BestAvgResponse	lower = more sensitive	1	X-128|HSP990	PR	single	GC
X-129	HSP990	80.18	BestAvgResponse	lower = more sensitive	1	X-129|HSP990	PD	single	GC
X-131	HSP990	17.75	BestAvgResponse	lower = more sensitive	1	X-131|HSP990	PD	single	GC
X-1323	HSP990	-8.2	BestAvgResponse	lower = more sensitive	1	X-1323|HSP990	SD	single	NSCLC
X-135	HSP990	21.45	BestAvgResponse	lower = more sensitive	1	X-135|HSP990	SD	single	GC
X-136	HSP990	3.475	BestAvgResponse	lower = more sensitive	1	X-136|HSP990	SD	single	GC
X-137	HSP990	96.175	BestAvgResponse	lower = more sensitive	1	X-137|HSP990	PD	single	GC
X-138	HSP990	40.68	BestAvgResponse	lower = more sensitive	1	X-138|HSP990	PD	single	GC
X-141	HSP990	35.125	BestAvgResponse	lower = more sensitive	1	X-141|HSP990	PD	single	GC
X-142	HSP990	24.6667	BestAvgResponse	lower = more sensitive	1	X-142|HSP990	PD	single	GC
X-144	HSP990	197.525	BestAvgResponse	lower = more sensitive	1	X-144|HSP990	PD	single	GC
X-1442	HSP990	125.2	BestAvgResponse	lower = more sensitive	1	X-1442|HSP990	PD	single	NSCLC
X-146	HSP990	-15.3429	BestAvgResponse	lower = more sensitive	1	X-146|HSP990	SD	single	GC
X-1499	HSP990	72.3	BestAvgResponse	lower = more sensitive	1	X-1499|HSP990	PD	single	NSCLC
X-152	HSP990	28.3	BestAvgResponse	lower = more sensitive	1	X-152|HSP990	PD	single	
X-154	HSP990	48.06	BestAvgResponse	lower = more sensitive	1	X-154|HSP990	PD	single	GC
X-158	HSP990	34.725	BestAvgResponse	lower = more sensitive	1	X-158|HSP990	PD	single	GC
X-1586	HSP990	-33.7462	BestAvgResponse	lower = more sensitive	1	X-1586|HSP990	SD	single	NSCLC
X-160	HSP990	4.1	BestAvgResponse	lower = more sensitive	1	X-160|HSP990	SD	single	GC
X-161	HSP990	25.9	BestAvgResponse	lower = more sensitive	1	X-161|HSP990	PD	single	GC
X-162	HSP990	46.0167	BestAvgResponse	lower = more sensitive	1	X-162|HSP990	PD	single	GC
X-165	HSP990	34.2333	BestAvgResponse	lower = more sensitive	1	X-165|HSP990	PD	single	GC
X-1658	HSP990	-1.74	BestAvgResponse	lower = more sensitive	1	X-1658|HSP990	SD	single	NSCLC
X-166	HSP990	59.84	BestAvgResponse	lower = more sensitive	1	X-166|HSP990	PD	single	GC
X-1683	HSP990	-35.78	BestAvgResponse	lower = more sensitive	1	X-1683|HSP990	PR	single	NSCLC
X-169	HSP990	2.825	BestAvgResponse	lower = more sensitive	1	X-169|HSP990	SD	single	GC
X-171	HSP990	127.075	BestAvgResponse	lower = more sensitive	1	X-171|HSP990	PD	single	GC
X-1725	HSP990	-29.72	BestAvgResponse	lower = more sensitive	1	X-1725|HSP990	PR	single	NSCLC
X-177	HSP990	58.425	BestAvgResponse	lower = more sensitive	1	X-177|HSP990	PD	single	GC
X-1787	HSP990	88.04	BestAvgResponse	lower = more sensitive	1	X-1787|HSP990	PD	single	NSCLC
X-1823	HSP990	64.975	BestAvgResponse	lower = more sensitive	1	X-1823|HSP990	PD	single	NSCLC
X-1834	HSP990	21.9778	BestAvgResponse	lower = more sensitive	1	X-1834|HSP990	SD	single	NSCLC
X-1835	HSP990	-17.3	BestAvgResponse	lower = more sensitive	1	X-1835|HSP990	SD	single	NSCLC
X-1869	HSP990	-43.9	BestAvgResponse	lower = more sensitive	1	X-1869|HSP990	CR	single	NSCLC
X-1870	HSP990	-2.425	BestAvgResponse	lower = more sensitive	1	X-1870|HSP990	SD	single	NSCLC
X-1934	HSP990	270.967	BestAvgResponse	lower = more sensitive	1	X-1934|HSP990	PD	single	NSCLC
X-1980	HSP990	-24.075	BestAvgResponse	lower = more sensitive	1	X-1980|HSP990	SD	single	NSCLC
X-1993	HSP990	38.55	BestAvgResponse	lower = more sensitive	1	X-1993|HSP990	PD	single	NSCLC
X-2017	HSP990	29	BestAvgResponse	lower = more sensitive	1	X-2017|HSP990	PD	single	NSCLC
X-2042	HSP990	-42.4222	BestAvgResponse	lower = more sensitive	1	X-2042|HSP990	PR	single	NSCLC
X-2082	HSP990	4.175	BestAvgResponse	lower = more sensitive	1	X-2082|HSP990	SD	single	NSCLC
X-2088	HSP990	8.6	BestAvgResponse	lower = more sensitive	1	X-2088|HSP990	SD	single	NSCLC
X-2094	HSP990	109.26	BestAvgResponse	lower = more sensitive	1	X-2094|HSP990	PD	single	NSCLC
X-3029	HSP990	-33.1167	BestAvgResponse	lower = more sensitive	1	X-3029|HSP990	PR	single	NSCLC
X-3237	HSP990	-19.1	BestAvgResponse	lower = more sensitive	1	X-3237|HSP990	PD	single	NSCLC
X-3843	HSP990	-5.06	BestAvgResponse	lower = more sensitive	1	X-3843|HSP990	SD	single	NSCLC
X-4819	HSP990	131.067	BestAvgResponse	lower = more sensitive	1	X-4819|HSP990	PD	single	NSCLC
X-007	INFIGRATINIB	220.475	BestAvgResponse	lower = more sensitive	1	X-007|BGJ398	PD	single	GC
X-010	INFIGRATINIB	-5.31111	BestAvgResponse	lower = more sensitive	1	X-010|BGJ398	SD	single	GC
X-011	INFIGRATINIB	36.34	BestAvgResponse	lower = more sensitive	1	X-011|BGJ398	PD	single	GC
X-015	INFIGRATINIB	31.3667	BestAvgResponse	lower = more sensitive	1	X-015|BGJ398	PD	single	GC
X-017	INFIGRATINIB	-22.2242	BestAvgResponse	lower = more sensitive	1	X-017|BGJ398	PR	single	GC
X-020	INFIGRATINIB	35.9	BestAvgResponse	lower = more sensitive	1	X-020|BGJ398	PD	single	GC
X-025	INFIGRATINIB	-18.35	BestAvgResponse	lower = more sensitive	1	X-025|BGJ398	SD	single	GC
X-028	INFIGRATINIB	75.72	BestAvgResponse	lower = more sensitive	1	X-028|BGJ398	PD	single	GC
X-029	INFIGRATINIB	131.45	BestAvgResponse	lower = more sensitive	1	X-029|BGJ398	PD	single	GC
X-031	INFIGRATINIB	49.9333	BestAvgResponse	lower = more sensitive	1	X-031|BGJ398	PD	single	GC
X-034	INFIGRATINIB	24.8	BestAvgResponse	lower = more sensitive	1	X-034|BGJ398	PD	single	GC
X-035	INFIGRATINIB	53.32	BestAvgResponse	lower = more sensitive	1	X-035|BGJ398	PD	single	GC
X-037	INFIGRATINIB	13.15	BestAvgResponse	lower = more sensitive	1	X-037|BGJ398	PD	single	GC
X-038	INFIGRATINIB	19.68	BestAvgResponse	lower = more sensitive	1	X-038|BGJ398	PD	single	GC
X-056	INFIGRATINIB	25.9	BestAvgResponse	lower = more sensitive	1	X-056|BGJ398	PD	single	GC
X-057	INFIGRATINIB	40.05	BestAvgResponse	lower = more sensitive	1	X-057|BGJ398	PD	single	GC
X-064	INFIGRATINIB	23.425	BestAvgResponse	lower = more sensitive	1	X-064|BGJ398	PD	single	GC
X-065	INFIGRATINIB	22.875	BestAvgResponse	lower = more sensitive	1	X-065|BGJ398	PD	single	GC
X-067	INFIGRATINIB	13.125	BestAvgResponse	lower = more sensitive	1	X-067|BGJ398	PD	single	GC
X-075	INFIGRATINIB	10.58	BestAvgResponse	lower = more sensitive	1	X-075|BGJ398	PD	single	GC
X-077	INFIGRATINIB	5.44	BestAvgResponse	lower = more sensitive	1	X-077|BGJ398	PD	single	GC
X-084	INFIGRATINIB	-18.3571	BestAvgResponse	lower = more sensitive	1	X-084|BGJ398	SD	single	GC
X-089	INFIGRATINIB	46.9333	BestAvgResponse	lower = more sensitive	1	X-089|BGJ398	PD	single	GC
X-090	INFIGRATINIB	4.4	BestAvgResponse	lower = more sensitive	1	X-090|BGJ398	PD	single	GC
X-091	INFIGRATINIB	-21	BestAvgResponse	lower = more sensitive	1	X-091|BGJ398	SD	single	GC
X-096	INFIGRATINIB	114.875	BestAvgResponse	lower = more sensitive	1	X-096|BGJ398	PD	single	GC
X-097	INFIGRATINIB	51.78	BestAvgResponse	lower = more sensitive	1	X-097|BGJ398	PD	single	GC
X-098	INFIGRATINIB	-23.0471	BestAvgResponse	lower = more sensitive	1	X-098|BGJ398	PR	single	GC
X-099	INFIGRATINIB	-8.25	BestAvgResponse	lower = more sensitive	1	X-099|BGJ398	SD	single	GC
X-1004	INFIGRATINIB	-28.0778	BestAvgResponse	lower = more sensitive	1	X-1004|BGJ398	PR	single	BRCA
X-1008	INFIGRATINIB	20.32	BestAvgResponse	lower = more sensitive	1	X-1008|BGJ398	PD	single	BRCA
X-102	INFIGRATINIB	-20.46	BestAvgResponse	lower = more sensitive	1	X-102|BGJ398	SD	single	GC
X-1156	INFIGRATINIB	81.24	BestAvgResponse	lower = more sensitive	1	X-1156|BGJ398	PD	single	NSCLC
X-1172	INFIGRATINIB	48.5	BestAvgResponse	lower = more sensitive	1	X-1172|BGJ398	PD	single	NSCLC
X-118	INFIGRATINIB	135.6	BestAvgResponse	lower = more sensitive	1	X-118|BGJ398	PD	single	GC
X-1189	INFIGRATINIB	37.7	BestAvgResponse	lower = more sensitive	1	X-1189|BGJ398	PD	single	NSCLC
X-119	INFIGRATINIB	-86.5043	BestAvgResponse	lower = more sensitive	1	X-119|BGJ398	CR	single	GC
X-1228	INFIGRATINIB	-31.5667	BestAvgResponse	lower = more sensitive	1	X-1228|BGJ398	SD	single	NSCLC
X-127	INFIGRATINIB	-96.7852	BestAvgResponse	lower = more sensitive	1	X-127|BGJ398	CR	single	GC
X-128	INFIGRATINIB	28.2	BestAvgResponse	lower = more sensitive	1	X-128|BGJ398	PD	single	GC
X-1286	INFIGRATINIB	45.25	BestAvgResponse	lower = more sensitive	1	X-1286|BGJ398	PD	single	BRCA
X-129	INFIGRATINIB	5.34	BestAvgResponse	lower = more sensitive	1	X-129|BGJ398	PD	single	GC
X-1298	INFIGRATINIB	13.825	BestAvgResponse	lower = more sensitive	1	X-1298|BGJ398	PD	single	BRCA
X-131	INFIGRATINIB	51.675	BestAvgResponse	lower = more sensitive	1	X-131|BGJ398	PD	single	GC
X-1323	INFIGRATINIB	-13.4	BestAvgResponse	lower = more sensitive	1	X-1323|BGJ398	PD	single	NSCLC
X-1371	INFIGRATINIB	49.5	BestAvgResponse	lower = more sensitive	1	X-1371|BGJ398	PD	single	BRCA
X-138	INFIGRATINIB	53.275	BestAvgResponse	lower = more sensitive	1	X-138|BGJ398	PD	single	GC
X-1383	INFIGRATINIB	10.25	BestAvgResponse	lower = more sensitive	1	X-1383|BGJ398	PD	single	BRCA
X-1407	INFIGRATINIB	30.88	BestAvgResponse	lower = more sensitive	1	X-1407|BGJ398	PD	single	BRCA
X-1442	INFIGRATINIB	102.05	BestAvgResponse	lower = more sensitive	1	X-1442|BGJ398	PD	single	NSCLC
X-1468	INFIGRATINIB	25.56	BestAvgResponse	lower = more sensitive	1	X-1468|BGJ398	PD	single	
X-1499	INFIGRATINIB	56.275	BestAvgResponse	lower = more sensitive	1	X-1499|BGJ398	PD	single	NSCLC
X-154	INFIGRATINIB	55.575	BestAvgResponse	lower = more sensitive	1	X-154|BGJ398	PD	single	GC
X-158	INFIGRATINIB	-6.74	BestAvgResponse	lower = more sensitive	1	X-158|BGJ398	SD	single	GC
X-1586	INFIGRATINIB	-8.825	BestAvgResponse	lower = more sensitive	1	X-1586|BGJ398	SD	single	NSCLC
X-160	INFIGRATINIB	-6.36	BestAvgResponse	lower = more sensitive	1	X-160|BGJ398	SD	single	GC
X-1600	INFIGRATINIB	135.45	BestAvgResponse	lower = more sensitive	1	X-1600|BGJ398	PD	single	BRCA
X-161	INFIGRATINIB	-42.5917	BestAvgResponse	lower = more sensitive	1	X-161|BGJ398	PR	single	GC
X-1631	INFIGRATINIB	172.55	BestAvgResponse	lower = more sensitive	1	X-1631|BGJ398	PD	single	BRCA
X-165	INFIGRATINIB	43.025	BestAvgResponse	lower = more sensitive	1	X-165|BGJ398	PD	single	GC
X-1658	INFIGRATINIB	109.4	BestAvgResponse	lower = more sensitive	1	X-1658|BGJ398	PD	single	NSCLC
X-166	INFIGRATINIB	55.54	BestAvgResponse	lower = more sensitive	1	X-166|BGJ398	PD	single	GC
X-1683	INFIGRATINIB	-92.0235	BestAvgResponse	lower = more sensitive	1	X-1683|BGJ398	CR	single	NSCLC
X-171	INFIGRATINIB	93.025	BestAvgResponse	lower = more sensitive	1	X-171|BGJ398	PD	single	GC
X-1725	INFIGRATINIB	-12.875	BestAvgResponse	lower = more sensitive	1	X-1725|BGJ398	PD	single	NSCLC
X-1787	INFIGRATINIB	59.66	BestAvgResponse	lower = more sensitive	1	X-1787|BGJ398	PD	single	NSCLC
X-1823	INFIGRATINIB	56.775	BestAvgResponse	lower = more sensitive	1	X-1823|BGJ398	PD	single	NSCLC
X-1828	INFIGRATINIB	9.72	BestAvgResponse	lower = more sensitive	1	X-1828|BGJ398	SD	single	BRCA
X-1832	INFIGRATINIB	87.86	BestAvgResponse	lower = more sensitive	1	X-1832|BGJ398	PD	single	BRCA
X-1834	INFIGRATINIB	26.625	BestAvgResponse	lower = more sensitive	1	X-1834|BGJ398	PD	single	NSCLC
X-1835	INFIGRATINIB	75.4	BestAvgResponse	lower = more sensitive	1	X-1835|BGJ398	PD	single	NSCLC
X-1869	INFIGRATINIB	44.325	BestAvgResponse	lower = more sensitive	1	X-1869|BGJ398	PD	single	NSCLC
X-1870	INFIGRATINIB	-2.8	BestAvgResponse	lower = more sensitive	1	X-1870|BGJ398	SD	single	NSCLC
X-1916	INFIGRATINIB	86.2	BestAvgResponse	lower = more sensitive	1	X-1916|BGJ398	PD	single	BRCA
X-1921	INFIGRATINIB	36.9	BestAvgResponse	lower = more sensitive	1	X-1921|BGJ398	PD	single	BRCA
X-1934	INFIGRATINIB	-16.4	BestAvgResponse	lower = more sensitive	1	X-1934|BGJ398	PD	single	NSCLC
X-1980	INFIGRATINIB	138.36	BestAvgResponse	lower = more sensitive	1	X-1980|BGJ398	PD	single	NSCLC
X-1993	INFIGRATINIB	60.06	BestAvgResponse	lower = more sensitive	1	X-1993|BGJ398	PD	single	NSCLC
X-2017	INFIGRATINIB	56.72	BestAvgResponse	lower = more sensitive	1	X-2017|BGJ398	PD	single	NSCLC
X-2042	INFIGRATINIB	29.675	BestAvgResponse	lower = more sensitive	1	X-2042|BGJ398	PD	single	NSCLC
X-2082	INFIGRATINIB	10.9	BestAvgResponse	lower = more sensitive	1	X-2082|BGJ398	PD	single	NSCLC
X-2088	INFIGRATINIB	109.067	BestAvgResponse	lower = more sensitive	1	X-2088|BGJ398	PD	single	NSCLC
X-2094	INFIGRATINIB	105.4	BestAvgResponse	lower = more sensitive	1	X-2094|BGJ398	PD	single	NSCLC
X-2195	INFIGRATINIB	20.85	BestAvgResponse	lower = more sensitive	1	X-2195|BGJ398	PD	single	BRCA
X-2344	INFIGRATINIB	53.82	BestAvgResponse	lower = more sensitive	1	X-2344|BGJ398	PD	single	BRCA
X-2353	INFIGRATINIB	33.96	BestAvgResponse	lower = more sensitive	1	X-2353|BGJ398	PD	single	BRCA
X-2487	INFIGRATINIB	25.42	BestAvgResponse	lower = more sensitive	1	X-2487|BGJ398	PD	single	BRCA
X-2524	INFIGRATINIB	170.8	BestAvgResponse	lower = more sensitive	1	X-2524|BGJ398	PD	single	BRCA
X-2640	INFIGRATINIB	-11.2276	BestAvgResponse	lower = more sensitive	1	X-2640|BGJ398	SD	single	BRCA
X-2780	INFIGRATINIB	19.175	BestAvgResponse	lower = more sensitive	1	X-2780|BGJ398	PD	single	BRCA
X-3029	INFIGRATINIB	-0.68	BestAvgResponse	lower = more sensitive	1	X-3029|BGJ398	SD	single	NSCLC
X-3077	INFIGRATINIB	-17.9222	BestAvgResponse	lower = more sensitive	1	X-3077|BGJ398	SD	single	BRCA
X-3078	INFIGRATINIB	44.15	BestAvgResponse	lower = more sensitive	1	X-3078|BGJ398	PD	single	BRCA
X-3201	INFIGRATINIB	46	BestAvgResponse	lower = more sensitive	1	X-3201|BGJ398	PD	single	BRCA
X-3237	INFIGRATINIB	30.94	BestAvgResponse	lower = more sensitive	1	X-3237|BGJ398	PD	single	NSCLC
X-3298	INFIGRATINIB	32.525	BestAvgResponse	lower = more sensitive	1	X-3298|BGJ398	PD	single	BRCA
X-3450	INFIGRATINIB	7.34	BestAvgResponse	lower = more sensitive	1	X-3450|BGJ398	PD	single	BRCA
X-3468	INFIGRATINIB	34.1	BestAvgResponse	lower = more sensitive	1	X-3468|BGJ398	PD	single	BRCA
X-3697	INFIGRATINIB	-1.425	BestAvgResponse	lower = more sensitive	1	X-3697|BGJ398	SD	single	BRCA
X-3843	INFIGRATINIB	29.0333	BestAvgResponse	lower = more sensitive	1	X-3843|BGJ398	PD	single	NSCLC
X-3873	INFIGRATINIB	44.9	BestAvgResponse	lower = more sensitive	1	X-3873|BGJ398	PD	single	BRCA
X-4347	INFIGRATINIB	7.02	BestAvgResponse	lower = more sensitive	1	X-4347|BGJ398	PD	single	BRCA
X-4567	INFIGRATINIB	17.575	BestAvgResponse	lower = more sensitive	1	X-4567|BGJ398	PD	single	BRCA
X-4819	INFIGRATINIB	113.767	BestAvgResponse	lower = more sensitive	1	X-4819|BGJ398	PD	single	NSCLC
X-4824	INFIGRATINIB	27.775	BestAvgResponse	lower = more sensitive	1	X-4824|BGJ398	PD	single	BRCA
X-4888	INFIGRATINIB	-8.82	BestAvgResponse	lower = more sensitive	1	X-4888|BGJ398	SD	single	BRCA
X-4949	INFIGRATINIB	39.175	BestAvgResponse	lower = more sensitive	1	X-4949|BGJ398	PD	single	BRCA
X-5249	INFIGRATINIB	-84.652	BestAvgResponse	lower = more sensitive	1	X-5249|BGJ398	CR	single	BRCA
X-5355	INFIGRATINIB	65.475	BestAvgResponse	lower = more sensitive	1	X-5355|BGJ398	PD	single	BRCA
X-5502	INFIGRATINIB	37.62	BestAvgResponse	lower = more sensitive	1	X-5502|BGJ398	PD	single	BRCA
X-5975	INFIGRATINIB	18.3	BestAvgResponse	lower = more sensitive	1	X-5975|BGJ398	PD	single	BRCA
X-6047	INFIGRATINIB	18.72	BestAvgResponse	lower = more sensitive	1	X-6047|BGJ398	PD	single	BRCA
X-1156	LCL161 + PACLITAXEL	99.16	BestAvgResponse	lower = more sensitive	1	X-1156|LCL161 + paclitaxel	PD	combo	NSCLC
X-1172	LCL161 + PACLITAXEL	-53.4321	BestAvgResponse	lower = more sensitive	1	X-1172|LCL161 + paclitaxel	CR	combo	NSCLC
X-1189	LCL161 + PACLITAXEL	-89.6926	BestAvgResponse	lower = more sensitive	1	X-1189|LCL161 + paclitaxel	CR	combo	NSCLC
X-1228	LCL161 + PACLITAXEL	-21.6923	BestAvgResponse	lower = more sensitive	1	X-1228|LCL161 + paclitaxel	SD	combo	NSCLC
X-1323	LCL161 + PACLITAXEL	-25.1	BestAvgResponse	lower = more sensitive	1	X-1323|LCL161 + paclitaxel	SD	combo	NSCLC
X-1442	LCL161 + PACLITAXEL	47.25	BestAvgResponse	lower = more sensitive	1	X-1442|LCL161 + paclitaxel	PD	combo	NSCLC
X-1499	LCL161 + PACLITAXEL	69.28	BestAvgResponse	lower = more sensitive	1	X-1499|LCL161 + paclitaxel	PD	combo	NSCLC
X-1586	LCL161 + PACLITAXEL	-16.15	BestAvgResponse	lower = more sensitive	1	X-1586|LCL161 + paclitaxel	SD	combo	NSCLC
X-1658	LCL161 + PACLITAXEL	-85.981	BestAvgResponse	lower = more sensitive	1	X-1658|LCL161 + paclitaxel	CR	combo	NSCLC
X-1683	LCL161 + PACLITAXEL	-88.2214	BestAvgResponse	lower = more sensitive	1	X-1683|LCL161 + paclitaxel	CR	combo	NSCLC
X-1725	LCL161 + PACLITAXEL	3.75	BestAvgResponse	lower = more sensitive	1	X-1725|LCL161 + paclitaxel	SD	combo	NSCLC
X-1787	LCL161 + PACLITAXEL	95.4	BestAvgResponse	lower = more sensitive	1	X-1787|LCL161 + paclitaxel	PD	combo	NSCLC
X-1823	LCL161 + PACLITAXEL	129.35	BestAvgResponse	lower = more sensitive	1	X-1823|LCL161 + paclitaxel	PD	combo	NSCLC
X-1834	LCL161 + PACLITAXEL	-54.42	BestAvgResponse	lower = more sensitive	1	X-1834|LCL161 + paclitaxel	PR	combo	NSCLC
X-1835	LCL161 + PACLITAXEL	-22.8667	BestAvgResponse	lower = more sensitive	1	X-1835|LCL161 + paclitaxel	PR	combo	NSCLC
X-1869	LCL161 + PACLITAXEL	-34.25	BestAvgResponse	lower = more sensitive	1	X-1869|LCL161 + paclitaxel	PR	combo	NSCLC
X-1870	LCL161 + PACLITAXEL	-68.6	BestAvgResponse	lower = more sensitive	1	X-1870|LCL161 + paclitaxel	PR	combo	NSCLC
X-1934	LCL161 + PACLITAXEL	149.333	BestAvgResponse	lower = more sensitive	1	X-1934|LCL161 + paclitaxel	PD	combo	NSCLC
X-1980	LCL161 + PACLITAXEL	28.75	BestAvgResponse	lower = more sensitive	1	X-1980|LCL161 + paclitaxel	PD	combo	NSCLC
X-1993	LCL161 + PACLITAXEL	-36.3556	BestAvgResponse	lower = more sensitive	1	X-1993|LCL161 + paclitaxel	PR	combo	NSCLC
X-2017	LCL161 + PACLITAXEL	8.55	BestAvgResponse	lower = more sensitive	1	X-2017|LCL161 + paclitaxel	SD	combo	NSCLC
X-2042	LCL161 + PACLITAXEL	-59.8182	BestAvgResponse	lower = more sensitive	1	X-2042|LCL161 + paclitaxel	PR	combo	NSCLC
X-2082	LCL161 + PACLITAXEL	-30.425	BestAvgResponse	lower = more sensitive	1	X-2082|LCL161 + paclitaxel	PR	combo	NSCLC
X-2088	LCL161 + PACLITAXEL	-62.4	BestAvgResponse	lower = more sensitive	1	X-2088|LCL161 + paclitaxel	PR	combo	NSCLC
X-2094	LCL161 + PACLITAXEL	80.84	BestAvgResponse	lower = more sensitive	1	X-2094|LCL161 + paclitaxel	PD	combo	NSCLC
X-3029	LCL161 + PACLITAXEL	-46.4545	BestAvgResponse	lower = more sensitive	1	X-3029|LCL161 + paclitaxel	PR	combo	NSCLC
X-3237	LCL161 + PACLITAXEL	-3.94	BestAvgResponse	lower = more sensitive	1	X-3237|LCL161 + paclitaxel	SD	combo	NSCLC
X-3843	LCL161 + PACLITAXEL	-27.9	BestAvgResponse	lower = more sensitive	1	X-3843|LCL161 + paclitaxel	SD	combo	NSCLC
X-4819	LCL161 + PACLITAXEL	161.14	BestAvgResponse	lower = more sensitive	1	X-4819|LCL161 + paclitaxel	PD	combo	NSCLC
X-1004	LFA102	18.275	BestAvgResponse	lower = more sensitive	1	X-1004|LFA102	PD	single	BRCA
X-1008	LFA102	54.4	BestAvgResponse	lower = more sensitive	1	X-1008|LFA102	PD	single	BRCA
X-1286	LFA102	38.1	BestAvgResponse	lower = more sensitive	1	X-1286|LFA102	PD	single	BRCA
X-1298	LFA102	7	BestAvgResponse	lower = more sensitive	1	X-1298|LFA102	PD	single	BRCA
X-1371	LFA102	32.88	BestAvgResponse	lower = more sensitive	1	X-1371|LFA102	PD	single	BRCA
X-1383	LFA102	26.25	BestAvgResponse	lower = more sensitive	1	X-1383|LFA102	PD	single	BRCA
X-1407	LFA102	68.15	BestAvgResponse	lower = more sensitive	1	X-1407|LFA102	PD	single	BRCA
X-1468	LFA102	43.22	BestAvgResponse	lower = more sensitive	1	X-1468|LFA102	PD	single	
X-1600	LFA102	157.58	BestAvgResponse	lower = more sensitive	1	X-1600|LFA102	PD	single	BRCA
X-1631	LFA102	67.85	BestAvgResponse	lower = more sensitive	1	X-1631|LFA102	PD	single	BRCA
X-1828	LFA102	25.36	BestAvgResponse	lower = more sensitive	1	X-1828|LFA102	PD	single	BRCA
X-1832	LFA102	60.775	BestAvgResponse	lower = more sensitive	1	X-1832|LFA102	PD	single	BRCA
X-1916	LFA102	26.04	BestAvgResponse	lower = more sensitive	1	X-1916|LFA102	PD	single	BRCA
X-1921	LFA102	45.6	BestAvgResponse	lower = more sensitive	1	X-1921|LFA102	PD	single	BRCA
X-2195	LFA102	4.4	BestAvgResponse	lower = more sensitive	1	X-2195|LFA102	SD	single	BRCA
X-2344	LFA102	48.88	BestAvgResponse	lower = more sensitive	1	X-2344|LFA102	PD	single	BRCA
X-2353	LFA102	20.275	BestAvgResponse	lower = more sensitive	1	X-2353|LFA102	PD	single	BRCA
X-2487	LFA102	35.46	BestAvgResponse	lower = more sensitive	1	X-2487|LFA102	PD	single	BRCA
X-2524	LFA102	32.475	BestAvgResponse	lower = more sensitive	1	X-2524|LFA102	PD	single	BRCA
X-2640	LFA102	37.66	BestAvgResponse	lower = more sensitive	1	X-2640|LFA102	PD	single	BRCA
X-2780	LFA102	83.24	BestAvgResponse	lower = more sensitive	1	X-2780|LFA102	PD	single	BRCA
X-3077	LFA102	26.46	BestAvgResponse	lower = more sensitive	1	X-3077|LFA102	PD	single	BRCA
X-3078	LFA102	4.2	BestAvgResponse	lower = more sensitive	1	X-3078|LFA102	PD	single	BRCA
X-3201	LFA102	7.26	BestAvgResponse	lower = more sensitive	1	X-3201|LFA102	SD	single	BRCA
X-3298	LFA102	29.575	BestAvgResponse	lower = more sensitive	1	X-3298|LFA102	PD	single	BRCA
X-3450	LFA102	18.92	BestAvgResponse	lower = more sensitive	1	X-3450|LFA102	PD	single	BRCA
X-3468	LFA102	13.4	BestAvgResponse	lower = more sensitive	1	X-3468|LFA102	PD	single	BRCA
X-3697	LFA102	9.875	BestAvgResponse	lower = more sensitive	1	X-3697|LFA102	PD	single	BRCA
X-3873	LFA102	143.567	BestAvgResponse	lower = more sensitive	1	X-3873|LFA102	PD	single	BRCA
X-4347	LFA102	30.125	BestAvgResponse	lower = more sensitive	1	X-4347|LFA102	PD	single	BRCA
X-4567	LFA102	12.62	BestAvgResponse	lower = more sensitive	1	X-4567|LFA102	PD	single	BRCA
X-4824	LFA102	18.8	BestAvgResponse	lower = more sensitive	1	X-4824|LFA102	PD	single	BRCA
X-4888	LFA102	-5.84	BestAvgResponse	lower = more sensitive	1	X-4888|LFA102	SD	single	BRCA
X-4949	LFA102	82.65	BestAvgResponse	lower = more sensitive	1	X-4949|LFA102	PD	single	BRCA
X-5249	LFA102	80.975	BestAvgResponse	lower = more sensitive	1	X-5249|LFA102	PD	single	BRCA
X-5355	LFA102	57.44	BestAvgResponse	lower = more sensitive	1	X-5355|LFA102	PD	single	BRCA
X-5502	LFA102	19.48	BestAvgResponse	lower = more sensitive	1	X-5502|LFA102	PD	single	BRCA
X-5975	LFA102	16.22	BestAvgResponse	lower = more sensitive	1	X-5975|LFA102	SD	single	BRCA
X-6047	LFA102	115.14	BestAvgResponse	lower = more sensitive	1	X-6047|LFA102	PD	single	BRCA
X-0933	LFW527 + BINIMETINIB	-35.0167	BestAvgResponse	lower = more sensitive	1	X-0933|LFW527 + binimetinib	PR	combo	CRC
X-0988	LFW527 + BINIMETINIB	24.98	BestAvgResponse	lower = more sensitive	1	X-0988|LFW527 + binimetinib	SD	combo	CRC
X-0992	LFW527 + BINIMETINIB	5.4125	BestAvgResponse	lower = more sensitive	1	X-0992|LFW527 + binimetinib	SD	combo	CRC
X-1055	LFW527 + BINIMETINIB	-30.55	BestAvgResponse	lower = more sensitive	1	X-1055|LFW527 + binimetinib	SD	combo	CRC
X-1119	LFW527 + BINIMETINIB	40.0167	BestAvgResponse	lower = more sensitive	1	X-1119|LFW527 + binimetinib	PD	combo	CRC
X-1156	LFW527 + BINIMETINIB	16.15	BestAvgResponse	lower = more sensitive	1	X-1156|LFW527 + binimetinib	PD	combo	NSCLC
X-1167	LFW527 + BINIMETINIB	39.04	BestAvgResponse	lower = more sensitive	1	X-1167|LFW527 + binimetinib	PD	combo	CRC
X-1172	LFW527 + BINIMETINIB	-32.24	BestAvgResponse	lower = more sensitive	1	X-1172|LFW527 + binimetinib	SD	combo	NSCLC
X-1210	LFW527 + BINIMETINIB	146.9	BestAvgResponse	lower = more sensitive	1	X-1210|LFW527 + binimetinib	PD	combo	CRC
X-1228	LFW527 + BINIMETINIB	-19.96	BestAvgResponse	lower = more sensitive	1	X-1228|LFW527 + binimetinib	SD	combo	NSCLC
X-1234	LFW527 + BINIMETINIB	17.92	BestAvgResponse	lower = more sensitive	1	X-1234|LFW527 + binimetinib	PD	combo	CRC
X-1256	LFW527 + BINIMETINIB	37.92	BestAvgResponse	lower = more sensitive	1	X-1256|LFW527 + binimetinib	PD	combo	CRC
X-1290	LFW527 + BINIMETINIB	35.06	BestAvgResponse	lower = more sensitive	1	X-1290|LFW527 + binimetinib	PD	combo	CRC
X-1303	LFW527 + BINIMETINIB	-7.15556	BestAvgResponse	lower = more sensitive	1	X-1303|LFW527 + binimetinib	SD	combo	CRC
X-1310	LFW527 + BINIMETINIB	38.06	BestAvgResponse	lower = more sensitive	1	X-1310|LFW527 + binimetinib	PD	combo	CRC
X-1323	LFW527 + BINIMETINIB	-12.6	BestAvgResponse	lower = more sensitive	1	X-1323|LFW527 + binimetinib	SD	combo	NSCLC
X-1329	LFW527 + BINIMETINIB	10	BestAvgResponse	lower = more sensitive	1	X-1329|LFW527 + binimetinib	SD	combo	CRC
X-1333	LFW527 + BINIMETINIB	12.975	BestAvgResponse	lower = more sensitive	1	X-1333|LFW527 + binimetinib	PD	combo	CRC
X-1402	LFW527 + BINIMETINIB	14.6	BestAvgResponse	lower = more sensitive	1	X-1402|LFW527 + binimetinib	PD	combo	CRC
X-1443	LFW527 + BINIMETINIB	3.575	BestAvgResponse	lower = more sensitive	1	X-1443|LFW527 + binimetinib	SD	combo	CRC
X-1499	LFW527 + BINIMETINIB	-4.55	BestAvgResponse	lower = more sensitive	1	X-1499|LFW527 + binimetinib	SD	combo	NSCLC
X-1500	LFW527 + BINIMETINIB	12.9167	BestAvgResponse	lower = more sensitive	1	X-1500|LFW527 + binimetinib	PD	combo	CRC
X-1586	LFW527 + BINIMETINIB	-10.34	BestAvgResponse	lower = more sensitive	1	X-1586|LFW527 + binimetinib	SD	combo	NSCLC
X-1658	LFW527 + BINIMETINIB	123	BestAvgResponse	lower = more sensitive	1	X-1658|LFW527 + binimetinib	PD	combo	NSCLC
X-1725	LFW527 + BINIMETINIB	12.4857	BestAvgResponse	lower = more sensitive	1	X-1725|LFW527 + binimetinib	SD	combo	NSCLC
X-1787	LFW527 + BINIMETINIB	34.1	BestAvgResponse	lower = more sensitive	1	X-1787|LFW527 + binimetinib	PD	combo	NSCLC
X-1795	LFW527 + BINIMETINIB	32.7	BestAvgResponse	lower = more sensitive	1	X-1795|LFW527 + binimetinib	PD	combo	NSCLC
X-1823	LFW527 + BINIMETINIB	26.26	BestAvgResponse	lower = more sensitive	1	X-1823|LFW527 + binimetinib	PD	combo	NSCLC
X-1834	LFW527 + BINIMETINIB	14.58	BestAvgResponse	lower = more sensitive	1	X-1834|LFW527 + binimetinib	PD	combo	NSCLC
X-1835	LFW527 + BINIMETINIB	-22.3	BestAvgResponse	lower = more sensitive	1	X-1835|LFW527 + binimetinib	PR	combo	NSCLC
X-1855	LFW527 + BINIMETINIB	2.19	BestAvgResponse	lower = more sensitive	1	X-1855|LFW527 + binimetinib	SD	combo	CRC
X-1869	LFW527 + BINIMETINIB	28.675	BestAvgResponse	lower = more sensitive	1	X-1869|LFW527 + binimetinib	PD	combo	NSCLC
X-1870	LFW527 + BINIMETINIB	10.6667	BestAvgResponse	lower = more sensitive	1	X-1870|LFW527 + binimetinib	SD	combo	NSCLC
X-1934	LFW527 + BINIMETINIB	108.52	BestAvgResponse	lower = more sensitive	1	X-1934|LFW527 + binimetinib	PD	combo	NSCLC
X-1979	LFW527 + BINIMETINIB	-5.6	BestAvgResponse	lower = more sensitive	1	X-1979|LFW527 + binimetinib	SD	combo	NSCLC
X-1980	LFW527 + BINIMETINIB	-23.66	BestAvgResponse	lower = more sensitive	1	X-1980|LFW527 + binimetinib	SD	combo	NSCLC
X-1993	LFW527 + BINIMETINIB	-42.0692	BestAvgResponse	lower = more sensitive	1	X-1993|LFW527 + binimetinib	PR	combo	NSCLC
X-2017	LFW527 + BINIMETINIB	-79.9225	BestAvgResponse	lower = more sensitive	1	X-2017|LFW527 + binimetinib	CR	combo	NSCLC
X-2042	LFW527 + BINIMETINIB	-77.1826	BestAvgResponse	lower = more sensitive	1	X-2042|LFW527 + binimetinib	CR	combo	NSCLC
X-20508	LFW527 + BINIMETINIB	-20.9222	BestAvgResponse	lower = more sensitive	1	X-20508|LFW527 + binimetinib	SD	combo	NSCLC
X-20689	LFW527 + BINIMETINIB	-21.9	BestAvgResponse	lower = more sensitive	1	X-20689|LFW527 + binimetinib	SD	combo	NSCLC
X-20810	LFW527 + BINIMETINIB	-41.9667	BestAvgResponse	lower = more sensitive	1	X-20810|LFW527 + binimetinib	PR	combo	NSCLC
X-2082	LFW527 + BINIMETINIB	-44.9667	BestAvgResponse	lower = more sensitive	1	X-2082|LFW527 + binimetinib	PR	combo	NSCLC
X-2088	LFW527 + BINIMETINIB	392.067	BestAvgResponse	lower = more sensitive	1	X-2088|LFW527 + binimetinib	PD	combo	NSCLC
X-2094	LFW527 + BINIMETINIB	-17.1455	BestAvgResponse	lower = more sensitive	1	X-2094|LFW527 + binimetinib	SD	combo	NSCLC
X-2145	LFW527 + BINIMETINIB	-4.01667	BestAvgResponse	lower = more sensitive	1	X-2145|LFW527 + binimetinib	SD	combo	CRC
X-21617	LFW527 + BINIMETINIB	214.55	BestAvgResponse	lower = more sensitive	1	X-21617|LFW527 + binimetinib	PD	combo	NSCLC
X-2182	LFW527 + BINIMETINIB	112.86	BestAvgResponse	lower = more sensitive	1	X-2182|LFW527 + binimetinib	PD	combo	CRC
X-2239	LFW527 + BINIMETINIB	18.425	BestAvgResponse	lower = more sensitive	1	X-2239|LFW527 + binimetinib	PD	combo	CRC
X-2374	LFW527 + BINIMETINIB	6.72941	BestAvgResponse	lower = more sensitive	1	X-2374|LFW527 + binimetinib	SD	combo	CRC
X-2483	LFW527 + BINIMETINIB	-6.575	BestAvgResponse	lower = more sensitive	1	X-2483|LFW527 + binimetinib	SD	combo	CRC
X-2514	LFW527 + BINIMETINIB	30.12	BestAvgResponse	lower = more sensitive	1	X-2514|LFW527 + binimetinib	PD	combo	CRC
X-2573	LFW527 + BINIMETINIB	0.12	BestAvgResponse	lower = more sensitive	1	X-2573|LFW527 + binimetinib	SD	combo	CRC
X-2659	LFW527 + BINIMETINIB	-59.1512	BestAvgResponse	lower = more sensitive	1	X-2659|LFW527 + binimetinib	CR	combo	CRC
X-2761	LFW527 + BINIMETINIB	-4.28	BestAvgResponse	lower = more sensitive	1	X-2761|LFW527 + binimetinib	SD	combo	CRC
X-2861	LFW527 + BINIMETINIB	23.26	BestAvgResponse	lower = more sensitive	1	X-2861|LFW527 + binimetinib	SD	combo	CRC
X-3205	LFW527 + BINIMETINIB	38.75	BestAvgResponse	lower = more sensitive	1	X-3205|LFW527 + binimetinib	PD	combo	CRC
X-3237	LFW527 + BINIMETINIB	-34.62	BestAvgResponse	lower = more sensitive	1	X-3237|LFW527 + binimetinib	SD	combo	NSCLC
X-3684	LFW527 + BINIMETINIB	175.375	BestAvgResponse	lower = more sensitive	1	X-3684|LFW527 + binimetinib	PD	combo	CRC
X-3792	LFW527 + BINIMETINIB	6.78	BestAvgResponse	lower = more sensitive	1	X-3792|LFW527 + binimetinib	PD	combo	CRC
X-3843	LFW527 + BINIMETINIB	16.42	BestAvgResponse	lower = more sensitive	1	X-3843|LFW527 + binimetinib	PD	combo	NSCLC
X-4087	LFW527 + BINIMETINIB	5.3	BestAvgResponse	lower = more sensitive	1	X-4087|LFW527 + binimetinib	SD	combo	CRC
X-4819	LFW527 + BINIMETINIB	100.5	BestAvgResponse	lower = more sensitive	1	X-4819|LFW527 + binimetinib	PD	combo	NSCLC
X-5238	LFW527 + BINIMETINIB	27.3	BestAvgResponse	lower = more sensitive	1	X-5238|LFW527 + binimetinib	PD	combo	CRC
X-5254	LFW527 + BINIMETINIB	24.45	BestAvgResponse	lower = more sensitive	1	X-5254|LFW527 + binimetinib	PD	combo	CRC
X-5267	LFW527 + BINIMETINIB	-25.15	BestAvgResponse	lower = more sensitive	1	X-5267|LFW527 + binimetinib	SD	combo	NSCLC
X-5421	LFW527 + BINIMETINIB	101.52	BestAvgResponse	lower = more sensitive	1	X-5421|LFW527 + binimetinib	PD	combo	CRC
X-5438	LFW527 + BINIMETINIB	11.5	BestAvgResponse	lower = more sensitive	1	X-5438|LFW527 + binimetinib	PD	combo	CRC
X-5446	LFW527 + BINIMETINIB	1.5	BestAvgResponse	lower = more sensitive	1	X-5446|LFW527 + binimetinib	SD	combo	CRC
X-5495	LFW527 + BINIMETINIB	-20.0875	BestAvgResponse	lower = more sensitive	1	X-5495|LFW527 + binimetinib	SD	combo	CRC
X-5536	LFW527 + BINIMETINIB	6	BestAvgResponse	lower = more sensitive	1	X-5536|LFW527 + binimetinib	PD	combo	CRC
X-1004	LFW527 + EVEROLIMUS	-19.3656	BestAvgResponse	lower = more sensitive	1	X-1004|LFW527 + everolimus	SD	combo	BRCA
X-1008	LFW527 + EVEROLIMUS	-26.9286	BestAvgResponse	lower = more sensitive	1	X-1008|LFW527 + everolimus	SD	combo	BRCA
X-1286	LFW527 + EVEROLIMUS	5.8	BestAvgResponse	lower = more sensitive	1	X-1286|LFW527 + everolimus	SD	combo	BRCA
X-1298	LFW527 + EVEROLIMUS	-32.36	BestAvgResponse	lower = more sensitive	1	X-1298|LFW527 + everolimus	PR	combo	BRCA
X-1349	LFW527 + EVEROLIMUS	151.2	BestAvgResponse	lower = more sensitive	1	X-1349|LFW527 + everolimus	PD	combo	BRCA
X-1371	LFW527 + EVEROLIMUS	-6.5	BestAvgResponse	lower = more sensitive	1	X-1371|LFW527 + everolimus	SD	combo	BRCA
X-1383	LFW527 + EVEROLIMUS	52.72	BestAvgResponse	lower = more sensitive	1	X-1383|LFW527 + everolimus	PD	combo	BRCA
X-1407	LFW527 + EVEROLIMUS	-15.2714	BestAvgResponse	lower = more sensitive	1	X-1407|LFW527 + everolimus	SD	combo	BRCA
X-1468	LFW527 + EVEROLIMUS	6.48333	BestAvgResponse	lower = more sensitive	1	X-1468|LFW527 + everolimus	SD	combo	
X-1600	LFW527 + EVEROLIMUS	-5.15	BestAvgResponse	lower = more sensitive	1	X-1600|LFW527 + everolimus	SD	combo	BRCA
X-1832	LFW527 + EVEROLIMUS	41.1	BestAvgResponse	lower = more sensitive	1	X-1832|LFW527 + everolimus	PD	combo	BRCA
X-1916	LFW527 + EVEROLIMUS	16.16	BestAvgResponse	lower = more sensitive	1	X-1916|LFW527 + everolimus	SD	combo	BRCA
X-1921	LFW527 + EVEROLIMUS	-33.7656	BestAvgResponse	lower = more sensitive	1	X-1921|LFW527 + everolimus	PR	combo	BRCA
X-2127	LFW527 + EVEROLIMUS	24.42	BestAvgResponse	lower = more sensitive	1	X-2127|LFW527 + everolimus	SD	combo	BRCA
X-2344	LFW527 + EVEROLIMUS	-8.8	BestAvgResponse	lower = more sensitive	1	X-2344|LFW527 + everolimus	SD	combo	BRCA
X-2353	LFW527 + EVEROLIMUS	-15.9231	BestAvgResponse	lower = more sensitive	1	X-2353|LFW527 + everolimus	SD	combo	BRCA
X-2487	LFW527 + EVEROLIMUS	2.82	BestAvgResponse	lower = more sensitive	1	X-2487|LFW527 + everolimus	SD	combo	BRCA
X-2524	LFW527 + EVEROLIMUS	0	BestAvgResponse	lower = more sensitive	1	X-2524|LFW527 + everolimus	SD	combo	BRCA
X-2640	LFW527 + EVEROLIMUS	-29.6444	BestAvgResponse	lower = more sensitive	1	X-2640|LFW527 + everolimus	PR	combo	BRCA
X-2780	LFW527 + EVEROLIMUS	-3.3	BestAvgResponse	lower = more sensitive	1	X-2780|LFW527 + everolimus	SD	combo	BRCA
X-3077	LFW527 + EVEROLIMUS	-5.66	BestAvgResponse	lower = more sensitive	1	X-3077|LFW527 + everolimus	SD	combo	BRCA
X-3078	LFW527 + EVEROLIMUS	-3.11429	BestAvgResponse	lower = more sensitive	1	X-3078|LFW527 + everolimus	SD	combo	BRCA
X-3201	LFW527 + EVEROLIMUS	31.74	BestAvgResponse	lower = more sensitive	1	X-3201|LFW527 + everolimus	PD	combo	BRCA
X-3450	LFW527 + EVEROLIMUS	-18.3	BestAvgResponse	lower = more sensitive	1	X-3450|LFW527 + everolimus	SD	combo	BRCA
X-3453	LFW527 + EVEROLIMUS	-42.0139	BestAvgResponse	lower = more sensitive	1	X-3453|LFW527 + everolimus	PR	combo	BRCA
X-3468	LFW527 + EVEROLIMUS	-48.3378	BestAvgResponse	lower = more sensitive	1	X-3468|LFW527 + everolimus	PR	combo	BRCA
X-3873	LFW527 + EVEROLIMUS	14.428	BestAvgResponse	lower = more sensitive	1	X-3873|LFW527 + everolimus	SD	combo	BRCA
X-4347	LFW527 + EVEROLIMUS	0.214286	BestAvgResponse	lower = more sensitive	1	X-4347|LFW527 + everolimus	SD	combo	BRCA
X-4567	LFW527 + EVEROLIMUS	-44.9059	BestAvgResponse	lower = more sensitive	1	X-4567|LFW527 + everolimus	PR	combo	BRCA
X-4888	LFW527 + EVEROLIMUS	-5.2	BestAvgResponse	lower = more sensitive	1	X-4888|LFW527 + everolimus	SD	combo	BRCA
X-5249	LFW527 + EVEROLIMUS	-4.1	BestAvgResponse	lower = more sensitive	1	X-5249|LFW527 + everolimus	SD	combo	BRCA
X-5355	LFW527 + EVEROLIMUS	-45.725	BestAvgResponse	lower = more sensitive	1	X-5355|LFW527 + everolimus	PR	combo	BRCA
X-5502	LFW527 + EVEROLIMUS	-9.64	BestAvgResponse	lower = more sensitive	1	X-5502|LFW527 + everolimus	SD	combo	BRCA
X-5541	LFW527 + EVEROLIMUS	-38.2933	BestAvgResponse	lower = more sensitive	1	X-5541|LFW527 + everolimus	PR	combo	BRCA
X-1655	LGW813	32.525	BestAvgResponse	lower = more sensitive	1	X-1655|LGW813	PD	single	CM
X-1906	LGW813	33.325	BestAvgResponse	lower = more sensitive	1	X-1906|LGW813	PD	single	CM
X-2163	LGW813	70.36	BestAvgResponse	lower = more sensitive	1	X-2163|LGW813	PD	single	CM
X-2306	LGW813	9.825	BestAvgResponse	lower = more sensitive	1	X-2306|LGW813	PD	single	CM
X-2602	LGW813	20.98	BestAvgResponse	lower = more sensitive	1	X-2602|LGW813	PD	single	CM
X-2613	LGW813	158.35	BestAvgResponse	lower = more sensitive	1	X-2613|LGW813	PD	single	CM
X-2700	LGW813	47.275	BestAvgResponse	lower = more sensitive	1	X-2700|LGW813	PD	single	CM
X-2723	LGW813	-54.8714	BestAvgResponse	lower = more sensitive	1	X-2723|LGW813	PR	single	CM
X-2753	LGW813	-23.2526	BestAvgResponse	lower = more sensitive	1	X-2753|LGW813	PR	single	CM
X-2838	LGW813	8.4	BestAvgResponse	lower = more sensitive	1	X-2838|LGW813	SD	single	CM
X-2921	LGW813	66.3	BestAvgResponse	lower = more sensitive	1	X-2921|LGW813	PD	single	CM
X-2992	LGW813	63.35	BestAvgResponse	lower = more sensitive	1	X-2992|LGW813	PD	single	CM
X-3127	LGW813	-32.0583	BestAvgResponse	lower = more sensitive	1	X-3127|LGW813	PR	single	CM
X-3211	LGW813	-26.0609	BestAvgResponse	lower = more sensitive	1	X-3211|LGW813	PR	single	CM
X-3483	LGW813	121.15	BestAvgResponse	lower = more sensitive	1	X-3483|LGW813	PD	single	CM
X-3486	LGW813	52.16	BestAvgResponse	lower = more sensitive	1	X-3486|LGW813	PD	single	CM
X-3503	LGW813	53.96	BestAvgResponse	lower = more sensitive	1	X-3503|LGW813	PD	single	CM
X-3676	LGW813	148.78	BestAvgResponse	lower = more sensitive	1	X-3676|LGW813	PD	single	CM
X-3746	LGW813	189.733	BestAvgResponse	lower = more sensitive	1	X-3746|LGW813	PD	single	CM
X-3773	LGW813	0.54	BestAvgResponse	lower = more sensitive	1	X-3773|LGW813	PD	single	CM
X-3851	LGW813	103.04	BestAvgResponse	lower = more sensitive	1	X-3851|LGW813	PD	single	CM
X-3880	LGW813	13.15	BestAvgResponse	lower = more sensitive	1	X-3880|LGW813	PD	single	CM
X-4157	LGW813	-16.98	BestAvgResponse	lower = more sensitive	1	X-4157|LGW813	SD	single	CM
X-4339	LGW813	9.85	BestAvgResponse	lower = more sensitive	1	X-4339|LGW813	SD	single	CM
X-4426	LGW813	53.55	BestAvgResponse	lower = more sensitive	1	X-4426|LGW813	PD	single	CM
X-4455	LGW813	43.075	BestAvgResponse	lower = more sensitive	1	X-4455|LGW813	PD	single	CM
X-4530	LGW813	68.175	BestAvgResponse	lower = more sensitive	1	X-4530|LGW813	PD	single	CM
X-4538	LGW813	57.8	BestAvgResponse	lower = more sensitive	1	X-4538|LGW813	PD	single	CM
X-4644	LGW813	128.36	BestAvgResponse	lower = more sensitive	1	X-4644|LGW813	PD	single	CM
X-4668	LGW813	81.94	BestAvgResponse	lower = more sensitive	1	X-4668|LGW813	PD	single	CM
X-4832	LGW813	78.875	BestAvgResponse	lower = more sensitive	1	X-4832|LGW813	PD	single	CM
X-4849	LGW813	84.52	BestAvgResponse	lower = more sensitive	1	X-4849|LGW813	PD	single	CM
X-5189	LGW813	1.3	BestAvgResponse	lower = more sensitive	1	X-5189|LGW813	SD	single	CM
X-0933	LJC049	83.7	BestAvgResponse	lower = more sensitive	1	X-0933|LJC049	PD	single	CRC
X-1027	LJC049	126.75	BestAvgResponse	lower = more sensitive	1	X-1027|LJC049	PD	single	CRC
X-1055	LJC049	6.075	BestAvgResponse	lower = more sensitive	1	X-1055|LJC049	SD	single	CRC
X-1119	LJC049	133.8	BestAvgResponse	lower = more sensitive	1	X-1119|LJC049	PD	single	CRC
X-1167	LJC049	132.4	BestAvgResponse	lower = more sensitive	1	X-1167|LJC049	PD	single	CRC
X-1173	LJC049	35.675	BestAvgResponse	lower = more sensitive	1	X-1173|LJC049	PD	single	CRC
X-1270	LJC049	18.1333	BestAvgResponse	lower = more sensitive	1	X-1270|LJC049	SD	single	CRC
X-1290	LJC049	155.4	BestAvgResponse	lower = more sensitive	1	X-1290|LJC049	PD	single	CRC
X-1303	LJC049	43.02	BestAvgResponse	lower = more sensitive	1	X-1303|LJC049	PD	single	CRC
X-1329	LJC049	154.3	BestAvgResponse	lower = more sensitive	1	X-1329|LJC049	PD	single	CRC
X-1441	LJC049	41.82	BestAvgResponse	lower = more sensitive	1	X-1441|LJC049	PD	single	CRC
X-1443	LJC049	42.5	BestAvgResponse	lower = more sensitive	1	X-1443|LJC049	PD	single	CRC
X-1479	LJC049	35.14	BestAvgResponse	lower = more sensitive	1	X-1479|LJC049	PD	single	CRC
X-1500	LJC049	14.875	BestAvgResponse	lower = more sensitive	1	X-1500|LJC049	PD	single	CRC
X-1536	LJC049	45.32	BestAvgResponse	lower = more sensitive	1	X-1536|LJC049	PD	single	CRC
X-1855	LJC049	7.2	BestAvgResponse	lower = more sensitive	1	X-1855|LJC049	PD	single	CRC
X-2145	LJC049	42.875	BestAvgResponse	lower = more sensitive	1	X-2145|LJC049	PD	single	CRC
X-2182	LJC049	386.9	BestAvgResponse	lower = more sensitive	1	X-2182|LJC049	PD	single	CRC
X-2239	LJC049	40.875	BestAvgResponse	lower = more sensitive	1	X-2239|LJC049	PD	single	CRC
X-2374	LJC049	27.8	BestAvgResponse	lower = more sensitive	1	X-2374|LJC049	PD	single	CRC
X-2403	LJC049	137.86	BestAvgResponse	lower = more sensitive	1	X-2403|LJC049	PD	single	CRC
X-2483	LJC049	26.825	BestAvgResponse	lower = more sensitive	1	X-2483|LJC049	PD	single	CRC
X-2484	LJC049	7.52	BestAvgResponse	lower = more sensitive	1	X-2484|LJC049	PD	single	CRC
X-2538	LJC049	12.32	BestAvgResponse	lower = more sensitive	1	X-2538|LJC049	PD	single	CRC
X-2573	LJC049	85.275	BestAvgResponse	lower = more sensitive	1	X-2573|LJC049	PD	single	CRC
X-2659	LJC049	56.08	BestAvgResponse	lower = more sensitive	1	X-2659|LJC049	PD	single	CRC
X-2822	LJC049	-0.525	BestAvgResponse	lower = more sensitive	1	X-2822|LJC049	SD	single	CRC
X-2846	LJC049	29.1	BestAvgResponse	lower = more sensitive	1	X-2846|LJC049	PD	single	CRC
X-2861	LJC049	147.433	BestAvgResponse	lower = more sensitive	1	X-2861|LJC049	PD	single	CRC
X-3093	LJC049	57.6	BestAvgResponse	lower = more sensitive	1	X-3093|LJC049	PD	single	CRC
X-3205	LJC049	58.2	BestAvgResponse	lower = more sensitive	1	X-3205|LJC049	PD	single	CRC
X-3224	LJC049	-7.425	BestAvgResponse	lower = more sensitive	1	X-3224|LJC049	SD	single	CRC
X-3267	LJC049	5.18	BestAvgResponse	lower = more sensitive	1	X-3267|LJC049	PD	single	CRC
X-3792	LJC049	33.94	BestAvgResponse	lower = more sensitive	1	X-3792|LJC049	PD	single	CRC
X-4087	LJC049	18.075	BestAvgResponse	lower = more sensitive	1	X-4087|LJC049	SD	single	CRC
X-5254	LJC049	37.275	BestAvgResponse	lower = more sensitive	1	X-5254|LJC049	PD	single	CRC
X-5405	LJC049	95.875	BestAvgResponse	lower = more sensitive	1	X-5405|LJC049	PD	single	CRC
X-5438	LJC049	54.525	BestAvgResponse	lower = more sensitive	1	X-5438|LJC049	PD	single	CRC
X-5446	LJC049	58.9	BestAvgResponse	lower = more sensitive	1	X-5446|LJC049	PD	single	CRC
X-5494	LJC049	-61.3875	BestAvgResponse	lower = more sensitive	1	X-5494|LJC049	PR	single	CRC
X-5495	LJC049	49.6	BestAvgResponse	lower = more sensitive	1	X-5495|LJC049	PD	single	CRC
X-5578	LJC049	39.675	BestAvgResponse	lower = more sensitive	1	X-5578|LJC049	PD	single	CRC
X-0933	LKA136	3.36	BestAvgResponse	lower = more sensitive	1	X-0933|LKA136	SD	single	CRC
X-0991	LKA136	24.075	BestAvgResponse	lower = more sensitive	1	X-0991|LKA136	PD	single	PDAC
X-1004	LKA136	-1.42	BestAvgResponse	lower = more sensitive	1	X-1004|LKA136	PD	single	BRCA
X-1008	LKA136	41.925	BestAvgResponse	lower = more sensitive	1	X-1008|LKA136	PD	single	BRCA
X-1027	LKA136	189.08	BestAvgResponse	lower = more sensitive	1	X-1027|LKA136	PD	single	CRC
X-1055	LKA136	-5.96	BestAvgResponse	lower = more sensitive	1	X-1055|LKA136	SD	single	CRC
X-1119	LKA136	56.25	BestAvgResponse	lower = more sensitive	1	X-1119|LKA136	PD	single	CRC
X-1167	LKA136	52.475	BestAvgResponse	lower = more sensitive	1	X-1167|LKA136	PD	single	CRC
X-1173	LKA136	231.25	BestAvgResponse	lower = more sensitive	1	X-1173|LKA136	PD	single	CRC
X-1199	LKA136	23.5	BestAvgResponse	lower = more sensitive	1	X-1199|LKA136	SD	single	PDAC
X-1270	LKA136	50.925	BestAvgResponse	lower = more sensitive	1	X-1270|LKA136	PD	single	CRC
X-1286	LKA136	8.975	BestAvgResponse	lower = more sensitive	1	X-1286|LKA136	PD	single	BRCA
X-1289	LKA136	-56.3304	BestAvgResponse	lower = more sensitive	1	X-1289|LKA136	CR	single	PDAC
X-1290	LKA136	84.825	BestAvgResponse	lower = more sensitive	1	X-1290|LKA136	PD	single	CRC
X-1298	LKA136	96.675	BestAvgResponse	lower = more sensitive	1	X-1298|LKA136	PD	single	BRCA
X-1303	LKA136	110.76	BestAvgResponse	lower = more sensitive	1	X-1303|LKA136	PD	single	CRC
X-1329	LKA136	82.9	BestAvgResponse	lower = more sensitive	1	X-1329|LKA136	PD	single	CRC
X-1362	LKA136	52.64	BestAvgResponse	lower = more sensitive	1	X-1362|LKA136	PD	single	PDAC
X-1371	LKA136	99.7	BestAvgResponse	lower = more sensitive	1	X-1371|LKA136	PD	single	BRCA
X-1383	LKA136	18.1	BestAvgResponse	lower = more sensitive	1	X-1383|LKA136	PD	single	BRCA
X-1407	LKA136	60.7	BestAvgResponse	lower = more sensitive	1	X-1407|LKA136	PD	single	BRCA
X-1441	LKA136	4.175	BestAvgResponse	lower = more sensitive	1	X-1441|LKA136	PD	single	CRC
X-1443	LKA136	-8.4	BestAvgResponse	lower = more sensitive	1	X-1443|LKA136	SD	single	CRC
X-1468	LKA136	25.56	BestAvgResponse	lower = more sensitive	1	X-1468|LKA136	PD	single	
X-1479	LKA136	19.02	BestAvgResponse	lower = more sensitive	1	X-1479|LKA136	PD	single	CRC
X-1500	LKA136	18.8333	BestAvgResponse	lower = more sensitive	1	X-1500|LKA136	PD	single	CRC
X-1536	LKA136	23.26	BestAvgResponse	lower = more sensitive	1	X-1536|LKA136	PD	single	CRC
X-1600	LKA136	173.5	BestAvgResponse	lower = more sensitive	1	X-1600|LKA136	PD	single	BRCA
X-1631	LKA136	60.2	BestAvgResponse	lower = more sensitive	1	X-1631|LKA136	PD	single	BRCA
X-1828	LKA136	41.3	BestAvgResponse	lower = more sensitive	1	X-1828|LKA136	PD	single	BRCA
X-1832	LKA136	14.975	BestAvgResponse	lower = more sensitive	1	X-1832|LKA136	PD	single	BRCA
X-1855	LKA136	8.76667	BestAvgResponse	lower = more sensitive	1	X-1855|LKA136	PD	single	CRC
X-1916	LKA136	21.98	BestAvgResponse	lower = more sensitive	1	X-1916|LKA136	PD	single	BRCA
X-1921	LKA136	50.6	BestAvgResponse	lower = more sensitive	1	X-1921|LKA136	PD	single	BRCA
X-1948	LKA136	21.72	BestAvgResponse	lower = more sensitive	1	X-1948|LKA136	SD	single	PDAC
X-2026	LKA136	98.54	BestAvgResponse	lower = more sensitive	1	X-2026|LKA136	PD	single	PDAC
X-2043	LKA136	50.72	BestAvgResponse	lower = more sensitive	1	X-2043|LKA136	PD	single	PDAC
X-2081	LKA136	134.475	BestAvgResponse	lower = more sensitive	1	X-2081|LKA136	PD	single	PDAC
X-2145	LKA136	98.825	BestAvgResponse	lower = more sensitive	1	X-2145|LKA136	PD	single	CRC
X-2182	LKA136	183.06	BestAvgResponse	lower = more sensitive	1	X-2182|LKA136	PD	single	CRC
X-2195	LKA136	1.9	BestAvgResponse	lower = more sensitive	1	X-2195|LKA136	SD	single	BRCA
X-2220	LKA136	189.32	BestAvgResponse	lower = more sensitive	1	X-2220|LKA136	PD	single	
X-2283	LKA136	61.7	BestAvgResponse	lower = more sensitive	1	X-2283|LKA136	PD	single	PDAC
X-2339	LKA136	24.04	BestAvgResponse	lower = more sensitive	1	X-2339|LKA136	PD	single	PDAC
X-2344	LKA136	216.475	BestAvgResponse	lower = more sensitive	1	X-2344|LKA136	PD	single	BRCA
X-2353	LKA136	8.525	BestAvgResponse	lower = more sensitive	1	X-2353|LKA136	PD	single	BRCA
X-2374	LKA136	61.55	BestAvgResponse	lower = more sensitive	1	X-2374|LKA136	PD	single	CRC
X-2403	LKA136	48.975	BestAvgResponse	lower = more sensitive	1	X-2403|LKA136	PD	single	CRC
X-2428	LKA136	49.22	BestAvgResponse	lower = more sensitive	1	X-2428|LKA136	PD	single	PDAC
X-2470	LKA136	104.08	BestAvgResponse	lower = more sensitive	1	X-2470|LKA136	PD	single	PDAC
X-2483	LKA136	12.575	BestAvgResponse	lower = more sensitive	1	X-2483|LKA136	PD	single	CRC
X-2484	LKA136	25	BestAvgResponse	lower = more sensitive	1	X-2484|LKA136	PD	single	CRC
X-2487	LKA136	71.225	BestAvgResponse	lower = more sensitive	1	X-2487|LKA136	PD	single	BRCA
X-2524	LKA136	231.96	BestAvgResponse	lower = more sensitive	1	X-2524|LKA136	PD	single	BRCA
X-2538	LKA136	50.22	BestAvgResponse	lower = more sensitive	1	X-2538|LKA136	PD	single	CRC
X-2564	LKA136	17.94	BestAvgResponse	lower = more sensitive	1	X-2564|LKA136	SD	single	PDAC
X-2573	LKA136	81.675	BestAvgResponse	lower = more sensitive	1	X-2573|LKA136	PD	single	CRC
X-2633	LKA136	34.46	BestAvgResponse	lower = more sensitive	1	X-2633|LKA136	PD	single	PDAC
X-2640	LKA136	0.94	BestAvgResponse	lower = more sensitive	1	X-2640|LKA136	SD	single	BRCA
X-2659	LKA136	20.46	BestAvgResponse	lower = more sensitive	1	X-2659|LKA136	SD	single	CRC
X-2684	LKA136	85.4	BestAvgResponse	lower = more sensitive	1	X-2684|LKA136	PD	single	PDAC
X-2780	LKA136	75.98	BestAvgResponse	lower = more sensitive	1	X-2780|LKA136	PD	single	BRCA
X-2822	LKA136	0.9	BestAvgResponse	lower = more sensitive	1	X-2822|LKA136	SD	single	CRC
X-2846	LKA136	18	BestAvgResponse	lower = more sensitive	1	X-2846|LKA136	PD	single	CRC
X-2861	LKA136	15.975	BestAvgResponse	lower = more sensitive	1	X-2861|LKA136	PD	single	CRC
X-2997	LKA136	95.46	BestAvgResponse	lower = more sensitive	1	X-2997|LKA136	PD	single	PDAC
X-3028	LKA136	11.36	BestAvgResponse	lower = more sensitive	1	X-3028|LKA136	SD	single	PDAC
X-3038	LKA136	63.02	BestAvgResponse	lower = more sensitive	1	X-3038|LKA136	PD	single	PDAC
X-3052	LKA136	38.58	BestAvgResponse	lower = more sensitive	1	X-3052|LKA136	PD	single	PDAC
X-3077	LKA136	14.55	BestAvgResponse	lower = more sensitive	1	X-3077|LKA136	PD	single	BRCA
X-3078	LKA136	45.1	BestAvgResponse	lower = more sensitive	1	X-3078|LKA136	PD	single	BRCA
X-3093	LKA136	60.62	BestAvgResponse	lower = more sensitive	1	X-3093|LKA136	PD	single	CRC
X-3201	LKA136	134.88	BestAvgResponse	lower = more sensitive	1	X-3201|LKA136	PD	single	BRCA
X-3205	LKA136	74.05	BestAvgResponse	lower = more sensitive	1	X-3205|LKA136	PD	single	CRC
X-3224	LKA136	110.72	BestAvgResponse	lower = more sensitive	1	X-3224|LKA136	PD	single	CRC
X-3267	LKA136	16.7	BestAvgResponse	lower = more sensitive	1	X-3267|LKA136	SD	single	CRC
X-3268	LKA136	7.25	BestAvgResponse	lower = more sensitive	1	X-3268|LKA136	SD	single	PDAC
X-3298	LKA136	16.45	BestAvgResponse	lower = more sensitive	1	X-3298|LKA136	PD	single	BRCA
X-3450	LKA136	8.76	BestAvgResponse	lower = more sensitive	1	X-3450|LKA136	SD	single	BRCA
X-3468	LKA136	3.1	BestAvgResponse	lower = more sensitive	1	X-3468|LKA136	SD	single	BRCA
X-3697	LKA136	14.8333	BestAvgResponse	lower = more sensitive	1	X-3697|LKA136	PD	single	BRCA
X-3792	LKA136	17.02	BestAvgResponse	lower = more sensitive	1	X-3792|LKA136	PD	single	CRC
X-3800	LKA136	32	BestAvgResponse	lower = more sensitive	1	X-3800|LKA136	PD	single	PDAC
X-3816	LKA136	45.32	BestAvgResponse	lower = more sensitive	1	X-3816|LKA136	PD	single	PDAC
X-3846	LKA136	16.22	BestAvgResponse	lower = more sensitive	1	X-3846|LKA136	PD	single	PDAC
X-3873	LKA136	18.62	BestAvgResponse	lower = more sensitive	1	X-3873|LKA136	PD	single	BRCA
X-3898	LKA136	16.7	BestAvgResponse	lower = more sensitive	1	X-3898|LKA136	PD	single	PDAC
X-3947	LKA136	51.18	BestAvgResponse	lower = more sensitive	1	X-3947|LKA136	PD	single	PDAC
X-3990	LKA136	63.88	BestAvgResponse	lower = more sensitive	1	X-3990|LKA136	PD	single	PDAC
X-4015	LKA136	53.7667	BestAvgResponse	lower = more sensitive	1	X-4015|LKA136	PD	single	PDAC
X-4018	LKA136	37.12	BestAvgResponse	lower = more sensitive	1	X-4018|LKA136	PD	single	PDAC
X-4087	LKA136	38.9	BestAvgResponse	lower = more sensitive	1	X-4087|LKA136	PD	single	CRC
X-4145	LKA136	67.62	BestAvgResponse	lower = more sensitive	1	X-4145|LKA136	PD	single	CRC
X-4215	LKA136	48.575	BestAvgResponse	lower = more sensitive	1	X-4215|LKA136	PD	single	PDAC
X-4226	LKA136	30.8	BestAvgResponse	lower = more sensitive	1	X-4226|LKA136	PD	single	PDAC
X-4316	LKA136	9.56	BestAvgResponse	lower = more sensitive	1	X-4316|LKA136	PD	single	PDAC
X-4347	LKA136	27.9	BestAvgResponse	lower = more sensitive	1	X-4347|LKA136	PD	single	BRCA
X-4377	LKA136	-85.2846	BestAvgResponse	lower = more sensitive	1	X-4377|LKA136	CR	single	PDAC
X-4378	LKA136	64.525	BestAvgResponse	lower = more sensitive	1	X-4378|LKA136	PD	single	PDAC
X-4439	LKA136	31.1	BestAvgResponse	lower = more sensitive	1	X-4439|LKA136	PD	single	PDAC
X-4567	LKA136	19.56	BestAvgResponse	lower = more sensitive	1	X-4567|LKA136	PD	single	BRCA
X-4649	LKA136	18.6167	BestAvgResponse	lower = more sensitive	1	X-4649|LKA136	PD	single	PDAC
X-4676	LKA136	12.625	BestAvgResponse	lower = more sensitive	1	X-4676|LKA136	PD	single	PDAC
X-4824	LKA136	31.375	BestAvgResponse	lower = more sensitive	1	X-4824|LKA136	PD	single	BRCA
X-4888	LKA136	49.775	BestAvgResponse	lower = more sensitive	1	X-4888|LKA136	PD	single	BRCA
X-4927	LKA136	59.85	BestAvgResponse	lower = more sensitive	1	X-4927|LKA136	PD	single	PDAC
X-4949	LKA136	78.9	BestAvgResponse	lower = more sensitive	1	X-4949|LKA136	PD	single	BRCA
X-5205	LKA136	3.08	BestAvgResponse	lower = more sensitive	1	X-5205|LKA136	SD	single	PDAC
X-5249	LKA136	46.96	BestAvgResponse	lower = more sensitive	1	X-5249|LKA136	PD	single	BRCA
X-5254	LKA136	30.025	BestAvgResponse	lower = more sensitive	1	X-5254|LKA136	PD	single	CRC
X-5355	LKA136	34.84	BestAvgResponse	lower = more sensitive	1	X-5355|LKA136	PD	single	BRCA
X-5405	LKA136	5.3	BestAvgResponse	lower = more sensitive	1	X-5405|LKA136	PD	single	CRC
X-5438	LKA136	1.92	BestAvgResponse	lower = more sensitive	1	X-5438|LKA136	SD	single	CRC
X-5446	LKA136	85.9	BestAvgResponse	lower = more sensitive	1	X-5446|LKA136	PD	single	CRC
X-5494	LKA136	16.1	BestAvgResponse	lower = more sensitive	1	X-5494|LKA136	PD	single	CRC
X-5495	LKA136	10.55	BestAvgResponse	lower = more sensitive	1	X-5495|LKA136	PD	single	CRC
X-5502	LKA136	6.3	BestAvgResponse	lower = more sensitive	1	X-5502|LKA136	PD	single	BRCA
X-5578	LKA136	21.45	BestAvgResponse	lower = more sensitive	1	X-5578|LKA136	PD	single	CRC
X-5975	LKA136	26.62	BestAvgResponse	lower = more sensitive	1	X-5975|LKA136	PD	single	BRCA
X-6047	LKA136	35.96	BestAvgResponse	lower = more sensitive	1	X-6047|LKA136	PD	single	BRCA
X-007	LLM871	213.25	BestAvgResponse	lower = more sensitive	1	X-007|LLM871	PD	single	GC
X-010	LLM871	-50.0824	BestAvgResponse	lower = more sensitive	1	X-010|LLM871	CR	single	GC
X-011	LLM871	101.28	BestAvgResponse	lower = more sensitive	1	X-011|LLM871	PD	single	GC
X-015	LLM871	50.8	BestAvgResponse	lower = more sensitive	1	X-015|LLM871	PD	single	GC
X-017	LLM871	15.75	BestAvgResponse	lower = more sensitive	1	X-017|LLM871	SD	single	GC
X-020	LLM871	30.075	BestAvgResponse	lower = more sensitive	1	X-020|LLM871	PD	single	GC
X-027	LLM871	54.5	BestAvgResponse	lower = more sensitive	1	X-027|LLM871	PD	single	GC
X-028	LLM871	23.04	BestAvgResponse	lower = more sensitive	1	X-028|LLM871	PD	single	GC
X-029	LLM871	186.5	BestAvgResponse	lower = more sensitive	1	X-029|LLM871	PD	single	GC
X-031	LLM871	35.125	BestAvgResponse	lower = more sensitive	1	X-031|LLM871	PD	single	GC
X-034	LLM871	-2.2	BestAvgResponse	lower = more sensitive	1	X-034|LLM871	PD	single	GC
X-035	LLM871	31.16	BestAvgResponse	lower = more sensitive	1	X-035|LLM871	PD	single	GC
X-037	LLM871	-29.4	BestAvgResponse	lower = more sensitive	1	X-037|LLM871	PR	single	GC
X-038	LLM871	42.725	BestAvgResponse	lower = more sensitive	1	X-038|LLM871	PD	single	GC
X-056	LLM871	37.26	BestAvgResponse	lower = more sensitive	1	X-056|LLM871	PD	single	GC
X-057	LLM871	-92.1741	BestAvgResponse	lower = more sensitive	1	X-057|LLM871	CR	single	GC
X-064	LLM871	23.76	BestAvgResponse	lower = more sensitive	1	X-064|LLM871	PD	single	GC
X-065	LLM871	-6.225	BestAvgResponse	lower = more sensitive	1	X-065|LLM871	SD	single	GC
X-067	LLM871	3.825	BestAvgResponse	lower = more sensitive	1	X-067|LLM871	SD	single	GC
X-075	LLM871	21.55	BestAvgResponse	lower = more sensitive	1	X-075|LLM871	PD	single	GC
X-084	LLM871	65.12	BestAvgResponse	lower = more sensitive	1	X-084|LLM871	PD	single	GC
X-089	LLM871	26.5	BestAvgResponse	lower = more sensitive	1	X-089|LLM871	PD	single	GC
X-090	LLM871	42.45	BestAvgResponse	lower = more sensitive	1	X-090|LLM871	PD	single	GC
X-091	LLM871	36.425	BestAvgResponse	lower = more sensitive	1	X-091|LLM871	PD	single	GC
X-096	LLM871	-60.75	BestAvgResponse	lower = more sensitive	1	X-096|LLM871	PR	single	GC
X-097	LLM871	50.375	BestAvgResponse	lower = more sensitive	1	X-097|LLM871	PD	single	GC
X-098	LLM871	19.9333	BestAvgResponse	lower = more sensitive	1	X-098|LLM871	PD	single	GC
X-099	LLM871	-13.94	BestAvgResponse	lower = more sensitive	1	X-099|LLM871	SD	single	GC
X-1004	LLM871	11.525	BestAvgResponse	lower = more sensitive	1	X-1004|LLM871	PD	single	BRCA
X-1008	LLM871	73.65	BestAvgResponse	lower = more sensitive	1	X-1008|LLM871	PD	single	BRCA
X-102	LLM871	9.25	BestAvgResponse	lower = more sensitive	1	X-102|LLM871	SD	single	GC
X-114	LLM871	-7	BestAvgResponse	lower = more sensitive	1	X-114|LLM871	SD	single	GC
X-1156	LLM871	114.92	BestAvgResponse	lower = more sensitive	1	X-1156|LLM871	PD	single	NSCLC
X-1172	LLM871	53.025	BestAvgResponse	lower = more sensitive	1	X-1172|LLM871	PD	single	NSCLC
X-118	LLM871	112.92	BestAvgResponse	lower = more sensitive	1	X-118|LLM871	PD	single	GC
X-1189	LLM871	64.4	BestAvgResponse	lower = more sensitive	1	X-1189|LLM871	PD	single	NSCLC
X-119	LLM871	-93.08	BestAvgResponse	lower = more sensitive	1	X-119|LLM871	CR	single	GC
X-1228	LLM871	-53.22	BestAvgResponse	lower = more sensitive	1	X-1228|LLM871	PR	single	NSCLC
X-127	LLM871	-95.482	BestAvgResponse	lower = more sensitive	1	X-127|LLM871	CR	single	GC
X-128	LLM871	21.1	BestAvgResponse	lower = more sensitive	1	X-128|LLM871	PD	single	GC
X-1286	LLM871	11.08	BestAvgResponse	lower = more sensitive	1	X-1286|LLM871	PD	single	BRCA
X-129	LLM871	69.96	BestAvgResponse	lower = more sensitive	1	X-129|LLM871	PD	single	GC
X-1298	LLM871	18.08	BestAvgResponse	lower = more sensitive	1	X-1298|LLM871	SD	single	BRCA
X-131	LLM871	34	BestAvgResponse	lower = more sensitive	1	X-131|LLM871	PD	single	GC
X-1323	LLM871	13.2	BestAvgResponse	lower = more sensitive	1	X-1323|LLM871	PD	single	NSCLC
X-1371	LLM871	73.16	BestAvgResponse	lower = more sensitive	1	X-1371|LLM871	PD	single	BRCA
X-138	LLM871	14.7	BestAvgResponse	lower = more sensitive	1	X-138|LLM871	PD	single	GC
X-1383	LLM871	40.3	BestAvgResponse	lower = more sensitive	1	X-1383|LLM871	PD	single	BRCA
X-1407	LLM871	58.625	BestAvgResponse	lower = more sensitive	1	X-1407|LLM871	PD	single	BRCA
X-1442	LLM871	76.88	BestAvgResponse	lower = more sensitive	1	X-1442|LLM871	PD	single	NSCLC
X-1468	LLM871	4.7	BestAvgResponse	lower = more sensitive	1	X-1468|LLM871	SD	single	
X-1499	LLM871	127.2	BestAvgResponse	lower = more sensitive	1	X-1499|LLM871	PD	single	NSCLC
X-158	LLM871	48.225	BestAvgResponse	lower = more sensitive	1	X-158|LLM871	PD	single	GC
X-1586	LLM871	-6.5	BestAvgResponse	lower = more sensitive	1	X-1586|LLM871	SD	single	NSCLC
X-160	LLM871	5.85	BestAvgResponse	lower = more sensitive	1	X-160|LLM871	PD	single	GC
X-1600	LLM871	43.84	BestAvgResponse	lower = more sensitive	1	X-1600|LLM871	PD	single	BRCA
X-161	LLM871	-89.7516	BestAvgResponse	lower = more sensitive	1	X-161|LLM871	CR	single	GC
X-1631	LLM871	-79.988	BestAvgResponse	lower = more sensitive	1	X-1631|LLM871	CR	single	BRCA
X-1658	LLM871	70.7	BestAvgResponse	lower = more sensitive	1	X-1658|LLM871	PD	single	NSCLC
X-166	LLM871	36.82	BestAvgResponse	lower = more sensitive	1	X-166|LLM871	PD	single	GC
X-1683	LLM871	-41.3	BestAvgResponse	lower = more sensitive	1	X-1683|LLM871	PR	single	NSCLC
X-171	LLM871	178.225	BestAvgResponse	lower = more sensitive	1	X-171|LLM871	PD	single	GC
X-1725	LLM871	-23.825	BestAvgResponse	lower = more sensitive	1	X-1725|LLM871	SD	single	NSCLC
X-1787	LLM871	-6.35	BestAvgResponse	lower = more sensitive	1	X-1787|LLM871	SD	single	NSCLC
X-1823	LLM871	86.3667	BestAvgResponse	lower = more sensitive	1	X-1823|LLM871	PD	single	NSCLC
X-1828	LLM871	16.5	BestAvgResponse	lower = more sensitive	1	X-1828|LLM871	SD	single	BRCA
X-1832	LLM871	81.5	BestAvgResponse	lower = more sensitive	1	X-1832|LLM871	PD	single	BRCA
X-1834	LLM871	92.4333	BestAvgResponse	lower = more sensitive	1	X-1834|LLM871	PD	single	NSCLC
X-1835	LLM871	-4.13333	BestAvgResponse	lower = more sensitive	1	X-1835|LLM871	SD	single	NSCLC
X-1869	LLM871	151.86	BestAvgResponse	lower = more sensitive	1	X-1869|LLM871	PD	single	NSCLC
X-1870	LLM871	-8.075	BestAvgResponse	lower = more sensitive	1	X-1870|LLM871	SD	single	NSCLC
X-1916	LLM871	76.94	BestAvgResponse	lower = more sensitive	1	X-1916|LLM871	PD	single	BRCA
X-1921	LLM871	38.12	BestAvgResponse	lower = more sensitive	1	X-1921|LLM871	PD	single	BRCA
X-1934	LLM871	151.2	BestAvgResponse	lower = more sensitive	1	X-1934|LLM871	PD	single	NSCLC
X-1980	LLM871	77.78	BestAvgResponse	lower = more sensitive	1	X-1980|LLM871	PD	single	NSCLC
X-1993	LLM871	80.3	BestAvgResponse	lower = more sensitive	1	X-1993|LLM871	PD	single	NSCLC
X-2017	LLM871	4.15	BestAvgResponse	lower = more sensitive	1	X-2017|LLM871	PD	single	NSCLC
X-2042	LLM871	1.2	BestAvgResponse	lower = more sensitive	1	X-2042|LLM871	PD	single	NSCLC
X-2082	LLM871	104.85	BestAvgResponse	lower = more sensitive	1	X-2082|LLM871	PD	single	NSCLC
X-2088	LLM871	-90.3379	BestAvgResponse	lower = more sensitive	1	X-2088|LLM871	CR	single	NSCLC
X-2094	LLM871	142.96	BestAvgResponse	lower = more sensitive	1	X-2094|LLM871	PD	single	NSCLC
X-2195	LLM871	-9.6125	BestAvgResponse	lower = more sensitive	1	X-2195|LLM871	SD	single	BRCA
X-2344	LLM871	78.12	BestAvgResponse	lower = more sensitive	1	X-2344|LLM871	PD	single	BRCA
X-2353	LLM871	21.3	BestAvgResponse	lower = more sensitive	1	X-2353|LLM871	PD	single	BRCA
X-2487	LLM871	78.08	BestAvgResponse	lower = more sensitive	1	X-2487|LLM871	PD	single	BRCA
X-2524	LLM871	11.12	BestAvgResponse	lower = more sensitive	1	X-2524|LLM871	PD	single	BRCA
X-2640	LLM871	-59.8974	BestAvgResponse	lower = more sensitive	1	X-2640|LLM871	CR	single	BRCA
X-2780	LLM871	-52.0722	BestAvgResponse	lower = more sensitive	1	X-2780|LLM871	CR	single	BRCA
X-3029	LLM871	-33.8043	BestAvgResponse	lower = more sensitive	1	X-3029|LLM871	PR	single	NSCLC
X-3077	LLM871	12.78	BestAvgResponse	lower = more sensitive	1	X-3077|LLM871	SD	single	BRCA
X-3078	LLM871	29.48	BestAvgResponse	lower = more sensitive	1	X-3078|LLM871	PD	single	BRCA
X-3201	LLM871	30.64	BestAvgResponse	lower = more sensitive	1	X-3201|LLM871	PD	single	BRCA
X-3237	LLM871	5.36	BestAvgResponse	lower = more sensitive	1	X-3237|LLM871	PD	single	NSCLC
X-3298	LLM871	-6.675	BestAvgResponse	lower = more sensitive	1	X-3298|LLM871	SD	single	BRCA
X-3450	LLM871	16.16	BestAvgResponse	lower = more sensitive	1	X-3450|LLM871	PD	single	BRCA
X-3468	LLM871	7.66	BestAvgResponse	lower = more sensitive	1	X-3468|LLM871	SD	single	BRCA
X-3697	LLM871	-14.75	BestAvgResponse	lower = more sensitive	1	X-3697|LLM871	SD	single	BRCA
X-3843	LLM871	-2.46	BestAvgResponse	lower = more sensitive	1	X-3843|LLM871	SD	single	NSCLC
X-3873	LLM871	3.9	BestAvgResponse	lower = more sensitive	1	X-3873|LLM871	SD	single	BRCA
X-4347	LLM871	25.38	BestAvgResponse	lower = more sensitive	1	X-4347|LLM871	PD	single	BRCA
X-4567	LLM871	-80.9	BestAvgResponse	lower = more sensitive	1	X-4567|LLM871	CR	single	BRCA
X-4819	LLM871	182	BestAvgResponse	lower = more sensitive	1	X-4819|LLM871	PD	single	NSCLC
X-4824	LLM871	27.9	BestAvgResponse	lower = more sensitive	1	X-4824|LLM871	PD	single	BRCA
X-4888	LLM871	21.4	BestAvgResponse	lower = more sensitive	1	X-4888|LLM871	SD	single	BRCA
X-4949	LLM871	19.46	BestAvgResponse	lower = more sensitive	1	X-4949|LLM871	PD	single	BRCA
X-5249	LLM871	42.84	BestAvgResponse	lower = more sensitive	1	X-5249|LLM871	PD	single	BRCA
X-5355	LLM871	27.3429	BestAvgResponse	lower = more sensitive	1	X-5355|LLM871	SD	single	BRCA
X-5502	LLM871	17.2	BestAvgResponse	lower = more sensitive	1	X-5502|LLM871	PD	single	BRCA
X-5975	LLM871	-40.745	BestAvgResponse	lower = more sensitive	1	X-5975|LLM871	PR	single	BRCA
X-6047	LLM871	3.84	BestAvgResponse	lower = more sensitive	1	X-6047|LLM871	PD	single	BRCA
X-0991	NAB-PACLITAXEL	202.24	BestAvgResponse	lower = more sensitive	1	X-0991|abraxane	PD	single	PDAC
X-1199	NAB-PACLITAXEL	58.9	BestAvgResponse	lower = more sensitive	1	X-1199|abraxane	PD	single	PDAC
X-1289	NAB-PACLITAXEL	91.46	BestAvgResponse	lower = more sensitive	1	X-1289|abraxane	PD	single	PDAC
X-1362	NAB-PACLITAXEL	28.85	BestAvgResponse	lower = more sensitive	1	X-1362|abraxane	PD	single	PDAC
X-1948	NAB-PACLITAXEL	-7.575	BestAvgResponse	lower = more sensitive	1	X-1948|abraxane	SD	single	PDAC
X-2043	NAB-PACLITAXEL	105.275	BestAvgResponse	lower = more sensitive	1	X-2043|abraxane	PD	single	PDAC
X-2283	NAB-PACLITAXEL	115.72	BestAvgResponse	lower = more sensitive	1	X-2283|abraxane	PD	single	PDAC
X-2339	NAB-PACLITAXEL	48.6	BestAvgResponse	lower = more sensitive	1	X-2339|abraxane	PD	single	PDAC
X-2428	NAB-PACLITAXEL	52.625	BestAvgResponse	lower = more sensitive	1	X-2428|abraxane	PD	single	PDAC
X-2470	NAB-PACLITAXEL	-0.55	BestAvgResponse	lower = more sensitive	1	X-2470|abraxane	PD	single	PDAC
X-2564	NAB-PACLITAXEL	68.95	BestAvgResponse	lower = more sensitive	1	X-2564|abraxane	PD	single	PDAC
X-2633	NAB-PACLITAXEL	61.625	BestAvgResponse	lower = more sensitive	1	X-2633|abraxane	PD	single	PDAC
X-2684	NAB-PACLITAXEL	30.36	BestAvgResponse	lower = more sensitive	1	X-2684|abraxane	PD	single	PDAC
X-2997	NAB-PACLITAXEL	77.1	BestAvgResponse	lower = more sensitive	1	X-2997|abraxane	PD	single	PDAC
X-3028	NAB-PACLITAXEL	23.92	BestAvgResponse	lower = more sensitive	1	X-3028|abraxane	PD	single	PDAC
X-3038	NAB-PACLITAXEL	47.74	BestAvgResponse	lower = more sensitive	1	X-3038|abraxane	PD	single	PDAC
X-3052	NAB-PACLITAXEL	26.825	BestAvgResponse	lower = more sensitive	1	X-3052|abraxane	PD	single	PDAC
X-3209	NAB-PACLITAXEL	21.24	BestAvgResponse	lower = more sensitive	1	X-3209|abraxane	PD	single	PDAC
X-3268	NAB-PACLITAXEL	39.1	BestAvgResponse	lower = more sensitive	1	X-3268|abraxane	PD	single	PDAC
X-3782	NAB-PACLITAXEL	14.425	BestAvgResponse	lower = more sensitive	1	X-3782|abraxane	SD	single	
X-3800	NAB-PACLITAXEL	57.2	BestAvgResponse	lower = more sensitive	1	X-3800|abraxane	PD	single	PDAC
X-3816	NAB-PACLITAXEL	7.325	BestAvgResponse	lower = more sensitive	1	X-3816|abraxane	PD	single	PDAC
X-3846	NAB-PACLITAXEL	21.5	BestAvgResponse	lower = more sensitive	1	X-3846|abraxane	PD	single	PDAC
X-3898	NAB-PACLITAXEL	20.6	BestAvgResponse	lower = more sensitive	1	X-3898|abraxane	PD	single	PDAC
X-3947	NAB-PACLITAXEL	-27.54	BestAvgResponse	lower = more sensitive	1	X-3947|abraxane	PR	single	PDAC
X-3990	NAB-PACLITAXEL	57.4	BestAvgResponse	lower = more sensitive	1	X-3990|abraxane	PD	single	PDAC
X-4015	NAB-PACLITAXEL	96.3	BestAvgResponse	lower = more sensitive	1	X-4015|abraxane	PD	single	PDAC
X-4018	NAB-PACLITAXEL	10.05	BestAvgResponse	lower = more sensitive	1	X-4018|abraxane	PD	single	PDAC
X-4145	NAB-PACLITAXEL	73.72	BestAvgResponse	lower = more sensitive	1	X-4145|abraxane	PD	single	CRC
X-4215	NAB-PACLITAXEL	19.275	BestAvgResponse	lower = more sensitive	1	X-4215|abraxane	PD	single	PDAC
X-4226	NAB-PACLITAXEL	75.24	BestAvgResponse	lower = more sensitive	1	X-4226|abraxane	PD	single	PDAC
X-4316	NAB-PACLITAXEL	35.05	BestAvgResponse	lower = more sensitive	1	X-4316|abraxane	PD	single	PDAC
X-4377	NAB-PACLITAXEL	114.5	BestAvgResponse	lower = more sensitive	1	X-4377|abraxane	PD	single	PDAC
X-4378	NAB-PACLITAXEL	44.16	BestAvgResponse	lower = more sensitive	1	X-4378|abraxane	PD	single	PDAC
X-4439	NAB-PACLITAXEL	-7.975	BestAvgResponse	lower = more sensitive	1	X-4439|abraxane	PD	single	PDAC
X-4649	NAB-PACLITAXEL	33.1	BestAvgResponse	lower = more sensitive	1	X-4649|abraxane	PD	single	PDAC
X-4676	NAB-PACLITAXEL	106.3	BestAvgResponse	lower = more sensitive	1	X-4676|abraxane	PD	single	PDAC
X-4927	NAB-PACLITAXEL	91.425	BestAvgResponse	lower = more sensitive	1	X-4927|abraxane	PD	single	PDAC
X-0991	NAB-PACLITAXEL + GEMCITABINE	17.2	BestAvgResponse	lower = more sensitive	1	X-0991|abraxane + gemcitabine	SD	combo	PDAC
X-1199	NAB-PACLITAXEL + GEMCITABINE	39.4	BestAvgResponse	lower = more sensitive	1	X-1199|abraxane + gemcitabine	PD	combo	PDAC
X-1289	NAB-PACLITAXEL + GEMCITABINE	6.5	BestAvgResponse	lower = more sensitive	1	X-1289|abraxane + gemcitabine	PD	combo	PDAC
X-1948	NAB-PACLITAXEL + GEMCITABINE	16.04	BestAvgResponse	lower = more sensitive	1	X-1948|abraxane + gemcitabine	SD	combo	PDAC
X-1959	NAB-PACLITAXEL + GEMCITABINE	-23.5273	BestAvgResponse	lower = more sensitive	1	X-1959|abraxane + gemcitabine	PR	combo	PDAC
X-2026	NAB-PACLITAXEL + GEMCITABINE	-64.3393	BestAvgResponse	lower = more sensitive	1	X-2026|abraxane + gemcitabine	PR	combo	PDAC
X-2043	NAB-PACLITAXEL + GEMCITABINE	-9.00938	BestAvgResponse	lower = more sensitive	1	X-2043|abraxane + gemcitabine	SD	combo	PDAC
X-2283	NAB-PACLITAXEL + GEMCITABINE	47.86	BestAvgResponse	lower = more sensitive	1	X-2283|abraxane + gemcitabine	PD	combo	PDAC
X-2339	NAB-PACLITAXEL + GEMCITABINE	17.88	BestAvgResponse	lower = more sensitive	1	X-2339|abraxane + gemcitabine	PD	combo	PDAC
X-2428	NAB-PACLITAXEL + GEMCITABINE	-3.15217	BestAvgResponse	lower = more sensitive	1	X-2428|abraxane + gemcitabine	SD	combo	PDAC
X-2470	NAB-PACLITAXEL + GEMCITABINE	31.92	BestAvgResponse	lower = more sensitive	1	X-2470|abraxane + gemcitabine	PD	combo	PDAC
X-2564	NAB-PACLITAXEL + GEMCITABINE	30.225	BestAvgResponse	lower = more sensitive	1	X-2564|abraxane + gemcitabine	PD	combo	PDAC
X-2633	NAB-PACLITAXEL + GEMCITABINE	-78.9806	BestAvgResponse	lower = more sensitive	1	X-2633|abraxane + gemcitabine	CR	combo	PDAC
X-2684	NAB-PACLITAXEL + GEMCITABINE	-59.3036	BestAvgResponse	lower = more sensitive	1	X-2684|abraxane + gemcitabine	CR	combo	PDAC
X-2997	NAB-PACLITAXEL + GEMCITABINE	-42.9474	BestAvgResponse	lower = more sensitive	1	X-2997|abraxane + gemcitabine	PR	combo	PDAC
X-3028	NAB-PACLITAXEL + GEMCITABINE	-44.2667	BestAvgResponse	lower = more sensitive	1	X-3028|abraxane + gemcitabine	PR	combo	PDAC
X-3038	NAB-PACLITAXEL + GEMCITABINE	-4.26333	BestAvgResponse	lower = more sensitive	1	X-3038|abraxane + gemcitabine	SD	combo	PDAC
X-3052	NAB-PACLITAXEL + GEMCITABINE	-40.6586	BestAvgResponse	lower = more sensitive	1	X-3052|abraxane + gemcitabine	PR	combo	PDAC
X-3209	NAB-PACLITAXEL + GEMCITABINE	17.62	BestAvgResponse	lower = more sensitive	1	X-3209|abraxane + gemcitabine	PD	combo	PDAC
X-3268	NAB-PACLITAXEL + GEMCITABINE	18.35	BestAvgResponse	lower = more sensitive	1	X-3268|abraxane + gemcitabine	SD	combo	PDAC
X-3782	NAB-PACLITAXEL + GEMCITABINE	35.16	BestAvgResponse	lower = more sensitive	1	X-3782|abraxane + gemcitabine	PD	combo	
X-3800	NAB-PACLITAXEL + GEMCITABINE	-38.0036	BestAvgResponse	lower = more sensitive	1	X-3800|abraxane + gemcitabine	PR	combo	PDAC
X-3816	NAB-PACLITAXEL + GEMCITABINE	24.205	BestAvgResponse	lower = more sensitive	1	X-3816|abraxane + gemcitabine	SD	combo	PDAC
X-3846	NAB-PACLITAXEL + GEMCITABINE	-19.8545	BestAvgResponse	lower = more sensitive	1	X-3846|abraxane + gemcitabine	SD	combo	PDAC
X-3898	NAB-PACLITAXEL + GEMCITABINE	26.1	BestAvgResponse	lower = more sensitive	1	X-3898|abraxane + gemcitabine	PD	combo	PDAC
X-3947	NAB-PACLITAXEL + GEMCITABINE	-1.43571	BestAvgResponse	lower = more sensitive	1	X-3947|abraxane + gemcitabine	SD	combo	PDAC
X-3990	NAB-PACLITAXEL + GEMCITABINE	17.9	BestAvgResponse	lower = more sensitive	1	X-3990|abraxane + gemcitabine	PD	combo	PDAC
X-4015	NAB-PACLITAXEL + GEMCITABINE	-42.7414	BestAvgResponse	lower = more sensitive	1	X-4015|abraxane + gemcitabine	PR	combo	PDAC
X-4018	NAB-PACLITAXEL + GEMCITABINE	-1.62667	BestAvgResponse	lower = more sensitive	1	X-4018|abraxane + gemcitabine	SD	combo	PDAC
X-4145	NAB-PACLITAXEL + GEMCITABINE	-40.9786	BestAvgResponse	lower = more sensitive	1	X-4145|abraxane + gemcitabine	PR	combo	CRC
X-4215	NAB-PACLITAXEL + GEMCITABINE	-32.513	BestAvgResponse	lower = more sensitive	1	X-4215|abraxane + gemcitabine	PR	combo	PDAC
X-4226	NAB-PACLITAXEL + GEMCITABINE	17.72	BestAvgResponse	lower = more sensitive	1	X-4226|abraxane + gemcitabine	PD	combo	PDAC
X-4316	NAB-PACLITAXEL + GEMCITABINE	-63.2077	BestAvgResponse	lower = more sensitive	1	X-4316|abraxane + gemcitabine	CR	combo	PDAC
X-4377	NAB-PACLITAXEL + GEMCITABINE	12.76	BestAvgResponse	lower = more sensitive	1	X-4377|abraxane + gemcitabine	PD	combo	PDAC
X-4378	NAB-PACLITAXEL + GEMCITABINE	13.28	BestAvgResponse	lower = more sensitive	1	X-4378|abraxane + gemcitabine	SD	combo	PDAC
X-4439	NAB-PACLITAXEL + GEMCITABINE	-27.4571	BestAvgResponse	lower = more sensitive	1	X-4439|abraxane + gemcitabine	PR	combo	PDAC
X-4649	NAB-PACLITAXEL + GEMCITABINE	-2.21333	BestAvgResponse	lower = more sensitive	1	X-4649|abraxane + gemcitabine	SD	combo	PDAC
X-4676	NAB-PACLITAXEL + GEMCITABINE	-17.4643	BestAvgResponse	lower = more sensitive	1	X-4676|abraxane + gemcitabine	SD	combo	PDAC
X-4927	NAB-PACLITAXEL + GEMCITABINE	-30.4286	BestAvgResponse	lower = more sensitive	1	X-4927|abraxane + gemcitabine	PR	combo	PDAC
X-5205	NAB-PACLITAXEL + GEMCITABINE	-65.1941	BestAvgResponse	lower = more sensitive	1	X-5205|abraxane + gemcitabine	PR	combo	PDAC
X-1004	PACLITAXEL	-17.5	BestAvgResponse	lower = more sensitive	1	X-1004|paclitaxel	SD	single	BRCA
X-1008	PACLITAXEL	-44.7625	BestAvgResponse	lower = more sensitive	1	X-1008|paclitaxel	PR	single	BRCA
X-1156	PACLITAXEL	83.9	BestAvgResponse	lower = more sensitive	1	X-1156|paclitaxel	PD	single	NSCLC
X-1172	PACLITAXEL	-14.525	BestAvgResponse	lower = more sensitive	1	X-1172|paclitaxel	PD	single	NSCLC
X-1189	PACLITAXEL	-80.7261	BestAvgResponse	lower = more sensitive	1	X-1189|paclitaxel	CR	single	NSCLC
X-1228	PACLITAXEL	-28.28	BestAvgResponse	lower = more sensitive	1	X-1228|paclitaxel	SD	single	NSCLC
X-1286	PACLITAXEL	41.18	BestAvgResponse	lower = more sensitive	1	X-1286|paclitaxel	PD	single	BRCA
X-1298	PACLITAXEL	17.275	BestAvgResponse	lower = more sensitive	1	X-1298|paclitaxel	PD	single	BRCA
X-1323	PACLITAXEL	75.68	BestAvgResponse	lower = more sensitive	1	X-1323|paclitaxel	PD	single	NSCLC
X-1371	PACLITAXEL	11.44	BestAvgResponse	lower = more sensitive	1	X-1371|paclitaxel	PD	single	BRCA
X-1383	PACLITAXEL	18.14	BestAvgResponse	lower = more sensitive	1	X-1383|paclitaxel	SD	single	BRCA
X-1407	PACLITAXEL	68.275	BestAvgResponse	lower = more sensitive	1	X-1407|paclitaxel	PD	single	BRCA
X-1442	PACLITAXEL	136.075	BestAvgResponse	lower = more sensitive	1	X-1442|paclitaxel	PD	single	NSCLC
X-1468	PACLITAXEL	17.88	BestAvgResponse	lower = more sensitive	1	X-1468|paclitaxel	PD	single	
X-1499	PACLITAXEL	120.5	BestAvgResponse	lower = more sensitive	1	X-1499|paclitaxel	PD	single	NSCLC
X-1586	PACLITAXEL	22.175	BestAvgResponse	lower = more sensitive	1	X-1586|paclitaxel	PD	single	NSCLC
X-1600	PACLITAXEL	53.2	BestAvgResponse	lower = more sensitive	1	X-1600|paclitaxel	PD	single	BRCA
X-1631	PACLITAXEL	-32.1545	BestAvgResponse	lower = more sensitive	1	X-1631|paclitaxel	PR	single	BRCA
X-1658	PACLITAXEL	0.0857143	BestAvgResponse	lower = more sensitive	1	X-1658|paclitaxel	SD	single	NSCLC
X-1683	PACLITAXEL	-41.7	BestAvgResponse	lower = more sensitive	1	X-1683|paclitaxel	PR	single	NSCLC
X-1725	PACLITAXEL	-0.025	BestAvgResponse	lower = more sensitive	1	X-1725|paclitaxel	SD	single	NSCLC
X-1787	PACLITAXEL	51.24	BestAvgResponse	lower = more sensitive	1	X-1787|paclitaxel	PD	single	NSCLC
X-1823	PACLITAXEL	58.8	BestAvgResponse	lower = more sensitive	1	X-1823|paclitaxel	PD	single	NSCLC
X-1828	PACLITAXEL	1.55	BestAvgResponse	lower = more sensitive	1	X-1828|paclitaxel	SD	single	BRCA
X-1832	PACLITAXEL	-0.55	BestAvgResponse	lower = more sensitive	1	X-1832|paclitaxel	SD	single	BRCA
X-1834	PACLITAXEL	18.5333	BestAvgResponse	lower = more sensitive	1	X-1834|paclitaxel	PD	single	NSCLC
X-1835	PACLITAXEL	37	BestAvgResponse	lower = more sensitive	1	X-1835|paclitaxel	PD	single	NSCLC
X-1869	PACLITAXEL	166.35	BestAvgResponse	lower = more sensitive	1	X-1869|paclitaxel	PD	single	NSCLC
X-1870	PACLITAXEL	-4.1	BestAvgResponse	lower = more sensitive	1	X-1870|paclitaxel	SD	single	NSCLC
X-1916	PACLITAXEL	40.25	BestAvgResponse	lower = more sensitive	1	X-1916|paclitaxel	PD	single	BRCA
X-1921	PACLITAXEL	31.2	BestAvgResponse	lower = more sensitive	1	X-1921|paclitaxel	PD	single	BRCA
X-1934	PACLITAXEL	89.4	BestAvgResponse	lower = more sensitive	1	X-1934|paclitaxel	PD	single	NSCLC
X-1980	PACLITAXEL	47.12	BestAvgResponse	lower = more sensitive	1	X-1980|paclitaxel	PD	single	NSCLC
X-1993	PACLITAXEL	96.375	BestAvgResponse	lower = more sensitive	1	X-1993|paclitaxel	PD	single	NSCLC
X-2017	PACLITAXEL	17.2	BestAvgResponse	lower = more sensitive	1	X-2017|paclitaxel	PD	single	NSCLC
X-2042	PACLITAXEL	34.175	BestAvgResponse	lower = more sensitive	1	X-2042|paclitaxel	PD	single	NSCLC
X-2082	PACLITAXEL	71.55	BestAvgResponse	lower = more sensitive	1	X-2082|paclitaxel	PD	single	NSCLC
X-2094	PACLITAXEL	-6.98	BestAvgResponse	lower = more sensitive	1	X-2094|paclitaxel	SD	single	NSCLC
X-2195	PACLITAXEL	58.88	BestAvgResponse	lower = more sensitive	1	X-2195|paclitaxel	PD	single	BRCA
X-2344	PACLITAXEL	69.5	BestAvgResponse	lower = more sensitive	1	X-2344|paclitaxel	PD	single	BRCA
X-2353	PACLITAXEL	13.575	BestAvgResponse	lower = more sensitive	1	X-2353|paclitaxel	SD	single	BRCA
X-2487	PACLITAXEL	28.78	BestAvgResponse	lower = more sensitive	1	X-2487|paclitaxel	PD	single	BRCA
X-2524	PACLITAXEL	27.6	BestAvgResponse	lower = more sensitive	1	X-2524|paclitaxel	PD	single	BRCA
X-2640	PACLITAXEL	-2.45	BestAvgResponse	lower = more sensitive	1	X-2640|paclitaxel	SD	single	BRCA
X-2780	PACLITAXEL	18.66	BestAvgResponse	lower = more sensitive	1	X-2780|paclitaxel	PD	single	BRCA
X-3029	PACLITAXEL	-32.1909	BestAvgResponse	lower = more sensitive	1	X-3029|paclitaxel	PR	single	NSCLC
X-3077	PACLITAXEL	6.46	BestAvgResponse	lower = more sensitive	1	X-3077|paclitaxel	SD	single	BRCA
X-3078	PACLITAXEL	-54.3769	BestAvgResponse	lower = more sensitive	1	X-3078|paclitaxel	PR	single	BRCA
X-3201	PACLITAXEL	-14.2133	BestAvgResponse	lower = more sensitive	1	X-3201|paclitaxel	SD	single	BRCA
X-3237	PACLITAXEL	27.875	BestAvgResponse	lower = more sensitive	1	X-3237|paclitaxel	PD	single	NSCLC
X-3298	PACLITAXEL	-78.4731	BestAvgResponse	lower = more sensitive	1	X-3298|paclitaxel	CR	single	BRCA
X-3450	PACLITAXEL	30.32	BestAvgResponse	lower = more sensitive	1	X-3450|paclitaxel	PD	single	BRCA
X-3468	PACLITAXEL	-10.4379	BestAvgResponse	lower = more sensitive	1	X-3468|paclitaxel	SD	single	BRCA
X-3697	PACLITAXEL	4.61429	BestAvgResponse	lower = more sensitive	1	X-3697|paclitaxel	SD	single	BRCA
X-3843	PACLITAXEL	7.4	BestAvgResponse	lower = more sensitive	1	X-3843|paclitaxel	PD	single	NSCLC
X-3873	PACLITAXEL	-33.9353	BestAvgResponse	lower = more sensitive	1	X-3873|paclitaxel	PR	single	BRCA
X-4347	PACLITAXEL	31.5	BestAvgResponse	lower = more sensitive	1	X-4347|paclitaxel	PD	single	BRCA
X-4567	PACLITAXEL	-75.7074	BestAvgResponse	lower = more sensitive	1	X-4567|paclitaxel	CR	single	BRCA
X-4819	PACLITAXEL	379.78	BestAvgResponse	lower = more sensitive	1	X-4819|paclitaxel	PD	single	NSCLC
X-4824	PACLITAXEL	35.875	BestAvgResponse	lower = more sensitive	1	X-4824|paclitaxel	PD	single	BRCA
X-4888	PACLITAXEL	-17.7	BestAvgResponse	lower = more sensitive	1	X-4888|paclitaxel	SD	single	BRCA
X-4949	PACLITAXEL	44.275	BestAvgResponse	lower = more sensitive	1	X-4949|paclitaxel	PD	single	BRCA
X-5249	PACLITAXEL	2.725	BestAvgResponse	lower = more sensitive	1	X-5249|paclitaxel	SD	single	BRCA
X-5355	PACLITAXEL	-45.6684	BestAvgResponse	lower = more sensitive	1	X-5355|paclitaxel	PR	single	BRCA
X-5502	PACLITAXEL	5.34615	BestAvgResponse	lower = more sensitive	1	X-5502|paclitaxel	SD	single	BRCA
X-5975	PACLITAXEL	-50.9458	BestAvgResponse	lower = more sensitive	1	X-5975|paclitaxel	CR	single	BRCA
X-6047	PACLITAXEL	5.95	BestAvgResponse	lower = more sensitive	1	X-6047|paclitaxel	PD	single	BRCA
X-1156	PIM447	128.58	BestAvgResponse	lower = more sensitive	1	X-1156|LGH447	PD	single	NSCLC
X-1172	PIM447	34.82	BestAvgResponse	lower = more sensitive	1	X-1172|LGH447	PD	single	NSCLC
X-1189	PIM447	30.325	BestAvgResponse	lower = more sensitive	1	X-1189|LGH447	PD	single	NSCLC
X-1228	PIM447	-25.12	BestAvgResponse	lower = more sensitive	1	X-1228|LGH447	SD	single	NSCLC
X-1323	PIM447	53.3	BestAvgResponse	lower = more sensitive	1	X-1323|LGH447	PD	single	NSCLC
X-1442	PIM447	44.775	BestAvgResponse	lower = more sensitive	1	X-1442|LGH447	PD	single	NSCLC
X-1499	PIM447	122.65	BestAvgResponse	lower = more sensitive	1	X-1499|LGH447	PD	single	NSCLC
X-1586	PIM447	-5.95	BestAvgResponse	lower = more sensitive	1	X-1586|LGH447	PD	single	NSCLC
X-1658	PIM447	87.86	BestAvgResponse	lower = more sensitive	1	X-1658|LGH447	PD	single	NSCLC
X-1683	PIM447	-51.05	BestAvgResponse	lower = more sensitive	1	X-1683|LGH447	PR	single	NSCLC
X-1725	PIM447	-2.325	BestAvgResponse	lower = more sensitive	1	X-1725|LGH447	SD	single	NSCLC
X-1787	PIM447	82.52	BestAvgResponse	lower = more sensitive	1	X-1787|LGH447	PD	single	NSCLC
X-1823	PIM447	95.75	BestAvgResponse	lower = more sensitive	1	X-1823|LGH447	PD	single	NSCLC
X-1834	PIM447	105.9	BestAvgResponse	lower = more sensitive	1	X-1834|LGH447	PD	single	NSCLC
X-1835	PIM447	5.7	BestAvgResponse	lower = more sensitive	1	X-1835|LGH447	SD	single	NSCLC
X-1869	PIM447	-7.92	BestAvgResponse	lower = more sensitive	1	X-1869|LGH447	PD	single	NSCLC
X-1870	PIM447	22.3	BestAvgResponse	lower = more sensitive	1	X-1870|LGH447	SD	single	NSCLC
X-1934	PIM447	115.52	BestAvgResponse	lower = more sensitive	1	X-1934|LGH447	PD	single	NSCLC
X-1980	PIM447	-11.775	BestAvgResponse	lower = more sensitive	1	X-1980|LGH447	SD	single	NSCLC
X-1993	PIM447	88.56	BestAvgResponse	lower = more sensitive	1	X-1993|LGH447	PD	single	NSCLC
X-2017	PIM447	43.86	BestAvgResponse	lower = more sensitive	1	X-2017|LGH447	PD	single	NSCLC
X-2042	PIM447	15.5	BestAvgResponse	lower = more sensitive	1	X-2042|LGH447	SD	single	NSCLC
X-2082	PIM447	10.15	BestAvgResponse	lower = more sensitive	1	X-2082|LGH447	PD	single	NSCLC
X-2088	PIM447	-55.7226	BestAvgResponse	lower = more sensitive	1	X-2088|LGH447	CR	single	NSCLC
X-2094	PIM447	91.4	BestAvgResponse	lower = more sensitive	1	X-2094|LGH447	PD	single	NSCLC
X-3029	PIM447	-55.2882	BestAvgResponse	lower = more sensitive	1	X-3029|LGH447	PR	single	NSCLC
X-3237	PIM447	25.8	BestAvgResponse	lower = more sensitive	1	X-3237|LGH447	PD	single	NSCLC
X-3843	PIM447	71.125	BestAvgResponse	lower = more sensitive	1	X-3843|LGH447	PD	single	NSCLC
X-4819	PIM447	196.92	BestAvgResponse	lower = more sensitive	1	X-4819|LGH447	PD	single	NSCLC
X-007	RIBOCICLIB	230.525	BestAvgResponse	lower = more sensitive	1	X-007|LEE011	PD	single	GC
X-010	RIBOCICLIB	4.1	BestAvgResponse	lower = more sensitive	1	X-010|LEE011	SD	single	GC
X-011	RIBOCICLIB	24.78	BestAvgResponse	lower = more sensitive	1	X-011|LEE011	PD	single	GC
X-015	RIBOCICLIB	39.72	BestAvgResponse	lower = more sensitive	1	X-015|LEE011	PD	single	GC
X-017	RIBOCICLIB	17.1	BestAvgResponse	lower = more sensitive	1	X-017|LEE011	PD	single	GC
X-020	RIBOCICLIB	37.425	BestAvgResponse	lower = more sensitive	1	X-020|LEE011	PD	single	GC
X-023	RIBOCICLIB	18.1462	BestAvgResponse	lower = more sensitive	1	X-023|LEE011	SD	single	GC
X-024	RIBOCICLIB	13.825	BestAvgResponse	lower = more sensitive	1	X-024|LEE011	PD	single	GC
X-025	RIBOCICLIB	-2	BestAvgResponse	lower = more sensitive	1	X-025|LEE011	SD	single	GC
X-027	RIBOCICLIB	-5.15556	BestAvgResponse	lower = more sensitive	1	X-027|LEE011	SD	single	GC
X-028	RIBOCICLIB	19.38	BestAvgResponse	lower = more sensitive	1	X-028|LEE011	PD	single	GC
X-029	RIBOCICLIB	52.58	BestAvgResponse	lower = more sensitive	1	X-029|LEE011	PD	single	GC
X-031	RIBOCICLIB	17.25	BestAvgResponse	lower = more sensitive	1	X-031|LEE011	SD	single	GC
X-034	RIBOCICLIB	-0.925	BestAvgResponse	lower = more sensitive	1	X-034|LEE011	SD	single	GC
X-035	RIBOCICLIB	-72.5667	BestAvgResponse	lower = more sensitive	1	X-035|LEE011	CR	single	GC
X-037	RIBOCICLIB	7.2	BestAvgResponse	lower = more sensitive	1	X-037|LEE011	SD	single	GC
X-038	RIBOCICLIB	97.85	BestAvgResponse	lower = more sensitive	1	X-038|LEE011	PD	single	GC
X-039	RIBOCICLIB	49.775	BestAvgResponse	lower = more sensitive	1	X-039|LEE011	PD	single	GC
X-050	RIBOCICLIB	-10.7333	BestAvgResponse	lower = more sensitive	1	X-050|LEE011	SD	single	GC
X-056	RIBOCICLIB	-75.9171	BestAvgResponse	lower = more sensitive	1	X-056|LEE011	CR	single	GC
X-057	RIBOCICLIB	65.4	BestAvgResponse	lower = more sensitive	1	X-057|LEE011	PD	single	GC
X-064	RIBOCICLIB	-25.2083	BestAvgResponse	lower = more sensitive	1	X-064|LEE011	SD	single	GC
X-065	RIBOCICLIB	65.66	BestAvgResponse	lower = more sensitive	1	X-065|LEE011	PD	single	GC
X-067	RIBOCICLIB	22.9	BestAvgResponse	lower = more sensitive	1	X-067|LEE011	PD	single	GC
X-074	RIBOCICLIB	101.75	BestAvgResponse	lower = more sensitive	1	X-074|LEE011	PD	single	GC
X-075	RIBOCICLIB	7.325	BestAvgResponse	lower = more sensitive	1	X-075|LEE011	PD	single	GC
X-077	RIBOCICLIB	60.225	BestAvgResponse	lower = more sensitive	1	X-077|LEE011	PD	single	GC
X-078	RIBOCICLIB	47.2	BestAvgResponse	lower = more sensitive	1	X-078|LEE011	PD	single	GC
X-084	RIBOCICLIB	58.54	BestAvgResponse	lower = more sensitive	1	X-084|LEE011	PD	single	GC
X-089	RIBOCICLIB	-44.2556	BestAvgResponse	lower = more sensitive	1	X-089|LEE011	PR	single	GC
X-090	RIBOCICLIB	31.02	BestAvgResponse	lower = more sensitive	1	X-090|LEE011	PD	single	GC
X-091	RIBOCICLIB	3.225	BestAvgResponse	lower = more sensitive	1	X-091|LEE011	PD	single	GC
X-0933	RIBOCICLIB	7.675	BestAvgResponse	lower = more sensitive	1	X-0933|LEE011	SD	single	CRC
X-096	RIBOCICLIB	-13.6167	BestAvgResponse	lower = more sensitive	1	X-096|LEE011	SD	single	GC
X-097	RIBOCICLIB	21.08	BestAvgResponse	lower = more sensitive	1	X-097|LEE011	PD	single	GC
X-098	RIBOCICLIB	28.8	BestAvgResponse	lower = more sensitive	1	X-098|LEE011	PD	single	GC
X-099	RIBOCICLIB	-29.0143	BestAvgResponse	lower = more sensitive	1	X-099|LEE011	SD	single	GC
X-0991	RIBOCICLIB	29.763	BestAvgResponse	lower = more sensitive	1	X-0991|LEE011	SD	single	PDAC
X-1004	RIBOCICLIB	-12.08	BestAvgResponse	lower = more sensitive	1	X-1004|LEE011	SD	single	BRCA
X-1008	RIBOCICLIB	-6.075	BestAvgResponse	lower = more sensitive	1	X-1008|LEE011	SD	single	BRCA
X-101	RIBOCICLIB	105	BestAvgResponse	lower = more sensitive	1	X-101|LEE011	PD	single	GC
X-102	RIBOCICLIB	26.7	BestAvgResponse	lower = more sensitive	1	X-102|LEE011	PD	single	GC
X-1027	RIBOCICLIB	19.55	BestAvgResponse	lower = more sensitive	1	X-1027|LEE011	PD	single	CRC
X-105	RIBOCICLIB	21.3	BestAvgResponse	lower = more sensitive	1	X-105|LEE011	PD	single	GC
X-1055	RIBOCICLIB	1.68333	BestAvgResponse	lower = more sensitive	1	X-1055|LEE011	SD	single	CRC
X-1119	RIBOCICLIB	26.9	BestAvgResponse	lower = more sensitive	1	X-1119|LEE011	PD	single	CRC
X-114	RIBOCICLIB	13.14	BestAvgResponse	lower = more sensitive	1	X-114|LEE011	SD	single	GC
X-1156	RIBOCICLIB	76.76	BestAvgResponse	lower = more sensitive	1	X-1156|LEE011	PD	single	NSCLC
X-1167	RIBOCICLIB	30	BestAvgResponse	lower = more sensitive	1	X-1167|LEE011	PD	single	CRC
X-1172	RIBOCICLIB	-21.98	BestAvgResponse	lower = more sensitive	1	X-1172|LEE011	SD	single	NSCLC
X-1173	RIBOCICLIB	67.275	BestAvgResponse	lower = more sensitive	1	X-1173|LEE011	PD	single	CRC
X-118	RIBOCICLIB	116.567	BestAvgResponse	lower = more sensitive	1	X-118|LEE011	PD	single	GC
X-1189	RIBOCICLIB	-13.1471	BestAvgResponse	lower = more sensitive	1	X-1189|LEE011	SD	single	NSCLC
X-119	RIBOCICLIB	82	BestAvgResponse	lower = more sensitive	1	X-119|LEE011	PD	single	GC
X-1199	RIBOCICLIB	1.03478	BestAvgResponse	lower = more sensitive	1	X-1199|LEE011	SD	single	PDAC
X-1228	RIBOCICLIB	-7.85	BestAvgResponse	lower = more sensitive	1	X-1228|LEE011	SD	single	NSCLC
X-127	RIBOCICLIB	-2.48333	BestAvgResponse	lower = more sensitive	1	X-127|LEE011	SD	single	GC
X-1270	RIBOCICLIB	11.75	BestAvgResponse	lower = more sensitive	1	X-1270|LEE011	PD	single	CRC
X-128	RIBOCICLIB	33.76	BestAvgResponse	lower = more sensitive	1	X-128|LEE011	PD	single	GC
X-1286	RIBOCICLIB	14.025	BestAvgResponse	lower = more sensitive	1	X-1286|LEE011	PD	single	BRCA
X-1289	RIBOCICLIB	94.66	BestAvgResponse	lower = more sensitive	1	X-1289|LEE011	PD	single	PDAC
X-129	RIBOCICLIB	14.7364	BestAvgResponse	lower = more sensitive	1	X-129|LEE011	SD	single	GC
X-1290	RIBOCICLIB	29.975	BestAvgResponse	lower = more sensitive	1	X-1290|LEE011	PD	single	CRC
X-1298	RIBOCICLIB	14.95	BestAvgResponse	lower = more sensitive	1	X-1298|LEE011	PD	single	BRCA
X-1303	RIBOCICLIB	0.3	BestAvgResponse	lower = more sensitive	1	X-1303|LEE011	SD	single	CRC
X-131	RIBOCICLIB	64.05	BestAvgResponse	lower = more sensitive	1	X-131|LEE011	PD	single	GC
X-1317	RIBOCICLIB	44.22	BestAvgResponse	lower = more sensitive	1	X-1317|LEE011	PD	single	PDAC
X-1323	RIBOCICLIB	8.55	BestAvgResponse	lower = more sensitive	1	X-1323|LEE011	PD	single	NSCLC
X-1329	RIBOCICLIB	42.5	BestAvgResponse	lower = more sensitive	1	X-1329|LEE011	PD	single	CRC
X-135	RIBOCICLIB	32.725	BestAvgResponse	lower = more sensitive	1	X-135|LEE011	PD	single	GC
X-136	RIBOCICLIB	29.96	BestAvgResponse	lower = more sensitive	1	X-136|LEE011	PD	single	GC
X-1362	RIBOCICLIB	4.02	BestAvgResponse	lower = more sensitive	1	X-1362|LEE011	SD	single	PDAC
X-137	RIBOCICLIB	27.9	BestAvgResponse	lower = more sensitive	1	X-137|LEE011	PD	single	GC
X-1371	RIBOCICLIB	79.5	BestAvgResponse	lower = more sensitive	1	X-1371|LEE011	PD	single	BRCA
X-138	RIBOCICLIB	43.2	BestAvgResponse	lower = more sensitive	1	X-138|LEE011	PD	single	GC
X-1383	RIBOCICLIB	20.875	BestAvgResponse	lower = more sensitive	1	X-1383|LEE011	PD	single	BRCA
X-1407	RIBOCICLIB	21.1	BestAvgResponse	lower = more sensitive	1	X-1407|LEE011	PD	single	BRCA
X-141	RIBOCICLIB	18.8	BestAvgResponse	lower = more sensitive	1	X-141|LEE011	PD	single	GC
X-142	RIBOCICLIB	9.33333	BestAvgResponse	lower = more sensitive	1	X-142|LEE011	SD	single	GC
X-144	RIBOCICLIB	140.9	BestAvgResponse	lower = more sensitive	1	X-144|LEE011	PD	single	GC
X-1441	RIBOCICLIB	4.96	BestAvgResponse	lower = more sensitive	1	X-1441|LEE011	SD	single	CRC
X-1442	RIBOCICLIB	154.825	BestAvgResponse	lower = more sensitive	1	X-1442|LEE011	PD	single	NSCLC
X-1443	RIBOCICLIB	-2.925	BestAvgResponse	lower = more sensitive	1	X-1443|LEE011	SD	single	CRC
X-146	RIBOCICLIB	-34.975	BestAvgResponse	lower = more sensitive	1	X-146|LEE011	PR	single	GC
X-1468	RIBOCICLIB	-3.05714	BestAvgResponse	lower = more sensitive	1	X-1468|LEE011	SD	single	
X-1479	RIBOCICLIB	0.72	BestAvgResponse	lower = more sensitive	1	X-1479|LEE011	SD	single	CRC
X-1499	RIBOCICLIB	-29.9269	BestAvgResponse	lower = more sensitive	1	X-1499|LEE011	PR	single	NSCLC
X-1500	RIBOCICLIB	4.025	BestAvgResponse	lower = more sensitive	1	X-1500|LEE011	SD	single	CRC
X-152	RIBOCICLIB	1.45	BestAvgResponse	lower = more sensitive	1	X-152|LEE011	SD	single	
X-1536	RIBOCICLIB	-28.4889	BestAvgResponse	lower = more sensitive	1	X-1536|LEE011	PR	single	CRC
X-1538	RIBOCICLIB	-15.1067	BestAvgResponse	lower = more sensitive	1	X-1538|LEE011	SD	single	CRC
X-154	RIBOCICLIB	22.48	BestAvgResponse	lower = more sensitive	1	X-154|LEE011	PD	single	GC
X-158	RIBOCICLIB	11.98	BestAvgResponse	lower = more sensitive	1	X-158|LEE011	PD	single	GC
X-1586	RIBOCICLIB	-24.0286	BestAvgResponse	lower = more sensitive	1	X-1586|LEE011	SD	single	NSCLC
X-160	RIBOCICLIB	-6.675	BestAvgResponse	lower = more sensitive	1	X-160|LEE011	SD	single	GC
X-1600	RIBOCICLIB	16.2	BestAvgResponse	lower = more sensitive	1	X-1600|LEE011	PD	single	BRCA
X-161	RIBOCICLIB	36.825	BestAvgResponse	lower = more sensitive	1	X-161|LEE011	PD	single	GC
X-162	RIBOCICLIB	5.8	BestAvgResponse	lower = more sensitive	1	X-162|LEE011	SD	single	GC
X-1631	RIBOCICLIB	98.975	BestAvgResponse	lower = more sensitive	1	X-1631|LEE011	PD	single	BRCA
X-1655	RIBOCICLIB	8.125	BestAvgResponse	lower = more sensitive	1	X-1655|LEE011	PD	single	CM
X-1658	RIBOCICLIB	142.625	BestAvgResponse	lower = more sensitive	1	X-1658|LEE011	PD	single	NSCLC
X-166	RIBOCICLIB	11.9	BestAvgResponse	lower = more sensitive	1	X-166|LEE011	SD	single	GC
X-1683	RIBOCICLIB	-41.38	BestAvgResponse	lower = more sensitive	1	X-1683|LEE011	PR	single	NSCLC
X-171	RIBOCICLIB	70.375	BestAvgResponse	lower = more sensitive	1	X-171|LEE011	PD	single	GC
X-1725	RIBOCICLIB	-0.2	BestAvgResponse	lower = more sensitive	1	X-1725|LEE011	SD	single	NSCLC
X-177	RIBOCICLIB	55.5	BestAvgResponse	lower = more sensitive	1	X-177|LEE011	PD	single	GC
X-1787	RIBOCICLIB	11.38	BestAvgResponse	lower = more sensitive	1	X-1787|LEE011	PD	single	NSCLC
X-1823	RIBOCICLIB	47.8	BestAvgResponse	lower = more sensitive	1	X-1823|LEE011	PD	single	NSCLC
X-1828	RIBOCICLIB	7.4	BestAvgResponse	lower = more sensitive	1	X-1828|LEE011	PD	single	BRCA
X-1832	RIBOCICLIB	33.775	BestAvgResponse	lower = more sensitive	1	X-1832|LEE011	PD	single	BRCA
X-1834	RIBOCICLIB	49.5071	BestAvgResponse	lower = more sensitive	1	X-1834|LEE011	PD	single	NSCLC
X-1835	RIBOCICLIB	-58.5455	BestAvgResponse	lower = more sensitive	1	X-1835|LEE011	CR	single	NSCLC
X-1855	RIBOCICLIB	0.075	BestAvgResponse	lower = more sensitive	1	X-1855|LEE011	SD	single	CRC
X-1869	RIBOCICLIB	-89.1733	BestAvgResponse	lower = more sensitive	1	X-1869|LEE011	CR	single	NSCLC
X-1870	RIBOCICLIB	16.4667	BestAvgResponse	lower = more sensitive	1	X-1870|LEE011	PD	single	NSCLC
X-1906	RIBOCICLIB	-55.585	BestAvgResponse	lower = more sensitive	1	X-1906|LEE011	PR	single	CM
X-1916	RIBOCICLIB	47.4	BestAvgResponse	lower = more sensitive	1	X-1916|LEE011	PD	single	BRCA
X-1921	RIBOCICLIB	-19.8955	BestAvgResponse	lower = more sensitive	1	X-1921|LEE011	SD	single	BRCA
X-1934	RIBOCICLIB	226.15	BestAvgResponse	lower = more sensitive	1	X-1934|LEE011	PD	single	NSCLC
X-1948	RIBOCICLIB	44.1	BestAvgResponse	lower = more sensitive	1	X-1948|LEE011	PD	single	PDAC
X-1959	RIBOCICLIB	30.125	BestAvgResponse	lower = more sensitive	1	X-1959|LEE011	PD	single	PDAC
X-1980	RIBOCICLIB	17.475	BestAvgResponse	lower = more sensitive	1	X-1980|LEE011	PD	single	NSCLC
X-1993	RIBOCICLIB	50.74	BestAvgResponse	lower = more sensitive	1	X-1993|LEE011	PD	single	NSCLC
X-2017	RIBOCICLIB	30.62	BestAvgResponse	lower = more sensitive	1	X-2017|LEE011	PD	single	NSCLC
X-2042	RIBOCICLIB	66.125	BestAvgResponse	lower = more sensitive	1	X-2042|LEE011	PD	single	NSCLC
X-2043	RIBOCICLIB	57.5	BestAvgResponse	lower = more sensitive	1	X-2043|LEE011	PD	single	PDAC
X-2081	RIBOCICLIB	68.72	BestAvgResponse	lower = more sensitive	1	X-2081|LEE011	PD	single	PDAC
X-2082	RIBOCICLIB	-63.8885	BestAvgResponse	lower = more sensitive	1	X-2082|LEE011	CR	single	NSCLC
X-2088	RIBOCICLIB	102.2	BestAvgResponse	lower = more sensitive	1	X-2088|LEE011	PD	single	NSCLC
X-2094	RIBOCICLIB	64.86	BestAvgResponse	lower = more sensitive	1	X-2094|LEE011	PD	single	NSCLC
X-2145	RIBOCICLIB	51.0333	BestAvgResponse	lower = more sensitive	1	X-2145|LEE011	PD	single	CRC
X-2163	RIBOCICLIB	3.1	BestAvgResponse	lower = more sensitive	1	X-2163|LEE011	SD	single	CM
X-2182	RIBOCICLIB	181.54	BestAvgResponse	lower = more sensitive	1	X-2182|LEE011	PD	single	CRC
X-2195	RIBOCICLIB	20.5667	BestAvgResponse	lower = more sensitive	1	X-2195|LEE011	SD	single	BRCA
X-2239	RIBOCICLIB	-18.3867	BestAvgResponse	lower = more sensitive	1	X-2239|LEE011	SD	single	CRC
X-2283	RIBOCICLIB	42.64	BestAvgResponse	lower = more sensitive	1	X-2283|LEE011	PD	single	PDAC
X-2306	RIBOCICLIB	0.35	BestAvgResponse	lower = more sensitive	1	X-2306|LEE011	SD	single	CM
X-2339	RIBOCICLIB	7.18	BestAvgResponse	lower = more sensitive	1	X-2339|LEE011	SD	single	PDAC
X-2344	RIBOCICLIB	52.7	BestAvgResponse	lower = more sensitive	1	X-2344|LEE011	PD	single	BRCA
X-2353	RIBOCICLIB	-9.15	BestAvgResponse	lower = more sensitive	1	X-2353|LEE011	SD	single	BRCA
X-2374	RIBOCICLIB	23.95	BestAvgResponse	lower = more sensitive	1	X-2374|LEE011	SD	single	CRC
X-2403	RIBOCICLIB	20.62	BestAvgResponse	lower = more sensitive	1	X-2403|LEE011	PD	single	CRC
X-2428	RIBOCICLIB	12.3	BestAvgResponse	lower = more sensitive	1	X-2428|LEE011	SD	single	PDAC
X-2470	RIBOCICLIB	1.1	BestAvgResponse	lower = more sensitive	1	X-2470|LEE011	PD	single	PDAC
X-2483	RIBOCICLIB	7.8	BestAvgResponse	lower = more sensitive	1	X-2483|LEE011	SD	single	CRC
X-2484	RIBOCICLIB	-33.1	BestAvgResponse	lower = more sensitive	1	X-2484|LEE011	SD	single	CRC
X-2487	RIBOCICLIB	55.82	BestAvgResponse	lower = more sensitive	1	X-2487|LEE011	PD	single	BRCA
X-2524	RIBOCICLIB	36.65	BestAvgResponse	lower = more sensitive	1	X-2524|LEE011	PD	single	BRCA
X-2538	RIBOCICLIB	17.94	BestAvgResponse	lower = more sensitive	1	X-2538|LEE011	PD	single	CRC
X-2564	RIBOCICLIB	8.1	BestAvgResponse	lower = more sensitive	1	X-2564|LEE011	SD	single	PDAC
X-2573	RIBOCICLIB	28.05	BestAvgResponse	lower = more sensitive	1	X-2573|LEE011	PD	single	CRC
X-2602	RIBOCICLIB	0.0928571	BestAvgResponse	lower = more sensitive	1	X-2602|LEE011	SD	single	CM
X-2613	RIBOCICLIB	-12.275	BestAvgResponse	lower = more sensitive	1	X-2613|LEE011	SD	single	CM
X-2633	RIBOCICLIB	40.325	BestAvgResponse	lower = more sensitive	1	X-2633|LEE011	PD	single	PDAC
X-2640	RIBOCICLIB	8.65	BestAvgResponse	lower = more sensitive	1	X-2640|LEE011	PD	single	BRCA
X-2659	RIBOCICLIB	36.625	BestAvgResponse	lower = more sensitive	1	X-2659|LEE011	PD	single	CRC
X-2684	RIBOCICLIB	-7.28	BestAvgResponse	lower = more sensitive	1	X-2684|LEE011	PD	single	PDAC
X-2700	RIBOCICLIB	28.65	BestAvgResponse	lower = more sensitive	1	X-2700|LEE011	PD	single	CM
X-2723	RIBOCICLIB	71.475	BestAvgResponse	lower = more sensitive	1	X-2723|LEE011	PD	single	CM
X-2753	RIBOCICLIB	73.3	BestAvgResponse	lower = more sensitive	1	X-2753|LEE011	PD	single	CM
X-2780	RIBOCICLIB	60.96	BestAvgResponse	lower = more sensitive	1	X-2780|LEE011	PD	single	BRCA
X-2822	RIBOCICLIB	2.375	BestAvgResponse	lower = more sensitive	1	X-2822|LEE011	SD	single	CRC
X-2838	RIBOCICLIB	20.46	BestAvgResponse	lower = more sensitive	1	X-2838|LEE011	PD	single	CM
X-2846	RIBOCICLIB	1.175	BestAvgResponse	lower = more sensitive	1	X-2846|LEE011	SD	single	CRC
X-2861	RIBOCICLIB	23.075	BestAvgResponse	lower = more sensitive	1	X-2861|LEE011	PD	single	CRC
X-2921	RIBOCICLIB	110.925	BestAvgResponse	lower = more sensitive	1	X-2921|LEE011	PD	single	CM
X-2992	RIBOCICLIB	81.54	BestAvgResponse	lower = more sensitive	1	X-2992|LEE011	PD	single	CM
X-2997	RIBOCICLIB	67.025	BestAvgResponse	lower = more sensitive	1	X-2997|LEE011	PD	single	PDAC
X-3028	RIBOCICLIB	-27.8625	BestAvgResponse	lower = more sensitive	1	X-3028|LEE011	SD	single	PDAC
X-3029	RIBOCICLIB	-46.2615	BestAvgResponse	lower = more sensitive	1	X-3029|LEE011	PR	single	NSCLC
X-3038	RIBOCICLIB	-1.475	BestAvgResponse	lower = more sensitive	1	X-3038|LEE011	SD	single	PDAC
X-3052	RIBOCICLIB	-5.74483	BestAvgResponse	lower = more sensitive	1	X-3052|LEE011	SD	single	PDAC
X-3077	RIBOCICLIB	17.12	BestAvgResponse	lower = more sensitive	1	X-3077|LEE011	SD	single	BRCA
X-3078	RIBOCICLIB	26.225	BestAvgResponse	lower = more sensitive	1	X-3078|LEE011	PD	single	BRCA
X-3093	RIBOCICLIB	21.175	BestAvgResponse	lower = more sensitive	1	X-3093|LEE011	PD	single	CRC
X-3127	RIBOCICLIB	15.54	BestAvgResponse	lower = more sensitive	1	X-3127|LEE011	SD	single	CM
X-3201	RIBOCICLIB	47.775	BestAvgResponse	lower = more sensitive	1	X-3201|LEE011	PD	single	BRCA
X-3205	RIBOCICLIB	0.54	BestAvgResponse	lower = more sensitive	1	X-3205|LEE011	SD	single	CRC
X-3209	RIBOCICLIB	83.78	BestAvgResponse	lower = more sensitive	1	X-3209|LEE011	PD	single	PDAC
X-3211	RIBOCICLIB	10.975	BestAvgResponse	lower = more sensitive	1	X-3211|LEE011	SD	single	CM
X-3224	RIBOCICLIB	105.48	BestAvgResponse	lower = more sensitive	1	X-3224|LEE011	PD	single	CRC
X-3237	RIBOCICLIB	7.14	BestAvgResponse	lower = more sensitive	1	X-3237|LEE011	PD	single	NSCLC
X-3267	RIBOCICLIB	4.18	BestAvgResponse	lower = more sensitive	1	X-3267|LEE011	SD	single	CRC
X-3268	RIBOCICLIB	11.8167	BestAvgResponse	lower = more sensitive	1	X-3268|LEE011	SD	single	PDAC
X-3298	RIBOCICLIB	31.925	BestAvgResponse	lower = more sensitive	1	X-3298|LEE011	PD	single	BRCA
X-3450	RIBOCICLIB	2.3	BestAvgResponse	lower = more sensitive	1	X-3450|LEE011	SD	single	BRCA
X-3468	RIBOCICLIB	5.425	BestAvgResponse	lower = more sensitive	1	X-3468|LEE011	SD	single	BRCA
X-3483	RIBOCICLIB	-73.3475	BestAvgResponse	lower = more sensitive	1	X-3483|LEE011	CR	single	CM
X-3486	RIBOCICLIB	19.2385	BestAvgResponse	lower = more sensitive	1	X-3486|LEE011	SD	single	CM
X-3503	RIBOCICLIB	25.3	BestAvgResponse	lower = more sensitive	1	X-3503|LEE011	PD	single	CM
X-3676	RIBOCICLIB	159.75	BestAvgResponse	lower = more sensitive	1	X-3676|LEE011	PD	single	CM
X-3697	RIBOCICLIB	37.0421	BestAvgResponse	lower = more sensitive	1	X-3697|LEE011	PD	single	BRCA
X-3746	RIBOCICLIB	39.7333	BestAvgResponse	lower = more sensitive	1	X-3746|LEE011	PD	single	CM
X-3773	RIBOCICLIB	8.72	BestAvgResponse	lower = more sensitive	1	X-3773|LEE011	PD	single	CM
X-3782	RIBOCICLIB	11.225	BestAvgResponse	lower = more sensitive	1	X-3782|LEE011	SD	single	
X-3792	RIBOCICLIB	19.8	BestAvgResponse	lower = more sensitive	1	X-3792|LEE011	PD	single	CRC
X-3800	RIBOCICLIB	-29.5333	BestAvgResponse	lower = more sensitive	1	X-3800|LEE011	PR	single	PDAC
X-3816	RIBOCICLIB	57.44	BestAvgResponse	lower = more sensitive	1	X-3816|LEE011	PD	single	PDAC
X-3843	RIBOCICLIB	-3	BestAvgResponse	lower = more sensitive	1	X-3843|LEE011	SD	single	NSCLC
X-3851	RIBOCICLIB	23.2	BestAvgResponse	lower = more sensitive	1	X-3851|LEE011	SD	single	CM
X-3873	RIBOCICLIB	6.325	BestAvgResponse	lower = more sensitive	1	X-3873|LEE011	SD	single	BRCA
X-3880	RIBOCICLIB	23.5	BestAvgResponse	lower = more sensitive	1	X-3880|LEE011	PD	single	CM
X-3898	RIBOCICLIB	55.0042	BestAvgResponse	lower = more sensitive	1	X-3898|LEE011	PD	single	PDAC
X-3947	RIBOCICLIB	88.62	BestAvgResponse	lower = more sensitive	1	X-3947|LEE011	PD	single	PDAC
X-3990	RIBOCICLIB	101.45	BestAvgResponse	lower = more sensitive	1	X-3990|LEE011	PD	single	PDAC
X-4018	RIBOCICLIB	27.58	BestAvgResponse	lower = more sensitive	1	X-4018|LEE011	PD	single	PDAC
X-4087	RIBOCICLIB	1.9	BestAvgResponse	lower = more sensitive	1	X-4087|LEE011	SD	single	CRC
X-4145	RIBOCICLIB	62.54	BestAvgResponse	lower = more sensitive	1	X-4145|LEE011	PD	single	CRC
X-4157	RIBOCICLIB	13.96	BestAvgResponse	lower = more sensitive	1	X-4157|LEE011	PD	single	CM
X-4215	RIBOCICLIB	57.45	BestAvgResponse	lower = more sensitive	1	X-4215|LEE011	PD	single	PDAC
X-4226	RIBOCICLIB	61.7	BestAvgResponse	lower = more sensitive	1	X-4226|LEE011	PD	single	PDAC
X-4316	RIBOCICLIB	1.925	BestAvgResponse	lower = more sensitive	1	X-4316|LEE011	SD	single	PDAC
X-4339	RIBOCICLIB	-37.2478	BestAvgResponse	lower = more sensitive	1	X-4339|LEE011	PR	single	CM
X-4347	RIBOCICLIB	11.168	BestAvgResponse	lower = more sensitive	1	X-4347|LEE011	SD	single	BRCA
X-4377	RIBOCICLIB	20.425	BestAvgResponse	lower = more sensitive	1	X-4377|LEE011	PD	single	PDAC
X-4378	RIBOCICLIB	51.14	BestAvgResponse	lower = more sensitive	1	X-4378|LEE011	PD	single	PDAC
X-4426	RIBOCICLIB	45.8857	BestAvgResponse	lower = more sensitive	1	X-4426|LEE011	PD	single	CM
X-4439	RIBOCICLIB	19.78	BestAvgResponse	lower = more sensitive	1	X-4439|LEE011	PD	single	PDAC
X-4455	RIBOCICLIB	16.84	BestAvgResponse	lower = more sensitive	1	X-4455|LEE011	SD	single	CM
X-4530	RIBOCICLIB	42.96	BestAvgResponse	lower = more sensitive	1	X-4530|LEE011	PD	single	CM
X-4538	RIBOCICLIB	47.34	BestAvgResponse	lower = more sensitive	1	X-4538|LEE011	PD	single	CM
X-4567	RIBOCICLIB	37.025	BestAvgResponse	lower = more sensitive	1	X-4567|LEE011	PD	single	BRCA
X-4644	RIBOCICLIB	77.225	BestAvgResponse	lower = more sensitive	1	X-4644|LEE011	PD	single	CM
X-4649	RIBOCICLIB	52.44	BestAvgResponse	lower = more sensitive	1	X-4649|LEE011	PD	single	PDAC
X-4668	RIBOCICLIB	12.48	BestAvgResponse	lower = more sensitive	1	X-4668|LEE011	SD	single	CM
X-4676	RIBOCICLIB	95.55	BestAvgResponse	lower = more sensitive	1	X-4676|LEE011	PD	single	PDAC
X-4819	RIBOCICLIB	187.867	BestAvgResponse	lower = more sensitive	1	X-4819|LEE011	PD	single	NSCLC
X-4824	RIBOCICLIB	17.425	BestAvgResponse	lower = more sensitive	1	X-4824|LEE011	PD	single	BRCA
X-4832	RIBOCICLIB	99.7333	BestAvgResponse	lower = more sensitive	1	X-4832|LEE011	PD	single	CM
X-4849	RIBOCICLIB	38.32	BestAvgResponse	lower = more sensitive	1	X-4849|LEE011	PD	single	CM
X-4888	RIBOCICLIB	18.6571	BestAvgResponse	lower = more sensitive	1	X-4888|LEE011	SD	single	BRCA
X-4927	RIBOCICLIB	33.98	BestAvgResponse	lower = more sensitive	1	X-4927|LEE011	PD	single	PDAC
X-4949	RIBOCICLIB	16.32	BestAvgResponse	lower = more sensitive	1	X-4949|LEE011	PD	single	BRCA
X-5189	RIBOCICLIB	2.75	BestAvgResponse	lower = more sensitive	1	X-5189|LEE011	SD	single	CM
X-5249	RIBOCICLIB	-38.375	BestAvgResponse	lower = more sensitive	1	X-5249|LEE011	PR	single	BRCA
X-5254	RIBOCICLIB	21.52	BestAvgResponse	lower = more sensitive	1	X-5254|LEE011	PD	single	CRC
X-5355	RIBOCICLIB	4.34	BestAvgResponse	lower = more sensitive	1	X-5355|LEE011	SD	single	BRCA
X-5405	RIBOCICLIB	-2.36	BestAvgResponse	lower = more sensitive	1	X-5405|LEE011	SD	single	CRC
X-5438	RIBOCICLIB	7.7	BestAvgResponse	lower = more sensitive	1	X-5438|LEE011	SD	single	CRC
X-5446	RIBOCICLIB	29.36	BestAvgResponse	lower = more sensitive	1	X-5446|LEE011	PD	single	CRC
X-5494	RIBOCICLIB	23.1	BestAvgResponse	lower = more sensitive	1	X-5494|LEE011	SD	single	CRC
X-5495	RIBOCICLIB	37.225	BestAvgResponse	lower = more sensitive	1	X-5495|LEE011	PD	single	CRC
X-5502	RIBOCICLIB	9.825	BestAvgResponse	lower = more sensitive	1	X-5502|LEE011	SD	single	BRCA
X-5578	RIBOCICLIB	10.9	BestAvgResponse	lower = more sensitive	1	X-5578|LEE011	PD	single	CRC
X-5975	RIBOCICLIB	-22.844	BestAvgResponse	lower = more sensitive	1	X-5975|LEE011	PR	single	BRCA
X-6047	RIBOCICLIB	92.1	BestAvgResponse	lower = more sensitive	1	X-6047|LEE011	PD	single	BRCA
X-1655	RIBOCICLIB + BINIMETINIB	-18.9474	BestAvgResponse	lower = more sensitive	1	X-1655|LEE011 + binimetinib	SD	combo	CM
X-1906	RIBOCICLIB + BINIMETINIB	-97.2082	BestAvgResponse	lower = more sensitive	1	X-1906|LEE011 + binimetinib	CR	combo	CM
X-2163	RIBOCICLIB + BINIMETINIB	-30.7233	BestAvgResponse	lower = more sensitive	1	X-2163|LEE011 + binimetinib	PR	combo	CM
X-2306	RIBOCICLIB + BINIMETINIB	-36.113	BestAvgResponse	lower = more sensitive	1	X-2306|LEE011 + binimetinib	PR	combo	CM
X-2613	RIBOCICLIB + BINIMETINIB	-71.2462	BestAvgResponse	lower = more sensitive	1	X-2613|LEE011 + binimetinib	PR	combo	CM
X-2700	RIBOCICLIB + BINIMETINIB	-38.8743	BestAvgResponse	lower = more sensitive	1	X-2700|LEE011 + binimetinib	PR	combo	CM
X-2723	RIBOCICLIB + BINIMETINIB	-81.8615	BestAvgResponse	lower = more sensitive	1	X-2723|LEE011 + binimetinib	CR	combo	CM
X-2753	RIBOCICLIB + BINIMETINIB	7.88	BestAvgResponse	lower = more sensitive	1	X-2753|LEE011 + binimetinib	PD	combo	CM
X-2838	RIBOCICLIB + BINIMETINIB	-29.7818	BestAvgResponse	lower = more sensitive	1	X-2838|LEE011 + binimetinib	PR	combo	CM
X-2921	RIBOCICLIB + BINIMETINIB	57.5	BestAvgResponse	lower = more sensitive	1	X-2921|LEE011 + binimetinib	PD	combo	CM
X-2992	RIBOCICLIB + BINIMETINIB	-26.98	BestAvgResponse	lower = more sensitive	1	X-2992|LEE011 + binimetinib	SD	combo	CM
X-3127	RIBOCICLIB + BINIMETINIB	-62.6636	BestAvgResponse	lower = more sensitive	1	X-3127|LEE011 + binimetinib	PR	combo	CM
X-3211	RIBOCICLIB + BINIMETINIB	-66.1697	BestAvgResponse	lower = more sensitive	1	X-3211|LEE011 + binimetinib	PR	combo	CM
X-3773	RIBOCICLIB + BINIMETINIB	13	BestAvgResponse	lower = more sensitive	1	X-3773|LEE011 + binimetinib	SD	combo	CM
X-3851	RIBOCICLIB + BINIMETINIB	10.6316	BestAvgResponse	lower = more sensitive	1	X-3851|LEE011 + binimetinib	SD	combo	CM
X-4339	RIBOCICLIB + BINIMETINIB	-66.2484	BestAvgResponse	lower = more sensitive	1	X-4339|LEE011 + binimetinib	PR	combo	CM
X-4849	RIBOCICLIB + BINIMETINIB	-27.7	BestAvgResponse	lower = more sensitive	1	X-4849|LEE011 + binimetinib	SD	combo	CM
X-5189	RIBOCICLIB + BINIMETINIB	-63.1444	BestAvgResponse	lower = more sensitive	1	X-5189|LEE011 + binimetinib	PR	combo	CM
X-1655	RIBOCICLIB + ENCORAFENIB	79.2	BestAvgResponse	lower = more sensitive	1	X-1655|LEE011 + encorafenib	PD	combo	CM
X-1906	RIBOCICLIB + ENCORAFENIB	-91.1714	BestAvgResponse	lower = more sensitive	1	X-1906|LEE011 + encorafenib	CR	combo	CM
X-2163	RIBOCICLIB + ENCORAFENIB	-11.1167	BestAvgResponse	lower = more sensitive	1	X-2163|LEE011 + encorafenib	SD	combo	CM
X-2306	RIBOCICLIB + ENCORAFENIB	-3.9	BestAvgResponse	lower = more sensitive	1	X-2306|LEE011 + encorafenib	SD	combo	CM
X-2602	RIBOCICLIB + ENCORAFENIB	-9.94545	BestAvgResponse	lower = more sensitive	1	X-2602|LEE011 + encorafenib	SD	combo	CM
X-2613	RIBOCICLIB + ENCORAFENIB	-90.5136	BestAvgResponse	lower = more sensitive	1	X-2613|LEE011 + encorafenib	CR	combo	CM
X-2700	RIBOCICLIB + ENCORAFENIB	-5.62	BestAvgResponse	lower = more sensitive	1	X-2700|LEE011 + encorafenib	SD	combo	CM
X-2723	RIBOCICLIB + ENCORAFENIB	-79.3929	BestAvgResponse	lower = more sensitive	1	X-2723|LEE011 + encorafenib	CR	combo	CM
X-2753	RIBOCICLIB + ENCORAFENIB	-4.7	BestAvgResponse	lower = more sensitive	1	X-2753|LEE011 + encorafenib	SD	combo	CM
X-2838	RIBOCICLIB + ENCORAFENIB	-37.77	BestAvgResponse	lower = more sensitive	1	X-2838|LEE011 + encorafenib	PR	combo	CM
X-2921	RIBOCICLIB + ENCORAFENIB	3.11818	BestAvgResponse	lower = more sensitive	1	X-2921|LEE011 + encorafenib	SD	combo	CM
X-2992	RIBOCICLIB + ENCORAFENIB	-44.3028	BestAvgResponse	lower = more sensitive	1	X-2992|LEE011 + encorafenib	PR	combo	CM
X-3127	RIBOCICLIB + ENCORAFENIB	-28.7476	BestAvgResponse	lower = more sensitive	1	X-3127|LEE011 + encorafenib	PR	combo	CM
X-3211	RIBOCICLIB + ENCORAFENIB	-58.0606	BestAvgResponse	lower = more sensitive	1	X-3211|LEE011 + encorafenib	PR	combo	CM
X-3483	RIBOCICLIB + ENCORAFENIB	-96.744	BestAvgResponse	lower = more sensitive	1	X-3483|LEE011 + encorafenib	CR	combo	CM
X-3486	RIBOCICLIB + ENCORAFENIB	42.2833	BestAvgResponse	lower = more sensitive	1	X-3486|LEE011 + encorafenib	PD	combo	CM
X-3503	RIBOCICLIB + ENCORAFENIB	6.42	BestAvgResponse	lower = more sensitive	1	X-3503|LEE011 + encorafenib	SD	combo	CM
X-3676	RIBOCICLIB + ENCORAFENIB	19.075	BestAvgResponse	lower = more sensitive	1	X-3676|LEE011 + encorafenib	SD	combo	CM
X-3746	RIBOCICLIB + ENCORAFENIB	-96.4513	BestAvgResponse	lower = more sensitive	1	X-3746|LEE011 + encorafenib	CR	combo	CM
X-3773	RIBOCICLIB + ENCORAFENIB	14.96	BestAvgResponse	lower = more sensitive	1	X-3773|LEE011 + encorafenib	PD	combo	CM
X-3851	RIBOCICLIB + ENCORAFENIB	-37.2889	BestAvgResponse	lower = more sensitive	1	X-3851|LEE011 + encorafenib	PR	combo	CM
X-3880	RIBOCICLIB + ENCORAFENIB	25.1833	BestAvgResponse	lower = more sensitive	1	X-3880|LEE011 + encorafenib	SD	combo	CM
X-4157	RIBOCICLIB + ENCORAFENIB	18.3	BestAvgResponse	lower = more sensitive	1	X-4157|LEE011 + encorafenib	PD	combo	CM
X-4339	RIBOCICLIB + ENCORAFENIB	-14.8029	BestAvgResponse	lower = more sensitive	1	X-4339|LEE011 + encorafenib	SD	combo	CM
X-4426	RIBOCICLIB + ENCORAFENIB	-4.225	BestAvgResponse	lower = more sensitive	1	X-4426|LEE011 + encorafenib	SD	combo	CM
X-4455	RIBOCICLIB + ENCORAFENIB	-5.34	BestAvgResponse	lower = more sensitive	1	X-4455|LEE011 + encorafenib	SD	combo	CM
X-4530	RIBOCICLIB + ENCORAFENIB	-80.9611	BestAvgResponse	lower = more sensitive	1	X-4530|LEE011 + encorafenib	CR	combo	CM
X-4538	RIBOCICLIB + ENCORAFENIB	-51.9933	BestAvgResponse	lower = more sensitive	1	X-4538|LEE011 + encorafenib	PR	combo	CM
X-4644	RIBOCICLIB + ENCORAFENIB	-95.0389	BestAvgResponse	lower = more sensitive	1	X-4644|LEE011 + encorafenib	CR	combo	CM
X-4668	RIBOCICLIB + ENCORAFENIB	-32.2375	BestAvgResponse	lower = more sensitive	1	X-4668|LEE011 + encorafenib	SD	combo	CM
X-4832	RIBOCICLIB + ENCORAFENIB	50.2	BestAvgResponse	lower = more sensitive	1	X-4832|LEE011 + encorafenib	PD	combo	CM
X-4849	RIBOCICLIB + ENCORAFENIB	-17.95	BestAvgResponse	lower = more sensitive	1	X-4849|LEE011 + encorafenib	SD	combo	CM
X-5189	RIBOCICLIB + ENCORAFENIB	54.725	BestAvgResponse	lower = more sensitive	1	X-5189|LEE011 + encorafenib	PD	combo	CM
X-007	RIBOCICLIB + EVEROLIMUS	32.22	BestAvgResponse	lower = more sensitive	1	X-007|LEE011 + everolimus	PD	combo	GC
X-010	RIBOCICLIB + EVEROLIMUS	-26.85	BestAvgResponse	lower = more sensitive	1	X-010|LEE011 + everolimus	SD	combo	GC
X-011	RIBOCICLIB + EVEROLIMUS	33.9	BestAvgResponse	lower = more sensitive	1	X-011|LEE011 + everolimus	PD	combo	GC
X-015	RIBOCICLIB + EVEROLIMUS	24.16	BestAvgResponse	lower = more sensitive	1	X-015|LEE011 + everolimus	SD	combo	GC
X-020	RIBOCICLIB + EVEROLIMUS	-14.7267	BestAvgResponse	lower = more sensitive	1	X-020|LEE011 + everolimus	SD	combo	GC
X-023	RIBOCICLIB + EVEROLIMUS	-32.16	BestAvgResponse	lower = more sensitive	1	X-023|LEE011 + everolimus	PR	combo	GC
X-024	RIBOCICLIB + EVEROLIMUS	-17.0583	BestAvgResponse	lower = more sensitive	1	X-024|LEE011 + everolimus	SD	combo	GC
X-025	RIBOCICLIB + EVEROLIMUS	-1.77	BestAvgResponse	lower = more sensitive	1	X-025|LEE011 + everolimus	SD	combo	GC
X-028	RIBOCICLIB + EVEROLIMUS	31.46	BestAvgResponse	lower = more sensitive	1	X-028|LEE011 + everolimus	PD	combo	GC
X-031	RIBOCICLIB + EVEROLIMUS	35.8	BestAvgResponse	lower = more sensitive	1	X-031|LEE011 + everolimus	PD	combo	GC
X-034	RIBOCICLIB + EVEROLIMUS	-12.8909	BestAvgResponse	lower = more sensitive	1	X-034|LEE011 + everolimus	SD	combo	GC
X-035	RIBOCICLIB + EVEROLIMUS	-77.596	BestAvgResponse	lower = more sensitive	1	X-035|LEE011 + everolimus	CR	combo	GC
X-037	RIBOCICLIB + EVEROLIMUS	-29.4353	BestAvgResponse	lower = more sensitive	1	X-037|LEE011 + everolimus	PR	combo	GC
X-038	RIBOCICLIB + EVEROLIMUS	-22.3286	BestAvgResponse	lower = more sensitive	1	X-038|LEE011 + everolimus	SD	combo	GC
X-039	RIBOCICLIB + EVEROLIMUS	59.88	BestAvgResponse	lower = more sensitive	1	X-039|LEE011 + everolimus	PD	combo	GC
X-050	RIBOCICLIB + EVEROLIMUS	-19.4778	BestAvgResponse	lower = more sensitive	1	X-050|LEE011 + everolimus	SD	combo	GC
X-056	RIBOCICLIB + EVEROLIMUS	4.9	BestAvgResponse	lower = more sensitive	1	X-056|LEE011 + everolimus	SD	combo	GC
X-057	RIBOCICLIB + EVEROLIMUS	14.325	BestAvgResponse	lower = more sensitive	1	X-057|LEE011 + everolimus	SD	combo	GC
X-064	RIBOCICLIB + EVEROLIMUS	22.5667	BestAvgResponse	lower = more sensitive	1	X-064|LEE011 + everolimus	SD	combo	GC
X-065	RIBOCICLIB + EVEROLIMUS	7.82	BestAvgResponse	lower = more sensitive	1	X-065|LEE011 + everolimus	SD	combo	GC
X-067	RIBOCICLIB + EVEROLIMUS	28.6687	BestAvgResponse	lower = more sensitive	1	X-067|LEE011 + everolimus	SD	combo	GC
X-074	RIBOCICLIB + EVEROLIMUS	-8.9	BestAvgResponse	lower = more sensitive	1	X-074|LEE011 + everolimus	SD	combo	GC
X-075	RIBOCICLIB + EVEROLIMUS	11.1333	BestAvgResponse	lower = more sensitive	1	X-075|LEE011 + everolimus	PD	combo	GC
X-077	RIBOCICLIB + EVEROLIMUS	-31.775	BestAvgResponse	lower = more sensitive	1	X-077|LEE011 + everolimus	SD	combo	GC
X-078	RIBOCICLIB + EVEROLIMUS	21.48	BestAvgResponse	lower = more sensitive	1	X-078|LEE011 + everolimus	PD	combo	GC
X-084	RIBOCICLIB + EVEROLIMUS	9.8	BestAvgResponse	lower = more sensitive	1	X-084|LEE011 + everolimus	SD	combo	GC
X-089	RIBOCICLIB + EVEROLIMUS	-18.7263	BestAvgResponse	lower = more sensitive	1	X-089|LEE011 + everolimus	SD	combo	GC
X-090	RIBOCICLIB + EVEROLIMUS	-2.55	BestAvgResponse	lower = more sensitive	1	X-090|LEE011 + everolimus	SD	combo	GC
X-091	RIBOCICLIB + EVEROLIMUS	58.125	BestAvgResponse	lower = more sensitive	1	X-091|LEE011 + everolimus	PD	combo	GC
X-096	RIBOCICLIB + EVEROLIMUS	17.3	BestAvgResponse	lower = more sensitive	1	X-096|LEE011 + everolimus	SD	combo	GC
X-097	RIBOCICLIB + EVEROLIMUS	28.74	BestAvgResponse	lower = more sensitive	1	X-097|LEE011 + everolimus	SD	combo	GC
X-098	RIBOCICLIB + EVEROLIMUS	-39.65	BestAvgResponse	lower = more sensitive	1	X-098|LEE011 + everolimus	PR	combo	GC
X-099	RIBOCICLIB + EVEROLIMUS	-15.2	BestAvgResponse	lower = more sensitive	1	X-099|LEE011 + everolimus	SD	combo	GC
X-1004	RIBOCICLIB + EVEROLIMUS	-44.6444	BestAvgResponse	lower = more sensitive	1	X-1004|LEE011 + everolimus	PR	combo	BRCA
X-1008	RIBOCICLIB + EVEROLIMUS	-16.4467	BestAvgResponse	lower = more sensitive	1	X-1008|LEE011 + everolimus	SD	combo	BRCA
X-101	RIBOCICLIB + EVEROLIMUS	0.257143	BestAvgResponse	lower = more sensitive	1	X-101|LEE011 + everolimus	SD	combo	GC
X-105	RIBOCICLIB + EVEROLIMUS	18.4333	BestAvgResponse	lower = more sensitive	1	X-105|LEE011 + everolimus	PD	combo	GC
X-114	RIBOCICLIB + EVEROLIMUS	-13.54	BestAvgResponse	lower = more sensitive	1	X-114|LEE011 + everolimus	SD	combo	GC
X-118	RIBOCICLIB + EVEROLIMUS	53.525	BestAvgResponse	lower = more sensitive	1	X-118|LEE011 + everolimus	PD	combo	GC
X-119	RIBOCICLIB + EVEROLIMUS	-10.425	BestAvgResponse	lower = more sensitive	1	X-119|LEE011 + everolimus	SD	combo	GC
X-127	RIBOCICLIB + EVEROLIMUS	81.3	BestAvgResponse	lower = more sensitive	1	X-127|LEE011 + everolimus	PD	combo	GC
X-128	RIBOCICLIB + EVEROLIMUS	-41.6231	BestAvgResponse	lower = more sensitive	1	X-128|LEE011 + everolimus	PR	combo	GC
X-1286	RIBOCICLIB + EVEROLIMUS	0.18	BestAvgResponse	lower = more sensitive	1	X-1286|LEE011 + everolimus	SD	combo	BRCA
X-129	RIBOCICLIB + EVEROLIMUS	-40.8364	BestAvgResponse	lower = more sensitive	1	X-129|LEE011 + everolimus	PR	combo	GC
X-1298	RIBOCICLIB + EVEROLIMUS	-64.9867	BestAvgResponse	lower = more sensitive	1	X-1298|LEE011 + everolimus	PR	combo	BRCA
X-131	RIBOCICLIB + EVEROLIMUS	-25.02	BestAvgResponse	lower = more sensitive	1	X-131|LEE011 + everolimus	SD	combo	GC
X-135	RIBOCICLIB + EVEROLIMUS	5.7	BestAvgResponse	lower = more sensitive	1	X-135|LEE011 + everolimus	SD	combo	GC
X-136	RIBOCICLIB + EVEROLIMUS	-34.3333	BestAvgResponse	lower = more sensitive	1	X-136|LEE011 + everolimus	SD	combo	GC
X-137	RIBOCICLIB + EVEROLIMUS	7.7	BestAvgResponse	lower = more sensitive	1	X-137|LEE011 + everolimus	SD	combo	GC
X-138	RIBOCICLIB + EVEROLIMUS	-52.0368	BestAvgResponse	lower = more sensitive	1	X-138|LEE011 + everolimus	PR	combo	GC
X-1383	RIBOCICLIB + EVEROLIMUS	9.26	BestAvgResponse	lower = more sensitive	1	X-1383|LEE011 + everolimus	SD	combo	BRCA
X-1407	RIBOCICLIB + EVEROLIMUS	14.65	BestAvgResponse	lower = more sensitive	1	X-1407|LEE011 + everolimus	SD	combo	BRCA
X-141	RIBOCICLIB + EVEROLIMUS	-27.13	BestAvgResponse	lower = more sensitive	1	X-141|LEE011 + everolimus	SD	combo	GC
X-144	RIBOCICLIB + EVEROLIMUS	38.74	BestAvgResponse	lower = more sensitive	1	X-144|LEE011 + everolimus	PD	combo	GC
X-146	RIBOCICLIB + EVEROLIMUS	-13.0786	BestAvgResponse	lower = more sensitive	1	X-146|LEE011 + everolimus	SD	combo	GC
X-1468	RIBOCICLIB + EVEROLIMUS	10.28	BestAvgResponse	lower = more sensitive	1	X-1468|LEE011 + everolimus	SD	combo	
X-154	RIBOCICLIB + EVEROLIMUS	-30.8375	BestAvgResponse	lower = more sensitive	1	X-154|LEE011 + everolimus	PR	combo	GC
X-158	RIBOCICLIB + EVEROLIMUS	-49.0464	BestAvgResponse	lower = more sensitive	1	X-158|LEE011 + everolimus	PR	combo	GC
X-160	RIBOCICLIB + EVEROLIMUS	19.22	BestAvgResponse	lower = more sensitive	1	X-160|LEE011 + everolimus	SD	combo	GC
X-1600	RIBOCICLIB + EVEROLIMUS	-26.42	BestAvgResponse	lower = more sensitive	1	X-1600|LEE011 + everolimus	SD	combo	BRCA
X-161	RIBOCICLIB + EVEROLIMUS	-23.5211	BestAvgResponse	lower = more sensitive	1	X-161|LEE011 + everolimus	SD	combo	GC
X-162	RIBOCICLIB + EVEROLIMUS	50.425	BestAvgResponse	lower = more sensitive	1	X-162|LEE011 + everolimus	PD	combo	GC
X-1631	RIBOCICLIB + EVEROLIMUS	16.78	BestAvgResponse	lower = more sensitive	1	X-1631|LEE011 + everolimus	SD	combo	BRCA
X-165	RIBOCICLIB + EVEROLIMUS	-8.92941	BestAvgResponse	lower = more sensitive	1	X-165|LEE011 + everolimus	SD	combo	GC
X-166	RIBOCICLIB + EVEROLIMUS	26.5714	BestAvgResponse	lower = more sensitive	1	X-166|LEE011 + everolimus	SD	combo	GC
X-169	RIBOCICLIB + EVEROLIMUS	-44.38	BestAvgResponse	lower = more sensitive	1	X-169|LEE011 + everolimus	PR	combo	GC
X-171	RIBOCICLIB + EVEROLIMUS	81.28	BestAvgResponse	lower = more sensitive	1	X-171|LEE011 + everolimus	PD	combo	GC
X-177	RIBOCICLIB + EVEROLIMUS	71.5	BestAvgResponse	lower = more sensitive	1	X-177|LEE011 + everolimus	PD	combo	GC
X-1828	RIBOCICLIB + EVEROLIMUS	12.525	BestAvgResponse	lower = more sensitive	1	X-1828|LEE011 + everolimus	PD	combo	BRCA
X-1832	RIBOCICLIB + EVEROLIMUS	48.94	BestAvgResponse	lower = more sensitive	1	X-1832|LEE011 + everolimus	PD	combo	BRCA
X-1916	RIBOCICLIB + EVEROLIMUS	26.7	BestAvgResponse	lower = more sensitive	1	X-1916|LEE011 + everolimus	PD	combo	BRCA
X-1921	RIBOCICLIB + EVEROLIMUS	-15.06	BestAvgResponse	lower = more sensitive	1	X-1921|LEE011 + everolimus	SD	combo	BRCA
X-2195	RIBOCICLIB + EVEROLIMUS	-58.8478	BestAvgResponse	lower = more sensitive	1	X-2195|LEE011 + everolimus	CR	combo	BRCA
X-2344	RIBOCICLIB + EVEROLIMUS	-21.2	BestAvgResponse	lower = more sensitive	1	X-2344|LEE011 + everolimus	SD	combo	BRCA
X-2353	RIBOCICLIB + EVEROLIMUS	-11.35	BestAvgResponse	lower = more sensitive	1	X-2353|LEE011 + everolimus	SD	combo	BRCA
X-2487	RIBOCICLIB + EVEROLIMUS	-6.92857	BestAvgResponse	lower = more sensitive	1	X-2487|LEE011 + everolimus	SD	combo	BRCA
X-2524	RIBOCICLIB + EVEROLIMUS	5.925	BestAvgResponse	lower = more sensitive	1	X-2524|LEE011 + everolimus	PD	combo	BRCA
X-2640	RIBOCICLIB + EVEROLIMUS	18.825	BestAvgResponse	lower = more sensitive	1	X-2640|LEE011 + everolimus	PD	combo	BRCA
X-2780	RIBOCICLIB + EVEROLIMUS	-29.69	BestAvgResponse	lower = more sensitive	1	X-2780|LEE011 + everolimus	PR	combo	BRCA
X-3077	RIBOCICLIB + EVEROLIMUS	-36.1643	BestAvgResponse	lower = more sensitive	1	X-3077|LEE011 + everolimus	PR	combo	BRCA
X-3078	RIBOCICLIB + EVEROLIMUS	-9.90833	BestAvgResponse	lower = more sensitive	1	X-3078|LEE011 + everolimus	SD	combo	BRCA
X-3201	RIBOCICLIB + EVEROLIMUS	14.22	BestAvgResponse	lower = more sensitive	1	X-3201|LEE011 + everolimus	SD	combo	BRCA
X-3298	RIBOCICLIB + EVEROLIMUS	-0.8	BestAvgResponse	lower = more sensitive	1	X-3298|LEE011 + everolimus	SD	combo	BRCA
X-3450	RIBOCICLIB + EVEROLIMUS	-36.585	BestAvgResponse	lower = more sensitive	1	X-3450|LEE011 + everolimus	PR	combo	BRCA
X-3468	RIBOCICLIB + EVEROLIMUS	-1.88718	BestAvgResponse	lower = more sensitive	1	X-3468|LEE011 + everolimus	SD	combo	BRCA
X-3697	RIBOCICLIB + EVEROLIMUS	-6.93889	BestAvgResponse	lower = more sensitive	1	X-3697|LEE011 + everolimus	SD	combo	BRCA
X-3873	RIBOCICLIB + EVEROLIMUS	-61.0962	BestAvgResponse	lower = more sensitive	1	X-3873|LEE011 + everolimus	PR	combo	BRCA
X-4347	RIBOCICLIB + EVEROLIMUS	-50.1	BestAvgResponse	lower = more sensitive	1	X-4347|LEE011 + everolimus	PR	combo	BRCA
X-4567	RIBOCICLIB + EVEROLIMUS	-73.3345	BestAvgResponse	lower = more sensitive	1	X-4567|LEE011 + everolimus	CR	combo	BRCA
X-4824	RIBOCICLIB + EVEROLIMUS	-46.5	BestAvgResponse	lower = more sensitive	1	X-4824|LEE011 + everolimus	PR	combo	BRCA
X-4888	RIBOCICLIB + EVEROLIMUS	-8.2125	BestAvgResponse	lower = more sensitive	1	X-4888|LEE011 + everolimus	SD	combo	BRCA
X-4949	RIBOCICLIB + EVEROLIMUS	6.24	BestAvgResponse	lower = more sensitive	1	X-4949|LEE011 + everolimus	SD	combo	BRCA
X-5249	RIBOCICLIB + EVEROLIMUS	0.24	BestAvgResponse	lower = more sensitive	1	X-5249|LEE011 + everolimus	SD	combo	BRCA
X-5355	RIBOCICLIB + EVEROLIMUS	-56.331	BestAvgResponse	lower = more sensitive	1	X-5355|LEE011 + everolimus	PR	combo	BRCA
X-5502	RIBOCICLIB + EVEROLIMUS	-27.8071	BestAvgResponse	lower = more sensitive	1	X-5502|LEE011 + everolimus	PR	combo	BRCA
X-5975	RIBOCICLIB + EVEROLIMUS	-51.1913	BestAvgResponse	lower = more sensitive	1	X-5975|LEE011 + everolimus	CR	combo	BRCA
X-6047	RIBOCICLIB + EVEROLIMUS	6.75	BestAvgResponse	lower = more sensitive	1	X-6047|LEE011 + everolimus	SD	combo	BRCA
X-0991	RUXOLITINIB	18.34	BestAvgResponse	lower = more sensitive	1	X-0991|INC424	PD	single	PDAC
X-1004	RUXOLITINIB	-2.05	BestAvgResponse	lower = more sensitive	1	X-1004|INC424	PD	single	BRCA
X-1008	RUXOLITINIB	6.125	BestAvgResponse	lower = more sensitive	1	X-1008|INC424	PD	single	BRCA
X-1199	RUXOLITINIB	-16.3167	BestAvgResponse	lower = more sensitive	1	X-1199|INC424	SD	single	PDAC
X-1286	RUXOLITINIB	8.825	BestAvgResponse	lower = more sensitive	1	X-1286|INC424	PD	single	BRCA
X-1289	RUXOLITINIB	53.62	BestAvgResponse	lower = more sensitive	1	X-1289|INC424	PD	single	PDAC
X-1298	RUXOLITINIB	-10.75	BestAvgResponse	lower = more sensitive	1	X-1298|INC424	SD	single	BRCA
X-1362	RUXOLITINIB	12.3	BestAvgResponse	lower = more sensitive	1	X-1362|INC424	PD	single	PDAC
X-1371	RUXOLITINIB	72.22	BestAvgResponse	lower = more sensitive	1	X-1371|INC424	PD	single	BRCA
X-1383	RUXOLITINIB	35.675	BestAvgResponse	lower = more sensitive	1	X-1383|INC424	PD	single	BRCA
X-1407	RUXOLITINIB	14.725	BestAvgResponse	lower = more sensitive	1	X-1407|INC424	PD	single	BRCA
X-1468	RUXOLITINIB	54.02	BestAvgResponse	lower = more sensitive	1	X-1468|INC424	PD	single	
X-1600	RUXOLITINIB	86.175	BestAvgResponse	lower = more sensitive	1	X-1600|INC424	PD	single	BRCA
X-1828	RUXOLITINIB	64.12	BestAvgResponse	lower = more sensitive	1	X-1828|INC424	PD	single	BRCA
X-1832	RUXOLITINIB	95.9	BestAvgResponse	lower = more sensitive	1	X-1832|INC424	PD	single	BRCA
X-1916	RUXOLITINIB	218.525	BestAvgResponse	lower = more sensitive	1	X-1916|INC424	PD	single	BRCA
X-1921	RUXOLITINIB	61.3	BestAvgResponse	lower = more sensitive	1	X-1921|INC424	PD	single	BRCA
X-1948	RUXOLITINIB	7.94	BestAvgResponse	lower = more sensitive	1	X-1948|INC424	SD	single	PDAC
X-2026	RUXOLITINIB	17.2	BestAvgResponse	lower = more sensitive	1	X-2026|INC424	PD	single	PDAC
X-2043	RUXOLITINIB	34.875	BestAvgResponse	lower = more sensitive	1	X-2043|INC424	PD	single	PDAC
X-2195	RUXOLITINIB	-4.14	BestAvgResponse	lower = more sensitive	1	X-2195|INC424	SD	single	BRCA
X-2283	RUXOLITINIB	41.3	BestAvgResponse	lower = more sensitive	1	X-2283|INC424	PD	single	PDAC
X-2339	RUXOLITINIB	4.575	BestAvgResponse	lower = more sensitive	1	X-2339|INC424	PD	single	PDAC
X-2344	RUXOLITINIB	96.1	BestAvgResponse	lower = more sensitive	1	X-2344|INC424	PD	single	BRCA
X-2353	RUXOLITINIB	18.775	BestAvgResponse	lower = more sensitive	1	X-2353|INC424	PD	single	BRCA
X-2428	RUXOLITINIB	9.375	BestAvgResponse	lower = more sensitive	1	X-2428|INC424	PD	single	PDAC
X-2470	RUXOLITINIB	6.64	BestAvgResponse	lower = more sensitive	1	X-2470|INC424	SD	single	PDAC
X-2487	RUXOLITINIB	84	BestAvgResponse	lower = more sensitive	1	X-2487|INC424	PD	single	BRCA
X-2524	RUXOLITINIB	112.86	BestAvgResponse	lower = more sensitive	1	X-2524|INC424	PD	single	BRCA
X-2564	RUXOLITINIB	11.82	BestAvgResponse	lower = more sensitive	1	X-2564|INC424	PD	single	PDAC
X-2640	RUXOLITINIB	8.78	BestAvgResponse	lower = more sensitive	1	X-2640|INC424	PD	single	BRCA
X-2684	RUXOLITINIB	22.28	BestAvgResponse	lower = more sensitive	1	X-2684|INC424	PD	single	PDAC
X-2780	RUXOLITINIB	108.38	BestAvgResponse	lower = more sensitive	1	X-2780|INC424	PD	single	BRCA
X-2997	RUXOLITINIB	90.675	BestAvgResponse	lower = more sensitive	1	X-2997|INC424	PD	single	PDAC
X-3028	RUXOLITINIB	8.15	BestAvgResponse	lower = more sensitive	1	X-3028|INC424	SD	single	PDAC
X-3038	RUXOLITINIB	21.32	BestAvgResponse	lower = more sensitive	1	X-3038|INC424	PD	single	PDAC
X-3052	RUXOLITINIB	40.66	BestAvgResponse	lower = more sensitive	1	X-3052|INC424	PD	single	PDAC
X-3077	RUXOLITINIB	16.05	BestAvgResponse	lower = more sensitive	1	X-3077|INC424	PD	single	BRCA
X-3078	RUXOLITINIB	45.24	BestAvgResponse	lower = more sensitive	1	X-3078|INC424	PD	single	BRCA
X-3201	RUXOLITINIB	67.7	BestAvgResponse	lower = more sensitive	1	X-3201|INC424	PD	single	BRCA
X-3209	RUXOLITINIB	7.75	BestAvgResponse	lower = more sensitive	1	X-3209|INC424	SD	single	PDAC
X-3268	RUXOLITINIB	17.225	BestAvgResponse	lower = more sensitive	1	X-3268|INC424	PD	single	PDAC
X-3298	RUXOLITINIB	52.55	BestAvgResponse	lower = more sensitive	1	X-3298|INC424	PD	single	BRCA
X-3450	RUXOLITINIB	11.7	BestAvgResponse	lower = more sensitive	1	X-3450|INC424	PD	single	BRCA
X-3468	RUXOLITINIB	6.5	BestAvgResponse	lower = more sensitive	1	X-3468|INC424	PD	single	BRCA
X-3697	RUXOLITINIB	4.1	BestAvgResponse	lower = more sensitive	1	X-3697|INC424	SD	single	BRCA
X-3782	RUXOLITINIB	55.82	BestAvgResponse	lower = more sensitive	1	X-3782|INC424	PD	single	
X-3800	RUXOLITINIB	17.36	BestAvgResponse	lower = more sensitive	1	X-3800|INC424	PD	single	PDAC
X-3816	RUXOLITINIB	17.35	BestAvgResponse	lower = more sensitive	1	X-3816|INC424	PD	single	PDAC
X-3846	RUXOLITINIB	26.6	BestAvgResponse	lower = more sensitive	1	X-3846|INC424	PD	single	PDAC
X-3873	RUXOLITINIB	-1.025	BestAvgResponse	lower = more sensitive	1	X-3873|INC424	SD	single	BRCA
X-3898	RUXOLITINIB	43.76	BestAvgResponse	lower = more sensitive	1	X-3898|INC424	PD	single	PDAC
X-3947	RUXOLITINIB	8.65	BestAvgResponse	lower = more sensitive	1	X-3947|INC424	PD	single	PDAC
X-3990	RUXOLITINIB	24.05	BestAvgResponse	lower = more sensitive	1	X-3990|INC424	PD	single	PDAC
X-4015	RUXOLITINIB	71.6	BestAvgResponse	lower = more sensitive	1	X-4015|INC424	PD	single	PDAC
X-4145	RUXOLITINIB	44.76	BestAvgResponse	lower = more sensitive	1	X-4145|INC424	PD	single	CRC
X-4215	RUXOLITINIB	21.54	BestAvgResponse	lower = more sensitive	1	X-4215|INC424	PD	single	PDAC
X-4226	RUXOLITINIB	19.6	BestAvgResponse	lower = more sensitive	1	X-4226|INC424	PD	single	PDAC
X-4316	RUXOLITINIB	8.32	BestAvgResponse	lower = more sensitive	1	X-4316|INC424	PD	single	PDAC
X-4347	RUXOLITINIB	23.1	BestAvgResponse	lower = more sensitive	1	X-4347|INC424	PD	single	BRCA
X-4377	RUXOLITINIB	94.78	BestAvgResponse	lower = more sensitive	1	X-4377|INC424	PD	single	PDAC
X-4378	RUXOLITINIB	44.475	BestAvgResponse	lower = more sensitive	1	X-4378|INC424	PD	single	PDAC
X-4439	RUXOLITINIB	12.925	BestAvgResponse	lower = more sensitive	1	X-4439|INC424	PD	single	PDAC
X-4567	RUXOLITINIB	-5.56154	BestAvgResponse	lower = more sensitive	1	X-4567|INC424	SD	single	BRCA
X-4649	RUXOLITINIB	46.78	BestAvgResponse	lower = more sensitive	1	X-4649|INC424	PD	single	PDAC
X-4676	RUXOLITINIB	62.8	BestAvgResponse	lower = more sensitive	1	X-4676|INC424	PD	single	PDAC
X-4824	RUXOLITINIB	41.5	BestAvgResponse	lower = more sensitive	1	X-4824|INC424	PD	single	BRCA
X-4888	RUXOLITINIB	19.2	BestAvgResponse	lower = more sensitive	1	X-4888|INC424	PD	single	BRCA
X-4927	RUXOLITINIB	48.52	BestAvgResponse	lower = more sensitive	1	X-4927|INC424	PD	single	PDAC
X-4949	RUXOLITINIB	35.9	BestAvgResponse	lower = more sensitive	1	X-4949|INC424	PD	single	BRCA
X-5249	RUXOLITINIB	89.48	BestAvgResponse	lower = more sensitive	1	X-5249|INC424	PD	single	BRCA
X-5355	RUXOLITINIB	25.32	BestAvgResponse	lower = more sensitive	1	X-5355|INC424	PD	single	BRCA
X-5502	RUXOLITINIB	7.04	BestAvgResponse	lower = more sensitive	1	X-5502|INC424	SD	single	BRCA
X-5975	RUXOLITINIB	8.38	BestAvgResponse	lower = more sensitive	1	X-5975|INC424	PD	single	BRCA
X-6047	RUXOLITINIB	11.44	BestAvgResponse	lower = more sensitive	1	X-6047|INC424	PD	single	BRCA
X-0991	RUXOLITINIB + BINIMETINIB	-12.8167	BestAvgResponse	lower = more sensitive	1	X-0991|INC424 + binimetinib	SD	combo	PDAC
X-1199	RUXOLITINIB + BINIMETINIB	-5.7	BestAvgResponse	lower = more sensitive	1	X-1199|INC424 + binimetinib	SD	combo	PDAC
X-1317	RUXOLITINIB + BINIMETINIB	-2.20667	BestAvgResponse	lower = more sensitive	1	X-1317|INC424 + binimetinib	SD	combo	PDAC
X-1362	RUXOLITINIB + BINIMETINIB	0.62	BestAvgResponse	lower = more sensitive	1	X-1362|INC424 + binimetinib	SD	combo	PDAC
X-1948	RUXOLITINIB + BINIMETINIB	25.05	BestAvgResponse	lower = more sensitive	1	X-1948|INC424 + binimetinib	SD	combo	PDAC
X-1959	RUXOLITINIB + BINIMETINIB	-4.56	BestAvgResponse	lower = more sensitive	1	X-1959|INC424 + binimetinib	SD	combo	PDAC
X-2026	RUXOLITINIB + BINIMETINIB	20.175	BestAvgResponse	lower = more sensitive	1	X-2026|INC424 + binimetinib	SD	combo	PDAC
X-2043	RUXOLITINIB + BINIMETINIB	-7.975	BestAvgResponse	lower = more sensitive	1	X-2043|INC424 + binimetinib	SD	combo	PDAC
X-2081	RUXOLITINIB + BINIMETINIB	15.38	BestAvgResponse	lower = more sensitive	1	X-2081|INC424 + binimetinib	SD	combo	PDAC
X-2283	RUXOLITINIB + BINIMETINIB	58.4667	BestAvgResponse	lower = more sensitive	1	X-2283|INC424 + binimetinib	PD	combo	PDAC
X-2339	RUXOLITINIB + BINIMETINIB	-15.3857	BestAvgResponse	lower = more sensitive	1	X-2339|INC424 + binimetinib	SD	combo	PDAC
X-2564	RUXOLITINIB + BINIMETINIB	46.54	BestAvgResponse	lower = more sensitive	1	X-2564|INC424 + binimetinib	PD	combo	PDAC
X-2633	RUXOLITINIB + BINIMETINIB	13.675	BestAvgResponse	lower = more sensitive	1	X-2633|INC424 + binimetinib	SD	combo	PDAC
X-2684	RUXOLITINIB + BINIMETINIB	65.38	BestAvgResponse	lower = more sensitive	1	X-2684|INC424 + binimetinib	PD	combo	PDAC
X-2997	RUXOLITINIB + BINIMETINIB	13.3	BestAvgResponse	lower = more sensitive	1	X-2997|INC424 + binimetinib	PD	combo	PDAC
X-3028	RUXOLITINIB + BINIMETINIB	21.35	BestAvgResponse	lower = more sensitive	1	X-3028|INC424 + binimetinib	PD	combo	PDAC
X-3038	RUXOLITINIB + BINIMETINIB	-21.8818	BestAvgResponse	lower = more sensitive	1	X-3038|INC424 + binimetinib	SD	combo	PDAC
X-3052	RUXOLITINIB + BINIMETINIB	6.52	BestAvgResponse	lower = more sensitive	1	X-3052|INC424 + binimetinib	SD	combo	PDAC
X-3209	RUXOLITINIB + BINIMETINIB	0.733333	BestAvgResponse	lower = more sensitive	1	X-3209|INC424 + binimetinib	SD	combo	PDAC
X-3268	RUXOLITINIB + BINIMETINIB	13.3846	BestAvgResponse	lower = more sensitive	1	X-3268|INC424 + binimetinib	SD	combo	PDAC
X-3800	RUXOLITINIB + BINIMETINIB	-32.9931	BestAvgResponse	lower = more sensitive	1	X-3800|INC424 + binimetinib	PR	combo	PDAC
X-3816	RUXOLITINIB + BINIMETINIB	2.46	BestAvgResponse	lower = more sensitive	1	X-3816|INC424 + binimetinib	SD	combo	PDAC
X-3846	RUXOLITINIB + BINIMETINIB	28.05	BestAvgResponse	lower = more sensitive	1	X-3846|INC424 + binimetinib	PD	combo	PDAC
X-3898	RUXOLITINIB + BINIMETINIB	-6.91667	BestAvgResponse	lower = more sensitive	1	X-3898|INC424 + binimetinib	SD	combo	PDAC
X-3947	RUXOLITINIB + BINIMETINIB	2.8	BestAvgResponse	lower = more sensitive	1	X-3947|INC424 + binimetinib	SD	combo	PDAC
X-3990	RUXOLITINIB + BINIMETINIB	51.3	BestAvgResponse	lower = more sensitive	1	X-3990|INC424 + binimetinib	PD	combo	PDAC
X-4015	RUXOLITINIB + BINIMETINIB	-4.16	BestAvgResponse	lower = more sensitive	1	X-4015|INC424 + binimetinib	SD	combo	PDAC
X-4018	RUXOLITINIB + BINIMETINIB	-13.88	BestAvgResponse	lower = more sensitive	1	X-4018|INC424 + binimetinib	SD	combo	PDAC
X-4145	RUXOLITINIB + BINIMETINIB	56.1833	BestAvgResponse	lower = more sensitive	1	X-4145|INC424 + binimetinib	PD	combo	CRC
X-4215	RUXOLITINIB + BINIMETINIB	28.125	BestAvgResponse	lower = more sensitive	1	X-4215|INC424 + binimetinib	SD	combo	PDAC
X-4226	RUXOLITINIB + BINIMETINIB	2.55	BestAvgResponse	lower = more sensitive	1	X-4226|INC424 + binimetinib	SD	combo	PDAC
X-4377	RUXOLITINIB + BINIMETINIB	29.44	BestAvgResponse	lower = more sensitive	1	X-4377|INC424 + binimetinib	PD	combo	PDAC
X-4378	RUXOLITINIB + BINIMETINIB	2.2	BestAvgResponse	lower = more sensitive	1	X-4378|INC424 + binimetinib	SD	combo	PDAC
X-4439	RUXOLITINIB + BINIMETINIB	-9.84	BestAvgResponse	lower = more sensitive	1	X-4439|INC424 + binimetinib	SD	combo	PDAC
X-4649	RUXOLITINIB + BINIMETINIB	40.2	BestAvgResponse	lower = more sensitive	1	X-4649|INC424 + binimetinib	PD	combo	PDAC
X-4676	RUXOLITINIB + BINIMETINIB	-10.4444	BestAvgResponse	lower = more sensitive	1	X-4676|INC424 + binimetinib	SD	combo	PDAC
X-4927	RUXOLITINIB + BINIMETINIB	16.65	BestAvgResponse	lower = more sensitive	1	X-4927|INC424 + binimetinib	PD	combo	PDAC
X-5205	RUXOLITINIB + BINIMETINIB	12.775	BestAvgResponse	lower = more sensitive	1	X-5205|INC424 + binimetinib	PD	combo	PDAC
X-007	SIREMADLIN	182.75	BestAvgResponse	lower = more sensitive	1	X-007|HDM201	PD	single	GC
X-010	SIREMADLIN	21.48	BestAvgResponse	lower = more sensitive	1	X-010|HDM201	PD	single	GC
X-011	SIREMADLIN	40.775	BestAvgResponse	lower = more sensitive	1	X-011|HDM201	PD	single	GC
X-015	SIREMADLIN	121.6	BestAvgResponse	lower = more sensitive	1	X-015|HDM201	PD	single	GC
X-017	SIREMADLIN	27.275	BestAvgResponse	lower = more sensitive	1	X-017|HDM201	PD	single	GC
X-020	SIREMADLIN	15.175	BestAvgResponse	lower = more sensitive	1	X-020|HDM201	PD	single	GC
X-025	SIREMADLIN	7.66	BestAvgResponse	lower = more sensitive	1	X-025|HDM201	SD	single	GC
X-027	SIREMADLIN	17.4	BestAvgResponse	lower = more sensitive	1	X-027|HDM201	SD	single	GC
X-028	SIREMADLIN	-0.18	BestAvgResponse	lower = more sensitive	1	X-028|HDM201	PD	single	GC
X-029	SIREMADLIN	48.475	BestAvgResponse	lower = more sensitive	1	X-029|HDM201	PD	single	GC
X-031	SIREMADLIN	15.7	BestAvgResponse	lower = more sensitive	1	X-031|HDM201	PD	single	GC
X-034	SIREMADLIN	16.05	BestAvgResponse	lower = more sensitive	1	X-034|HDM201	PD	single	GC
X-035	SIREMADLIN	35.08	BestAvgResponse	lower = more sensitive	1	X-035|HDM201	PD	single	GC
X-037	SIREMADLIN	32.15	BestAvgResponse	lower = more sensitive	1	X-037|HDM201	PD	single	GC
X-038	SIREMADLIN	34.64	BestAvgResponse	lower = more sensitive	1	X-038|HDM201	PD	single	GC
X-056	SIREMADLIN	31.3	BestAvgResponse	lower = more sensitive	1	X-056|HDM201	PD	single	GC
X-057	SIREMADLIN	57	BestAvgResponse	lower = more sensitive	1	X-057|HDM201	PD	single	GC
X-064	SIREMADLIN	-12.76	BestAvgResponse	lower = more sensitive	1	X-064|HDM201	SD	single	GC
X-065	SIREMADLIN	32.025	BestAvgResponse	lower = more sensitive	1	X-065|HDM201	PD	single	GC
X-067	SIREMADLIN	12.225	BestAvgResponse	lower = more sensitive	1	X-067|HDM201	PD	single	GC
X-075	SIREMADLIN	43.575	BestAvgResponse	lower = more sensitive	1	X-075|HDM201	PD	single	GC
X-077	SIREMADLIN	53.55	BestAvgResponse	lower = more sensitive	1	X-077|HDM201	PD	single	GC
X-084	SIREMADLIN	25.8	BestAvgResponse	lower = more sensitive	1	X-084|HDM201	PD	single	GC
X-089	SIREMADLIN	6.575	BestAvgResponse	lower = more sensitive	1	X-089|HDM201	SD	single	GC
X-090	SIREMADLIN	11.56	BestAvgResponse	lower = more sensitive	1	X-090|HDM201	SD	single	GC
X-091	SIREMADLIN	22.975	BestAvgResponse	lower = more sensitive	1	X-091|HDM201	PD	single	GC
X-0933	SIREMADLIN	28.36	BestAvgResponse	lower = more sensitive	1	X-0933|HDM201	PD	single	CRC
X-096	SIREMADLIN	148.1	BestAvgResponse	lower = more sensitive	1	X-096|HDM201	PD	single	GC
X-097	SIREMADLIN	40.05	BestAvgResponse	lower = more sensitive	1	X-097|HDM201	PD	single	GC
X-098	SIREMADLIN	19.3	BestAvgResponse	lower = more sensitive	1	X-098|HDM201	PD	single	GC
X-099	SIREMADLIN	10.3	BestAvgResponse	lower = more sensitive	1	X-099|HDM201	PD	single	GC
X-0991	SIREMADLIN	14.38	BestAvgResponse	lower = more sensitive	1	X-0991|HDM201	SD	single	PDAC
X-1004	SIREMADLIN	16.5333	BestAvgResponse	lower = more sensitive	1	X-1004|HDM201	PD	single	BRCA
X-1008	SIREMADLIN	79.02	BestAvgResponse	lower = more sensitive	1	X-1008|HDM201	PD	single	BRCA
X-1027	SIREMADLIN	156.24	BestAvgResponse	lower = more sensitive	1	X-1027|HDM201	PD	single	CRC
X-1055	SIREMADLIN	18.86	BestAvgResponse	lower = more sensitive	1	X-1055|HDM201	PD	single	CRC
X-1119	SIREMADLIN	37.56	BestAvgResponse	lower = more sensitive	1	X-1119|HDM201	PD	single	CRC
X-114	SIREMADLIN	0.54	BestAvgResponse	lower = more sensitive	1	X-114|HDM201	SD	single	GC
X-1156	SIREMADLIN	112.84	BestAvgResponse	lower = more sensitive	1	X-1156|HDM201	PD	single	NSCLC
X-1167	SIREMADLIN	-17.22	BestAvgResponse	lower = more sensitive	1	X-1167|HDM201	PD	single	CRC
X-1172	SIREMADLIN	-18.76	BestAvgResponse	lower = more sensitive	1	X-1172|HDM201	SD	single	NSCLC
X-1173	SIREMADLIN	8.35	BestAvgResponse	lower = more sensitive	1	X-1173|HDM201	PD	single	CRC
X-118	SIREMADLIN	177.4	BestAvgResponse	lower = more sensitive	1	X-118|HDM201	PD	single	GC
X-1189	SIREMADLIN	21.675	BestAvgResponse	lower = more sensitive	1	X-1189|HDM201	SD	single	NSCLC
X-119	SIREMADLIN	-13.7	BestAvgResponse	lower = more sensitive	1	X-119|HDM201	SD	single	GC
X-1228	SIREMADLIN	3.46	BestAvgResponse	lower = more sensitive	1	X-1228|HDM201	SD	single	NSCLC
X-127	SIREMADLIN	-61.0833	BestAvgResponse	lower = more sensitive	1	X-127|HDM201	CR	single	GC
X-1270	SIREMADLIN	136.52	BestAvgResponse	lower = more sensitive	1	X-1270|HDM201	PD	single	CRC
X-128	SIREMADLIN	23.95	BestAvgResponse	lower = more sensitive	1	X-128|HDM201	SD	single	GC
X-1286	SIREMADLIN	41.76	BestAvgResponse	lower = more sensitive	1	X-1286|HDM201	PD	single	BRCA
X-1289	SIREMADLIN	16.6917	BestAvgResponse	lower = more sensitive	1	X-1289|HDM201	SD	single	PDAC
X-129	SIREMADLIN	5.34	BestAvgResponse	lower = more sensitive	1	X-129|HDM201	SD	single	GC
X-1290	SIREMADLIN	78.85	BestAvgResponse	lower = more sensitive	1	X-1290|HDM201	PD	single	CRC
X-1298	SIREMADLIN	76.125	BestAvgResponse	lower = more sensitive	1	X-1298|HDM201	PD	single	BRCA
X-1303	SIREMADLIN	67.58	BestAvgResponse	lower = more sensitive	1	X-1303|HDM201	PD	single	CRC
X-131	SIREMADLIN	52.825	BestAvgResponse	lower = more sensitive	1	X-131|HDM201	PD	single	GC
X-1323	SIREMADLIN	60.38	BestAvgResponse	lower = more sensitive	1	X-1323|HDM201	PD	single	NSCLC
X-1329	SIREMADLIN	74.45	BestAvgResponse	lower = more sensitive	1	X-1329|HDM201	PD	single	CRC
X-1362	SIREMADLIN	26.725	BestAvgResponse	lower = more sensitive	1	X-1362|HDM201	PD	single	PDAC
X-1371	SIREMADLIN	59.74	BestAvgResponse	lower = more sensitive	1	X-1371|HDM201	PD	single	BRCA
X-138	SIREMADLIN	34.25	BestAvgResponse	lower = more sensitive	1	X-138|HDM201	PD	single	GC
X-1383	SIREMADLIN	-23.096	BestAvgResponse	lower = more sensitive	1	X-1383|HDM201	SD	single	BRCA
X-1407	SIREMADLIN	67.825	BestAvgResponse	lower = more sensitive	1	X-1407|HDM201	PD	single	BRCA
X-1441	SIREMADLIN	6.96	BestAvgResponse	lower = more sensitive	1	X-1441|HDM201	SD	single	CRC
X-1442	SIREMADLIN	86.175	BestAvgResponse	lower = more sensitive	1	X-1442|HDM201	PD	single	NSCLC
X-1443	SIREMADLIN	77.5333	BestAvgResponse	lower = more sensitive	1	X-1443|HDM201	PD	single	CRC
X-1468	SIREMADLIN	5.92	BestAvgResponse	lower = more sensitive	1	X-1468|HDM201	SD	single	
X-1479	SIREMADLIN	24.26	BestAvgResponse	lower = more sensitive	1	X-1479|HDM201	PD	single	CRC
X-1499	SIREMADLIN	180.3	BestAvgResponse	lower = more sensitive	1	X-1499|HDM201	PD	single	NSCLC
X-1500	SIREMADLIN	173.46	BestAvgResponse	lower = more sensitive	1	X-1500|HDM201	PD	single	CRC
X-1536	SIREMADLIN	3.88	BestAvgResponse	lower = more sensitive	1	X-1536|HDM201	SD	single	CRC
X-154	SIREMADLIN	56.1	BestAvgResponse	lower = more sensitive	1	X-154|HDM201	PD	single	GC
X-158	SIREMADLIN	32.92	BestAvgResponse	lower = more sensitive	1	X-158|HDM201	PD	single	GC
X-1586	SIREMADLIN	-22.82	BestAvgResponse	lower = more sensitive	1	X-1586|HDM201	SD	single	NSCLC
X-160	SIREMADLIN	-6.675	BestAvgResponse	lower = more sensitive	1	X-160|HDM201	SD	single	GC
X-1600	SIREMADLIN	117.68	BestAvgResponse	lower = more sensitive	1	X-1600|HDM201	PD	single	BRCA
X-161	SIREMADLIN	60.6	BestAvgResponse	lower = more sensitive	1	X-161|HDM201	PD	single	GC
X-1631	SIREMADLIN	24.225	BestAvgResponse	lower = more sensitive	1	X-1631|HDM201	PD	single	BRCA
X-165	SIREMADLIN	-10.9167	BestAvgResponse	lower = more sensitive	1	X-165|HDM201	SD	single	GC
X-1658	SIREMADLIN	0.1	BestAvgResponse	lower = more sensitive	1	X-1658|HDM201	SD	single	NSCLC
X-166	SIREMADLIN	49.26	BestAvgResponse	lower = more sensitive	1	X-166|HDM201	PD	single	GC
X-1683	SIREMADLIN	-41.7	BestAvgResponse	lower = more sensitive	1	X-1683|HDM201	SD	single	NSCLC
X-171	SIREMADLIN	26.3	BestAvgResponse	lower = more sensitive	1	X-171|HDM201	PD	single	GC
X-1725	SIREMADLIN	-43.375	BestAvgResponse	lower = more sensitive	1	X-1725|HDM201	PR	single	NSCLC
X-1787	SIREMADLIN	148.8	BestAvgResponse	lower = more sensitive	1	X-1787|HDM201	PD	single	NSCLC
X-1823	SIREMADLIN	149.46	BestAvgResponse	lower = more sensitive	1	X-1823|HDM201	PD	single	NSCLC
X-1828	SIREMADLIN	19.5	BestAvgResponse	lower = more sensitive	1	X-1828|HDM201	PD	single	BRCA
X-1832	SIREMADLIN	190.12	BestAvgResponse	lower = more sensitive	1	X-1832|HDM201	PD	single	BRCA
X-1834	SIREMADLIN	105.1	BestAvgResponse	lower = more sensitive	1	X-1834|HDM201	PD	single	NSCLC
X-1835	SIREMADLIN	22.84	BestAvgResponse	lower = more sensitive	1	X-1835|HDM201	PD	single	NSCLC
X-1855	SIREMADLIN	17.35	BestAvgResponse	lower = more sensitive	1	X-1855|HDM201	PD	single	CRC
X-1869	SIREMADLIN	-45.32	BestAvgResponse	lower = more sensitive	1	X-1869|HDM201	PD	single	NSCLC
X-1870	SIREMADLIN	15.55	BestAvgResponse	lower = more sensitive	1	X-1870|HDM201	SD	single	NSCLC
X-1916	SIREMADLIN	142.52	BestAvgResponse	lower = more sensitive	1	X-1916|HDM201	PD	single	BRCA
X-1921	SIREMADLIN	34.775	BestAvgResponse	lower = more sensitive	1	X-1921|HDM201	PD	single	BRCA
X-1934	SIREMADLIN	195.725	BestAvgResponse	lower = more sensitive	1	X-1934|HDM201	PD	single	NSCLC
X-1948	SIREMADLIN	24.475	BestAvgResponse	lower = more sensitive	1	X-1948|HDM201	PD	single	PDAC
X-1980	SIREMADLIN	-3.58	BestAvgResponse	lower = more sensitive	1	X-1980|HDM201	PD	single	NSCLC
X-1993	SIREMADLIN	74.4	BestAvgResponse	lower = more sensitive	1	X-1993|HDM201	PD	single	NSCLC
X-2017	SIREMADLIN	100.46	BestAvgResponse	lower = more sensitive	1	X-2017|HDM201	PD	single	NSCLC
X-2026	SIREMADLIN	64.36	BestAvgResponse	lower = more sensitive	1	X-2026|HDM201	PD	single	PDAC
X-2042	SIREMADLIN	68.025	BestAvgResponse	lower = more sensitive	1	X-2042|HDM201	PD	single	NSCLC
X-2043	SIREMADLIN	30.9	BestAvgResponse	lower = more sensitive	1	X-2043|HDM201	PD	single	PDAC
X-2081	SIREMADLIN	84.75	BestAvgResponse	lower = more sensitive	1	X-2081|HDM201	PD	single	PDAC
X-2082	SIREMADLIN	67.6	BestAvgResponse	lower = more sensitive	1	X-2082|HDM201	PD	single	NSCLC
X-2088	SIREMADLIN	69.6	BestAvgResponse	lower = more sensitive	1	X-2088|HDM201	PD	single	NSCLC
X-2094	SIREMADLIN	135	BestAvgResponse	lower = more sensitive	1	X-2094|HDM201	PD	single	NSCLC
X-2145	SIREMADLIN	-17.9625	BestAvgResponse	lower = more sensitive	1	X-2145|HDM201	SD	single	CRC
X-2182	SIREMADLIN	162.26	BestAvgResponse	lower = more sensitive	1	X-2182|HDM201	PD	single	CRC
X-2195	SIREMADLIN	7.24	BestAvgResponse	lower = more sensitive	1	X-2195|HDM201	SD	single	BRCA
X-2283	SIREMADLIN	97.1667	BestAvgResponse	lower = more sensitive	1	X-2283|HDM201	PD	single	PDAC
X-2339	SIREMADLIN	9.94	BestAvgResponse	lower = more sensitive	1	X-2339|HDM201	PD	single	PDAC
X-2344	SIREMADLIN	87.475	BestAvgResponse	lower = more sensitive	1	X-2344|HDM201	PD	single	BRCA
X-2353	SIREMADLIN	27.84	BestAvgResponse	lower = more sensitive	1	X-2353|HDM201	PD	single	BRCA
X-2374	SIREMADLIN	6.9	BestAvgResponse	lower = more sensitive	1	X-2374|HDM201	PD	single	CRC
X-2403	SIREMADLIN	2.75	BestAvgResponse	lower = more sensitive	1	X-2403|HDM201	SD	single	CRC
X-2428	SIREMADLIN	55.38	BestAvgResponse	lower = more sensitive	1	X-2428|HDM201	PD	single	PDAC
X-2483	SIREMADLIN	27.5	BestAvgResponse	lower = more sensitive	1	X-2483|HDM201	PD	single	CRC
X-2484	SIREMADLIN	23.48	BestAvgResponse	lower = more sensitive	1	X-2484|HDM201	PD	single	CRC
X-2487	SIREMADLIN	49.8333	BestAvgResponse	lower = more sensitive	1	X-2487|HDM201	PD	single	BRCA
X-2524	SIREMADLIN	50.38	BestAvgResponse	lower = more sensitive	1	X-2524|HDM201	PD	single	BRCA
X-2538	SIREMADLIN	25.52	BestAvgResponse	lower = more sensitive	1	X-2538|HDM201	PD	single	CRC
X-2564	SIREMADLIN	6.9	BestAvgResponse	lower = more sensitive	1	X-2564|HDM201	SD	single	PDAC
X-2573	SIREMADLIN	26.3	BestAvgResponse	lower = more sensitive	1	X-2573|HDM201	PD	single	CRC
X-2633	SIREMADLIN	12.82	BestAvgResponse	lower = more sensitive	1	X-2633|HDM201	PD	single	PDAC
X-2640	SIREMADLIN	65.86	BestAvgResponse	lower = more sensitive	1	X-2640|HDM201	PD	single	BRCA
X-2659	SIREMADLIN	58.175	BestAvgResponse	lower = more sensitive	1	X-2659|HDM201	PD	single	CRC
X-2684	SIREMADLIN	107.22	BestAvgResponse	lower = more sensitive	1	X-2684|HDM201	PD	single	PDAC
X-2780	SIREMADLIN	10.82	BestAvgResponse	lower = more sensitive	1	X-2780|HDM201	SD	single	BRCA
X-2822	SIREMADLIN	5.08	BestAvgResponse	lower = more sensitive	1	X-2822|HDM201	PD	single	CRC
X-2846	SIREMADLIN	106.275	BestAvgResponse	lower = more sensitive	1	X-2846|HDM201	PD	single	CRC
X-2861	SIREMADLIN	60.1	BestAvgResponse	lower = more sensitive	1	X-2861|HDM201	PD	single	CRC
X-2997	SIREMADLIN	99.325	BestAvgResponse	lower = more sensitive	1	X-2997|HDM201	PD	single	PDAC
X-3028	SIREMADLIN	2.96	BestAvgResponse	lower = more sensitive	1	X-3028|HDM201	SD	single	PDAC
X-3029	SIREMADLIN	-25.7667	BestAvgResponse	lower = more sensitive	1	X-3029|HDM201	SD	single	NSCLC
X-3038	SIREMADLIN	13.9	BestAvgResponse	lower = more sensitive	1	X-3038|HDM201	SD	single	PDAC
X-3052	SIREMADLIN	18.9	BestAvgResponse	lower = more sensitive	1	X-3052|HDM201	PD	single	PDAC
X-3077	SIREMADLIN	6.275	BestAvgResponse	lower = more sensitive	1	X-3077|HDM201	PD	single	BRCA
X-3078	SIREMADLIN	-27.6	BestAvgResponse	lower = more sensitive	1	X-3078|HDM201	SD	single	BRCA
X-3093	SIREMADLIN	17.16	BestAvgResponse	lower = more sensitive	1	X-3093|HDM201	PD	single	CRC
X-3201	SIREMADLIN	51.65	BestAvgResponse	lower = more sensitive	1	X-3201|HDM201	PD	single	BRCA
X-3205	SIREMADLIN	24.65	BestAvgResponse	lower = more sensitive	1	X-3205|HDM201	PD	single	CRC
X-3224	SIREMADLIN	159.18	BestAvgResponse	lower = more sensitive	1	X-3224|HDM201	PD	single	CRC
X-3237	SIREMADLIN	21.06	BestAvgResponse	lower = more sensitive	1	X-3237|HDM201	PD	single	NSCLC
X-3267	SIREMADLIN	8.775	BestAvgResponse	lower = more sensitive	1	X-3267|HDM201	SD	single	CRC
X-3268	SIREMADLIN	40.44	BestAvgResponse	lower = more sensitive	1	X-3268|HDM201	PD	single	PDAC
X-3298	SIREMADLIN	38.975	BestAvgResponse	lower = more sensitive	1	X-3298|HDM201	PD	single	BRCA
X-3450	SIREMADLIN	32.78	BestAvgResponse	lower = more sensitive	1	X-3450|HDM201	PD	single	BRCA
X-3468	SIREMADLIN	0.92	BestAvgResponse	lower = more sensitive	1	X-3468|HDM201	SD	single	BRCA
X-3697	SIREMADLIN	49.78	BestAvgResponse	lower = more sensitive	1	X-3697|HDM201	PD	single	BRCA
X-3792	SIREMADLIN	54.32	BestAvgResponse	lower = more sensitive	1	X-3792|HDM201	PD	single	CRC
X-3800	SIREMADLIN	-28.6533	BestAvgResponse	lower = more sensitive	1	X-3800|HDM201	SD	single	PDAC
X-3816	SIREMADLIN	38.36	BestAvgResponse	lower = more sensitive	1	X-3816|HDM201	PD	single	PDAC
X-3843	SIREMADLIN	59.35	BestAvgResponse	lower = more sensitive	1	X-3843|HDM201	PD	single	NSCLC
X-3846	SIREMADLIN	37.72	BestAvgResponse	lower = more sensitive	1	X-3846|HDM201	PD	single	PDAC
X-3873	SIREMADLIN	33.125	BestAvgResponse	lower = more sensitive	1	X-3873|HDM201	PD	single	BRCA
X-3898	SIREMADLIN	53.82	BestAvgResponse	lower = more sensitive	1	X-3898|HDM201	PD	single	PDAC
X-3947	SIREMADLIN	51.94	BestAvgResponse	lower = more sensitive	1	X-3947|HDM201	PD	single	PDAC
X-3990	SIREMADLIN	28.775	BestAvgResponse	lower = more sensitive	1	X-3990|HDM201	PD	single	PDAC
X-4015	SIREMADLIN	-4.66	BestAvgResponse	lower = more sensitive	1	X-4015|HDM201	SD	single	PDAC
X-4018	SIREMADLIN	24.775	BestAvgResponse	lower = more sensitive	1	X-4018|HDM201	PD	single	PDAC
X-4087	SIREMADLIN	12.375	BestAvgResponse	lower = more sensitive	1	X-4087|HDM201	PD	single	CRC
X-4145	SIREMADLIN	56.46	BestAvgResponse	lower = more sensitive	1	X-4145|HDM201	PD	single	CRC
X-4215	SIREMADLIN	40.58	BestAvgResponse	lower = more sensitive	1	X-4215|HDM201	PD	single	PDAC
X-4226	SIREMADLIN	60.26	BestAvgResponse	lower = more sensitive	1	X-4226|HDM201	PD	single	PDAC
X-4316	SIREMADLIN	29.36	BestAvgResponse	lower = more sensitive	1	X-4316|HDM201	PD	single	PDAC
X-4347	SIREMADLIN	0.7	BestAvgResponse	lower = more sensitive	1	X-4347|HDM201	SD	single	BRCA
X-4377	SIREMADLIN	89.14	BestAvgResponse	lower = more sensitive	1	X-4377|HDM201	PD	single	PDAC
X-4378	SIREMADLIN	16.24	BestAvgResponse	lower = more sensitive	1	X-4378|HDM201	PD	single	PDAC
X-4439	SIREMADLIN	7.5	BestAvgResponse	lower = more sensitive	1	X-4439|HDM201	PD	single	PDAC
X-4567	SIREMADLIN	-7.05	BestAvgResponse	lower = more sensitive	1	X-4567|HDM201	SD	single	BRCA
X-4649	SIREMADLIN	6.74	BestAvgResponse	lower = more sensitive	1	X-4649|HDM201	SD	single	PDAC
X-4676	SIREMADLIN	1.8	BestAvgResponse	lower = more sensitive	1	X-4676|HDM201	PD	single	PDAC
X-4819	SIREMADLIN	189.1	BestAvgResponse	lower = more sensitive	1	X-4819|HDM201	PD	single	NSCLC
X-4824	SIREMADLIN	21.8	BestAvgResponse	lower = more sensitive	1	X-4824|HDM201	PD	single	BRCA
X-4888	SIREMADLIN	17	BestAvgResponse	lower = more sensitive	1	X-4888|HDM201	PD	single	BRCA
X-4927	SIREMADLIN	97.94	BestAvgResponse	lower = more sensitive	1	X-4927|HDM201	PD	single	PDAC
X-4949	SIREMADLIN	100.75	BestAvgResponse	lower = more sensitive	1	X-4949|HDM201	PD	single	BRCA
X-5205	SIREMADLIN	-68.225	BestAvgResponse	lower = more sensitive	1	X-5205|HDM201	CR	single	PDAC
X-5249	SIREMADLIN	37.875	BestAvgResponse	lower = more sensitive	1	X-5249|HDM201	PD	single	BRCA
X-5254	SIREMADLIN	14.04	BestAvgResponse	lower = more sensitive	1	X-5254|HDM201	PD	single	CRC
X-5355	SIREMADLIN	66.05	BestAvgResponse	lower = more sensitive	1	X-5355|HDM201	PD	single	BRCA
X-5405	SIREMADLIN	1.425	BestAvgResponse	lower = more sensitive	1	X-5405|HDM201	PD	single	CRC
X-5438	SIREMADLIN	29.52	BestAvgResponse	lower = more sensitive	1	X-5438|HDM201	PD	single	CRC
X-5446	SIREMADLIN	14.675	BestAvgResponse	lower = more sensitive	1	X-5446|HDM201	PD	single	CRC
X-5494	SIREMADLIN	68.7667	BestAvgResponse	lower = more sensitive	1	X-5494|HDM201	PD	single	CRC
X-5495	SIREMADLIN	33.24	BestAvgResponse	lower = more sensitive	1	X-5495|HDM201	PD	single	CRC
X-5502	SIREMADLIN	21.42	BestAvgResponse	lower = more sensitive	1	X-5502|HDM201	PD	single	BRCA
X-5578	SIREMADLIN	74.8	BestAvgResponse	lower = more sensitive	1	X-5578|HDM201	PD	single	CRC
X-5975	SIREMADLIN	6.64	BestAvgResponse	lower = more sensitive	1	X-5975|HDM201	PD	single	BRCA
X-6047	SIREMADLIN	130.825	BestAvgResponse	lower = more sensitive	1	X-6047|HDM201	PD	single	BRCA
X-1655	SONIDEGIB	72.65	BestAvgResponse	lower = more sensitive	1	X-1655|LDE225	PD	single	CM
X-1906	SONIDEGIB	101.9	BestAvgResponse	lower = more sensitive	1	X-1906|LDE225	PD	single	CM
X-2163	SONIDEGIB	3.5	BestAvgResponse	lower = more sensitive	1	X-2163|LDE225	SD	single	CM
X-2306	SONIDEGIB	11.25	BestAvgResponse	lower = more sensitive	1	X-2306|LDE225	PD	single	CM
X-2602	SONIDEGIB	30.46	BestAvgResponse	lower = more sensitive	1	X-2602|LDE225	PD	single	CM
X-2613	SONIDEGIB	90.3	BestAvgResponse	lower = more sensitive	1	X-2613|LDE225	PD	single	CM
X-2700	SONIDEGIB	27.025	BestAvgResponse	lower = more sensitive	1	X-2700|LDE225	PD	single	CM
X-2723	SONIDEGIB	77.525	BestAvgResponse	lower = more sensitive	1	X-2723|LDE225	PD	single	CM
X-2753	SONIDEGIB	63	BestAvgResponse	lower = more sensitive	1	X-2753|LDE225	PD	single	CM
X-2838	SONIDEGIB	12.46	BestAvgResponse	lower = more sensitive	1	X-2838|LDE225	PD	single	CM
X-2921	SONIDEGIB	49.55	BestAvgResponse	lower = more sensitive	1	X-2921|LDE225	PD	single	CM
X-2992	SONIDEGIB	121.84	BestAvgResponse	lower = more sensitive	1	X-2992|LDE225	PD	single	CM
X-3127	SONIDEGIB	23	BestAvgResponse	lower = more sensitive	1	X-3127|LDE225	PD	single	CM
X-3211	SONIDEGIB	-4.36	BestAvgResponse	lower = more sensitive	1	X-3211|LDE225	SD	single	CM
X-3483	SONIDEGIB	81.425	BestAvgResponse	lower = more sensitive	1	X-3483|LDE225	PD	single	CM
X-3486	SONIDEGIB	69.4	BestAvgResponse	lower = more sensitive	1	X-3486|LDE225	PD	single	CM
X-3503	SONIDEGIB	25	BestAvgResponse	lower = more sensitive	1	X-3503|LDE225	PD	single	CM
X-3676	SONIDEGIB	166.66	BestAvgResponse	lower = more sensitive	1	X-3676|LDE225	PD	single	CM
X-3746	SONIDEGIB	138.567	BestAvgResponse	lower = more sensitive	1	X-3746|LDE225	PD	single	CM
X-3773	SONIDEGIB	29.12	BestAvgResponse	lower = more sensitive	1	X-3773|LDE225	PD	single	CM
X-3851	SONIDEGIB	33.72	BestAvgResponse	lower = more sensitive	1	X-3851|LDE225	PD	single	CM
X-3880	SONIDEGIB	7.4	BestAvgResponse	lower = more sensitive	1	X-3880|LDE225	SD	single	CM
X-4157	SONIDEGIB	8.575	BestAvgResponse	lower = more sensitive	1	X-4157|LDE225	SD	single	CM
X-4339	SONIDEGIB	14.1429	BestAvgResponse	lower = more sensitive	1	X-4339|LDE225	SD	single	CM
X-4426	SONIDEGIB	62.475	BestAvgResponse	lower = more sensitive	1	X-4426|LDE225	PD	single	CM
X-4455	SONIDEGIB	3.35	BestAvgResponse	lower = more sensitive	1	X-4455|LDE225	PD	single	CM
X-4530	SONIDEGIB	9.125	BestAvgResponse	lower = more sensitive	1	X-4530|LDE225	PD	single	CM
X-4538	SONIDEGIB	28.44	BestAvgResponse	lower = more sensitive	1	X-4538|LDE225	PD	single	CM
X-4644	SONIDEGIB	82.12	BestAvgResponse	lower = more sensitive	1	X-4644|LDE225	PD	single	CM
X-4668	SONIDEGIB	107.65	BestAvgResponse	lower = more sensitive	1	X-4668|LDE225	PD	single	CM
X-4832	SONIDEGIB	133.3	BestAvgResponse	lower = more sensitive	1	X-4832|LDE225	PD	single	CM
X-4849	SONIDEGIB	16.8	BestAvgResponse	lower = more sensitive	1	X-4849|LDE225	SD	single	CM
X-5189	SONIDEGIB	10.125	BestAvgResponse	lower = more sensitive	1	X-5189|LDE225	SD	single	CM
X-1004	TAMOXIFEN	48.1667	BestAvgResponse	lower = more sensitive	1	X-1004|tamoxifen	PD	single	BRCA
X-1008	TAMOXIFEN	35.96	BestAvgResponse	lower = more sensitive	1	X-1008|tamoxifen	PD	single	BRCA
X-1286	TAMOXIFEN	50.02	BestAvgResponse	lower = more sensitive	1	X-1286|tamoxifen	PD	single	BRCA
X-1298	TAMOXIFEN	-0.52	BestAvgResponse	lower = more sensitive	1	X-1298|tamoxifen	SD	single	BRCA
X-1371	TAMOXIFEN	40.64	BestAvgResponse	lower = more sensitive	1	X-1371|tamoxifen	PD	single	BRCA
X-1383	TAMOXIFEN	43.94	BestAvgResponse	lower = more sensitive	1	X-1383|tamoxifen	PD	single	BRCA
X-1407	TAMOXIFEN	54.1	BestAvgResponse	lower = more sensitive	1	X-1407|tamoxifen	PD	single	BRCA
X-1468	TAMOXIFEN	74.2	BestAvgResponse	lower = more sensitive	1	X-1468|tamoxifen	PD	single	
X-1600	TAMOXIFEN	21.85	BestAvgResponse	lower = more sensitive	1	X-1600|tamoxifen	PD	single	BRCA
X-1631	TAMOXIFEN	71.28	BestAvgResponse	lower = more sensitive	1	X-1631|tamoxifen	PD	single	BRCA
X-1828	TAMOXIFEN	17.1667	BestAvgResponse	lower = more sensitive	1	X-1828|tamoxifen	PD	single	BRCA
X-1832	TAMOXIFEN	240.46	BestAvgResponse	lower = more sensitive	1	X-1832|tamoxifen	PD	single	BRCA
X-1916	TAMOXIFEN	43.725	BestAvgResponse	lower = more sensitive	1	X-1916|tamoxifen	PD	single	BRCA
X-1921	TAMOXIFEN	10.575	BestAvgResponse	lower = more sensitive	1	X-1921|tamoxifen	PD	single	BRCA
X-2195	TAMOXIFEN	-13.6	BestAvgResponse	lower = more sensitive	1	X-2195|tamoxifen	SD	single	BRCA
X-2344	TAMOXIFEN	62.86	BestAvgResponse	lower = more sensitive	1	X-2344|tamoxifen	PD	single	BRCA
X-2353	TAMOXIFEN	47.44	BestAvgResponse	lower = more sensitive	1	X-2353|tamoxifen	PD	single	BRCA
X-2487	TAMOXIFEN	4.025	BestAvgResponse	lower = more sensitive	1	X-2487|tamoxifen	PD	single	BRCA
X-2524	TAMOXIFEN	128.8	BestAvgResponse	lower = more sensitive	1	X-2524|tamoxifen	PD	single	BRCA
X-2640	TAMOXIFEN	43.2	BestAvgResponse	lower = more sensitive	1	X-2640|tamoxifen	PD	single	BRCA
X-2780	TAMOXIFEN	-9.275	BestAvgResponse	lower = more sensitive	1	X-2780|tamoxifen	SD	single	BRCA
X-3077	TAMOXIFEN	-4.68	BestAvgResponse	lower = more sensitive	1	X-3077|tamoxifen	SD	single	BRCA
X-3078	TAMOXIFEN	19.35	BestAvgResponse	lower = more sensitive	1	X-3078|tamoxifen	PD	single	BRCA
X-3201	TAMOXIFEN	65.85	BestAvgResponse	lower = more sensitive	1	X-3201|tamoxifen	PD	single	BRCA
X-3298	TAMOXIFEN	42.35	BestAvgResponse	lower = more sensitive	1	X-3298|tamoxifen	PD	single	BRCA
X-3450	TAMOXIFEN	8.6	BestAvgResponse	lower = more sensitive	1	X-3450|tamoxifen	PD	single	BRCA
X-3468	TAMOXIFEN	0.3	BestAvgResponse	lower = more sensitive	1	X-3468|tamoxifen	SD	single	BRCA
X-3697	TAMOXIFEN	-11.04	BestAvgResponse	lower = more sensitive	1	X-3697|tamoxifen	PD	single	BRCA
X-3873	TAMOXIFEN	35.3	BestAvgResponse	lower = more sensitive	1	X-3873|tamoxifen	PD	single	BRCA
X-4347	TAMOXIFEN	39.9	BestAvgResponse	lower = more sensitive	1	X-4347|tamoxifen	PD	single	BRCA
X-4567	TAMOXIFEN	47.875	BestAvgResponse	lower = more sensitive	1	X-4567|tamoxifen	PD	single	BRCA
X-4824	TAMOXIFEN	39.52	BestAvgResponse	lower = more sensitive	1	X-4824|tamoxifen	PD	single	BRCA
X-4888	TAMOXIFEN	51.75	BestAvgResponse	lower = more sensitive	1	X-4888|tamoxifen	PD	single	BRCA
X-4949	TAMOXIFEN	110.65	BestAvgResponse	lower = more sensitive	1	X-4949|tamoxifen	PD	single	BRCA
X-5249	TAMOXIFEN	42.55	BestAvgResponse	lower = more sensitive	1	X-5249|tamoxifen	PD	single	BRCA
X-5355	TAMOXIFEN	48.625	BestAvgResponse	lower = more sensitive	1	X-5355|tamoxifen	PD	single	BRCA
X-5502	TAMOXIFEN	14.525	BestAvgResponse	lower = more sensitive	1	X-5502|tamoxifen	PD	single	BRCA
X-5975	TAMOXIFEN	29.18	BestAvgResponse	lower = more sensitive	1	X-5975|tamoxifen	PD	single	BRCA
X-6047	TAMOXIFEN	31.675	BestAvgResponse	lower = more sensitive	1	X-6047|tamoxifen	PD	single	BRCA
X-1655	TAS266	70.82	BestAvgResponse	lower = more sensitive	1	X-1655|TAS266	PD	single	CM
X-1906	TAS266	-37.76	BestAvgResponse	lower = more sensitive	1	X-1906|TAS266	SD	single	CM
X-2163	TAS266	19.3	BestAvgResponse	lower = more sensitive	1	X-2163|TAS266	SD	single	CM
X-2306	TAS266	18.48	BestAvgResponse	lower = more sensitive	1	X-2306|TAS266	PD	single	CM
X-2602	TAS266	26.72	BestAvgResponse	lower = more sensitive	1	X-2602|TAS266	SD	single	CM
X-2613	TAS266	-82.54	BestAvgResponse	lower = more sensitive	1	X-2613|TAS266	CR	single	CM
X-2700	TAS266	78.74	BestAvgResponse	lower = more sensitive	1	X-2700|TAS266	PD	single	CM
X-2723	TAS266	56.525	BestAvgResponse	lower = more sensitive	1	X-2723|TAS266	PD	single	CM
X-2753	TAS266	28.9	BestAvgResponse	lower = more sensitive	1	X-2753|TAS266	PD	single	CM
X-2838	TAS266	10.96	BestAvgResponse	lower = more sensitive	1	X-2838|TAS266	SD	single	CM
X-2921	TAS266	166.225	BestAvgResponse	lower = more sensitive	1	X-2921|TAS266	PD	single	CM
X-2992	TAS266	166.58	BestAvgResponse	lower = more sensitive	1	X-2992|TAS266	PD	single	CM
X-3127	TAS266	-59.32	BestAvgResponse	lower = more sensitive	1	X-3127|TAS266	PR	single	CM
X-3211	TAS266	4.975	BestAvgResponse	lower = more sensitive	1	X-3211|TAS266	PD	single	CM
X-3483	TAS266	-97.3171	BestAvgResponse	lower = more sensitive	1	X-3483|TAS266	CR	single	CM
X-3486	TAS266	73.65	BestAvgResponse	lower = more sensitive	1	X-3486|TAS266	PD	single	CM
X-3503	TAS266	27.16	BestAvgResponse	lower = more sensitive	1	X-3503|TAS266	PD	single	CM
X-3676	TAS266	157.15	BestAvgResponse	lower = more sensitive	1	X-3676|TAS266	PD	single	CM
X-3746	TAS266	23.2	BestAvgResponse	lower = more sensitive	1	X-3746|TAS266	PD	single	CM
X-3773	TAS266	-16.975	BestAvgResponse	lower = more sensitive	1	X-3773|TAS266	SD	single	CM
X-3851	TAS266	47.76	BestAvgResponse	lower = more sensitive	1	X-3851|TAS266	PD	single	CM
X-3880	TAS266	124	BestAvgResponse	lower = more sensitive	1	X-3880|TAS266	PD	single	CM
X-4157	TAS266	24.72	BestAvgResponse	lower = more sensitive	1	X-4157|TAS266	PD	single	CM
X-4339	TAS266	10.9	BestAvgResponse	lower = more sensitive	1	X-4339|TAS266	SD	single	CM
X-4426	TAS266	-32.16	BestAvgResponse	lower = more sensitive	1	X-4426|TAS266	PR	single	CM
X-4455	TAS266	44.675	BestAvgResponse	lower = more sensitive	1	X-4455|TAS266	PD	single	CM
X-4530	TAS266	93.5	BestAvgResponse	lower = more sensitive	1	X-4530|TAS266	PD	single	CM
X-4538	TAS266	84.9	BestAvgResponse	lower = more sensitive	1	X-4538|TAS266	PD	single	CM
X-4644	TAS266	99.25	BestAvgResponse	lower = more sensitive	1	X-4644|TAS266	PD	single	CM
X-4668	TAS266	-90.2432	BestAvgResponse	lower = more sensitive	1	X-4668|TAS266	CR	single	CM
X-4832	TAS266	81.85	BestAvgResponse	lower = more sensitive	1	X-4832|TAS266	PD	single	CM
X-4849	TAS266	135.025	BestAvgResponse	lower = more sensitive	1	X-4849|TAS266	PD	single	CM
X-5189	TAS266	-72.3818	BestAvgResponse	lower = more sensitive	1	X-5189|TAS266	PR	single	CM
X-0991	TRAMETINIB	-16.276	BestAvgResponse	lower = more sensitive	1	X-0991|trametinib	SD	single	PDAC
X-1199	TRAMETINIB	-44.5036	BestAvgResponse	lower = more sensitive	1	X-1199|trametinib	PR	single	PDAC
X-1289	TRAMETINIB	-44.1913	BestAvgResponse	lower = more sensitive	1	X-1289|trametinib	CR	single	PDAC
X-1362	TRAMETINIB	-42.8286	BestAvgResponse	lower = more sensitive	1	X-1362|trametinib	PR	single	PDAC
X-1948	TRAMETINIB	-18.5074	BestAvgResponse	lower = more sensitive	1	X-1948|trametinib	SD	single	PDAC
X-2026	TRAMETINIB	9.15	BestAvgResponse	lower = more sensitive	1	X-2026|trametinib	SD	single	PDAC
X-2081	TRAMETINIB	92.8	BestAvgResponse	lower = more sensitive	1	X-2081|trametinib	PD	single	PDAC
X-2220	TRAMETINIB	73.275	BestAvgResponse	lower = more sensitive	1	X-2220|trametinib	PD	single	
X-2283	TRAMETINIB	24.96	BestAvgResponse	lower = more sensitive	1	X-2283|trametinib	PD	single	PDAC
X-2339	TRAMETINIB	-8.4	BestAvgResponse	lower = more sensitive	1	X-2339|trametinib	SD	single	PDAC
X-2428	TRAMETINIB	-4.5	BestAvgResponse	lower = more sensitive	1	X-2428|trametinib	SD	single	PDAC
X-2470	TRAMETINIB	-26.7714	BestAvgResponse	lower = more sensitive	1	X-2470|trametinib	PR	single	PDAC
X-2564	TRAMETINIB	15.875	BestAvgResponse	lower = more sensitive	1	X-2564|trametinib	SD	single	PDAC
X-2633	TRAMETINIB	-32.3769	BestAvgResponse	lower = more sensitive	1	X-2633|trametinib	PR	single	PDAC
X-2684	TRAMETINIB	9.98	BestAvgResponse	lower = more sensitive	1	X-2684|trametinib	PD	single	PDAC
X-2997	TRAMETINIB	33.68	BestAvgResponse	lower = more sensitive	1	X-2997|trametinib	PD	single	PDAC
X-3028	TRAMETINIB	13.2	BestAvgResponse	lower = more sensitive	1	X-3028|trametinib	SD	single	PDAC
X-3038	TRAMETINIB	-16.6111	BestAvgResponse	lower = more sensitive	1	X-3038|trametinib	SD	single	PDAC
X-3052	TRAMETINIB	51.68	BestAvgResponse	lower = more sensitive	1	X-3052|trametinib	PD	single	PDAC
X-3268	TRAMETINIB	-5.26	BestAvgResponse	lower = more sensitive	1	X-3268|trametinib	SD	single	PDAC
X-3782	TRAMETINIB	-27.1067	BestAvgResponse	lower = more sensitive	1	X-3782|trametinib	SD	single	
X-3800	TRAMETINIB	-25.0115	BestAvgResponse	lower = more sensitive	1	X-3800|trametinib	SD	single	PDAC
X-3816	TRAMETINIB	29.0571	BestAvgResponse	lower = more sensitive	1	X-3816|trametinib	SD	single	PDAC
X-3846	TRAMETINIB	-36.5333	BestAvgResponse	lower = more sensitive	1	X-3846|trametinib	PR	single	PDAC
X-3898	TRAMETINIB	7.4	BestAvgResponse	lower = more sensitive	1	X-3898|trametinib	SD	single	PDAC
X-3947	TRAMETINIB	37.475	BestAvgResponse	lower = more sensitive	1	X-3947|trametinib	PD	single	PDAC
X-3990	TRAMETINIB	-7.7875	BestAvgResponse	lower = more sensitive	1	X-3990|trametinib	SD	single	PDAC
X-4018	TRAMETINIB	16.84	BestAvgResponse	lower = more sensitive	1	X-4018|trametinib	SD	single	PDAC
X-4145	TRAMETINIB	98.875	BestAvgResponse	lower = more sensitive	1	X-4145|trametinib	PD	single	CRC
X-4215	TRAMETINIB	11.9	BestAvgResponse	lower = more sensitive	1	X-4215|trametinib	PD	single	PDAC
X-4226	TRAMETINIB	-3.725	BestAvgResponse	lower = more sensitive	1	X-4226|trametinib	SD	single	PDAC
X-4316	TRAMETINIB	-12.4833	BestAvgResponse	lower = more sensitive	1	X-4316|trametinib	SD	single	PDAC
X-4377	TRAMETINIB	-15	BestAvgResponse	lower = more sensitive	1	X-4377|trametinib	SD	single	PDAC
X-4378	TRAMETINIB	38.14	BestAvgResponse	lower = more sensitive	1	X-4378|trametinib	PD	single	PDAC
X-4439	TRAMETINIB	0.65	BestAvgResponse	lower = more sensitive	1	X-4439|trametinib	SD	single	PDAC
X-4649	TRAMETINIB	-7.92222	BestAvgResponse	lower = more sensitive	1	X-4649|trametinib	SD	single	PDAC
X-4676	TRAMETINIB	-10.475	BestAvgResponse	lower = more sensitive	1	X-4676|trametinib	SD	single	PDAC
X-4927	TRAMETINIB	195.36	BestAvgResponse	lower = more sensitive	1	X-4927|trametinib	PD	single	PDAC
X-5205	TRAMETINIB	45.45	BestAvgResponse	lower = more sensitive	1	X-5205|trametinib	PD	single	PDAC
X-007	TRASTUZUMAB	51.16	BestAvgResponse	lower = more sensitive	1	X-007|trastuzumab	PD	single	GC
X-010	TRASTUZUMAB	21.025	BestAvgResponse	lower = more sensitive	1	X-010|trastuzumab	PD	single	GC
X-011	TRASTUZUMAB	85.16	BestAvgResponse	lower = more sensitive	1	X-011|trastuzumab	PD	single	GC
X-015	TRASTUZUMAB	9.5	BestAvgResponse	lower = more sensitive	1	X-015|trastuzumab	PD	single	GC
X-017	TRASTUZUMAB	110.76	BestAvgResponse	lower = more sensitive	1	X-017|trastuzumab	PD	single	GC
X-020	TRASTUZUMAB	1.575	BestAvgResponse	lower = more sensitive	1	X-020|trastuzumab	SD	single	GC
X-025	TRASTUZUMAB	40.675	BestAvgResponse	lower = more sensitive	1	X-025|trastuzumab	PD	single	GC
X-027	TRASTUZUMAB	-82.97	BestAvgResponse	lower = more sensitive	1	X-027|trastuzumab	CR	single	GC
X-028	TRASTUZUMAB	13.96	BestAvgResponse	lower = more sensitive	1	X-028|trastuzumab	PD	single	GC
X-029	TRASTUZUMAB	110.66	BestAvgResponse	lower = more sensitive	1	X-029|trastuzumab	PD	single	GC
X-031	TRASTUZUMAB	12.075	BestAvgResponse	lower = more sensitive	1	X-031|trastuzumab	PD	single	GC
X-034	TRASTUZUMAB	10	BestAvgResponse	lower = more sensitive	1	X-034|trastuzumab	PD	single	GC
X-035	TRASTUZUMAB	-15.1176	BestAvgResponse	lower = more sensitive	1	X-035|trastuzumab	SD	single	GC
X-037	TRASTUZUMAB	57	BestAvgResponse	lower = more sensitive	1	X-037|trastuzumab	PD	single	GC
X-038	TRASTUZUMAB	16.48	BestAvgResponse	lower = more sensitive	1	X-038|trastuzumab	PD	single	GC
X-056	TRASTUZUMAB	6.5	BestAvgResponse	lower = more sensitive	1	X-056|trastuzumab	PD	single	GC
X-057	TRASTUZUMAB	20.725	BestAvgResponse	lower = more sensitive	1	X-057|trastuzumab	PD	single	GC
X-064	TRASTUZUMAB	56.525	BestAvgResponse	lower = more sensitive	1	X-064|trastuzumab	PD	single	GC
X-065	TRASTUZUMAB	-2.725	BestAvgResponse	lower = more sensitive	1	X-065|trastuzumab	SD	single	GC
X-067	TRASTUZUMAB	-18.7286	BestAvgResponse	lower = more sensitive	1	X-067|trastuzumab	SD	single	GC
X-075	TRASTUZUMAB	-1.3	BestAvgResponse	lower = more sensitive	1	X-075|trastuzumab	SD	single	GC
X-077	TRASTUZUMAB	4.83	BestAvgResponse	lower = more sensitive	1	X-077|trastuzumab	SD	single	GC
X-084	TRASTUZUMAB	31.34	BestAvgResponse	lower = more sensitive	1	X-084|trastuzumab	PD	single	GC
X-089	TRASTUZUMAB	26.725	BestAvgResponse	lower = more sensitive	1	X-089|trastuzumab	PD	single	GC
X-090	TRASTUZUMAB	-0.56	BestAvgResponse	lower = more sensitive	1	X-090|trastuzumab	SD	single	GC
X-091	TRASTUZUMAB	24.625	BestAvgResponse	lower = more sensitive	1	X-091|trastuzumab	PD	single	GC
X-096	TRASTUZUMAB	-39.3667	BestAvgResponse	lower = more sensitive	1	X-096|trastuzumab	PR	single	GC
X-097	TRASTUZUMAB	44.9	BestAvgResponse	lower = more sensitive	1	X-097|trastuzumab	PD	single	GC
X-098	TRASTUZUMAB	100.267	BestAvgResponse	lower = more sensitive	1	X-098|trastuzumab	PD	single	GC
X-099	TRASTUZUMAB	-31.2714	BestAvgResponse	lower = more sensitive	1	X-099|trastuzumab	SD	single	GC
X-1004	TRASTUZUMAB	-11.6	BestAvgResponse	lower = more sensitive	1	X-1004|trastuzumab	SD	single	BRCA
X-1008	TRASTUZUMAB	44.175	BestAvgResponse	lower = more sensitive	1	X-1008|trastuzumab	PD	single	BRCA
X-118	TRASTUZUMAB	151.525	BestAvgResponse	lower = more sensitive	1	X-118|trastuzumab	PD	single	GC
X-119	TRASTUZUMAB	57.375	BestAvgResponse	lower = more sensitive	1	X-119|trastuzumab	PD	single	GC
X-127	TRASTUZUMAB	4.05	BestAvgResponse	lower = more sensitive	1	X-127|trastuzumab	SD	single	GC
X-128	TRASTUZUMAB	47.125	BestAvgResponse	lower = more sensitive	1	X-128|trastuzumab	PD	single	GC
X-1286	TRASTUZUMAB	20.18	BestAvgResponse	lower = more sensitive	1	X-1286|trastuzumab	PD	single	BRCA
X-129	TRASTUZUMAB	83.02	BestAvgResponse	lower = more sensitive	1	X-129|trastuzumab	PD	single	GC
X-1298	TRASTUZUMAB	32.82	BestAvgResponse	lower = more sensitive	1	X-1298|trastuzumab	PD	single	BRCA
X-131	TRASTUZUMAB	98.56	BestAvgResponse	lower = more sensitive	1	X-131|trastuzumab	PD	single	GC
X-1371	TRASTUZUMAB	58.1	BestAvgResponse	lower = more sensitive	1	X-1371|trastuzumab	PD	single	BRCA
X-138	TRASTUZUMAB	29.55	BestAvgResponse	lower = more sensitive	1	X-138|trastuzumab	PD	single	GC
X-1383	TRASTUZUMAB	45.05	BestAvgResponse	lower = more sensitive	1	X-1383|trastuzumab	PD	single	BRCA
X-1407	TRASTUZUMAB	66.15	BestAvgResponse	lower = more sensitive	1	X-1407|trastuzumab	PD	single	BRCA
X-1468	TRASTUZUMAB	14.92	BestAvgResponse	lower = more sensitive	1	X-1468|trastuzumab	PD	single	
X-154	TRASTUZUMAB	62.96	BestAvgResponse	lower = more sensitive	1	X-154|trastuzumab	PD	single	GC
X-158	TRASTUZUMAB	24.95	BestAvgResponse	lower = more sensitive	1	X-158|trastuzumab	PD	single	GC
X-1600	TRASTUZUMAB	425.74	BestAvgResponse	lower = more sensitive	1	X-1600|trastuzumab	PD	single	BRCA
X-161	TRASTUZUMAB	42.25	BestAvgResponse	lower = more sensitive	1	X-161|trastuzumab	PD	single	GC
X-1631	TRASTUZUMAB	88.05	BestAvgResponse	lower = more sensitive	1	X-1631|trastuzumab	PD	single	BRCA
X-166	TRASTUZUMAB	33.74	BestAvgResponse	lower = more sensitive	1	X-166|trastuzumab	PD	single	GC
X-171	TRASTUZUMAB	121.6	BestAvgResponse	lower = more sensitive	1	X-171|trastuzumab	PD	single	GC
X-1828	TRASTUZUMAB	4.875	BestAvgResponse	lower = more sensitive	1	X-1828|trastuzumab	SD	single	BRCA
X-1832	TRASTUZUMAB	207.425	BestAvgResponse	lower = more sensitive	1	X-1832|trastuzumab	PD	single	BRCA
X-1916	TRASTUZUMAB	48.2	BestAvgResponse	lower = more sensitive	1	X-1916|trastuzumab	PD	single	BRCA
X-1921	TRASTUZUMAB	36.625	BestAvgResponse	lower = more sensitive	1	X-1921|trastuzumab	PD	single	BRCA
X-2195	TRASTUZUMAB	44.2	BestAvgResponse	lower = more sensitive	1	X-2195|trastuzumab	PD	single	BRCA
X-2344	TRASTUZUMAB	14.02	BestAvgResponse	lower = more sensitive	1	X-2344|trastuzumab	PD	single	BRCA
X-2353	TRASTUZUMAB	42.7	BestAvgResponse	lower = more sensitive	1	X-2353|trastuzumab	PD	single	BRCA
X-2487	TRASTUZUMAB	56.86	BestAvgResponse	lower = more sensitive	1	X-2487|trastuzumab	PD	single	BRCA
X-2524	TRASTUZUMAB	109.75	BestAvgResponse	lower = more sensitive	1	X-2524|trastuzumab	PD	single	BRCA
X-2640	TRASTUZUMAB	33.42	BestAvgResponse	lower = more sensitive	1	X-2640|trastuzumab	PD	single	BRCA
X-2780	TRASTUZUMAB	3.4	BestAvgResponse	lower = more sensitive	1	X-2780|trastuzumab	SD	single	BRCA
X-3077	TRASTUZUMAB	47	BestAvgResponse	lower = more sensitive	1	X-3077|trastuzumab	PD	single	BRCA
X-3078	TRASTUZUMAB	36.7	BestAvgResponse	lower = more sensitive	1	X-3078|trastuzumab	PD	single	BRCA
X-3201	TRASTUZUMAB	35.72	BestAvgResponse	lower = more sensitive	1	X-3201|trastuzumab	PD	single	BRCA
X-3298	TRASTUZUMAB	5.46	BestAvgResponse	lower = more sensitive	1	X-3298|trastuzumab	PD	single	BRCA
X-3450	TRASTUZUMAB	30.14	BestAvgResponse	lower = more sensitive	1	X-3450|trastuzumab	PD	single	BRCA
X-3468	TRASTUZUMAB	22.88	BestAvgResponse	lower = more sensitive	1	X-3468|trastuzumab	PD	single	BRCA
X-3697	TRASTUZUMAB	2.25	BestAvgResponse	lower = more sensitive	1	X-3697|trastuzumab	SD	single	BRCA
X-3873	TRASTUZUMAB	91.2	BestAvgResponse	lower = more sensitive	1	X-3873|trastuzumab	PD	single	BRCA
X-4347	TRASTUZUMAB	45.7	BestAvgResponse	lower = more sensitive	1	X-4347|trastuzumab	PD	single	BRCA
X-4567	TRASTUZUMAB	28.4	BestAvgResponse	lower = more sensitive	1	X-4567|trastuzumab	PD	single	BRCA
X-4824	TRASTUZUMAB	28.75	BestAvgResponse	lower = more sensitive	1	X-4824|trastuzumab	PD	single	BRCA
X-4888	TRASTUZUMAB	50.3	BestAvgResponse	lower = more sensitive	1	X-4888|trastuzumab	PD	single	BRCA
X-4949	TRASTUZUMAB	36.08	BestAvgResponse	lower = more sensitive	1	X-4949|trastuzumab	PD	single	BRCA
X-5249	TRASTUZUMAB	45.825	BestAvgResponse	lower = more sensitive	1	X-5249|trastuzumab	PD	single	BRCA
X-5355	TRASTUZUMAB	60.16	BestAvgResponse	lower = more sensitive	1	X-5355|trastuzumab	PD	single	BRCA
X-5502	TRASTUZUMAB	15.02	BestAvgResponse	lower = more sensitive	1	X-5502|trastuzumab	PD	single	BRCA
X-6047	TRASTUZUMAB	55.775	BestAvgResponse	lower = more sensitive	1	X-6047|trastuzumab	PD	single	BRCA
X-1199	WNT-974	-2.88	BestAvgResponse	lower = more sensitive	1	X-1199|WNT974	SD	single	PDAC
X-1289	WNT-974	42.4	BestAvgResponse	lower = more sensitive	1	X-1289|WNT974	PD	single	PDAC
X-1362	WNT-974	32.18	BestAvgResponse	lower = more sensitive	1	X-1362|WNT974	PD	single	PDAC
X-1655	WNT-974	128.675	BestAvgResponse	lower = more sensitive	1	X-1655|WNT974	PD	single	CM
X-1906	WNT-974	174.225	BestAvgResponse	lower = more sensitive	1	X-1906|WNT974	PD	single	CM
X-1948	WNT-974	42.16	BestAvgResponse	lower = more sensitive	1	X-1948|WNT974	PD	single	PDAC
X-2026	WNT-974	22.58	BestAvgResponse	lower = more sensitive	1	X-2026|WNT974	PD	single	PDAC
X-2081	WNT-974	86.3	BestAvgResponse	lower = more sensitive	1	X-2081|WNT974	PD	single	PDAC
X-2163	WNT-974	32.85	BestAvgResponse	lower = more sensitive	1	X-2163|WNT974	PD	single	CM
X-2220	WNT-974	215.925	BestAvgResponse	lower = more sensitive	1	X-2220|WNT974	PD	single	
X-2283	WNT-974	87.8	BestAvgResponse	lower = more sensitive	1	X-2283|WNT974	PD	single	PDAC
X-2306	WNT-974	59.12	BestAvgResponse	lower = more sensitive	1	X-2306|WNT974	PD	single	CM
X-2339	WNT-974	-17.1875	BestAvgResponse	lower = more sensitive	1	X-2339|WNT974	SD	single	PDAC
X-2428	WNT-974	35.1	BestAvgResponse	lower = more sensitive	1	X-2428|WNT974	PD	single	PDAC
X-2470	WNT-974	10.2	BestAvgResponse	lower = more sensitive	1	X-2470|WNT974	PD	single	PDAC
X-2564	WNT-974	19.62	BestAvgResponse	lower = more sensitive	1	X-2564|WNT974	PD	single	PDAC
X-2602	WNT-974	24.625	BestAvgResponse	lower = more sensitive	1	X-2602|WNT974	PD	single	CM
X-2613	WNT-974	165.4	BestAvgResponse	lower = more sensitive	1	X-2613|WNT974	PD	single	CM
X-2633	WNT-974	14.3577	BestAvgResponse	lower = more sensitive	1	X-2633|WNT974	SD	single	PDAC
X-2684	WNT-974	125.56	BestAvgResponse	lower = more sensitive	1	X-2684|WNT974	PD	single	PDAC
X-2700	WNT-974	10.38	BestAvgResponse	lower = more sensitive	1	X-2700|WNT974	SD	single	CM
X-2723	WNT-974	40.94	BestAvgResponse	lower = more sensitive	1	X-2723|WNT974	PD	single	CM
X-2753	WNT-974	73.25	BestAvgResponse	lower = more sensitive	1	X-2753|WNT974	PD	single	CM
X-2838	WNT-974	1.075	BestAvgResponse	lower = more sensitive	1	X-2838|WNT974	PD	single	CM
X-2921	WNT-974	30.05	BestAvgResponse	lower = more sensitive	1	X-2921|WNT974	PD	single	CM
X-2992	WNT-974	84.4	BestAvgResponse	lower = more sensitive	1	X-2992|WNT974	PD	single	CM
X-3028	WNT-974	14.25	BestAvgResponse	lower = more sensitive	1	X-3028|WNT974	SD	single	PDAC
X-3038	WNT-974	16.1	BestAvgResponse	lower = more sensitive	1	X-3038|WNT974	PD	single	PDAC
X-3052	WNT-974	71.92	BestAvgResponse	lower = more sensitive	1	X-3052|WNT974	PD	single	PDAC
X-3127	WNT-974	6.36	BestAvgResponse	lower = more sensitive	1	X-3127|WNT974	SD	single	CM
X-3211	WNT-974	-12.7	BestAvgResponse	lower = more sensitive	1	X-3211|WNT974	SD	single	CM
X-3268	WNT-974	-2.26	BestAvgResponse	lower = more sensitive	1	X-3268|WNT974	PD	single	PDAC
X-3483	WNT-974	140.62	BestAvgResponse	lower = more sensitive	1	X-3483|WNT974	PD	single	CM
X-3486	WNT-974	95.08	BestAvgResponse	lower = more sensitive	1	X-3486|WNT974	PD	single	CM
X-3503	WNT-974	25.7	BestAvgResponse	lower = more sensitive	1	X-3503|WNT974	PD	single	CM
X-3676	WNT-974	184.45	BestAvgResponse	lower = more sensitive	1	X-3676|WNT974	PD	single	CM
X-3746	WNT-974	56.8667	BestAvgResponse	lower = more sensitive	1	X-3746|WNT974	PD	single	CM
X-3773	WNT-974	38.32	BestAvgResponse	lower = more sensitive	1	X-3773|WNT974	PD	single	CM
X-3782	WNT-974	79.12	BestAvgResponse	lower = more sensitive	1	X-3782|WNT974	PD	single	
X-3800	WNT-974	-3.42	BestAvgResponse	lower = more sensitive	1	X-3800|WNT974	SD	single	PDAC
X-3816	WNT-974	101.08	BestAvgResponse	lower = more sensitive	1	X-3816|WNT974	PD	single	PDAC
X-3846	WNT-974	11.16	BestAvgResponse	lower = more sensitive	1	X-3846|WNT974	PD	single	PDAC
X-3851	WNT-974	25.88	BestAvgResponse	lower = more sensitive	1	X-3851|WNT974	PD	single	CM
X-3880	WNT-974	25.24	BestAvgResponse	lower = more sensitive	1	X-3880|WNT974	PD	single	CM
X-3898	WNT-974	32.28	BestAvgResponse	lower = more sensitive	1	X-3898|WNT974	PD	single	PDAC
X-3947	WNT-974	92.3	BestAvgResponse	lower = more sensitive	1	X-3947|WNT974	PD	single	PDAC
X-3990	WNT-974	30.82	BestAvgResponse	lower = more sensitive	1	X-3990|WNT974	PD	single	PDAC
X-4015	WNT-974	95.3	BestAvgResponse	lower = more sensitive	1	X-4015|WNT974	PD	single	PDAC
X-4018	WNT-974	47.14	BestAvgResponse	lower = more sensitive	1	X-4018|WNT974	PD	single	PDAC
X-4145	WNT-974	3.275	BestAvgResponse	lower = more sensitive	1	X-4145|WNT974	SD	single	CRC
X-4157	WNT-974	20.08	BestAvgResponse	lower = more sensitive	1	X-4157|WNT974	PD	single	CM
X-4215	WNT-974	73.35	BestAvgResponse	lower = more sensitive	1	X-4215|WNT974	PD	single	PDAC
X-4226	WNT-974	55.08	BestAvgResponse	lower = more sensitive	1	X-4226|WNT974	PD	single	PDAC
X-4316	WNT-974	19.82	BestAvgResponse	lower = more sensitive	1	X-4316|WNT974	SD	single	PDAC
X-4339	WNT-974	9.15	BestAvgResponse	lower = more sensitive	1	X-4339|WNT974	SD	single	CM
X-4377	WNT-974	23.1833	BestAvgResponse	lower = more sensitive	1	X-4377|WNT974	SD	single	PDAC
X-4378	WNT-974	58.7	BestAvgResponse	lower = more sensitive	1	X-4378|WNT974	PD	single	PDAC
X-4426	WNT-974	84.7	BestAvgResponse	lower = more sensitive	1	X-4426|WNT974	PD	single	CM
X-4439	WNT-974	27.36	BestAvgResponse	lower = more sensitive	1	X-4439|WNT974	PD	single	PDAC
X-4455	WNT-974	49.8	BestAvgResponse	lower = more sensitive	1	X-4455|WNT974	PD	single	CM
X-4530	WNT-974	186.55	BestAvgResponse	lower = more sensitive	1	X-4530|WNT974	PD	single	CM
X-4538	WNT-974	77.84	BestAvgResponse	lower = more sensitive	1	X-4538|WNT974	PD	single	CM
X-4644	WNT-974	81.78	BestAvgResponse	lower = more sensitive	1	X-4644|WNT974	PD	single	CM
X-4649	WNT-974	65.46	BestAvgResponse	lower = more sensitive	1	X-4649|WNT974	PD	single	PDAC
X-4668	WNT-974	59.675	BestAvgResponse	lower = more sensitive	1	X-4668|WNT974	PD	single	CM
X-4676	WNT-974	69.92	BestAvgResponse	lower = more sensitive	1	X-4676|WNT974	PD	single	PDAC
X-4832	WNT-974	91.65	BestAvgResponse	lower = more sensitive	1	X-4832|WNT974	PD	single	CM
X-4849	WNT-974	148.8	BestAvgResponse	lower = more sensitive	1	X-4849|WNT974	PD	single	CM
X-4927	WNT-974	98.6	BestAvgResponse	lower = more sensitive	1	X-4927|WNT974	PD	single	PDAC
X-5189	WNT-974	203.425	BestAvgResponse	lower = more sensitive	1	X-5189|WNT974	PD	single	CM
X-5205	WNT-974	13.44	BestAvgResponse	lower = more sensitive	1	X-5205|WNT974	PD	single	PDAC
