sample	drug	response	metric	direction	fit_r2	n_compounds
CHCO1	A1874	0.7429	AUC	lower = more sensitive	0.6103	1
CHCO2	A1874	0.7328	AUC	lower = more sensitive	0.1483	1
CHCO3	A1874	0.8839	AUC	lower = more sensitive	0.5435	1
CHCO4	A1874	0.9157	AUC	lower = more sensitive	0.9581	1
HBO1	A1874	0.5681	AUC	lower = more sensitive	0.819	1
HBO2	A1874	0.437	AUC	lower = more sensitive	0.9849	1
HBO3	A1874	0.5054	AUC	lower = more sensitive	0.9634	1
HBO4	A1874	0.4375	AUC	lower = more sensitive	0.9831	1
HBO5	A1874	0.3996	AUC	lower = more sensitive	0.985	1
HCCO10	A1874	0.8965	AUC	lower = more sensitive	0.7516	1
HCCO11	A1874	0.9713	AUC	lower = more sensitive	0.0947	1
HCCO12	A1874	0.6531	AUC	lower = more sensitive	0.0259	1
HCCO13	A1874	0.8138	AUC	lower = more sensitive	0.1908	1
HCCO14	A1874	0.9378	AUC	lower = more sensitive	0.6037	1
HCCO15	A1874	0.8972	AUC	lower = more sensitive	0.4953	1
HCCO16	A1874	0.8232	AUC	lower = more sensitive	0.8743	1
HCCO17	A1874	0.8482	AUC	lower = more sensitive	0.9135	1
HCCO18	A1874	0.8912	AUC	lower = more sensitive	0.8851	1
HCCO19	A1874	0.8158	AUC	lower = more sensitive	0.922	1
HCCO20	A1874	0.7881	AUC	lower = more sensitive	0.5801	1
HCCO21	A1874	0.8727	AUC	lower = more sensitive	0.1266	1
HCCO22	A1874	0.9023	AUC	lower = more sensitive	0.4632	1
HCCO23	A1874	0.9842	AUC	lower = more sensitive	0.6622	1
HCCO24	A1874	0.8001	AUC	lower = more sensitive	0.0001	1
HCCO25	A1874	0.8211	AUC	lower = more sensitive	0.9101	1
HCCO27	A1874	0.9778	AUC	lower = more sensitive	0.4545	1
HCCO28	A1874	0.9265	AUC	lower = more sensitive	0.4499	1
HCCO29	A1874	0.8526	AUC	lower = more sensitive	0.9832	1
HCCO30	A1874	0.8915	AUC	lower = more sensitive	0.965	1
HCCO31	A1874	0.8541	AUC	lower = more sensitive	0.8959	1
HCCO32	A1874	0.8679	AUC	lower = more sensitive	0.9501	1
HCCO33	A1874	0.8435	AUC	lower = more sensitive	0.7434	1
HCCO34	A1874	0.8786	AUC	lower = more sensitive	0.7515	1
HCCO35	A1874	0.8883	AUC	lower = more sensitive	0.8874	1
HCCO36	A1874	0.9277	AUC	lower = more sensitive	0.0706	1
HCCO37	A1874	0.9483	AUC	lower = more sensitive	0.4143	1
HCCO38	A1874	0.8948	AUC	lower = more sensitive	0.7651	1
HCCO39	A1874	0.8478	AUC	lower = more sensitive	0.6978	1
HCCO4	A1874	0.8722	AUC	lower = more sensitive	0.6359	1
HCCO40	A1874	0.9835	AUC	lower = more sensitive	0.0647	1
HCCO41	A1874	0.5627	AUC	lower = more sensitive	0.8297	1
HCCO43	A1874	0.7049	AUC	lower = more sensitive	0.8334	1
HCCO44	A1874	0.8717	AUC	lower = more sensitive	0.2635	1
HCCO45	A1874	0.8565	AUC	lower = more sensitive	0.8625	1
HCCO5	A1874	0.8731	AUC	lower = more sensitive	0.0044	1
HCCO6	A1874	0.9163	AUC	lower = more sensitive	0.1918	1
HCCO7	A1874	0.4644	AUC	lower = more sensitive	0.8031	1
HCCO8	A1874	0.7987	AUC	lower = more sensitive	0.4029	1
HCCO9	A1874	0.9087	AUC	lower = more sensitive	0.1094	1
ICCO1	A1874	0.7792	AUC	lower = more sensitive	0.964	1
ICCO10	A1874	0.928	AUC	lower = more sensitive	0.4518	1
ICCO11	A1874	0.7719	AUC	lower = more sensitive	0.9481	1
ICCO12	A1874	0.7365	AUC	lower = more sensitive	0.4965	1
ICCO13	A1874	0.8999	AUC	lower = more sensitive	0.7257	1
ICCO2	A1874	0.9411	AUC	lower = more sensitive	0.0957	1
ICCO3	A1874	0.683	AUC	lower = more sensitive	0.551	1
ICCO4	A1874	0.5274	AUC	lower = more sensitive	0.8086	1
ICCO5	A1874	0.7948	AUC	lower = more sensitive	0.01	1
ICCO7	A1874	0.5644	AUC	lower = more sensitive	0.6415	1
ICCO8	A1874	0.5288	AUC	lower = more sensitive	0.9231	1
ICCO9	A1874	0.564	AUC	lower = more sensitive	0.7704	1
CHCO1	AFATINIB	0.5056	AUC	lower = more sensitive	0.0874	1
CHCO2	AFATINIB	0.7518	AUC	lower = more sensitive	0.7719	1
CHCO3	AFATINIB	0.7463	AUC	lower = more sensitive	0.5659	1
CHCO4	AFATINIB	0.6337	AUC	lower = more sensitive	0.9262	1
HBO1	AFATINIB	0.6132	AUC	lower = more sensitive	0.0491	1
HBO2	AFATINIB	0.2333	AUC	lower = more sensitive	0.7677	1
HBO3	AFATINIB	0.8087	AUC	lower = more sensitive	0.8547	1
HBO4	AFATINIB	0.2307	AUC	lower = more sensitive	0.5423	1
HBO5	AFATINIB	0.4761	AUC	lower = more sensitive	0.4823	1
HCCO10	AFATINIB	0.6284	AUC	lower = more sensitive	0.7249	1
HCCO11	AFATINIB	0.7689	AUC	lower = more sensitive	0.7695	1
HCCO12	AFATINIB	0.6142	AUC	lower = more sensitive	0.3162	1
HCCO13	AFATINIB	0.7712	AUC	lower = more sensitive	0.7717	1
HCCO14	AFATINIB	0.7676	AUC	lower = more sensitive	0.505	1
HCCO15	AFATINIB	0.6916	AUC	lower = more sensitive	0.5572	1
HCCO16	AFATINIB	0.7043	AUC	lower = more sensitive	0.9314	1
HCCO17	AFATINIB	0.8021	AUC	lower = more sensitive	0.8679	1
HCCO18	AFATINIB	0.5444	AUC	lower = more sensitive	0.8148	1
HCCO19	AFATINIB	0.5355	AUC	lower = more sensitive	0.5706	1
HCCO20	AFATINIB	0.5532	AUC	lower = more sensitive	0.5257	1
HCCO21	AFATINIB	0.7756	AUC	lower = more sensitive	0.6823	1
HCCO22	AFATINIB	0.7232	AUC	lower = more sensitive	0.7604	1
HCCO23	AFATINIB	0.6897	AUC	lower = more sensitive	0.3841	1
HCCO24	AFATINIB	0.6439	AUC	lower = more sensitive	0.8427	1
HCCO25	AFATINIB	0.722	AUC	lower = more sensitive	0.0069	1
HCCO27	AFATINIB	0.9239	AUC	lower = more sensitive	0.322	1
HCCO28	AFATINIB	0.7904	AUC	lower = more sensitive	0.9128	1
HCCO29	AFATINIB	0.7377	AUC	lower = more sensitive	0.9315	1
HCCO30	AFATINIB	0.7001	AUC	lower = more sensitive	0.883	1
HCCO31	AFATINIB	0.7876	AUC	lower = more sensitive	0.7873	1
HCCO32	AFATINIB	0.6978	AUC	lower = more sensitive	0.7178	1
HCCO33	AFATINIB	0.5545	AUC	lower = more sensitive	0.7255	1
HCCO34	AFATINIB	0.8015	AUC	lower = more sensitive	0.9153	1
HCCO35	AFATINIB	0.7307	AUC	lower = more sensitive	0.623	1
HCCO36	AFATINIB	0.8231	AUC	lower = more sensitive	0.4144	1
HCCO37	AFATINIB	0.714	AUC	lower = more sensitive	0.9146	1
HCCO38	AFATINIB	0.6215	AUC	lower = more sensitive	0.8027	1
HCCO39	AFATINIB	0.5674	AUC	lower = more sensitive	0.6331	1
HCCO4	AFATINIB	0.9692	AUC	lower = more sensitive	0.1983	1
HCCO40	AFATINIB	0.6196	AUC	lower = more sensitive	0.0028	1
HCCO41	AFATINIB	0.8762	AUC	lower = more sensitive	0.3642	1
HCCO43	AFATINIB	0.5076	AUC	lower = more sensitive	0.5634	1
HCCO44	AFATINIB	0.4072	AUC	lower = more sensitive	0.0269	1
HCCO45	AFATINIB	0.7379	AUC	lower = more sensitive	0.935	1
HCCO5	AFATINIB	0.8547	AUC	lower = more sensitive	0.0537	1
HCCO6	AFATINIB	0.8988	AUC	lower = more sensitive	0.1641	1
HCCO7	AFATINIB	0.4465	AUC	lower = more sensitive	0.1917	1
HCCO8	AFATINIB	0.4498	AUC	lower = more sensitive	0.6241	1
HCCO9	AFATINIB	0.4996	AUC	lower = more sensitive	0.244	1
ICCO1	AFATINIB	0.7449	AUC	lower = more sensitive	0.9991	1
ICCO10	AFATINIB	0.7907	AUC	lower = more sensitive	0.9213	1
ICCO11	AFATINIB	0.6468	AUC	lower = more sensitive	0.3413	1
ICCO12	AFATINIB	0.687	AUC	lower = more sensitive	0.1085	1
ICCO13	AFATINIB	0.646	AUC	lower = more sensitive	0.6413	1
ICCO2	AFATINIB	0.9639	AUC	lower = more sensitive	0.1228	1
ICCO3	AFATINIB	0.5197	AUC	lower = more sensitive	0.2462	1
ICCO4	AFATINIB	0.831	AUC	lower = more sensitive	0.7304	1
ICCO5	AFATINIB	0.9299	AUC	lower = more sensitive	0.705	1
ICCO7	AFATINIB	0.5271	AUC	lower = more sensitive	0.0969	1
ICCO8	AFATINIB	0.5325	AUC	lower = more sensitive	0.5381	1
ICCO9	AFATINIB	0.5479	AUC	lower = more sensitive	0.3433	1
CHCO1	ALISERTIB	0.8377	AUC	lower = more sensitive	0.7577	1
CHCO2	ALISERTIB	0.7194	AUC	lower = more sensitive	0.52	1
CHCO3	ALISERTIB	0.8995	AUC	lower = more sensitive	0.1765	1
CHCO4	ALISERTIB	0.7547	AUC	lower = more sensitive	0.0221	1
HBO1	ALISERTIB	0.8257	AUC	lower = more sensitive	0.0492	1
HBO2	ALISERTIB	0.5306	AUC	lower = more sensitive	0.1265	1
HBO3	ALISERTIB	0.9943	AUC	lower = more sensitive	0.0427	1
HBO4	ALISERTIB	0.6083	AUC	lower = more sensitive	0.1402	1
HBO5	ALISERTIB	0.9517	AUC	lower = more sensitive	0.0839	1
HCCO10	ALISERTIB	0.8763	AUC	lower = more sensitive	0.0431	1
HCCO11	ALISERTIB	0.8491	AUC	lower = more sensitive	0.1266	1
HCCO12	ALISERTIB	0.8016	AUC	lower = more sensitive	0.0073	1
HCCO13	ALISERTIB	0.7697	AUC	lower = more sensitive	0.0195	1
HCCO14	ALISERTIB	0.9833	AUC	lower = more sensitive	0.0047	1
HCCO15	ALISERTIB	0.9189	AUC	lower = more sensitive	0.0042	1
HCCO16	ALISERTIB	0.6338	AUC	lower = more sensitive	0.8463	1
HCCO17	ALISERTIB	0.7598	AUC	lower = more sensitive	0.5819	1
HCCO18	ALISERTIB	0.78	AUC	lower = more sensitive	0.7751	1
HCCO19	ALISERTIB	0.6371	AUC	lower = more sensitive	0.193	1
HCCO20	ALISERTIB	0.8538	AUC	lower = more sensitive	0.0641	1
HCCO21	ALISERTIB	0.7122	AUC	lower = more sensitive	0.1392	1
HCCO22	ALISERTIB	0.9075	AUC	lower = more sensitive	0	1
HCCO23	ALISERTIB	0.7792	AUC	lower = more sensitive	0.5806	1
HCCO24	ALISERTIB	0.713	AUC	lower = more sensitive	0.1963	1
HCCO25	ALISERTIB	0.702	AUC	lower = more sensitive	0.0123	1
HCCO27	ALISERTIB	0.9502	AUC	lower = more sensitive	0.0775	1
HCCO28	ALISERTIB	0.6702	AUC	lower = more sensitive	0.0084	1
HCCO29	ALISERTIB	0.8157	AUC	lower = more sensitive	0.8781	1
HCCO30	ALISERTIB	0.8021	AUC	lower = more sensitive	0.8155	1
HCCO31	ALISERTIB	0.9553	AUC	lower = more sensitive	0.8417	1
HCCO32	ALISERTIB	0.8955	AUC	lower = more sensitive	0.6931	1
HCCO33	ALISERTIB	0.8568	AUC	lower = more sensitive	0.0713	1
HCCO34	ALISERTIB	0.8802	AUC	lower = more sensitive	0.0035	1
HCCO35	ALISERTIB	0.8136	AUC	lower = more sensitive	0.3425	1
HCCO36	ALISERTIB	0.802	AUC	lower = more sensitive	0.429	1
HCCO37	ALISERTIB	0.6473	AUC	lower = more sensitive	0.0096	1
HCCO38	ALISERTIB	0.8136	AUC	lower = more sensitive	0.6636	1
HCCO39	ALISERTIB	0.6404	AUC	lower = more sensitive	0.1528	1
HCCO4	ALISERTIB	0.8599	AUC	lower = more sensitive	0.1272	1
HCCO40	ALISERTIB	0.944	AUC	lower = more sensitive	0.0536	1
HCCO41	ALISERTIB	0.7354	AUC	lower = more sensitive	0.3556	1
HCCO43	ALISERTIB	0.8916	AUC	lower = more sensitive	0.0587	1
HCCO44	ALISERTIB	0.8786	AUC	lower = more sensitive	0.3348	1
HCCO45	ALISERTIB	0.7972	AUC	lower = more sensitive	0.0919	1
HCCO5	ALISERTIB	0.9209	AUC	lower = more sensitive	0.0682	1
HCCO6	ALISERTIB	0.8161	AUC	lower = more sensitive	0.0062	1
HCCO7	ALISERTIB	0.4204	AUC	lower = more sensitive	-0.0576	1
HCCO8	ALISERTIB	0.8743	AUC	lower = more sensitive	0.0291	1
HCCO9	ALISERTIB	0.6649	AUC	lower = more sensitive	0.4054	1
ICCO1	ALISERTIB	0.5704	AUC	lower = more sensitive	0.7041	1
ICCO10	ALISERTIB	0.7859	AUC	lower = more sensitive	0.2834	1
ICCO11	ALISERTIB	0.8715	AUC	lower = more sensitive	0.3124	1
ICCO12	ALISERTIB	0.7525	AUC	lower = more sensitive	0.6366	1
ICCO13	ALISERTIB	0.7311	AUC	lower = more sensitive	0.6576	1
ICCO2	ALISERTIB	0.8593	AUC	lower = more sensitive	0.644	1
ICCO3	ALISERTIB	0.9533	AUC	lower = more sensitive	0.0407	1
ICCO4	ALISERTIB	0.6876	AUC	lower = more sensitive	0.2196	1
ICCO5	ALISERTIB	0.908	AUC	lower = more sensitive	0.1187	1
ICCO7	ALISERTIB	0.6891	AUC	lower = more sensitive	0.2519	1
ICCO8	ALISERTIB	0.7711	AUC	lower = more sensitive	0.5146	1
ICCO9	ALISERTIB	0.8806	AUC	lower = more sensitive	0.7004	1
CHCO1	ARV-771	0.5604	AUC	lower = more sensitive	0.8088	1
CHCO2	ARV-771	0.5584	AUC	lower = more sensitive	0.9449	1
CHCO3	ARV-771	0.5919	AUC	lower = more sensitive	0.9186	1
CHCO4	ARV-771	0.4812	AUC	lower = more sensitive	0.8728	1
HBO1	ARV-771	0.2234	AUC	lower = more sensitive	0.5457	1
HBO2	ARV-771	0.0458	AUC	lower = more sensitive	-0	1
HBO3	ARV-771	0.4647	AUC	lower = more sensitive	0.9274	1
HBO4	ARV-771	0.3708	AUC	lower = more sensitive	0.9906	1
HBO5	ARV-771	0.4854	AUC	lower = more sensitive	0.9069	1
HCCO10	ARV-771	0.5422	AUC	lower = more sensitive	0.9933	1
HCCO11	ARV-771	0.7089	AUC	lower = more sensitive	0.8542	1
HCCO12	ARV-771	0.5724	AUC	lower = more sensitive	0.9158	1
HCCO13	ARV-771	0.6332	AUC	lower = more sensitive	0.9125	1
HCCO14	ARV-771	0.6939	AUC	lower = more sensitive	0.7041	1
HCCO15	ARV-771	0.5593	AUC	lower = more sensitive	0.2306	1
HCCO16	ARV-771	0.4617	AUC	lower = more sensitive	0.9972	1
HCCO17	ARV-771	0.5612	AUC	lower = more sensitive	0.9337	1
HCCO18	ARV-771	0.5675	AUC	lower = more sensitive	0.4965	1
HCCO19	ARV-771	0.5585	AUC	lower = more sensitive	0.954	1
HCCO20	ARV-771	0.4518	AUC	lower = more sensitive	0.9406	1
HCCO21	ARV-771	0.5778	AUC	lower = more sensitive	0.9667	1
HCCO22	ARV-771	0.589	AUC	lower = more sensitive	0.8674	1
HCCO23	ARV-771	0.7139	AUC	lower = more sensitive	0.8921	1
HCCO24	ARV-771	0.6264	AUC	lower = more sensitive	0.9528	1
HCCO25	ARV-771	0.3772	AUC	lower = more sensitive	0.0117	1
HCCO27	ARV-771	0.6356	AUC	lower = more sensitive	0.0004	1
HCCO28	ARV-771	0.6955	AUC	lower = more sensitive	0.9631	1
HCCO29	ARV-771	0.0825	AUC	lower = more sensitive	-0	1
HCCO30	ARV-771	0.361	AUC	lower = more sensitive	0.9898	1
HCCO31	ARV-771	0.6335	AUC	lower = more sensitive	0.9722	1
HCCO32	ARV-771	0.4931	AUC	lower = more sensitive	0.9896	1
HCCO33	ARV-771	0.5224	AUC	lower = more sensitive	0.9579	1
HCCO34	ARV-771	0.4063	AUC	lower = more sensitive	-0	1
HCCO35	ARV-771	0.5983	AUC	lower = more sensitive	0.9696	1
HCCO36	ARV-771	0.7321	AUC	lower = more sensitive	0.8893	1
HCCO37	ARV-771	0.6461	AUC	lower = more sensitive	0.9078	1
HCCO38	ARV-771	0.7596	AUC	lower = more sensitive	0.7377	1
HCCO39	ARV-771	0.5547	AUC	lower = more sensitive	0.9635	1
HCCO4	ARV-771	0.4407	AUC	lower = more sensitive	0.964	1
HCCO40	ARV-771	0.645	AUC	lower = more sensitive	0.7171	1
HCCO41	ARV-771	0.6456	AUC	lower = more sensitive	0.3439	1
HCCO43	ARV-771	0.5425	AUC	lower = more sensitive	0.7291	1
HCCO44	ARV-771	0.601	AUC	lower = more sensitive	0.6008	1
HCCO45	ARV-771	0.8068	AUC	lower = more sensitive	0.9557	1
HCCO5	ARV-771	0.6018	AUC	lower = more sensitive	0.0002	1
HCCO6	ARV-771	0.5828	AUC	lower = more sensitive	0.0005	1
HCCO7	ARV-771	0.0392	AUC	lower = more sensitive	0	1
HCCO8	ARV-771	0.5643	AUC	lower = more sensitive	0.9268	1
HCCO9	ARV-771	0.442	AUC	lower = more sensitive	0.8786	1
ICCO1	ARV-771	0.4614	AUC	lower = more sensitive	0.9179	1
ICCO10	ARV-771	0.0989	AUC	lower = more sensitive	-0	1
ICCO11	ARV-771	0.6338	AUC	lower = more sensitive	0.1421	1
ICCO12	ARV-771	0.1138	AUC	lower = more sensitive	0	1
ICCO13	ARV-771	0.3722	AUC	lower = more sensitive	0.513	1
ICCO2	ARV-771	0.7768	AUC	lower = more sensitive	0.9645	1
ICCO3	ARV-771	0.4902	AUC	lower = more sensitive	0.1417	1
ICCO4	ARV-771	0.145	AUC	lower = more sensitive	-0	1
ICCO5	ARV-771	0.7175	AUC	lower = more sensitive	0.7351	1
ICCO7	ARV-771	0.3439	AUC	lower = more sensitive	0.2259	1
ICCO8	ARV-771	0.1141	AUC	lower = more sensitive	0	1
ICCO9	ARV-771	0.1252	AUC	lower = more sensitive	0.0101	1
CHCO1	AT7519	0.7747	AUC	lower = more sensitive	0.8748	1
CHCO2	AT7519	0.7571	AUC	lower = more sensitive	0.9485	1
CHCO3	AT7519	0.8086	AUC	lower = more sensitive	0.7343	1
CHCO4	AT7519	0.7855	AUC	lower = more sensitive	0.9613	1
HBO1	AT7519	0.6241	AUC	lower = more sensitive	0.6446	1
HBO2	AT7519	0.6738	AUC	lower = more sensitive	0.8948	1
HBO3	AT7519	0.7918	AUC	lower = more sensitive	0.991	1
HBO4	AT7519	0.6613	AUC	lower = more sensitive	0.9864	1
HBO5	AT7519	0.7282	AUC	lower = more sensitive	0.8729	1
HCCO10	AT7519	0.7457	AUC	lower = more sensitive	0.9071	1
HCCO11	AT7519	0.8005	AUC	lower = more sensitive	0.5666	1
HCCO12	AT7519	0.5173	AUC	lower = more sensitive	0.177	1
HCCO13	AT7519	0.7596	AUC	lower = more sensitive	0.9682	1
HCCO14	AT7519	0.8052	AUC	lower = more sensitive	0.7317	1
HCCO15	AT7519	0.7557	AUC	lower = more sensitive	0.9184	1
HCCO16	AT7519	0.7173	AUC	lower = more sensitive	0.9504	1
HCCO17	AT7519	0.7205	AUC	lower = more sensitive	0.9757	1
HCCO18	AT7519	0.8395	AUC	lower = more sensitive	0.6654	1
HCCO19	AT7519	0.7369	AUC	lower = more sensitive	0.9696	1
HCCO20	AT7519	0.6941	AUC	lower = more sensitive	0.8908	1
HCCO21	AT7519	0.7331	AUC	lower = more sensitive	0.9469	1
HCCO22	AT7519	0.7499	AUC	lower = more sensitive	0.746	1
HCCO23	AT7519	0.7775	AUC	lower = more sensitive	0.7426	1
HCCO24	AT7519	0.7152	AUC	lower = more sensitive	0.867	1
HCCO25	AT7519	0.7632	AUC	lower = more sensitive	0.1983	1
HCCO27	AT7519	0.9135	AUC	lower = more sensitive	0.0447	1
HCCO28	AT7519	0.7701	AUC	lower = more sensitive	0.9732	1
HCCO29	AT7519	0.736	AUC	lower = more sensitive	0.9975	1
HCCO30	AT7519	0.7412	AUC	lower = more sensitive	0.9956	1
HCCO31	AT7519	0.7647	AUC	lower = more sensitive	0.9516	1
HCCO32	AT7519	0.7188	AUC	lower = more sensitive	0.9639	1
HCCO33	AT7519	0.6677	AUC	lower = more sensitive	0.8487	1
HCCO34	AT7519	0.7533	AUC	lower = more sensitive	0.9036	1
HCCO35	AT7519	0.7419	AUC	lower = more sensitive	0.8091	1
HCCO36	AT7519	0.8373	AUC	lower = more sensitive	0.5547	1
HCCO37	AT7519	0.7981	AUC	lower = more sensitive	0.9002	1
HCCO38	AT7519	0.7594	AUC	lower = more sensitive	0.9819	1
HCCO39	AT7519	0.7294	AUC	lower = more sensitive	0.9365	1
HCCO4	AT7519	0.8097	AUC	lower = more sensitive	0.9895	1
HCCO40	AT7519	0.8654	AUC	lower = more sensitive	0.7026	1
HCCO41	AT7519	0.5392	AUC	lower = more sensitive	0.2482	1
HCCO43	AT7519	0.8897	AUC	lower = more sensitive	0.2976	1
HCCO44	AT7519	0.9655	AUC	lower = more sensitive	0.1517	1
HCCO45	AT7519	0.9074	AUC	lower = more sensitive	0.932	1
HCCO5	AT7519	0.9141	AUC	lower = more sensitive	0.2189	1
HCCO6	AT7519	0.8845	AUC	lower = more sensitive	0.039	1
HCCO7	AT7519	0.7315	AUC	lower = more sensitive	0.9296	1
HCCO8	AT7519	0.5541	AUC	lower = more sensitive	0.3234	1
HCCO9	AT7519	0.7186	AUC	lower = more sensitive	0.9612	1
ICCO1	AT7519	0.6451	AUC	lower = more sensitive	0.9921	1
ICCO10	AT7519	0.7658	AUC	lower = more sensitive	0.5641	1
ICCO11	AT7519	0.873	AUC	lower = more sensitive	0.3791	1
ICCO12	AT7519	0.6491	AUC	lower = more sensitive	0.6374	1
ICCO13	AT7519	0.7468	AUC	lower = more sensitive	0.8789	1
ICCO2	AT7519	0.9165	AUC	lower = more sensitive	0.9052	1
ICCO3	AT7519	0.8226	AUC	lower = more sensitive	0.7794	1
ICCO4	AT7519	0.6504	AUC	lower = more sensitive	0.5351	1
ICCO5	AT7519	0.888	AUC	lower = more sensitive	0.6103	1
ICCO7	AT7519	0.5294	AUC	lower = more sensitive	0.1714	1
ICCO8	AT7519	0.6973	AUC	lower = more sensitive	0.6985	1
ICCO9	AT7519	0.792	AUC	lower = more sensitive	0.932	1
CHCO1	AZD-7762	0.6805	AUC	lower = more sensitive	0.4471	1
CHCO2	AZD-7762	0.5382	AUC	lower = more sensitive	0.8651	1
CHCO3	AZD-7762	0.8001	AUC	lower = more sensitive	0.9771	1
CHCO4	AZD-7762	0.8483	AUC	lower = more sensitive	0.9041	1
HBO1	AZD-7762	0.6459	AUC	lower = more sensitive	0.8981	1
HBO2	AZD-7762	0.6271	AUC	lower = more sensitive	0.9801	1
HBO3	AZD-7762	0.7304	AUC	lower = more sensitive	0.9471	1
HBO4	AZD-7762	0.6526	AUC	lower = more sensitive	0.9813	1
HBO5	AZD-7762	0.6965	AUC	lower = more sensitive	0.7677	1
HCCO10	AZD-7762	0.5126	AUC	lower = more sensitive	0.6856	1
HCCO11	AZD-7762	0.7628	AUC	lower = more sensitive	0.6022	1
HCCO12	AZD-7762	0.5811	AUC	lower = more sensitive	0.42	1
HCCO13	AZD-7762	0.7754	AUC	lower = more sensitive	0.7449	1
HCCO14	AZD-7762	0.7898	AUC	lower = more sensitive	0.7822	1
HCCO15	AZD-7762	0.8515	AUC	lower = more sensitive	0.9587	1
HCCO16	AZD-7762	0.6479	AUC	lower = more sensitive	0.937	1
HCCO17	AZD-7762	0.5792	AUC	lower = more sensitive	0.9402	1
HCCO18	AZD-7762	0.6133	AUC	lower = more sensitive	0.9628	1
HCCO19	AZD-7762	0.6927	AUC	lower = more sensitive	0.9635	1
HCCO20	AZD-7762	0.521	AUC	lower = more sensitive	0.8952	1
HCCO21	AZD-7762	0.7395	AUC	lower = more sensitive	0.9135	1
HCCO22	AZD-7762	0.7012	AUC	lower = more sensitive	0.7771	1
HCCO23	AZD-7762	0.788	AUC	lower = more sensitive	0.9238	1
HCCO24	AZD-7762	0.6115	AUC	lower = more sensitive	0.8876	1
HCCO25	AZD-7762	0.6346	AUC	lower = more sensitive	0.0033	1
HCCO27	AZD-7762	0.7186	AUC	lower = more sensitive	0.0042	1
HCCO28	AZD-7762	0.6714	AUC	lower = more sensitive	0.9212	1
HCCO29	AZD-7762	0.6751	AUC	lower = more sensitive	0.9732	1
HCCO30	AZD-7762	0.6682	AUC	lower = more sensitive	0.9786	1
HCCO31	AZD-7762	0.7427	AUC	lower = more sensitive	0.9852	1
HCCO32	AZD-7762	0.7186	AUC	lower = more sensitive	0.9545	1
HCCO33	AZD-7762	0.6745	AUC	lower = more sensitive	0.8199	1
HCCO34	AZD-7762	0.6908	AUC	lower = more sensitive	0.9375	1
HCCO35	AZD-7762	0.6394	AUC	lower = more sensitive	0.9711	1
HCCO36	AZD-7762	0.9027	AUC	lower = more sensitive	0.6132	1
HCCO37	AZD-7762	0.7499	AUC	lower = more sensitive	0.8398	1
HCCO38	AZD-7762	0.7879	AUC	lower = more sensitive	0.8861	1
HCCO39	AZD-7762	0.5779	AUC	lower = more sensitive	0.7048	1
HCCO4	AZD-7762	0.8266	AUC	lower = more sensitive	0.9106	1
HCCO40	AZD-7762	0.7434	AUC	lower = more sensitive	0.2941	1
HCCO41	AZD-7762	0.6672	AUC	lower = more sensitive	0.4447	1
HCCO43	AZD-7762	0.7783	AUC	lower = more sensitive	0.8684	1
HCCO44	AZD-7762	0.7503	AUC	lower = more sensitive	0.1271	1
HCCO45	AZD-7762	0.7706	AUC	lower = more sensitive	0.8309	1
HCCO5	AZD-7762	0.4145	AUC	lower = more sensitive	0.0013	1
HCCO6	AZD-7762	0.6249	AUC	lower = more sensitive	0.0001	1
HCCO7	AZD-7762	0.5435	AUC	lower = more sensitive	0.878	1
HCCO8	AZD-7762	0.629	AUC	lower = more sensitive	0.9557	1
HCCO9	AZD-7762	0.6935	AUC	lower = more sensitive	0.9598	1
ICCO1	AZD-7762	0.5877	AUC	lower = more sensitive	0.9884	1
ICCO10	AZD-7762	0.752	AUC	lower = more sensitive	0.9412	1
ICCO11	AZD-7762	0.726	AUC	lower = more sensitive	0.5941	1
ICCO12	AZD-7762	0.6333	AUC	lower = more sensitive	0.7118	1
ICCO13	AZD-7762	0.6849	AUC	lower = more sensitive	0.9027	1
ICCO2	AZD-7762	0.8754	AUC	lower = more sensitive	0.5207	1
ICCO3	AZD-7762	0.8207	AUC	lower = more sensitive	0.3977	1
ICCO4	AZD-7762	0.7548	AUC	lower = more sensitive	0.9746	1
ICCO5	AZD-7762	0.8196	AUC	lower = more sensitive	0.6808	1
ICCO7	AZD-7762	0.8346	AUC	lower = more sensitive	0.7736	1
ICCO8	AZD-7762	0.7558	AUC	lower = more sensitive	0.9781	1
ICCO9	AZD-7762	0.671	AUC	lower = more sensitive	0.9435	1
CHCO1	AZD1390	0.7526	AUC	lower = more sensitive	0.0005	1
CHCO2	AZD1390	0.8707	AUC	lower = more sensitive	0.539	1
CHCO3	AZD1390	0.769	AUC	lower = more sensitive	0.0037	1
CHCO4	AZD1390	0.9866	AUC	lower = more sensitive	0.097	1
HBO1	AZD1390	0.6455	AUC	lower = more sensitive	0.1755	1
HBO2	AZD1390	0.9662	AUC	lower = more sensitive	0.5665	1
HBO3	AZD1390	0.9164	AUC	lower = more sensitive	0.4589	1
HBO4	AZD1390	0.8821	AUC	lower = more sensitive	0.6193	1
HBO5	AZD1390	0.8071	AUC	lower = more sensitive	0.0966	1
HCCO10	AZD1390	0.7129	AUC	lower = more sensitive	0.3974	1
HCCO11	AZD1390	0.9041	AUC	lower = more sensitive	0.4637	1
HCCO12	AZD1390	0.7623	AUC	lower = more sensitive	0.0625	1
HCCO13	AZD1390	0.9419	AUC	lower = more sensitive	0.2378	1
HCCO14	AZD1390	0.9902	AUC	lower = more sensitive	0.3958	1
HCCO15	AZD1390	0.9738	AUC	lower = more sensitive	0.075	1
HCCO16	AZD1390	0.8856	AUC	lower = more sensitive	0.837	1
HCCO17	AZD1390	0.9756	AUC	lower = more sensitive	0.0021	1
HCCO18	AZD1390	0.8657	AUC	lower = more sensitive	0.13	1
HCCO19	AZD1390	0.93	AUC	lower = more sensitive	0.7023	1
HCCO20	AZD1390	0.9107	AUC	lower = more sensitive	0.531	1
HCCO21	AZD1390	0.8179	AUC	lower = more sensitive	0.0003	1
HCCO22	AZD1390	0.9209	AUC	lower = more sensitive	0.053	1
HCCO23	AZD1390	0.8607	AUC	lower = more sensitive	0.6985	1
HCCO24	AZD1390	0.9018	AUC	lower = more sensitive	0.1559	1
HCCO25	AZD1390	0.9619	AUC	lower = more sensitive	0.001	1
HCCO27	AZD1390	0.9577	AUC	lower = more sensitive	0.1695	1
HCCO28	AZD1390	0.9085	AUC	lower = more sensitive	0.1428	1
HCCO29	AZD1390	0.9293	AUC	lower = more sensitive	0.9737	1
HCCO30	AZD1390	0.8856	AUC	lower = more sensitive	0.8787	1
HCCO31	AZD1390	0.8789	AUC	lower = more sensitive	0.714	1
HCCO32	AZD1390	0.9252	AUC	lower = more sensitive	0.6918	1
HCCO33	AZD1390	0.919	AUC	lower = more sensitive	0.4271	1
HCCO34	AZD1390	0.937	AUC	lower = more sensitive	0.2399	1
HCCO35	AZD1390	0.9097	AUC	lower = more sensitive	0.2712	1
HCCO36	AZD1390	0.8005	AUC	lower = more sensitive	0.0135	1
HCCO37	AZD1390	0.8578	AUC	lower = more sensitive	0.7875	1
HCCO38	AZD1390	0.8961	AUC	lower = more sensitive	0.0002	1
HCCO39	AZD1390	0.9161	AUC	lower = more sensitive	0.0071	1
HCCO4	AZD1390	0.9917	AUC	lower = more sensitive	0.0396	1
HCCO40	AZD1390	0.8473	AUC	lower = more sensitive	0.087	1
HCCO41	AZD1390	0.5044	AUC	lower = more sensitive	0.3865	1
HCCO43	AZD1390	0.9404	AUC	lower = more sensitive	0.0567	1
HCCO44	AZD1390	0.7013	AUC	lower = more sensitive	0.0032	1
HCCO45	AZD1390	0.9481	AUC	lower = more sensitive	0.032	1
HCCO5	AZD1390	0.9296	AUC	lower = more sensitive	0.375	1
HCCO6	AZD1390	0.8925	AUC	lower = more sensitive	0.417	1
HCCO7	AZD1390	0.7528	AUC	lower = more sensitive	0.1835	1
HCCO8	AZD1390	0.904	AUC	lower = more sensitive	0.0326	1
HCCO9	AZD1390	0.9079	AUC	lower = more sensitive	0.2076	1
ICCO1	AZD1390	0.8666	AUC	lower = more sensitive	0.6376	1
ICCO10	AZD1390	0.8006	AUC	lower = more sensitive	0.8911	1
ICCO11	AZD1390	0.982	AUC	lower = more sensitive	0.0508	1
ICCO12	AZD1390	0.842	AUC	lower = more sensitive	0.0425	1
ICCO13	AZD1390	0.9334	AUC	lower = more sensitive	0.2545	1
ICCO2	AZD1390	0.9696	AUC	lower = more sensitive	0.136	1
ICCO3	AZD1390	0.961	AUC	lower = more sensitive	0.0445	1
ICCO4	AZD1390	0.9374	AUC	lower = more sensitive	0.0398	1
ICCO5	AZD1390	0.8147	AUC	lower = more sensitive	0.4479	1
ICCO7	AZD1390	0.9066	AUC	lower = more sensitive	0.7507	1
ICCO8	AZD1390	0.9575	AUC	lower = more sensitive	0.1094	1
ICCO9	AZD1390	0.9425	AUC	lower = more sensitive	0.0103	1
CHCO1	BARASERTIB	0.8929	AUC	lower = more sensitive	0.2644	1
CHCO2	BARASERTIB	0.6767	AUC	lower = more sensitive	0.6509	1
CHCO3	BARASERTIB	0.8082	AUC	lower = more sensitive	0.1212	1
CHCO4	BARASERTIB	0.8269	AUC	lower = more sensitive	0.0876	1
HBO1	BARASERTIB	0.898	AUC	lower = more sensitive	0.002	1
HBO2	BARASERTIB	0.8742	AUC	lower = more sensitive	0.4142	1
HBO3	BARASERTIB	0.9688	AUC	lower = more sensitive	0.5823	1
HBO4	BARASERTIB	0.5296	AUC	lower = more sensitive	0.3445	1
HBO5	BARASERTIB	0.7021	AUC	lower = more sensitive	0.0575	1
HCCO10	BARASERTIB	0.6098	AUC	lower = more sensitive	0.4713	1
HCCO11	BARASERTIB	0.8012	AUC	lower = more sensitive	0.0293	1
HCCO12	BARASERTIB	0.8147	AUC	lower = more sensitive	0.0225	1
HCCO13	BARASERTIB	0.9585	AUC	lower = more sensitive	0.1427	1
HCCO14	BARASERTIB	0.9702	AUC	lower = more sensitive	0.1679	1
HCCO15	BARASERTIB	0.928	AUC	lower = more sensitive	0.0823	1
HCCO16	BARASERTIB	0.7413	AUC	lower = more sensitive	0.8912	1
HCCO17	BARASERTIB	0.8883	AUC	lower = more sensitive	0.0489	1
HCCO18	BARASERTIB	0.8943	AUC	lower = more sensitive	0.1578	1
HCCO19	BARASERTIB	0.7894	AUC	lower = more sensitive	0.1321	1
HCCO20	BARASERTIB	0.9213	AUC	lower = more sensitive	0.2816	1
HCCO21	BARASERTIB	0.8497	AUC	lower = more sensitive	0.2946	1
HCCO22	BARASERTIB	0.8379	AUC	lower = more sensitive	0.0045	1
HCCO23	BARASERTIB	0.9274	AUC	lower = more sensitive	0.0001	1
HCCO24	BARASERTIB	0.8844	AUC	lower = more sensitive	0.3082	1
HCCO25	BARASERTIB	0.6875	AUC	lower = more sensitive	0.25	1
HCCO27	BARASERTIB	0.9617	AUC	lower = more sensitive	0.1766	1
HCCO28	BARASERTIB	0.9216	AUC	lower = more sensitive	0.0538	1
HCCO29	BARASERTIB	0.9916	AUC	lower = more sensitive	0.0706	1
HCCO30	BARASERTIB	1	AUC	lower = more sensitive	-0.0525	1
HCCO31	BARASERTIB	0.9487	AUC	lower = more sensitive	0.4695	1
HCCO32	BARASERTIB	0.9788	AUC	lower = more sensitive	0.0588	1
HCCO33	BARASERTIB	0.971	AUC	lower = more sensitive	0.0831	1
HCCO34	BARASERTIB	0.7338	AUC	lower = more sensitive	0	1
HCCO35	BARASERTIB	0.6139	AUC	lower = more sensitive	0.3461	1
HCCO36	BARASERTIB	0.8752	AUC	lower = more sensitive	0.3607	1
HCCO37	BARASERTIB	0.834	AUC	lower = more sensitive	0.7843	1
HCCO38	BARASERTIB	0.828	AUC	lower = more sensitive	0.7455	1
HCCO39	BARASERTIB	0.7496	AUC	lower = more sensitive	0.0534	1
HCCO4	BARASERTIB	0.8596	AUC	lower = more sensitive	0.128	1
HCCO40	BARASERTIB	0.9541	AUC	lower = more sensitive	0.0415	1
HCCO41	BARASERTIB	0.488	AUC	lower = more sensitive	0.0661	1
HCCO43	BARASERTIB	0.884	AUC	lower = more sensitive	0.044	1
HCCO44	BARASERTIB	0.9016	AUC	lower = more sensitive	0.0004	1
HCCO45	BARASERTIB	0.9704	AUC	lower = more sensitive	0.0368	1
HCCO5	BARASERTIB	0.9673	AUC	lower = more sensitive	0.1464	1
HCCO6	BARASERTIB	0.9545	AUC	lower = more sensitive	0.0396	1
HCCO7	BARASERTIB	0.7554	AUC	lower = more sensitive	0.0013	1
HCCO8	BARASERTIB	0.7862	AUC	lower = more sensitive	0.1792	1
HCCO9	BARASERTIB	0.9149	AUC	lower = more sensitive	0.0584	1
ICCO1	BARASERTIB	0.8193	AUC	lower = more sensitive	0.3962	1
ICCO10	BARASERTIB	0.8974	AUC	lower = more sensitive	0.5228	1
ICCO11	BARASERTIB	0.9172	AUC	lower = more sensitive	0.0772	1
ICCO12	BARASERTIB	0.9707	AUC	lower = more sensitive	0.1511	1
ICCO13	BARASERTIB	0.8733	AUC	lower = more sensitive	0.0445	1
ICCO2	BARASERTIB	0.9771	AUC	lower = more sensitive	0.1277	1
ICCO3	BARASERTIB	0.8212	AUC	lower = more sensitive	0.0043	1
ICCO4	BARASERTIB	0.6327	AUC	lower = more sensitive	0.0041	1
ICCO5	BARASERTIB	0.6168	AUC	lower = more sensitive	0.3458	1
ICCO7	BARASERTIB	0.751	AUC	lower = more sensitive	0.3553	1
ICCO8	BARASERTIB	0.7907	AUC	lower = more sensitive	0.7118	1
ICCO9	BARASERTIB	0.8682	AUC	lower = more sensitive	0.0036	1
CHCO1	BELINOSTAT	0.6904	AUC	lower = more sensitive	0.9097	1
CHCO2	BELINOSTAT	0.5945	AUC	lower = more sensitive	0.9258	1
CHCO3	BELINOSTAT	0.8661	AUC	lower = more sensitive	0.9499	1
CHCO4	BELINOSTAT	0.7287	AUC	lower = more sensitive	0.7945	1
HBO1	BELINOSTAT	0.7607	AUC	lower = more sensitive	0.8828	1
HBO2	BELINOSTAT	0.6674	AUC	lower = more sensitive	0.9662	1
HBO3	BELINOSTAT	0.7488	AUC	lower = more sensitive	0.9887	1
HBO4	BELINOSTAT	0.6356	AUC	lower = more sensitive	0.9647	1
HBO5	BELINOSTAT	0.7165	AUC	lower = more sensitive	0.9755	1
HCCO10	BELINOSTAT	0.6121	AUC	lower = more sensitive	0.8093	1
HCCO11	BELINOSTAT	0.7511	AUC	lower = more sensitive	0.961	1
HCCO12	BELINOSTAT	0.6085	AUC	lower = more sensitive	0.5981	1
HCCO13	BELINOSTAT	0.7147	AUC	lower = more sensitive	0.8273	1
HCCO14	BELINOSTAT	0.7692	AUC	lower = more sensitive	0.9776	1
HCCO15	BELINOSTAT	0.6979	AUC	lower = more sensitive	0.9778	1
HCCO16	BELINOSTAT	0.633	AUC	lower = more sensitive	0.9893	1
HCCO17	BELINOSTAT	0.6834	AUC	lower = more sensitive	0.9545	1
HCCO18	BELINOSTAT	0.675	AUC	lower = more sensitive	0.952	1
HCCO19	BELINOSTAT	0.5898	AUC	lower = more sensitive	0.9725	1
HCCO20	BELINOSTAT	0.7143	AUC	lower = more sensitive	0.705	1
HCCO21	BELINOSTAT	0.7697	AUC	lower = more sensitive	0.9092	1
HCCO22	BELINOSTAT	0.6443	AUC	lower = more sensitive	0.9244	1
HCCO23	BELINOSTAT	0.7053	AUC	lower = more sensitive	0.9092	1
HCCO24	BELINOSTAT	0.7049	AUC	lower = more sensitive	0.9596	1
HCCO25	BELINOSTAT	0.6504	AUC	lower = more sensitive	0.8512	1
HCCO27	BELINOSTAT	0.9689	AUC	lower = more sensitive	0.1334	1
HCCO28	BELINOSTAT	0.8032	AUC	lower = more sensitive	0.7862	1
HCCO29	BELINOSTAT	0.2782	AUC	lower = more sensitive	-0	1
HCCO30	BELINOSTAT	0.5783	AUC	lower = more sensitive	0.9913	1
HCCO31	BELINOSTAT	0.6797	AUC	lower = more sensitive	0.9979	1
HCCO32	BELINOSTAT	0.6956	AUC	lower = more sensitive	0.9824	1
HCCO33	BELINOSTAT	0.6053	AUC	lower = more sensitive	0.9539	1
HCCO34	BELINOSTAT	0.6672	AUC	lower = more sensitive	0.9651	1
HCCO35	BELINOSTAT	0.6318	AUC	lower = more sensitive	0.9911	1
HCCO36	BELINOSTAT	0.7604	AUC	lower = more sensitive	0.6048	1
HCCO37	BELINOSTAT	0.7367	AUC	lower = more sensitive	0.8812	1
HCCO38	BELINOSTAT	0.8696	AUC	lower = more sensitive	0.9317	1
HCCO39	BELINOSTAT	0.5965	AUC	lower = more sensitive	0.7807	1
HCCO4	BELINOSTAT	0.6995	AUC	lower = more sensitive	0.9445	1
HCCO40	BELINOSTAT	0.7545	AUC	lower = more sensitive	0.8938	1
HCCO41	BELINOSTAT	0.6808	AUC	lower = more sensitive	0.2654	1
HCCO43	BELINOSTAT	0.7408	AUC	lower = more sensitive	0.6934	1
HCCO44	BELINOSTAT	0.8316	AUC	lower = more sensitive	0.7635	1
HCCO45	BELINOSTAT	0.7214	AUC	lower = more sensitive	0.9805	1
HCCO5	BELINOSTAT	0.6967	AUC	lower = more sensitive	0.0033	1
HCCO6	BELINOSTAT	0.6482	AUC	lower = more sensitive	0.0026	1
HCCO7	BELINOSTAT	0.7915	AUC	lower = more sensitive	0.8042	1
HCCO8	BELINOSTAT	0.8446	AUC	lower = more sensitive	0.8105	1
HCCO9	BELINOSTAT	0.825	AUC	lower = more sensitive	0.8965	1
ICCO1	BELINOSTAT	0.6226	AUC	lower = more sensitive	0.9767	1
ICCO10	BELINOSTAT	0.6921	AUC	lower = more sensitive	0.9863	1
ICCO11	BELINOSTAT	0.8251	AUC	lower = more sensitive	0.8032	1
ICCO12	BELINOSTAT	0.6936	AUC	lower = more sensitive	0.7894	1
ICCO13	BELINOSTAT	0.6463	AUC	lower = more sensitive	0.9668	1
ICCO2	BELINOSTAT	0.7797	AUC	lower = more sensitive	0.9857	1
ICCO3	BELINOSTAT	0.5998	AUC	lower = more sensitive	0.9546	1
ICCO4	BELINOSTAT	0.6632	AUC	lower = more sensitive	0.9834	1
ICCO5	BELINOSTAT	0.7338	AUC	lower = more sensitive	0.9085	1
ICCO7	BELINOSTAT	0.7016	AUC	lower = more sensitive	0.9294	1
ICCO8	BELINOSTAT	0.6328	AUC	lower = more sensitive	0.9628	1
ICCO9	BELINOSTAT	0.6945	AUC	lower = more sensitive	0.9562	1
CHCO1	BI-2536	0.5064	AUC	lower = more sensitive	0.674	1
CHCO2	BI-2536	0.3217	AUC	lower = more sensitive	0.4003	1
CHCO3	BI-2536	0.7402	AUC	lower = more sensitive	0.8948	1
CHCO4	BI-2536	0.2847	AUC	lower = more sensitive	0.1628	1
HBO1	BI-2536	0.4347	AUC	lower = more sensitive	0.0726	1
HBO2	BI-2536	0.4358	AUC	lower = more sensitive	0.4604	1
HBO3	BI-2536	0.2811	AUC	lower = more sensitive	-0.1213	1
HBO4	BI-2536	0.082	AUC	lower = more sensitive	-0	1
HBO5	BI-2536	0.4752	AUC	lower = more sensitive	0.5006	1
HCCO10	BI-2536	0.4238	AUC	lower = more sensitive	0.6909	1
HCCO11	BI-2536	0.7089	AUC	lower = more sensitive	0.7682	1
HCCO12	BI-2536	0.5653	AUC	lower = more sensitive	0.5188	1
HCCO13	BI-2536	0.6802	AUC	lower = more sensitive	0.4316	1
HCCO14	BI-2536	0.698	AUC	lower = more sensitive	0.2013	1
HCCO15	BI-2536	0.7477	AUC	lower = more sensitive	0.9092	1
HCCO16	BI-2536	0.458	AUC	lower = more sensitive	0.2047	1
HCCO17	BI-2536	0.3488	AUC	lower = more sensitive	0.4496	1
HCCO18	BI-2536	0.7519	AUC	lower = more sensitive	0.8612	1
HCCO19	BI-2536	0.7209	AUC	lower = more sensitive	0.1593	1
HCCO20	BI-2536	0.4602	AUC	lower = more sensitive	0.7002	1
HCCO21	BI-2536	0.7146	AUC	lower = more sensitive	0.0968	1
HCCO22	BI-2536	0.563	AUC	lower = more sensitive	0.4026	1
HCCO23	BI-2536	0.7394	AUC	lower = more sensitive	0.4998	1
HCCO24	BI-2536	0.6031	AUC	lower = more sensitive	0.646	1
HCCO25	BI-2536	0.6861	AUC	lower = more sensitive	0.8607	1
HCCO27	BI-2536	0.7391	AUC	lower = more sensitive	0.0321	1
HCCO28	BI-2536	0.4103	AUC	lower = more sensitive	0.4004	1
HCCO29	BI-2536	0.3688	AUC	lower = more sensitive	0.4433	1
HCCO30	BI-2536	0.4021	AUC	lower = more sensitive	0.3956	1
HCCO31	BI-2536	0.5746	AUC	lower = more sensitive	0.9108	1
HCCO32	BI-2536	0.5712	AUC	lower = more sensitive	0.9576	1
HCCO33	BI-2536	0.5482	AUC	lower = more sensitive	0.8604	1
HCCO34	BI-2536	0.6235	AUC	lower = more sensitive	0.9146	1
HCCO35	BI-2536	0.5322	AUC	lower = more sensitive	0.8484	1
HCCO36	BI-2536	0.6205	AUC	lower = more sensitive	0.0014	1
HCCO37	BI-2536	0.8253	AUC	lower = more sensitive	0.7501	1
HCCO38	BI-2536	0.532	AUC	lower = more sensitive	0.4689	1
HCCO39	BI-2536	0.5197	AUC	lower = more sensitive	0.7863	1
HCCO4	BI-2536	0.4446	AUC	lower = more sensitive	0.8656	1
HCCO40	BI-2536	0.814	AUC	lower = more sensitive	0.8145	1
HCCO41	BI-2536	0.4718	AUC	lower = more sensitive	0.3558	1
HCCO43	BI-2536	0.6526	AUC	lower = more sensitive	0.6396	1
HCCO44	BI-2536	0.8679	AUC	lower = more sensitive	0.5489	1
HCCO45	BI-2536	0.7218	AUC	lower = more sensitive	0.9618	1
HCCO5	BI-2536	0.4682	AUC	lower = more sensitive	-0.0029	1
HCCO6	BI-2536	0.6984	AUC	lower = more sensitive	0	1
HCCO7	BI-2536	0.1993	AUC	lower = more sensitive	0.3436	1
HCCO8	BI-2536	0.6049	AUC	lower = more sensitive	0.6552	1
HCCO9	BI-2536	0.7997	AUC	lower = more sensitive	0.5421	1
ICCO1	BI-2536	0.2418	AUC	lower = more sensitive	0.581	1
ICCO10	BI-2536	0.4557	AUC	lower = more sensitive	0.795	1
ICCO11	BI-2536	0.8152	AUC	lower = more sensitive	0.6368	1
ICCO12	BI-2536	0.7322	AUC	lower = more sensitive	0.8275	1
ICCO13	BI-2536	0.6848	AUC	lower = more sensitive	0.9232	1
ICCO2	BI-2536	0.8451	AUC	lower = more sensitive	0.9702	1
ICCO3	BI-2536	0.6546	AUC	lower = more sensitive	0.9048	1
ICCO4	BI-2536	0.727	AUC	lower = more sensitive	0.2346	1
ICCO5	BI-2536	0.4974	AUC	lower = more sensitive	0.4076	1
ICCO7	BI-2536	0.5976	AUC	lower = more sensitive	0.8682	1
ICCO8	BI-2536	0.5046	AUC	lower = more sensitive	0.8245	1
ICCO9	BI-2536	0.4459	AUC	lower = more sensitive	0.0435	1
CHCO1	BOSUTINIB	0.8474	AUC	lower = more sensitive	0.8094	1
CHCO2	BOSUTINIB	0.8704	AUC	lower = more sensitive	0.8969	1
CHCO3	BOSUTINIB	0.825	AUC	lower = more sensitive	0.8562	1
CHCO4	BOSUTINIB	0.8221	AUC	lower = more sensitive	0.9579	1
HBO1	BOSUTINIB	0.8292	AUC	lower = more sensitive	0.1671	1
HBO2	BOSUTINIB	0.6803	AUC	lower = more sensitive	0.9425	1
HBO3	BOSUTINIB	0.9569	AUC	lower = more sensitive	0.6221	1
HBO4	BOSUTINIB	0.6598	AUC	lower = more sensitive	0.9595	1
HBO5	BOSUTINIB	0.7896	AUC	lower = more sensitive	0.3043	1
HCCO10	BOSUTINIB	0.8458	AUC	lower = more sensitive	0.1857	1
HCCO11	BOSUTINIB	0.8223	AUC	lower = more sensitive	0.6912	1
HCCO12	BOSUTINIB	0.8893	AUC	lower = more sensitive	0.5795	1
HCCO13	BOSUTINIB	0.8393	AUC	lower = more sensitive	0.8461	1
HCCO14	BOSUTINIB	0.7889	AUC	lower = more sensitive	0.1184	1
HCCO15	BOSUTINIB	0.8524	AUC	lower = more sensitive	0.7428	1
HCCO16	BOSUTINIB	0.8224	AUC	lower = more sensitive	0.9826	1
HCCO17	BOSUTINIB	0.7934	AUC	lower = more sensitive	0.9388	1
HCCO18	BOSUTINIB	0.7127	AUC	lower = more sensitive	0.9313	1
HCCO19	BOSUTINIB	0.7515	AUC	lower = more sensitive	0.9279	1
HCCO20	BOSUTINIB	0.7612	AUC	lower = more sensitive	0.7937	1
HCCO21	BOSUTINIB	0.7845	AUC	lower = more sensitive	0.9459	1
HCCO22	BOSUTINIB	0.8078	AUC	lower = more sensitive	0.8494	1
HCCO23	BOSUTINIB	0.8335	AUC	lower = more sensitive	0.9529	1
HCCO24	BOSUTINIB	0.6841	AUC	lower = more sensitive	0.761	1
HCCO25	BOSUTINIB	0.7844	AUC	lower = more sensitive	0.7231	1
HCCO27	BOSUTINIB	0.9225	AUC	lower = more sensitive	0.4122	1
HCCO28	BOSUTINIB	0.8112	AUC	lower = more sensitive	0.8505	1
HCCO29	BOSUTINIB	0.8427	AUC	lower = more sensitive	0.9868	1
HCCO30	BOSUTINIB	0.846	AUC	lower = more sensitive	0.9861	1
HCCO31	BOSUTINIB	0.8256	AUC	lower = more sensitive	0.8993	1
HCCO32	BOSUTINIB	0.8678	AUC	lower = more sensitive	0.9554	1
HCCO33	BOSUTINIB	0.7743	AUC	lower = more sensitive	0.7017	1
HCCO34	BOSUTINIB	0.8142	AUC	lower = more sensitive	0.9587	1
HCCO35	BOSUTINIB	0.8275	AUC	lower = more sensitive	0.9867	1
HCCO36	BOSUTINIB	0.82	AUC	lower = more sensitive	0.7087	1
HCCO37	BOSUTINIB	0.8066	AUC	lower = more sensitive	0.8978	1
HCCO38	BOSUTINIB	0.7955	AUC	lower = more sensitive	0.9854	1
HCCO39	BOSUTINIB	0.7613	AUC	lower = more sensitive	0.5029	1
HCCO4	BOSUTINIB	0.9459	AUC	lower = more sensitive	0.0651	1
HCCO40	BOSUTINIB	0.7865	AUC	lower = more sensitive	0.7936	1
HCCO41	BOSUTINIB	0.8307	AUC	lower = more sensitive	0.0799	1
HCCO43	BOSUTINIB	0.7894	AUC	lower = more sensitive	0.9624	1
HCCO44	BOSUTINIB	0.8719	AUC	lower = more sensitive	0.927	1
HCCO45	BOSUTINIB	0.8905	AUC	lower = more sensitive	0.9868	1
HCCO5	BOSUTINIB	0.8658	AUC	lower = more sensitive	0.0528	1
HCCO6	BOSUTINIB	0.9114	AUC	lower = more sensitive	0.24	1
HCCO7	BOSUTINIB	0.7146	AUC	lower = more sensitive	0.807	1
HCCO8	BOSUTINIB	0.847	AUC	lower = more sensitive	0.6077	1
HCCO9	BOSUTINIB	0.8729	AUC	lower = more sensitive	0.7027	1
ICCO1	BOSUTINIB	0.8485	AUC	lower = more sensitive	0.869	1
ICCO10	BOSUTINIB	0.7879	AUC	lower = more sensitive	0.9818	1
ICCO11	BOSUTINIB	0.7907	AUC	lower = more sensitive	0.9373	1
ICCO12	BOSUTINIB	0.7603	AUC	lower = more sensitive	0.7479	1
ICCO13	BOSUTINIB	0.7275	AUC	lower = more sensitive	0.9506	1
ICCO2	BOSUTINIB	0.8547	AUC	lower = more sensitive	0.8238	1
ICCO3	BOSUTINIB	0.7939	AUC	lower = more sensitive	0.8419	1
ICCO4	BOSUTINIB	0.8029	AUC	lower = more sensitive	0.5076	1
ICCO5	BOSUTINIB	0.8789	AUC	lower = more sensitive	0.9018	1
ICCO7	BOSUTINIB	0.7428	AUC	lower = more sensitive	0.8416	1
ICCO8	BOSUTINIB	0.8098	AUC	lower = more sensitive	0.9432	1
ICCO9	BOSUTINIB	0.6612	AUC	lower = more sensitive	0.8553	1
CHCO1	CAPMATINIB	0.8176	AUC	lower = more sensitive	0.1086	1
CHCO2	CAPMATINIB	0.7139	AUC	lower = more sensitive	0.0472	1
CHCO3	CAPMATINIB	0.908	AUC	lower = more sensitive	0.6195	1
CHCO4	CAPMATINIB	0.9424	AUC	lower = more sensitive	0.0002	1
HBO1	CAPMATINIB	0.927	AUC	lower = more sensitive	0.3166	1
HBO2	CAPMATINIB	0.8837	AUC	lower = more sensitive	0.1505	1
HBO3	CAPMATINIB	1	AUC	lower = more sensitive	0	1
HBO4	CAPMATINIB	0.9659	AUC	lower = more sensitive	0.0004	1
HBO5	CAPMATINIB	0.7388	AUC	lower = more sensitive	0.0611	1
HCCO10	CAPMATINIB	0.8652	AUC	lower = more sensitive	0.084	1
HCCO11	CAPMATINIB	0.7451	AUC	lower = more sensitive	0.6552	1
HCCO12	CAPMATINIB	0.6338	AUC	lower = more sensitive	0.0219	1
HCCO13	CAPMATINIB	0.9087	AUC	lower = more sensitive	0.0808	1
HCCO14	CAPMATINIB	0.9922	AUC	lower = more sensitive	0.027	1
HCCO15	CAPMATINIB	0.896	AUC	lower = more sensitive	0.0263	1
HCCO16	CAPMATINIB	0.9066	AUC	lower = more sensitive	0.8764	1
HCCO17	CAPMATINIB	0.7776	AUC	lower = more sensitive	0.3288	1
HCCO18	CAPMATINIB	0.8856	AUC	lower = more sensitive	0.3022	1
HCCO19	CAPMATINIB	0.9656	AUC	lower = more sensitive	0.1318	1
HCCO20	CAPMATINIB	0.8061	AUC	lower = more sensitive	0.0086	1
HCCO21	CAPMATINIB	0.8063	AUC	lower = more sensitive	0.2853	1
HCCO22	CAPMATINIB	0.9171	AUC	lower = more sensitive	0.1298	1
HCCO23	CAPMATINIB	0.7836	AUC	lower = more sensitive	0.4755	1
HCCO24	CAPMATINIB	0.6862	AUC	lower = more sensitive	0.3193	1
HCCO25	CAPMATINIB	0.7522	AUC	lower = more sensitive	0.0351	1
HCCO27	CAPMATINIB	0.9285	AUC	lower = more sensitive	0.094	1
HCCO28	CAPMATINIB	0.9028	AUC	lower = more sensitive	0.574	1
HCCO29	CAPMATINIB	0.6265	AUC	lower = more sensitive	0.1166	1
HCCO30	CAPMATINIB	0.6969	AUC	lower = more sensitive	0.0225	1
HCCO31	CAPMATINIB	0.8875	AUC	lower = more sensitive	0.5453	1
HCCO32	CAPMATINIB	0.9505	AUC	lower = more sensitive	0.0174	1
HCCO33	CAPMATINIB	0.8987	AUC	lower = more sensitive	0.3355	1
HCCO34	CAPMATINIB	0.8104	AUC	lower = more sensitive	0.5995	1
HCCO35	CAPMATINIB	0.9303	AUC	lower = more sensitive	0.5992	1
HCCO36	CAPMATINIB	0.9419	AUC	lower = more sensitive	0.2948	1
HCCO37	CAPMATINIB	0.9286	AUC	lower = more sensitive	0.7444	1
HCCO38	CAPMATINIB	0.8839	AUC	lower = more sensitive	0.5143	1
HCCO39	CAPMATINIB	0.8584	AUC	lower = more sensitive	0.1964	1
HCCO4	CAPMATINIB	0.9872	AUC	lower = more sensitive	0.201	1
HCCO40	CAPMATINIB	0.9566	AUC	lower = more sensitive	0.0375	1
HCCO41	CAPMATINIB	0.8607	AUC	lower = more sensitive	0.0581	1
HCCO43	CAPMATINIB	0.7427	AUC	lower = more sensitive	0.0545	1
HCCO44	CAPMATINIB	0.8421	AUC	lower = more sensitive	0.0332	1
HCCO45	CAPMATINIB	0.919	AUC	lower = more sensitive	0.0411	1
HCCO5	CAPMATINIB	0.9663	AUC	lower = more sensitive	0.1645	1
HCCO6	CAPMATINIB	0.7613	AUC	lower = more sensitive	0.0378	1
HCCO7	CAPMATINIB	0.9086	AUC	lower = more sensitive	0.6446	1
HCCO8	CAPMATINIB	0.8626	AUC	lower = more sensitive	0.0076	1
HCCO9	CAPMATINIB	0.8798	AUC	lower = more sensitive	0.0452	1
ICCO1	CAPMATINIB	0.8639	AUC	lower = more sensitive	0.2527	1
ICCO10	CAPMATINIB	0.8641	AUC	lower = more sensitive	0.2469	1
ICCO11	CAPMATINIB	0.9313	AUC	lower = more sensitive	0.3321	1
ICCO12	CAPMATINIB	0.9063	AUC	lower = more sensitive	0.0754	1
ICCO13	CAPMATINIB	0.8076	AUC	lower = more sensitive	0.6407	1
ICCO2	CAPMATINIB	0.9346	AUC	lower = more sensitive	0.2255	1
ICCO3	CAPMATINIB	0.9064	AUC	lower = more sensitive	0.2122	1
ICCO4	CAPMATINIB	0.8361	AUC	lower = more sensitive	0	1
ICCO5	CAPMATINIB	0.9959	AUC	lower = more sensitive	0.1561	1
ICCO7	CAPMATINIB	0.6693	AUC	lower = more sensitive	0.348	1
ICCO8	CAPMATINIB	0.6138	AUC	lower = more sensitive	0.1251	1
ICCO9	CAPMATINIB	0.7099	AUC	lower = more sensitive	0.0007	1
CHCO1	CERALASERTIB	0.689	AUC	lower = more sensitive	0.8882	1
CHCO2	CERALASERTIB	0.7579	AUC	lower = more sensitive	0.9459	1
CHCO3	CERALASERTIB	0.8614	AUC	lower = more sensitive	0.6693	1
CHCO4	CERALASERTIB	0.9018	AUC	lower = more sensitive	0.339	1
HBO1	CERALASERTIB	0.6867	AUC	lower = more sensitive	0.2586	1
HBO2	CERALASERTIB	0.7786	AUC	lower = more sensitive	0.8928	1
HBO3	CERALASERTIB	0.9105	AUC	lower = more sensitive	0.9753	1
HBO4	CERALASERTIB	0.7261	AUC	lower = more sensitive	0.8943	1
HBO5	CERALASERTIB	0.3304	AUC	lower = more sensitive	-0.0781	1
HCCO10	CERALASERTIB	0.7228	AUC	lower = more sensitive	0.9023	1
HCCO11	CERALASERTIB	0.8784	AUC	lower = more sensitive	0.7489	1
HCCO12	CERALASERTIB	0.8053	AUC	lower = more sensitive	0.4209	1
HCCO13	CERALASERTIB	0.7393	AUC	lower = more sensitive	0.841	1
HCCO14	CERALASERTIB	0.7752	AUC	lower = more sensitive	0.6438	1
HCCO15	CERALASERTIB	0.9087	AUC	lower = more sensitive	0.1009	1
HCCO16	CERALASERTIB	0.7484	AUC	lower = more sensitive	0.9614	1
HCCO17	CERALASERTIB	0.7768	AUC	lower = more sensitive	0.8543	1
HCCO18	CERALASERTIB	0.868	AUC	lower = more sensitive	0.6898	1
HCCO19	CERALASERTIB	0.7499	AUC	lower = more sensitive	0.9232	1
HCCO20	CERALASERTIB	0.7993	AUC	lower = more sensitive	0.9663	1
HCCO21	CERALASERTIB	0.8345	AUC	lower = more sensitive	0.8427	1
HCCO22	CERALASERTIB	0.7868	AUC	lower = more sensitive	0.7897	1
HCCO23	CERALASERTIB	0.7989	AUC	lower = more sensitive	0.7565	1
HCCO24	CERALASERTIB	0.8382	AUC	lower = more sensitive	0.6559	1
HCCO25	CERALASERTIB	0.8022	AUC	lower = more sensitive	0.4313	1
HCCO27	CERALASERTIB	0.8291	AUC	lower = more sensitive	0.0148	1
HCCO28	CERALASERTIB	0.7872	AUC	lower = more sensitive	0.8768	1
HCCO29	CERALASERTIB	0.8543	AUC	lower = more sensitive	0.9803	1
HCCO30	CERALASERTIB	0.868	AUC	lower = more sensitive	0.9873	1
HCCO31	CERALASERTIB	0.8617	AUC	lower = more sensitive	0.9787	1
HCCO32	CERALASERTIB	0.8172	AUC	lower = more sensitive	0.9574	1
HCCO33	CERALASERTIB	0.8277	AUC	lower = more sensitive	0.9848	1
HCCO34	CERALASERTIB	0.8378	AUC	lower = more sensitive	0.8697	1
HCCO35	CERALASERTIB	0.8103	AUC	lower = more sensitive	0.9856	1
HCCO36	CERALASERTIB	0.752	AUC	lower = more sensitive	0.5866	1
HCCO37	CERALASERTIB	0.7302	AUC	lower = more sensitive	0.912	1
HCCO38	CERALASERTIB	0.7783	AUC	lower = more sensitive	0.8225	1
HCCO39	CERALASERTIB	0.6457	AUC	lower = more sensitive	0.4538	1
HCCO4	CERALASERTIB	0.944	AUC	lower = more sensitive	0.2633	1
HCCO40	CERALASERTIB	0.7853	AUC	lower = more sensitive	0.4805	1
HCCO41	CERALASERTIB	0.8661	AUC	lower = more sensitive	0.0264	1
HCCO43	CERALASERTIB	0.9425	AUC	lower = more sensitive	0.3799	1
HCCO44	CERALASERTIB	0.7181	AUC	lower = more sensitive	0.1376	1
HCCO45	CERALASERTIB	0.8254	AUC	lower = more sensitive	0.8071	1
HCCO5	CERALASERTIB	0.8064	AUC	lower = more sensitive	0.0042	1
HCCO6	CERALASERTIB	0.9206	AUC	lower = more sensitive	0.0299	1
HCCO7	CERALASERTIB	0.8425	AUC	lower = more sensitive	0.0049	1
HCCO8	CERALASERTIB	0.9083	AUC	lower = more sensitive	0.1354	1
HCCO9	CERALASERTIB	0.8597	AUC	lower = more sensitive	0.4412	1
ICCO1	CERALASERTIB	0.7953	AUC	lower = more sensitive	0.8738	1
ICCO10	CERALASERTIB	0.8224	AUC	lower = more sensitive	0.6759	1
ICCO11	CERALASERTIB	0.9194	AUC	lower = more sensitive	0.3489	1
ICCO12	CERALASERTIB	0.876	AUC	lower = more sensitive	0.5508	1
ICCO13	CERALASERTIB	0.7385	AUC	lower = more sensitive	0.1658	1
ICCO2	CERALASERTIB	0.9618	AUC	lower = more sensitive	0.8714	1
ICCO3	CERALASERTIB	0.8721	AUC	lower = more sensitive	0.8464	1
ICCO4	CERALASERTIB	0.9232	AUC	lower = more sensitive	0.3305	1
ICCO5	CERALASERTIB	0.9395	AUC	lower = more sensitive	0.0979	1
ICCO7	CERALASERTIB	0.7433	AUC	lower = more sensitive	0.5812	1
ICCO8	CERALASERTIB	0.8293	AUC	lower = more sensitive	0.9207	1
ICCO9	CERALASERTIB	0.8843	AUC	lower = more sensitive	0.7897	1
CHCO1	CERITINIB	0.396	AUC	lower = more sensitive	-0	1
CHCO2	CERITINIB	0.6245	AUC	lower = more sensitive	0.8902	1
CHCO3	CERITINIB	0.6625	AUC	lower = more sensitive	0.9165	1
CHCO4	CERITINIB	0.7788	AUC	lower = more sensitive	0.8443	1
HBO1	CERITINIB	0.7288	AUC	lower = more sensitive	0.6788	1
HBO2	CERITINIB	0.6142	AUC	lower = more sensitive	0.9674	1
HBO3	CERITINIB	0.8137	AUC	lower = more sensitive	0.9708	1
HBO4	CERITINIB	0.5645	AUC	lower = more sensitive	0.9679	1
HBO5	CERITINIB	0.5967	AUC	lower = more sensitive	0.7842	1
HCCO10	CERITINIB	0.7694	AUC	lower = more sensitive	0.8601	1
HCCO11	CERITINIB	0.7022	AUC	lower = more sensitive	0.7119	1
HCCO12	CERITINIB	0.2984	AUC	lower = more sensitive	-0	1
HCCO13	CERITINIB	0.711	AUC	lower = more sensitive	0.7963	1
HCCO14	CERITINIB	0.6871	AUC	lower = more sensitive	0.9536	1
HCCO15	CERITINIB	0.7095	AUC	lower = more sensitive	0.8963	1
HCCO16	CERITINIB	0.6945	AUC	lower = more sensitive	0.9785	1
HCCO17	CERITINIB	0.6795	AUC	lower = more sensitive	0.9482	1
HCCO18	CERITINIB	0.6686	AUC	lower = more sensitive	0.7888	1
HCCO19	CERITINIB	0.6555	AUC	lower = more sensitive	0.9324	1
HCCO20	CERITINIB	0.6022	AUC	lower = more sensitive	0.8806	1
HCCO21	CERITINIB	0.7187	AUC	lower = more sensitive	0.9777	1
HCCO22	CERITINIB	0.6296	AUC	lower = more sensitive	0.9363	1
HCCO23	CERITINIB	0.6557	AUC	lower = more sensitive	0.9289	1
HCCO24	CERITINIB	0.6434	AUC	lower = more sensitive	0.9024	1
HCCO25	CERITINIB	0.602	AUC	lower = more sensitive	0.8998	1
HCCO27	CERITINIB	0.6349	AUC	lower = more sensitive	0.0021	1
HCCO28	CERITINIB	0.6523	AUC	lower = more sensitive	0.9629	1
HCCO29	CERITINIB	0.6987	AUC	lower = more sensitive	0.9718	1
HCCO30	CERITINIB	0.6985	AUC	lower = more sensitive	0.983	1
HCCO31	CERITINIB	0.7105	AUC	lower = more sensitive	0.9674	1
HCCO32	CERITINIB	0.735	AUC	lower = more sensitive	0.9336	1
HCCO33	CERITINIB	0.7287	AUC	lower = more sensitive	0.9149	1
HCCO34	CERITINIB	0.647	AUC	lower = more sensitive	0.9433	1
HCCO35	CERITINIB	0.6396	AUC	lower = more sensitive	0.9099	1
HCCO36	CERITINIB	0.6906	AUC	lower = more sensitive	0.5207	1
HCCO37	CERITINIB	0.7058	AUC	lower = more sensitive	0.9397	1
HCCO38	CERITINIB	0.6421	AUC	lower = more sensitive	0.8973	1
HCCO39	CERITINIB	0.5138	AUC	lower = more sensitive	0.8405	1
HCCO4	CERITINIB	0.7671	AUC	lower = more sensitive	0.3518	1
HCCO40	CERITINIB	0.7241	AUC	lower = more sensitive	0.8517	1
HCCO41	CERITINIB	0.5417	AUC	lower = more sensitive	0.6281	1
HCCO43	CERITINIB	0.6785	AUC	lower = more sensitive	0.8502	1
HCCO44	CERITINIB	0.7513	AUC	lower = more sensitive	0.8609	1
HCCO45	CERITINIB	0.716	AUC	lower = more sensitive	0.9817	1
HCCO5	CERITINIB	0.5114	AUC	lower = more sensitive	0.0001	1
HCCO6	CERITINIB	0.6008	AUC	lower = more sensitive	0.0023	1
HCCO7	CERITINIB	0.7134	AUC	lower = more sensitive	0.8263	1
HCCO8	CERITINIB	0.5852	AUC	lower = more sensitive	0.8603	1
HCCO9	CERITINIB	0.702	AUC	lower = more sensitive	0.9613	1
ICCO1	CERITINIB	0.6337	AUC	lower = more sensitive	0.9484	1
ICCO10	CERITINIB	0.5955	AUC	lower = more sensitive	0.9685	1
ICCO11	CERITINIB	0.6881	AUC	lower = more sensitive	0.8798	1
ICCO12	CERITINIB	0.5801	AUC	lower = more sensitive	0.7675	1
ICCO13	CERITINIB	0.6143	AUC	lower = more sensitive	0.8893	1
ICCO2	CERITINIB	0.7436	AUC	lower = more sensitive	0.9666	1
ICCO3	CERITINIB	0.6451	AUC	lower = more sensitive	0.856	1
ICCO4	CERITINIB	0.6703	AUC	lower = more sensitive	0.8538	1
ICCO5	CERITINIB	0.7726	AUC	lower = more sensitive	0.9906	1
ICCO7	CERITINIB	0.516	AUC	lower = more sensitive	0.8804	1
ICCO8	CERITINIB	0.6235	AUC	lower = more sensitive	0.9415	1
ICCO9	CERITINIB	0.6443	AUC	lower = more sensitive	0.9585	1
CHCO1	COBIMETINIB	0.8036	AUC	lower = more sensitive	0.8171	1
CHCO2	COBIMETINIB	0.8507	AUC	lower = more sensitive	0.5589	1
CHCO3	COBIMETINIB	0.8343	AUC	lower = more sensitive	0.6787	1
CHCO4	COBIMETINIB	0.9113	AUC	lower = more sensitive	0.7071	1
HBO1	COBIMETINIB	0.7096	AUC	lower = more sensitive	0.6475	1
HBO2	COBIMETINIB	0.5773	AUC	lower = more sensitive	0.9721	1
HBO3	COBIMETINIB	0.9431	AUC	lower = more sensitive	0.7627	1
HBO4	COBIMETINIB	0.4171	AUC	lower = more sensitive	0.8963	1
HBO5	COBIMETINIB	0.6348	AUC	lower = more sensitive	0.6397	1
HCCO10	COBIMETINIB	0.6402	AUC	lower = more sensitive	0.9788	1
HCCO11	COBIMETINIB	0.7904	AUC	lower = more sensitive	0.6397	1
HCCO12	COBIMETINIB	0.7503	AUC	lower = more sensitive	0.0542	1
HCCO13	COBIMETINIB	0.8512	AUC	lower = more sensitive	0.3167	1
HCCO14	COBIMETINIB	0.8129	AUC	lower = more sensitive	0.397	1
HCCO15	COBIMETINIB	0.878	AUC	lower = more sensitive	0.5301	1
HCCO16	COBIMETINIB	0.8102	AUC	lower = more sensitive	0.8054	1
HCCO17	COBIMETINIB	0.7346	AUC	lower = more sensitive	0.7917	1
HCCO18	COBIMETINIB	0.8136	AUC	lower = more sensitive	0.9405	1
HCCO19	COBIMETINIB	0.7003	AUC	lower = more sensitive	0.8109	1
HCCO20	COBIMETINIB	0.7573	AUC	lower = more sensitive	0.3002	1
HCCO21	COBIMETINIB	0.7774	AUC	lower = more sensitive	0.2706	1
HCCO22	COBIMETINIB	0.8627	AUC	lower = more sensitive	0.5941	1
HCCO23	COBIMETINIB	0.7988	AUC	lower = more sensitive	0.8547	1
HCCO24	COBIMETINIB	0.7083	AUC	lower = more sensitive	0.7485	1
HCCO25	COBIMETINIB	0.6841	AUC	lower = more sensitive	0.5434	1
HCCO27	COBIMETINIB	0.8888	AUC	lower = more sensitive	0.1699	1
HCCO28	COBIMETINIB	0.7803	AUC	lower = more sensitive	0.887	1
HCCO29	COBIMETINIB	0.6005	AUC	lower = more sensitive	0.9839	1
HCCO30	COBIMETINIB	0.6019	AUC	lower = more sensitive	0.9827	1
HCCO31	COBIMETINIB	0.881	AUC	lower = more sensitive	0.8694	1
HCCO32	COBIMETINIB	0.8269	AUC	lower = more sensitive	0.5082	1
HCCO33	COBIMETINIB	0.8093	AUC	lower = more sensitive	0.6473	1
HCCO34	COBIMETINIB	0.6964	AUC	lower = more sensitive	0.2673	1
HCCO35	COBIMETINIB	0.8414	AUC	lower = more sensitive	0.6044	1
HCCO36	COBIMETINIB	0.875	AUC	lower = more sensitive	0.6715	1
HCCO37	COBIMETINIB	0.3538	AUC	lower = more sensitive	-0.1425	1
HCCO38	COBIMETINIB	0.6657	AUC	lower = more sensitive	0.7976	1
HCCO39	COBIMETINIB	0.6951	AUC	lower = more sensitive	0.3845	1
HCCO4	COBIMETINIB	0.8359	AUC	lower = more sensitive	0.7389	1
HCCO40	COBIMETINIB	0.816	AUC	lower = more sensitive	0.6665	1
HCCO41	COBIMETINIB	0.6382	AUC	lower = more sensitive	0.7985	1
HCCO43	COBIMETINIB	0.4413	AUC	lower = more sensitive	0.7007	1
HCCO44	COBIMETINIB	0.7512	AUC	lower = more sensitive	0.1342	1
HCCO45	COBIMETINIB	0.8513	AUC	lower = more sensitive	0.9071	1
HCCO5	COBIMETINIB	0.9153	AUC	lower = more sensitive	0.417	1
HCCO6	COBIMETINIB	0.8849	AUC	lower = more sensitive	0.3443	1
HCCO7	COBIMETINIB	0.5241	AUC	lower = more sensitive	0.9468	1
HCCO8	COBIMETINIB	0.7366	AUC	lower = more sensitive	0.5743	1
HCCO9	COBIMETINIB	0.8624	AUC	lower = more sensitive	0.2464	1
ICCO1	COBIMETINIB	0.7991	AUC	lower = more sensitive	0.9719	1
ICCO10	COBIMETINIB	0.7491	AUC	lower = more sensitive	0.9428	1
ICCO11	COBIMETINIB	0.8242	AUC	lower = more sensitive	0.3946	1
ICCO12	COBIMETINIB	0.6915	AUC	lower = more sensitive	0.7312	1
ICCO13	COBIMETINIB	0.7979	AUC	lower = more sensitive	0.5937	1
ICCO2	COBIMETINIB	0.6255	AUC	lower = more sensitive	0.4044	1
ICCO3	COBIMETINIB	0.7081	AUC	lower = more sensitive	0.4554	1
ICCO4	COBIMETINIB	0.7815	AUC	lower = more sensitive	0.885	1
ICCO5	COBIMETINIB	0.9217	AUC	lower = more sensitive	0.8904	1
ICCO7	COBIMETINIB	0.7376	AUC	lower = more sensitive	0.475	1
ICCO8	COBIMETINIB	0.6512	AUC	lower = more sensitive	0.8383	1
ICCO9	COBIMETINIB	0.7351	AUC	lower = more sensitive	0.6556	1
CHCO1	CP466722	0.8904	AUC	lower = more sensitive	0.1016	1
CHCO2	CP466722	0.7567	AUC	lower = more sensitive	0.5168	1
CHCO3	CP466722	0.8896	AUC	lower = more sensitive	0.803	1
CHCO4	CP466722	0.8136	AUC	lower = more sensitive	0.9775	1
HBO1	CP466722	0.866	AUC	lower = more sensitive	0.1136	1
HBO2	CP466722	0.8189	AUC	lower = more sensitive	0.9878	1
HBO3	CP466722	0.8886	AUC	lower = more sensitive	0.6219	1
HBO4	CP466722	0.8226	AUC	lower = more sensitive	0.9934	1
HBO5	CP466722	0.7692	AUC	lower = more sensitive	0.544	1
HCCO10	CP466722	0.64	AUC	lower = more sensitive	0.284	1
HCCO11	CP466722	0.836	AUC	lower = more sensitive	0.8095	1
HCCO12	CP466722	0.8306	AUC	lower = more sensitive	0.7374	1
HCCO13	CP466722	0.7605	AUC	lower = more sensitive	0.8979	1
HCCO14	CP466722	0.9497	AUC	lower = more sensitive	0.4716	1
HCCO15	CP466722	0.8772	AUC	lower = more sensitive	0.7088	1
HCCO16	CP466722	0.9337	AUC	lower = more sensitive	0.7252	1
HCCO17	CP466722	0.889	AUC	lower = more sensitive	0.952	1
HCCO18	CP466722	0.8342	AUC	lower = more sensitive	0.8685	1
HCCO19	CP466722	0.8821	AUC	lower = more sensitive	0.9842	1
HCCO20	CP466722	0.9286	AUC	lower = more sensitive	0.8818	1
HCCO21	CP466722	0.9202	AUC	lower = more sensitive	0.4118	1
HCCO22	CP466722	0.8915	AUC	lower = more sensitive	0.9277	1
HCCO23	CP466722	0.8684	AUC	lower = more sensitive	0.9466	1
HCCO24	CP466722	0.7994	AUC	lower = more sensitive	0.9076	1
HCCO25	CP466722	0.6069	AUC	lower = more sensitive	0.4367	1
HCCO27	CP466722	0.902	AUC	lower = more sensitive	0.0878	1
HCCO28	CP466722	0.8322	AUC	lower = more sensitive	0.9729	1
HCCO29	CP466722	0.7752	AUC	lower = more sensitive	0.9759	1
HCCO30	CP466722	0.8003	AUC	lower = more sensitive	0.992	1
HCCO31	CP466722	0.8357	AUC	lower = more sensitive	0.8336	1
HCCO32	CP466722	0.9036	AUC	lower = more sensitive	0.9911	1
HCCO33	CP466722	0.735	AUC	lower = more sensitive	0.6902	1
HCCO34	CP466722	0.851	AUC	lower = more sensitive	0.9617	1
HCCO35	CP466722	0.8672	AUC	lower = more sensitive	0.8988	1
HCCO36	CP466722	0.8988	AUC	lower = more sensitive	0.5309	1
HCCO37	CP466722	0.8627	AUC	lower = more sensitive	0.682	1
HCCO38	CP466722	0.9821	AUC	lower = more sensitive	0.7035	1
HCCO39	CP466722	0.917	AUC	lower = more sensitive	0.0404	1
HCCO4	CP466722	1	AUC	lower = more sensitive	0	1
HCCO40	CP466722	0.8909	AUC	lower = more sensitive	0.8972	1
HCCO41	CP466722	0.2677	AUC	lower = more sensitive	0.1176	1
HCCO43	CP466722	0.7569	AUC	lower = more sensitive	0.5526	1
HCCO44	CP466722	0.9261	AUC	lower = more sensitive	0.824	1
HCCO45	CP466722	0.8875	AUC	lower = more sensitive	0.7423	1
HCCO5	CP466722	0.8153	AUC	lower = more sensitive	0.0167	1
HCCO6	CP466722	0.8643	AUC	lower = more sensitive	0.0294	1
HCCO7	CP466722	0.8391	AUC	lower = more sensitive	0.1706	1
HCCO8	CP466722	0.9129	AUC	lower = more sensitive	0.1817	1
HCCO9	CP466722	0.8996	AUC	lower = more sensitive	0.8625	1
ICCO1	CP466722	0.7491	AUC	lower = more sensitive	0.9805	1
ICCO10	CP466722	0.8806	AUC	lower = more sensitive	0.9483	1
ICCO11	CP466722	0.9013	AUC	lower = more sensitive	0.93	1
ICCO12	CP466722	0.8375	AUC	lower = more sensitive	0.1269	1
ICCO13	CP466722	0.8653	AUC	lower = more sensitive	0.1773	1
ICCO2	CP466722	0.8938	AUC	lower = more sensitive	0.8638	1
ICCO3	CP466722	0.8571	AUC	lower = more sensitive	0.7819	1
ICCO4	CP466722	0.9077	AUC	lower = more sensitive	0.6731	1
ICCO5	CP466722	0.8228	AUC	lower = more sensitive	0.1229	1
ICCO7	CP466722	0.8619	AUC	lower = more sensitive	0.4298	1
ICCO8	CP466722	0.8504	AUC	lower = more sensitive	0.7855	1
ICCO9	CP466722	0.9065	AUC	lower = more sensitive	0.5345	1
CHCO1	CRIZOTINIB	0.7683	AUC	lower = more sensitive	0.8301	1
CHCO2	CRIZOTINIB	0.6814	AUC	lower = more sensitive	0.8554	1
CHCO3	CRIZOTINIB	0.8224	AUC	lower = more sensitive	0.921	1
CHCO4	CRIZOTINIB	0.8124	AUC	lower = more sensitive	0.7065	1
HBO1	CRIZOTINIB	0.8671	AUC	lower = more sensitive	0.0035	1
HBO2	CRIZOTINIB	0.6965	AUC	lower = more sensitive	0.9167	1
HBO3	CRIZOTINIB	0.8559	AUC	lower = more sensitive	0.8937	1
HBO4	CRIZOTINIB	0.6653	AUC	lower = more sensitive	0.9845	1
HBO5	CRIZOTINIB	0.6708	AUC	lower = more sensitive	0.7039	1
HCCO10	CRIZOTINIB	0.8524	AUC	lower = more sensitive	0.9537	1
HCCO11	CRIZOTINIB	0.7668	AUC	lower = more sensitive	0.6343	1
HCCO12	CRIZOTINIB	0.6389	AUC	lower = more sensitive	0.6999	1
HCCO13	CRIZOTINIB	0.7802	AUC	lower = more sensitive	0.6725	1
HCCO14	CRIZOTINIB	0.8553	AUC	lower = more sensitive	0.975	1
HCCO15	CRIZOTINIB	0.8204	AUC	lower = more sensitive	0.8393	1
HCCO16	CRIZOTINIB	0.7547	AUC	lower = more sensitive	0.9576	1
HCCO17	CRIZOTINIB	0.59	AUC	lower = more sensitive	0.8372	1
HCCO18	CRIZOTINIB	0.7517	AUC	lower = more sensitive	0.8273	1
HCCO19	CRIZOTINIB	0.7809	AUC	lower = more sensitive	0.9508	1
HCCO20	CRIZOTINIB	0.7744	AUC	lower = more sensitive	0.9567	1
HCCO21	CRIZOTINIB	0.8872	AUC	lower = more sensitive	0.6794	1
HCCO22	CRIZOTINIB	0.8236	AUC	lower = more sensitive	0.9307	1
HCCO23	CRIZOTINIB	0.767	AUC	lower = more sensitive	0.8285	1
HCCO24	CRIZOTINIB	0.81	AUC	lower = more sensitive	0.9708	1
HCCO25	CRIZOTINIB	0.7325	AUC	lower = more sensitive	0.7448	1
HCCO27	CRIZOTINIB	0.895	AUC	lower = more sensitive	0.1888	1
HCCO28	CRIZOTINIB	0.7562	AUC	lower = more sensitive	0.9488	1
HCCO29	CRIZOTINIB	0.6435	AUC	lower = more sensitive	0.8875	1
HCCO30	CRIZOTINIB	0.6828	AUC	lower = more sensitive	0.8907	1
HCCO31	CRIZOTINIB	0.7875	AUC	lower = more sensitive	0.9732	1
HCCO32	CRIZOTINIB	0.7996	AUC	lower = more sensitive	0.9907	1
HCCO33	CRIZOTINIB	0.7726	AUC	lower = more sensitive	0.793	1
HCCO34	CRIZOTINIB	0.7965	AUC	lower = more sensitive	0.8582	1
HCCO35	CRIZOTINIB	0.7755	AUC	lower = more sensitive	0.9561	1
HCCO36	CRIZOTINIB	0.8631	AUC	lower = more sensitive	0.4845	1
HCCO37	CRIZOTINIB	0.8186	AUC	lower = more sensitive	0.9786	1
HCCO38	CRIZOTINIB	0.7653	AUC	lower = more sensitive	0.9121	1
HCCO39	CRIZOTINIB	0.586	AUC	lower = more sensitive	0.7027	1
HCCO4	CRIZOTINIB	0.8919	AUC	lower = more sensitive	0.769	1
HCCO40	CRIZOTINIB	0.9196	AUC	lower = more sensitive	0.8521	1
HCCO41	CRIZOTINIB	0.6062	AUC	lower = more sensitive	0.3885	1
HCCO43	CRIZOTINIB	0.7369	AUC	lower = more sensitive	0.661	1
HCCO44	CRIZOTINIB	0.7913	AUC	lower = more sensitive	0.2723	1
HCCO45	CRIZOTINIB	0.8124	AUC	lower = more sensitive	0.8783	1
HCCO5	CRIZOTINIB	0.7572	AUC	lower = more sensitive	0.0099	1
HCCO6	CRIZOTINIB	0.6257	AUC	lower = more sensitive	0.0057	1
HCCO7	CRIZOTINIB	0.7895	AUC	lower = more sensitive	0.7152	1
HCCO8	CRIZOTINIB	0.6961	AUC	lower = more sensitive	0.7475	1
HCCO9	CRIZOTINIB	0.743	AUC	lower = more sensitive	0.6122	1
ICCO1	CRIZOTINIB	0.6677	AUC	lower = more sensitive	0.9781	1
ICCO10	CRIZOTINIB	0.6917	AUC	lower = more sensitive	0.9372	1
ICCO11	CRIZOTINIB	0.7551	AUC	lower = more sensitive	0.8391	1
ICCO12	CRIZOTINIB	0.7084	AUC	lower = more sensitive	0.7737	1
ICCO13	CRIZOTINIB	0.6659	AUC	lower = more sensitive	0.9141	1
ICCO2	CRIZOTINIB	0.8743	AUC	lower = more sensitive	0.9267	1
ICCO3	CRIZOTINIB	0.8236	AUC	lower = more sensitive	0.9474	1
ICCO4	CRIZOTINIB	0.7389	AUC	lower = more sensitive	0.7873	1
ICCO5	CRIZOTINIB	0.8211	AUC	lower = more sensitive	0.6755	1
ICCO7	CRIZOTINIB	0.6635	AUC	lower = more sensitive	0.7914	1
ICCO8	CRIZOTINIB	0.696	AUC	lower = more sensitive	0.8903	1
ICCO9	CRIZOTINIB	0.7311	AUC	lower = more sensitive	0.7749	1
CHCO1	DACTOLISIB	0.738	AUC	lower = more sensitive	0.8232	1
CHCO2	DACTOLISIB	0.5002	AUC	lower = more sensitive	0.6871	1
CHCO3	DACTOLISIB	0.6248	AUC	lower = more sensitive	0.7911	1
CHCO4	DACTOLISIB	0.7716	AUC	lower = more sensitive	0.974	1
HBO1	DACTOLISIB	0.8647	AUC	lower = more sensitive	0.2646	1
HBO2	DACTOLISIB	0.6786	AUC	lower = more sensitive	0.9073	1
HBO3	DACTOLISIB	1	AUC	lower = more sensitive	0	1
HBO4	DACTOLISIB	0.4967	AUC	lower = more sensitive	0.8964	1
HBO5	DACTOLISIB	0.7674	AUC	lower = more sensitive	0.3751	1
HCCO10	DACTOLISIB	0.6175	AUC	lower = more sensitive	0.8366	1
HCCO11	DACTOLISIB	0.5838	AUC	lower = more sensitive	0.84	1
HCCO12	DACTOLISIB	0.4707	AUC	lower = more sensitive	0.3986	1
HCCO13	DACTOLISIB	0.6257	AUC	lower = more sensitive	0.7384	1
HCCO14	DACTOLISIB	0.6798	AUC	lower = more sensitive	0.6278	1
HCCO15	DACTOLISIB	0.8904	AUC	lower = more sensitive	0.7086	1
HCCO16	DACTOLISIB	0.551	AUC	lower = more sensitive	0.8996	1
HCCO17	DACTOLISIB	0.6259	AUC	lower = more sensitive	0.9297	1
HCCO18	DACTOLISIB	0.6547	AUC	lower = more sensitive	0.9166	1
HCCO19	DACTOLISIB	0.542	AUC	lower = more sensitive	0.9346	1
HCCO20	DACTOLISIB	0.567	AUC	lower = more sensitive	0.6904	1
HCCO21	DACTOLISIB	0.5626	AUC	lower = more sensitive	0.5581	1
HCCO22	DACTOLISIB	0.7556	AUC	lower = more sensitive	0.8758	1
HCCO23	DACTOLISIB	0.6893	AUC	lower = more sensitive	0.9618	1
HCCO24	DACTOLISIB	0.6729	AUC	lower = more sensitive	0.5831	1
HCCO25	DACTOLISIB	0.6748	AUC	lower = more sensitive	0.8142	1
HCCO27	DACTOLISIB	0.7857	AUC	lower = more sensitive	0	1
HCCO28	DACTOLISIB	0.6168	AUC	lower = more sensitive	0.8699	1
HCCO29	DACTOLISIB	0.6648	AUC	lower = more sensitive	0.9705	1
HCCO30	DACTOLISIB	0.7014	AUC	lower = more sensitive	0.9672	1
HCCO31	DACTOLISIB	0.6674	AUC	lower = more sensitive	0.9134	1
HCCO32	DACTOLISIB	0.6472	AUC	lower = more sensitive	0.9436	1
HCCO33	DACTOLISIB	0.5698	AUC	lower = more sensitive	0.9236	1
HCCO34	DACTOLISIB	0.4952	AUC	lower = more sensitive	0.7234	1
HCCO35	DACTOLISIB	0.562	AUC	lower = more sensitive	0.9211	1
HCCO36	DACTOLISIB	0.7897	AUC	lower = more sensitive	0.5606	1
HCCO37	DACTOLISIB	0.6553	AUC	lower = more sensitive	0.9367	1
HCCO38	DACTOLISIB	0.5795	AUC	lower = more sensitive	0.9643	1
HCCO39	DACTOLISIB	0.5077	AUC	lower = more sensitive	0.7016	1
HCCO4	DACTOLISIB	0.9529	AUC	lower = more sensitive	0.0207	1
HCCO40	DACTOLISIB	0.8478	AUC	lower = more sensitive	0.3004	1
HCCO41	DACTOLISIB	0.6912	AUC	lower = more sensitive	0.1857	1
HCCO43	DACTOLISIB	0.5919	AUC	lower = more sensitive	0.5533	1
HCCO44	DACTOLISIB	0.5802	AUC	lower = more sensitive	0.3656	1
HCCO45	DACTOLISIB	0.7737	AUC	lower = more sensitive	0.8867	1
HCCO5	DACTOLISIB	0.653	AUC	lower = more sensitive	0.0023	1
HCCO6	DACTOLISIB	0.7504	AUC	lower = more sensitive	0.0008	1
HCCO7	DACTOLISIB	0.6013	AUC	lower = more sensitive	0.941	1
HCCO8	DACTOLISIB	0.5696	AUC	lower = more sensitive	0.796	1
HCCO9	DACTOLISIB	0.6075	AUC	lower = more sensitive	0.3565	1
ICCO1	DACTOLISIB	0.5678	AUC	lower = more sensitive	0.872	1
ICCO10	DACTOLISIB	0.5423	AUC	lower = more sensitive	0.895	1
ICCO11	DACTOLISIB	0.7404	AUC	lower = more sensitive	0.7374	1
ICCO12	DACTOLISIB	0.7172	AUC	lower = more sensitive	0.3038	1
ICCO13	DACTOLISIB	0.5959	AUC	lower = more sensitive	0.9805	1
ICCO2	DACTOLISIB	0.8165	AUC	lower = more sensitive	0.8022	1
ICCO3	DACTOLISIB	0.648	AUC	lower = more sensitive	0.4537	1
ICCO4	DACTOLISIB	0.6382	AUC	lower = more sensitive	0.8205	1
ICCO5	DACTOLISIB	0.926	AUC	lower = more sensitive	0.0428	1
ICCO7	DACTOLISIB	0.6088	AUC	lower = more sensitive	0.872	1
ICCO8	DACTOLISIB	0.5043	AUC	lower = more sensitive	0.9699	1
ICCO9	DACTOLISIB	0.6075	AUC	lower = more sensitive	0.9599	1
CHCO1	DAPORINAD	0.4156	AUC	lower = more sensitive	0.369	1
CHCO2	DAPORINAD	0.68	AUC	lower = more sensitive	0.0001	1
CHCO3	DAPORINAD	0.4121	AUC	lower = more sensitive	0.5756	1
CHCO4	DAPORINAD	0.8458	AUC	lower = more sensitive	0.4602	1
HBO1	DAPORINAD	0.0273	AUC	lower = more sensitive	-0	1
HBO2	DAPORINAD	0.0769	AUC	lower = more sensitive	-0	1
HBO3	DAPORINAD	0.0909	AUC	lower = more sensitive	0.0075	1
HBO4	DAPORINAD	0.0556	AUC	lower = more sensitive	-0	1
HBO5	DAPORINAD	0.7269	AUC	lower = more sensitive	0.0814	1
HCCO10	DAPORINAD	0.0757	AUC	lower = more sensitive	-0	1
HCCO11	DAPORINAD	0.7829	AUC	lower = more sensitive	0.3168	1
HCCO12	DAPORINAD	0.6218	AUC	lower = more sensitive	0.6463	1
HCCO13	DAPORINAD	0.8664	AUC	lower = more sensitive	0.066	1
HCCO14	DAPORINAD	0.8451	AUC	lower = more sensitive	0.0054	1
HCCO15	DAPORINAD	0.2421	AUC	lower = more sensitive	-0	1
HCCO16	DAPORINAD	0.7631	AUC	lower = more sensitive	0.7464	1
HCCO17	DAPORINAD	0.6829	AUC	lower = more sensitive	0.3305	1
HCCO18	DAPORINAD	0.9445	AUC	lower = more sensitive	0.4534	1
HCCO19	DAPORINAD	0.7397	AUC	lower = more sensitive	0.1497	1
HCCO20	DAPORINAD	0.9305	AUC	lower = more sensitive	0.0387	1
HCCO21	DAPORINAD	0.889	AUC	lower = more sensitive	0.2778	1
HCCO22	DAPORINAD	0.855	AUC	lower = more sensitive	0.2807	1
HCCO23	DAPORINAD	0.8141	AUC	lower = more sensitive	0.7383	1
HCCO24	DAPORINAD	0.8245	AUC	lower = more sensitive	0.0845	1
HCCO25	DAPORINAD	0.9377	AUC	lower = more sensitive	0.0174	1
HCCO27	DAPORINAD	0.7104	AUC	lower = more sensitive	0.0348	1
HCCO28	DAPORINAD	0.2049	AUC	lower = more sensitive	-0.8361	1
HCCO29	DAPORINAD	0.0696	AUC	lower = more sensitive	0	1
HCCO30	DAPORINAD	0.0758	AUC	lower = more sensitive	-0	1
HCCO31	DAPORINAD	0.2753	AUC	lower = more sensitive	-0.0118	1
HCCO32	DAPORINAD	0.5192	AUC	lower = more sensitive	0.7853	1
HCCO33	DAPORINAD	0.7236	AUC	lower = more sensitive	0.0834	1
HCCO34	DAPORINAD	0.6409	AUC	lower = more sensitive	0.2087	1
HCCO35	DAPORINAD	0.8865	AUC	lower = more sensitive	0.4072	1
HCCO36	DAPORINAD	0.6943	AUC	lower = more sensitive	0.0816	1
HCCO37	DAPORINAD	0.9441	AUC	lower = more sensitive	0.894	1
HCCO38	DAPORINAD	0.9225	AUC	lower = more sensitive	0.3196	1
HCCO39	DAPORINAD	0.7564	AUC	lower = more sensitive	0.7975	1
HCCO4	DAPORINAD	0.0616	AUC	lower = more sensitive	-0	1
HCCO40	DAPORINAD	0.7714	AUC	lower = more sensitive	0.0336	1
HCCO41	DAPORINAD	0.6735	AUC	lower = more sensitive	0.1989	1
HCCO43	DAPORINAD	0.9484	AUC	lower = more sensitive	0.098	1
HCCO44	DAPORINAD	0.867	AUC	lower = more sensitive	0.023	1
HCCO45	DAPORINAD	0.9456	AUC	lower = more sensitive	0.0674	1
HCCO5	DAPORINAD	0.8705	AUC	lower = more sensitive	0.147	1
HCCO6	DAPORINAD	0.6822	AUC	lower = more sensitive	0.5649	1
HCCO7	DAPORINAD	0.3952	AUC	lower = more sensitive	0.3225	1
HCCO8	DAPORINAD	0.5182	AUC	lower = more sensitive	0.9052	1
HCCO9	DAPORINAD	0.6684	AUC	lower = more sensitive	0	1
ICCO1	DAPORINAD	0.6326	AUC	lower = more sensitive	0.2948	1
ICCO10	DAPORINAD	0.8382	AUC	lower = more sensitive	0.7928	1
ICCO11	DAPORINAD	0.9187	AUC	lower = more sensitive	0.5776	1
ICCO12	DAPORINAD	1	AUC	lower = more sensitive	0	1
ICCO13	DAPORINAD	0.6498	AUC	lower = more sensitive	0.0003	1
ICCO2	DAPORINAD	0.2956	AUC	lower = more sensitive	-0.0397	1
ICCO3	DAPORINAD	0.5318	AUC	lower = more sensitive	0.1696	1
ICCO4	DAPORINAD	0.8122	AUC	lower = more sensitive	0.0208	1
ICCO5	DAPORINAD	0.9248	AUC	lower = more sensitive	0.3548	1
ICCO7	DAPORINAD	0.7734	AUC	lower = more sensitive	0.0995	1
ICCO8	DAPORINAD	0.9626	AUC	lower = more sensitive	0.0239	1
ICCO9	DAPORINAD	0.769	AUC	lower = more sensitive	0.0212	1
CHCO1	DASATINIB	0.6548	AUC	lower = more sensitive	0.7911	1
CHCO2	DASATINIB	0.8067	AUC	lower = more sensitive	0.6536	1
CHCO3	DASATINIB	0.8725	AUC	lower = more sensitive	0.1694	1
CHCO4	DASATINIB	0.8441	AUC	lower = more sensitive	0.6355	1
HBO1	DASATINIB	0.7062	AUC	lower = more sensitive	0.0892	1
HBO2	DASATINIB	0.5325	AUC	lower = more sensitive	0.9574	1
HBO3	DASATINIB	0.8889	AUC	lower = more sensitive	0.9011	1
HBO4	DASATINIB	0.456	AUC	lower = more sensitive	0.7488	1
HBO5	DASATINIB	0.8208	AUC	lower = more sensitive	0.2395	1
HCCO10	DASATINIB	0.7028	AUC	lower = more sensitive	0.8657	1
HCCO11	DASATINIB	0.8318	AUC	lower = more sensitive	0.4571	1
HCCO12	DASATINIB	0.4741	AUC	lower = more sensitive	0.1401	1
HCCO13	DASATINIB	0.8127	AUC	lower = more sensitive	0.0901	1
HCCO14	DASATINIB	0.9563	AUC	lower = more sensitive	0.0657	1
HCCO15	DASATINIB	0.8343	AUC	lower = more sensitive	0.4382	1
HCCO16	DASATINIB	0.8006	AUC	lower = more sensitive	0.8534	1
HCCO17	DASATINIB	0.8436	AUC	lower = more sensitive	0.7448	1
HCCO18	DASATINIB	0.6071	AUC	lower = more sensitive	0.688	1
HCCO19	DASATINIB	0.7181	AUC	lower = more sensitive	0.8122	1
HCCO20	DASATINIB	0.6861	AUC	lower = more sensitive	0.5091	1
HCCO21	DASATINIB	0.9458	AUC	lower = more sensitive	0.6674	1
HCCO22	DASATINIB	0.8034	AUC	lower = more sensitive	0.5035	1
HCCO23	DASATINIB	0.547	AUC	lower = more sensitive	0.4807	1
HCCO24	DASATINIB	0.7702	AUC	lower = more sensitive	0.6723	1
HCCO25	DASATINIB	0.659	AUC	lower = more sensitive	0.5191	1
HCCO27	DASATINIB	0.9644	AUC	lower = more sensitive	0.4021	1
HCCO28	DASATINIB	0.7509	AUC	lower = more sensitive	0.489	1
HCCO29	DASATINIB	0.8743	AUC	lower = more sensitive	0.8718	1
HCCO30	DASATINIB	0.8786	AUC	lower = more sensitive	0.8412	1
HCCO31	DASATINIB	0.8176	AUC	lower = more sensitive	0.5274	1
HCCO32	DASATINIB	0.8377	AUC	lower = more sensitive	0.5062	1
HCCO33	DASATINIB	0.824	AUC	lower = more sensitive	0.7942	1
HCCO34	DASATINIB	0.8485	AUC	lower = more sensitive	0.1714	1
HCCO35	DASATINIB	0.8236	AUC	lower = more sensitive	0.8425	1
HCCO36	DASATINIB	0.8712	AUC	lower = more sensitive	0.1163	1
HCCO37	DASATINIB	0.8133	AUC	lower = more sensitive	0.8873	1
HCCO38	DASATINIB	0.7669	AUC	lower = more sensitive	0.3018	1
HCCO39	DASATINIB	0.7889	AUC	lower = more sensitive	0.3467	1
HCCO4	DASATINIB	1	AUC	lower = more sensitive	0	1
HCCO40	DASATINIB	0.8381	AUC	lower = more sensitive	0.3796	1
HCCO41	DASATINIB	0.6348	AUC	lower = more sensitive	0.0534	1
HCCO43	DASATINIB	0.5815	AUC	lower = more sensitive	0.5655	1
HCCO44	DASATINIB	0.7478	AUC	lower = more sensitive	0.2597	1
HCCO45	DASATINIB	0.8767	AUC	lower = more sensitive	0.6026	1
HCCO5	DASATINIB	0.9132	AUC	lower = more sensitive	0.0355	1
HCCO6	DASATINIB	0.9481	AUC	lower = more sensitive	0.3701	1
HCCO7	DASATINIB	0.8077	AUC	lower = more sensitive	0.9061	1
HCCO8	DASATINIB	0.4905	AUC	lower = more sensitive	0.0844	1
HCCO9	DASATINIB	0.8701	AUC	lower = more sensitive	0.7339	1
ICCO1	DASATINIB	0.7241	AUC	lower = more sensitive	0.2331	1
ICCO10	DASATINIB	0.869	AUC	lower = more sensitive	0.9738	1
ICCO11	DASATINIB	0.7596	AUC	lower = more sensitive	0.0068	1
ICCO12	DASATINIB	0.612	AUC	lower = more sensitive	0.3846	1
ICCO13	DASATINIB	0.663	AUC	lower = more sensitive	0.109	1
ICCO2	DASATINIB	0.9198	AUC	lower = more sensitive	0.2358	1
ICCO3	DASATINIB	0.7005	AUC	lower = more sensitive	0.6406	1
ICCO4	DASATINIB	0.8872	AUC	lower = more sensitive	0.0156	1
ICCO5	DASATINIB	0.9293	AUC	lower = more sensitive	0.4936	1
ICCO7	DASATINIB	0.6672	AUC	lower = more sensitive	0.3901	1
ICCO8	DASATINIB	0.5103	AUC	lower = more sensitive	0.653	1
ICCO9	DASATINIB	0.5311	AUC	lower = more sensitive	0.9339	1
CHCO1	DBET6	0.6771	AUC	lower = more sensitive	0.86	1
CHCO2	DBET6	0.7086	AUC	lower = more sensitive	0.8499	1
CHCO3	DBET6	0.7253	AUC	lower = more sensitive	0.7708	1
CHCO4	DBET6	0.654	AUC	lower = more sensitive	0.9671	1
HBO1	DBET6	0.1831	AUC	lower = more sensitive	0.0875	1
HBO2	DBET6	0.4286	AUC	lower = more sensitive	0.9718	1
HBO3	DBET6	0.5092	AUC	lower = more sensitive	0.954	1
HBO4	DBET6	0.3829	AUC	lower = more sensitive	0.9636	1
HBO5	DBET6	0.6841	AUC	lower = more sensitive	0.8299	1
HCCO10	DBET6	0.6267	AUC	lower = more sensitive	0.9705	1
HCCO11	DBET6	0.6835	AUC	lower = more sensitive	0.6297	1
HCCO12	DBET6	0.6874	AUC	lower = more sensitive	0.1511	1
HCCO13	DBET6	0.736	AUC	lower = more sensitive	0.9261	1
HCCO14	DBET6	0.7668	AUC	lower = more sensitive	0.7198	1
HCCO15	DBET6	0.6263	AUC	lower = more sensitive	0.9011	1
HCCO16	DBET6	0.6757	AUC	lower = more sensitive	0.9569	1
HCCO17	DBET6	0.7747	AUC	lower = more sensitive	0.8316	1
HCCO18	DBET6	0.4874	AUC	lower = more sensitive	0.6372	1
HCCO19	DBET6	0.4889	AUC	lower = more sensitive	0.9802	1
HCCO20	DBET6	0.6002	AUC	lower = more sensitive	0.9347	1
HCCO21	DBET6	0.7134	AUC	lower = more sensitive	0.9178	1
HCCO22	DBET6	0.7041	AUC	lower = more sensitive	0.8937	1
HCCO23	DBET6	0.7234	AUC	lower = more sensitive	0.7541	1
HCCO24	DBET6	0.6954	AUC	lower = more sensitive	0.6906	1
HCCO25	DBET6	0.6003	AUC	lower = more sensitive	0.5273	1
HCCO27	DBET6	0.9503	AUC	lower = more sensitive	0.1467	1
HCCO28	DBET6	0.8056	AUC	lower = more sensitive	0.7298	1
HCCO29	DBET6	0.5721	AUC	lower = more sensitive	0.9683	1
HCCO30	DBET6	0.5566	AUC	lower = more sensitive	0.9634	1
HCCO31	DBET6	0.7413	AUC	lower = more sensitive	0.9566	1
HCCO32	DBET6	0.5955	AUC	lower = more sensitive	0.9318	1
HCCO33	DBET6	0.6015	AUC	lower = more sensitive	0.9179	1
HCCO34	DBET6	0.7953	AUC	lower = more sensitive	0.8725	1
HCCO35	DBET6	0.7278	AUC	lower = more sensitive	0.8537	1
HCCO36	DBET6	0.8657	AUC	lower = more sensitive	0.2691	1
HCCO37	DBET6	0.6969	AUC	lower = more sensitive	0.8737	1
HCCO38	DBET6	0.711	AUC	lower = more sensitive	0.9337	1
HCCO39	DBET6	0.7592	AUC	lower = more sensitive	0.5622	1
HCCO4	DBET6	0.482	AUC	lower = more sensitive	0.9317	1
HCCO40	DBET6	0.833	AUC	lower = more sensitive	0.8516	1
HCCO41	DBET6	0.1521	AUC	lower = more sensitive	-0	1
HCCO43	DBET6	0.719	AUC	lower = more sensitive	0.9421	1
HCCO44	DBET6	0.823	AUC	lower = more sensitive	0.542	1
HCCO45	DBET6	0.8674	AUC	lower = more sensitive	0.9005	1
HCCO5	DBET6	0.5351	AUC	lower = more sensitive	0	1
HCCO6	DBET6	0.655	AUC	lower = more sensitive	0.0002	1
HCCO7	DBET6	0.4768	AUC	lower = more sensitive	0.861	1
HCCO8	DBET6	0.5755	AUC	lower = more sensitive	0.8971	1
HCCO9	DBET6	0.4616	AUC	lower = more sensitive	0.7077	1
ICCO1	DBET6	0.6461	AUC	lower = more sensitive	0.944	1
ICCO10	DBET6	0.5637	AUC	lower = more sensitive	0.9194	1
ICCO11	DBET6	0.7559	AUC	lower = more sensitive	0.1985	1
ICCO12	DBET6	0.6571	AUC	lower = more sensitive	0.6369	1
ICCO13	DBET6	0.6074	AUC	lower = more sensitive	0.6583	1
ICCO2	DBET6	0.9762	AUC	lower = more sensitive	0.0818	1
ICCO3	DBET6	0.7374	AUC	lower = more sensitive	0.2181	1
ICCO4	DBET6	0.4073	AUC	lower = more sensitive	0.8457	1
ICCO5	DBET6	0.7587	AUC	lower = more sensitive	0.7146	1
ICCO7	DBET6	0.4379	AUC	lower = more sensitive	0.4752	1
ICCO8	DBET6	0.5348	AUC	lower = more sensitive	0.9335	1
ICCO9	DBET6	0.4981	AUC	lower = more sensitive	0.9689	1
CHCO1	DOCETAXEL	0.3436	AUC	lower = more sensitive	-0.3264	1
CHCO2	DOCETAXEL	0.3288	AUC	lower = more sensitive	0.0212	1
CHCO3	DOCETAXEL	0.7252	AUC	lower = more sensitive	0.5806	1
CHCO4	DOCETAXEL	0.3658	AUC	lower = more sensitive	-0.1402	1
HBO1	DOCETAXEL	0.7415	AUC	lower = more sensitive	0.5519	1
HBO2	DOCETAXEL	0.5348	AUC	lower = more sensitive	0.9018	1
HBO3	DOCETAXEL	0.9082	AUC	lower = more sensitive	0.1437	1
HBO4	DOCETAXEL	0.2127	AUC	lower = more sensitive	-0	1
HBO5	DOCETAXEL	0.5048	AUC	lower = more sensitive	0.7394	1
HCCO10	DOCETAXEL	0.5388	AUC	lower = more sensitive	0.9295	1
HCCO11	DOCETAXEL	0.8296	AUC	lower = more sensitive	0.5494	1
HCCO12	DOCETAXEL	0.4961	AUC	lower = more sensitive	0.2032	1
HCCO13	DOCETAXEL	0.5436	AUC	lower = more sensitive	0.2129	1
HCCO14	DOCETAXEL	0.9181	AUC	lower = more sensitive	0.0849	1
HCCO15	DOCETAXEL	0.9818	AUC	lower = more sensitive	0.5058	1
HCCO16	DOCETAXEL	0.4014	AUC	lower = more sensitive	0.003	1
HCCO17	DOCETAXEL	0.4319	AUC	lower = more sensitive	0.9535	1
HCCO18	DOCETAXEL	0.758	AUC	lower = more sensitive	0.5001	1
HCCO19	DOCETAXEL	0.5083	AUC	lower = more sensitive	0.8699	1
HCCO20	DOCETAXEL	0.5404	AUC	lower = more sensitive	0.4496	1
HCCO21	DOCETAXEL	0.5795	AUC	lower = more sensitive	0.7687	1
HCCO22	DOCETAXEL	0.7014	AUC	lower = more sensitive	0.7176	1
HCCO23	DOCETAXEL	0.7672	AUC	lower = more sensitive	0.8749	1
HCCO24	DOCETAXEL	0.5452	AUC	lower = more sensitive	0.6675	1
HCCO25	DOCETAXEL	0.7767	AUC	lower = more sensitive	0.5049	1
HCCO27	DOCETAXEL	0.7561	AUC	lower = more sensitive	0.0446	1
HCCO28	DOCETAXEL	0.4632	AUC	lower = more sensitive	0.9855	1
HCCO29	DOCETAXEL	0.4752	AUC	lower = more sensitive	0.9509	1
HCCO30	DOCETAXEL	0.5162	AUC	lower = more sensitive	0.9539	1
HCCO31	DOCETAXEL	0.463	AUC	lower = more sensitive	-0.0439	1
HCCO32	DOCETAXEL	0.5278	AUC	lower = more sensitive	0.2828	1
HCCO33	DOCETAXEL	0.5755	AUC	lower = more sensitive	0.0001	1
HCCO34	DOCETAXEL	0.5758	AUC	lower = more sensitive	0.7724	1
HCCO35	DOCETAXEL	0.5162	AUC	lower = more sensitive	0.894	1
HCCO36	DOCETAXEL	0.6025	AUC	lower = more sensitive	0.0178	1
HCCO37	DOCETAXEL	0.6908	AUC	lower = more sensitive	0.3766	1
HCCO38	DOCETAXEL	0.316	AUC	lower = more sensitive	-0.2598	1
HCCO39	DOCETAXEL	0.565	AUC	lower = more sensitive	0.2111	1
HCCO4	DOCETAXEL	0.7426	AUC	lower = more sensitive	0.379	1
HCCO40	DOCETAXEL	0.8618	AUC	lower = more sensitive	0.4251	1
HCCO41	DOCETAXEL	0.5961	AUC	lower = more sensitive	0.0015	1
HCCO43	DOCETAXEL	0.4895	AUC	lower = more sensitive	-0.0061	1
HCCO44	DOCETAXEL	0.6689	AUC	lower = more sensitive	0.8847	1
HCCO45	DOCETAXEL	0.7028	AUC	lower = more sensitive	0.478	1
HCCO5	DOCETAXEL	0.6945	AUC	lower = more sensitive	0.1687	1
HCCO6	DOCETAXEL	0.7698	AUC	lower = more sensitive	0.06	1
HCCO7	DOCETAXEL	0.457	AUC	lower = more sensitive	-0.04	1
HCCO8	DOCETAXEL	0.4264	AUC	lower = more sensitive	0.0156	1
HCCO9	DOCETAXEL	0.6766	AUC	lower = more sensitive	0.5079	1
ICCO1	DOCETAXEL	0.2684	AUC	lower = more sensitive	0.001	1
ICCO10	DOCETAXEL	0.6716	AUC	lower = more sensitive	0.3628	1
ICCO11	DOCETAXEL	0.8048	AUC	lower = more sensitive	0.0281	1
ICCO12	DOCETAXEL	0.5922	AUC	lower = more sensitive	0.2784	1
ICCO13	DOCETAXEL	0.7015	AUC	lower = more sensitive	0.0455	1
ICCO2	DOCETAXEL	0.8083	AUC	lower = more sensitive	0.6382	1
ICCO3	DOCETAXEL	0.9602	AUC	lower = more sensitive	0.2675	1
ICCO4	DOCETAXEL	0.6919	AUC	lower = more sensitive	0.4747	1
ICCO5	DOCETAXEL	0.7118	AUC	lower = more sensitive	0.5216	1
ICCO7	DOCETAXEL	0.7894	AUC	lower = more sensitive	0.4854	1
ICCO8	DOCETAXEL	0.56	AUC	lower = more sensitive	0.5321	1
ICCO9	DOCETAXEL	0.5938	AUC	lower = more sensitive	0.833	1
CHCO1	DOXORUBICIN	0.803	AUC	lower = more sensitive	0.8354	1
CHCO2	DOXORUBICIN	0.6093	AUC	lower = more sensitive	0.9234	1
CHCO3	DOXORUBICIN	0.7014	AUC	lower = more sensitive	0.9913	1
CHCO4	DOXORUBICIN	0.7452	AUC	lower = more sensitive	0.8958	1
HBO1	DOXORUBICIN	0.5751	AUC	lower = more sensitive	0.7838	1
HBO2	DOXORUBICIN	0.516	AUC	lower = more sensitive	0.9018	1
HBO3	DOXORUBICIN	0.678	AUC	lower = more sensitive	0.9506	1
HBO4	DOXORUBICIN	0.3662	AUC	lower = more sensitive	0.9875	1
HBO5	DOXORUBICIN	0.5692	AUC	lower = more sensitive	0.9836	1
HCCO10	DOXORUBICIN	0.6915	AUC	lower = more sensitive	0.9729	1
HCCO11	DOXORUBICIN	0.8132	AUC	lower = more sensitive	0.8398	1
HCCO12	DOXORUBICIN	0.7489	AUC	lower = more sensitive	0.6047	1
HCCO13	DOXORUBICIN	0.7421	AUC	lower = more sensitive	0.8431	1
HCCO14	DOXORUBICIN	0.721	AUC	lower = more sensitive	0.8698	1
HCCO15	DOXORUBICIN	0.6606	AUC	lower = more sensitive	0.9829	1
HCCO16	DOXORUBICIN	0.6047	AUC	lower = more sensitive	0.9556	1
HCCO17	DOXORUBICIN	0.6841	AUC	lower = more sensitive	0.9668	1
HCCO18	DOXORUBICIN	0.7358	AUC	lower = more sensitive	0.772	1
HCCO19	DOXORUBICIN	0.6109	AUC	lower = more sensitive	0.9151	1
HCCO20	DOXORUBICIN	0.6956	AUC	lower = more sensitive	0.904	1
HCCO21	DOXORUBICIN	0.8526	AUC	lower = more sensitive	0.9009	1
HCCO22	DOXORUBICIN	0.6983	AUC	lower = more sensitive	0.8669	1
HCCO23	DOXORUBICIN	0.8683	AUC	lower = more sensitive	0.9099	1
HCCO24	DOXORUBICIN	0.7223	AUC	lower = more sensitive	0.8727	1
HCCO25	DOXORUBICIN	0.7562	AUC	lower = more sensitive	0.7282	1
HCCO27	DOXORUBICIN	0.9181	AUC	lower = more sensitive	0.4626	1
HCCO28	DOXORUBICIN	0.7223	AUC	lower = more sensitive	0.8079	1
HCCO29	DOXORUBICIN	0.5159	AUC	lower = more sensitive	0.9842	1
HCCO30	DOXORUBICIN	0.5443	AUC	lower = more sensitive	0.9676	1
HCCO31	DOXORUBICIN	0.6414	AUC	lower = more sensitive	0.9565	1
HCCO32	DOXORUBICIN	0.438	AUC	lower = more sensitive	-0	1
HCCO33	DOXORUBICIN	0.681	AUC	lower = more sensitive	0.9367	1
HCCO34	DOXORUBICIN	0.7292	AUC	lower = more sensitive	0.8797	1
HCCO35	DOXORUBICIN	0.6741	AUC	lower = more sensitive	0.9577	1
HCCO36	DOXORUBICIN	0.7417	AUC	lower = more sensitive	0.6811	1
HCCO37	DOXORUBICIN	0.6962	AUC	lower = more sensitive	0.558	1
HCCO38	DOXORUBICIN	0.7104	AUC	lower = more sensitive	0.8975	1
HCCO39	DOXORUBICIN	0.5345	AUC	lower = more sensitive	0.7708	1
HCCO4	DOXORUBICIN	0.7233	AUC	lower = more sensitive	0.9465	1
HCCO40	DOXORUBICIN	0.7763	AUC	lower = more sensitive	0.6888	1
HCCO41	DOXORUBICIN	0.4116	AUC	lower = more sensitive	0.8312	1
HCCO43	DOXORUBICIN	0.5706	AUC	lower = more sensitive	0.6974	1
HCCO44	DOXORUBICIN	0.8804	AUC	lower = more sensitive	0.4514	1
HCCO45	DOXORUBICIN	0.8555	AUC	lower = more sensitive	0.8486	1
HCCO5	DOXORUBICIN	0.9008	AUC	lower = more sensitive	0.4505	1
HCCO6	DOXORUBICIN	0.876	AUC	lower = more sensitive	0.3907	1
HCCO7	DOXORUBICIN	0.5607	AUC	lower = more sensitive	0.8323	1
HCCO8	DOXORUBICIN	0.7426	AUC	lower = more sensitive	0.7045	1
HCCO9	DOXORUBICIN	0.7967	AUC	lower = more sensitive	0.8707	1
ICCO1	DOXORUBICIN	0.4383	AUC	lower = more sensitive	0.9566	1
ICCO10	DOXORUBICIN	0.724	AUC	lower = more sensitive	0.4163	1
ICCO11	DOXORUBICIN	0.8153	AUC	lower = more sensitive	0.3143	1
ICCO12	DOXORUBICIN	0.8229	AUC	lower = more sensitive	0.6899	1
ICCO13	DOXORUBICIN	0.6434	AUC	lower = more sensitive	0.187	1
ICCO2	DOXORUBICIN	0.8404	AUC	lower = more sensitive	0.9453	1
ICCO3	DOXORUBICIN	0.8379	AUC	lower = more sensitive	0.5446	1
ICCO4	DOXORUBICIN	0.6238	AUC	lower = more sensitive	0.8469	1
ICCO5	DOXORUBICIN	0.8845	AUC	lower = more sensitive	0.6808	1
ICCO7	DOXORUBICIN	0.6893	AUC	lower = more sensitive	0.3473	1
ICCO8	DOXORUBICIN	0.6474	AUC	lower = more sensitive	0.9506	1
ICCO9	DOXORUBICIN	0.7213	AUC	lower = more sensitive	0.7466	1
CHCO1	DZNEP	0.6682	AUC	lower = more sensitive	0.8787	1
CHCO2	DZNEP	0.7208	AUC	lower = more sensitive	0.8017	1
CHCO3	DZNEP	0.5089	AUC	lower = more sensitive	0.9076	1
CHCO4	DZNEP	0.71	AUC	lower = more sensitive	0.9092	1
HBO1	DZNEP	0.8009	AUC	lower = more sensitive	0.2956	1
HBO2	DZNEP	0.7844	AUC	lower = more sensitive	0.8097	1
HBO3	DZNEP	1	AUC	lower = more sensitive	0	1
HBO4	DZNEP	0.6504	AUC	lower = more sensitive	0.8652	1
HBO5	DZNEP	0.8175	AUC	lower = more sensitive	0.7235	1
HCCO10	DZNEP	0.6725	AUC	lower = more sensitive	0.3712	1
HCCO11	DZNEP	0.7055	AUC	lower = more sensitive	0.8764	1
HCCO12	DZNEP	0.7537	AUC	lower = more sensitive	0.139	1
HCCO13	DZNEP	0.8236	AUC	lower = more sensitive	0.5107	1
HCCO14	DZNEP	0.9429	AUC	lower = more sensitive	0.467	1
HCCO15	DZNEP	0.8544	AUC	lower = more sensitive	0.1777	1
HCCO16	DZNEP	0.9058	AUC	lower = more sensitive	0.8273	1
HCCO17	DZNEP	0.7569	AUC	lower = more sensitive	0.7339	1
HCCO18	DZNEP	0.8497	AUC	lower = more sensitive	0.5223	1
HCCO19	DZNEP	0.9707	AUC	lower = more sensitive	0.3614	1
HCCO20	DZNEP	0.8264	AUC	lower = more sensitive	0.3883	1
HCCO21	DZNEP	0.8355	AUC	lower = more sensitive	0.0241	1
HCCO22	DZNEP	0.7388	AUC	lower = more sensitive	0.6329	1
HCCO23	DZNEP	0.8772	AUC	lower = more sensitive	0.4716	1
HCCO24	DZNEP	0.6924	AUC	lower = more sensitive	0.7636	1
HCCO25	DZNEP	0.8134	AUC	lower = more sensitive	0.3776	1
HCCO27	DZNEP	0.7783	AUC	lower = more sensitive	0.0044	1
HCCO28	DZNEP	0.5456	AUC	lower = more sensitive	0.8154	1
HCCO29	DZNEP	0.7569	AUC	lower = more sensitive	0.9912	1
HCCO30	DZNEP	0.7961	AUC	lower = more sensitive	0.9835	1
HCCO31	DZNEP	0.5136	AUC	lower = more sensitive	0.7976	1
HCCO32	DZNEP	0.4125	AUC	lower = more sensitive	0.8751	1
HCCO33	DZNEP	0.5401	AUC	lower = more sensitive	0.7853	1
HCCO34	DZNEP	0.7798	AUC	lower = more sensitive	0.2804	1
HCCO35	DZNEP	0.7432	AUC	lower = more sensitive	0.801	1
HCCO36	DZNEP	0.7411	AUC	lower = more sensitive	0.3709	1
HCCO37	DZNEP	0.7613	AUC	lower = more sensitive	0.9133	1
HCCO38	DZNEP	0.7034	AUC	lower = more sensitive	0.8202	1
HCCO39	DZNEP	0.7435	AUC	lower = more sensitive	0.672	1
HCCO4	DZNEP	0.8887	AUC	lower = more sensitive	0.3721	1
HCCO40	DZNEP	0.8014	AUC	lower = more sensitive	0.3216	1
HCCO41	DZNEP	0.9559	AUC	lower = more sensitive	0.0458	1
HCCO43	DZNEP	0.7274	AUC	lower = more sensitive	0.6077	1
HCCO44	DZNEP	0.8517	AUC	lower = more sensitive	0.7007	1
HCCO45	DZNEP	0.8023	AUC	lower = more sensitive	0.932	1
HCCO5	DZNEP	0.8599	AUC	lower = more sensitive	0.0011	1
HCCO6	DZNEP	0.8883	AUC	lower = more sensitive	0.0104	1
HCCO7	DZNEP	0.8299	AUC	lower = more sensitive	0.1921	1
HCCO8	DZNEP	0.6166	AUC	lower = more sensitive	0.6874	1
HCCO9	DZNEP	0.6591	AUC	lower = more sensitive	0.6157	1
ICCO1	DZNEP	0.8244	AUC	lower = more sensitive	0.8707	1
ICCO10	DZNEP	0.7404	AUC	lower = more sensitive	0.8631	1
ICCO11	DZNEP	0.8197	AUC	lower = more sensitive	0.6686	1
ICCO12	DZNEP	0.8569	AUC	lower = more sensitive	0.6773	1
ICCO13	DZNEP	0.704	AUC	lower = more sensitive	0.8204	1
ICCO2	DZNEP	0.8916	AUC	lower = more sensitive	0.6562	1
ICCO3	DZNEP	0.7477	AUC	lower = more sensitive	0.3841	1
ICCO4	DZNEP	0.7106	AUC	lower = more sensitive	0.8945	1
ICCO5	DZNEP	0.8353	AUC	lower = more sensitive	0.0311	1
ICCO7	DZNEP	0.84	AUC	lower = more sensitive	0.6136	1
ICCO8	DZNEP	0.8186	AUC	lower = more sensitive	0.7127	1
ICCO9	DZNEP	0.718	AUC	lower = more sensitive	0.8126	1
CHCO1	EPIRUBICIN	0.7044	AUC	lower = more sensitive	0.3462	1
CHCO2	EPIRUBICIN	0.5214	AUC	lower = more sensitive	0.8957	1
CHCO3	EPIRUBICIN	0.5732	AUC	lower = more sensitive	0.9282	1
CHCO4	EPIRUBICIN	0.6324	AUC	lower = more sensitive	0.9067	1
HBO1	EPIRUBICIN	0.6135	AUC	lower = more sensitive	0.8461	1
HBO2	EPIRUBICIN	0.4843	AUC	lower = more sensitive	0.9315	1
HBO3	EPIRUBICIN	0.6671	AUC	lower = more sensitive	0.9691	1
HBO4	EPIRUBICIN	0.3177	AUC	lower = more sensitive	0.9166	1
HBO5	EPIRUBICIN	0.5773	AUC	lower = more sensitive	0.9465	1
HCCO10	EPIRUBICIN	0.6137	AUC	lower = more sensitive	0.6166	1
HCCO11	EPIRUBICIN	0.6707	AUC	lower = more sensitive	0.7694	1
HCCO12	EPIRUBICIN	0.5782	AUC	lower = more sensitive	0.4372	1
HCCO13	EPIRUBICIN	0.5435	AUC	lower = more sensitive	0.316	1
HCCO14	EPIRUBICIN	0.7713	AUC	lower = more sensitive	0.6159	1
HCCO15	EPIRUBICIN	0.596	AUC	lower = more sensitive	0.9495	1
HCCO16	EPIRUBICIN	0.4664	AUC	lower = more sensitive	0.9674	1
HCCO17	EPIRUBICIN	0.6547	AUC	lower = more sensitive	0.9746	1
HCCO18	EPIRUBICIN	0.6484	AUC	lower = more sensitive	0.715	1
HCCO19	EPIRUBICIN	0.4552	AUC	lower = more sensitive	0.8093	1
HCCO20	EPIRUBICIN	0.6395	AUC	lower = more sensitive	0.9132	1
HCCO21	EPIRUBICIN	0.8479	AUC	lower = more sensitive	0.7562	1
HCCO22	EPIRUBICIN	0.7114	AUC	lower = more sensitive	0.7494	1
HCCO23	EPIRUBICIN	0.7728	AUC	lower = more sensitive	0.6706	1
HCCO24	EPIRUBICIN	0.6651	AUC	lower = more sensitive	0.9419	1
HCCO25	EPIRUBICIN	0.8058	AUC	lower = more sensitive	0.3585	1
HCCO27	EPIRUBICIN	0.9361	AUC	lower = more sensitive	0.4487	1
HCCO28	EPIRUBICIN	0.649	AUC	lower = more sensitive	0.8642	1
HCCO29	EPIRUBICIN	0.5268	AUC	lower = more sensitive	0.9693	1
HCCO30	EPIRUBICIN	0.5016	AUC	lower = more sensitive	0.9801	1
HCCO31	EPIRUBICIN	0.5693	AUC	lower = more sensitive	0.9327	1
HCCO32	EPIRUBICIN	0.6079	AUC	lower = more sensitive	0.985	1
HCCO33	EPIRUBICIN	0.5542	AUC	lower = more sensitive	0.9454	1
HCCO34	EPIRUBICIN	0.6358	AUC	lower = more sensitive	0.633	1
HCCO35	EPIRUBICIN	0.6242	AUC	lower = more sensitive	0.9201	1
HCCO36	EPIRUBICIN	0.7999	AUC	lower = more sensitive	0.7371	1
HCCO37	EPIRUBICIN	0.7967	AUC	lower = more sensitive	0.2432	1
HCCO38	EPIRUBICIN	0.6392	AUC	lower = more sensitive	0.7965	1
HCCO39	EPIRUBICIN	0.587	AUC	lower = more sensitive	0.8646	1
HCCO4	EPIRUBICIN	0.675	AUC	lower = more sensitive	0.8907	1
HCCO40	EPIRUBICIN	0.7318	AUC	lower = more sensitive	0.9067	1
HCCO41	EPIRUBICIN	0.3612	AUC	lower = more sensitive	0.8578	1
HCCO43	EPIRUBICIN	0.5351	AUC	lower = more sensitive	0.6511	1
HCCO44	EPIRUBICIN	0.5715	AUC	lower = more sensitive	0.0041	1
HCCO45	EPIRUBICIN	0.8726	AUC	lower = more sensitive	0.973	1
HCCO5	EPIRUBICIN	0.9136	AUC	lower = more sensitive	0.4507	1
HCCO6	EPIRUBICIN	0.862	AUC	lower = more sensitive	0.3796	1
HCCO7	EPIRUBICIN	0.4909	AUC	lower = more sensitive	0.9001	1
HCCO8	EPIRUBICIN	0.6469	AUC	lower = more sensitive	0.6709	1
HCCO9	EPIRUBICIN	0.689	AUC	lower = more sensitive	0.8913	1
ICCO1	EPIRUBICIN	0.4439	AUC	lower = more sensitive	0.9762	1
ICCO10	EPIRUBICIN	0.777	AUC	lower = more sensitive	0.3823	1
ICCO11	EPIRUBICIN	0.8482	AUC	lower = more sensitive	0.8023	1
ICCO12	EPIRUBICIN	0.8741	AUC	lower = more sensitive	0.6684	1
ICCO13	EPIRUBICIN	0.7773	AUC	lower = more sensitive	0.1184	1
ICCO2	EPIRUBICIN	0.8241	AUC	lower = more sensitive	0.9855	1
ICCO3	EPIRUBICIN	0.7523	AUC	lower = more sensitive	0.513	1
ICCO4	EPIRUBICIN	0.4984	AUC	lower = more sensitive	0.6561	1
ICCO5	EPIRUBICIN	0.9369	AUC	lower = more sensitive	0.659	1
ICCO7	EPIRUBICIN	0.602	AUC	lower = more sensitive	0.6214	1
ICCO8	EPIRUBICIN	0.5662	AUC	lower = more sensitive	0.9281	1
ICCO9	EPIRUBICIN	0.502	AUC	lower = more sensitive	0.5417	1
CHCO1	ERASTIN	0.767	AUC	lower = more sensitive	0.9329	1
CHCO2	ERASTIN	0.8196	AUC	lower = more sensitive	0.6019	1
CHCO3	ERASTIN	0.8181	AUC	lower = more sensitive	0.3091	1
CHCO4	ERASTIN	0.9723	AUC	lower = more sensitive	0.335	1
HBO1	ERASTIN	0.75	AUC	lower = more sensitive	0.5983	1
HBO2	ERASTIN	0.7335	AUC	lower = more sensitive	0.9168	1
HBO3	ERASTIN	0.8537	AUC	lower = more sensitive	0.9126	1
HBO4	ERASTIN	0.6966	AUC	lower = more sensitive	0.8733	1
HBO5	ERASTIN	0.8222	AUC	lower = more sensitive	0.6708	1
HCCO10	ERASTIN	0.8309	AUC	lower = more sensitive	0.4346	1
HCCO11	ERASTIN	0.8578	AUC	lower = more sensitive	0.46	1
HCCO12	ERASTIN	0.801	AUC	lower = more sensitive	0.0004	1
HCCO13	ERASTIN	0.8877	AUC	lower = more sensitive	0.6366	1
HCCO14	ERASTIN	0.913	AUC	lower = more sensitive	0.6201	1
HCCO15	ERASTIN	0.9293	AUC	lower = more sensitive	0.5103	1
HCCO16	ERASTIN	0.7814	AUC	lower = more sensitive	0.976	1
HCCO17	ERASTIN	0.8712	AUC	lower = more sensitive	0.9067	1
HCCO18	ERASTIN	0.8765	AUC	lower = more sensitive	0.5646	1
HCCO19	ERASTIN	0.8322	AUC	lower = more sensitive	0.958	1
HCCO20	ERASTIN	0.8077	AUC	lower = more sensitive	0.1028	1
HCCO21	ERASTIN	0.8241	AUC	lower = more sensitive	0.6191	1
HCCO22	ERASTIN	0.8888	AUC	lower = more sensitive	0.2194	1
HCCO23	ERASTIN	0.8429	AUC	lower = more sensitive	0.7464	1
HCCO24	ERASTIN	0.8409	AUC	lower = more sensitive	0.4841	1
HCCO25	ERASTIN	0.8495	AUC	lower = more sensitive	0.6491	1
HCCO27	ERASTIN	0.9734	AUC	lower = more sensitive	0.4112	1
HCCO28	ERASTIN	0.8246	AUC	lower = more sensitive	0.2891	1
HCCO29	ERASTIN	0.8644	AUC	lower = more sensitive	0.9693	1
HCCO30	ERASTIN	0.8901	AUC	lower = more sensitive	0.9502	1
HCCO31	ERASTIN	0.8733	AUC	lower = more sensitive	0.8575	1
HCCO32	ERASTIN	0.8966	AUC	lower = more sensitive	0.9658	1
HCCO33	ERASTIN	0.8941	AUC	lower = more sensitive	0.3199	1
HCCO34	ERASTIN	0.8119	AUC	lower = more sensitive	0.9078	1
HCCO35	ERASTIN	0.8098	AUC	lower = more sensitive	0.978	1
HCCO36	ERASTIN	0.7784	AUC	lower = more sensitive	0.3419	1
HCCO37	ERASTIN	0.8974	AUC	lower = more sensitive	0.7277	1
HCCO38	ERASTIN	0.9016	AUC	lower = more sensitive	0.8985	1
HCCO39	ERASTIN	0.7216	AUC	lower = more sensitive	0.5569	1
HCCO4	ERASTIN	0.8895	AUC	lower = more sensitive	0.732	1
HCCO40	ERASTIN	0.9633	AUC	lower = more sensitive	0.5864	1
HCCO41	ERASTIN	0.5715	AUC	lower = more sensitive	0.0001	1
HCCO43	ERASTIN	0.8723	AUC	lower = more sensitive	0.2733	1
HCCO44	ERASTIN	0.9017	AUC	lower = more sensitive	0.1856	1
HCCO45	ERASTIN	0.9154	AUC	lower = more sensitive	0.6557	1
HCCO5	ERASTIN	0.925	AUC	lower = more sensitive	0.2473	1
HCCO6	ERASTIN	0.9476	AUC	lower = more sensitive	0.2356	1
HCCO7	ERASTIN	0.8478	AUC	lower = more sensitive	0.4623	1
HCCO8	ERASTIN	0.8778	AUC	lower = more sensitive	0.5308	1
HCCO9	ERASTIN	0.8937	AUC	lower = more sensitive	0.1859	1
ICCO1	ERASTIN	0.7105	AUC	lower = more sensitive	0.856	1
ICCO10	ERASTIN	0.8929	AUC	lower = more sensitive	0.8825	1
ICCO11	ERASTIN	0.9084	AUC	lower = more sensitive	0.7808	1
ICCO12	ERASTIN	0.6154	AUC	lower = more sensitive	0.1363	1
ICCO13	ERASTIN	0.6195	AUC	lower = more sensitive	0.0418	1
ICCO2	ERASTIN	0.8855	AUC	lower = more sensitive	0.8438	1
ICCO3	ERASTIN	0.7909	AUC	lower = more sensitive	0.8313	1
ICCO4	ERASTIN	0.8278	AUC	lower = more sensitive	0.4165	1
ICCO5	ERASTIN	0.9092	AUC	lower = more sensitive	0.8311	1
ICCO7	ERASTIN	0.6643	AUC	lower = more sensitive	0.6427	1
ICCO8	ERASTIN	0.7071	AUC	lower = more sensitive	0.6789	1
ICCO9	ERASTIN	0.821	AUC	lower = more sensitive	0.0007	1
CHCO1	ETOPOSIDE	0.8582	AUC	lower = more sensitive	0.0492	1
CHCO2	ETOPOSIDE	0.8334	AUC	lower = more sensitive	0.8382	1
CHCO3	ETOPOSIDE	0.9252	AUC	lower = more sensitive	0.0299	1
CHCO4	ETOPOSIDE	0.6013	AUC	lower = more sensitive	0.3897	1
HBO1	ETOPOSIDE	0.7627	AUC	lower = more sensitive	0.303	1
HBO2	ETOPOSIDE	0.7176	AUC	lower = more sensitive	0.7738	1
HBO3	ETOPOSIDE	0.9284	AUC	lower = more sensitive	0.8553	1
HBO4	ETOPOSIDE	0.5508	AUC	lower = more sensitive	0.8845	1
HBO5	ETOPOSIDE	0.9185	AUC	lower = more sensitive	0.5986	1
HCCO10	ETOPOSIDE	0.7982	AUC	lower = more sensitive	0.9069	1
HCCO11	ETOPOSIDE	0.7969	AUC	lower = more sensitive	0.2857	1
HCCO12	ETOPOSIDE	0.6669	AUC	lower = more sensitive	0.0735	1
HCCO13	ETOPOSIDE	0.9173	AUC	lower = more sensitive	0.2314	1
HCCO14	ETOPOSIDE	0.8973	AUC	lower = more sensitive	0.6383	1
HCCO15	ETOPOSIDE	0.864	AUC	lower = more sensitive	0.0012	1
HCCO16	ETOPOSIDE	0.7485	AUC	lower = more sensitive	0.9779	1
HCCO17	ETOPOSIDE	0.8638	AUC	lower = more sensitive	0.7372	1
HCCO18	ETOPOSIDE	0.7886	AUC	lower = more sensitive	0.7342	1
HCCO19	ETOPOSIDE	0.8309	AUC	lower = more sensitive	0.5465	1
HCCO20	ETOPOSIDE	0.8848	AUC	lower = more sensitive	0.2065	1
HCCO21	ETOPOSIDE	0.9332	AUC	lower = more sensitive	0.0588	1
HCCO22	ETOPOSIDE	0.8302	AUC	lower = more sensitive	0.6536	1
HCCO23	ETOPOSIDE	0.8456	AUC	lower = more sensitive	0.6323	1
HCCO24	ETOPOSIDE	0.9373	AUC	lower = more sensitive	0.8017	1
HCCO25	ETOPOSIDE	0.8343	AUC	lower = more sensitive	0.4016	1
HCCO27	ETOPOSIDE	0.9501	AUC	lower = more sensitive	0.5428	1
HCCO28	ETOPOSIDE	0.8123	AUC	lower = more sensitive	0.0198	1
HCCO29	ETOPOSIDE	0.7531	AUC	lower = more sensitive	0.9703	1
HCCO30	ETOPOSIDE	0.7356	AUC	lower = more sensitive	0.952	1
HCCO31	ETOPOSIDE	0.8447	AUC	lower = more sensitive	0.896	1
HCCO32	ETOPOSIDE	0.7898	AUC	lower = more sensitive	0.9619	1
HCCO33	ETOPOSIDE	0.8913	AUC	lower = more sensitive	0.9115	1
HCCO34	ETOPOSIDE	0.8675	AUC	lower = more sensitive	0.1174	1
HCCO35	ETOPOSIDE	0.8704	AUC	lower = more sensitive	0.8375	1
HCCO36	ETOPOSIDE	0.903	AUC	lower = more sensitive	0.0631	1
HCCO37	ETOPOSIDE	0.8837	AUC	lower = more sensitive	0.4638	1
HCCO38	ETOPOSIDE	0.8432	AUC	lower = more sensitive	0.8136	1
HCCO39	ETOPOSIDE	0.8432	AUC	lower = more sensitive	0.0008	1
HCCO4	ETOPOSIDE	0.8997	AUC	lower = more sensitive	0.872	1
HCCO40	ETOPOSIDE	0.9131	AUC	lower = more sensitive	0.4964	1
HCCO41	ETOPOSIDE	0.6932	AUC	lower = more sensitive	0.0871	1
HCCO43	ETOPOSIDE	0.7183	AUC	lower = more sensitive	0.0679	1
HCCO44	ETOPOSIDE	0.843	AUC	lower = more sensitive	0.2698	1
HCCO45	ETOPOSIDE	0.9634	AUC	lower = more sensitive	0.1503	1
HCCO5	ETOPOSIDE	0.9207	AUC	lower = more sensitive	0.2689	1
HCCO6	ETOPOSIDE	0.9574	AUC	lower = more sensitive	0.0271	1
HCCO7	ETOPOSIDE	0.6045	AUC	lower = more sensitive	0.1564	1
HCCO8	ETOPOSIDE	0.7605	AUC	lower = more sensitive	0.0417	1
HCCO9	ETOPOSIDE	0.9031	AUC	lower = more sensitive	0.5105	1
ICCO1	ETOPOSIDE	0.6971	AUC	lower = more sensitive	0.8575	1
ICCO10	ETOPOSIDE	0.8168	AUC	lower = more sensitive	0.1449	1
ICCO11	ETOPOSIDE	0.9001	AUC	lower = more sensitive	0.0864	1
ICCO12	ETOPOSIDE	0.7118	AUC	lower = more sensitive	0.0575	1
ICCO13	ETOPOSIDE	0.8467	AUC	lower = more sensitive	0.0308	1
ICCO2	ETOPOSIDE	0.8983	AUC	lower = more sensitive	0.7266	1
ICCO3	ETOPOSIDE	0.9395	AUC	lower = more sensitive	0	1
ICCO4	ETOPOSIDE	0.6758	AUC	lower = more sensitive	0.7035	1
ICCO5	ETOPOSIDE	0.9495	AUC	lower = more sensitive	0.3161	1
ICCO7	ETOPOSIDE	0.7646	AUC	lower = more sensitive	0.4588	1
ICCO8	ETOPOSIDE	0.7741	AUC	lower = more sensitive	0.611	1
ICCO9	ETOPOSIDE	0.8466	AUC	lower = more sensitive	0.3904	1
CHCO1	FLUOROURACIL	0.8925	AUC	lower = more sensitive	0.11	1
CHCO2	FLUOROURACIL	0.7796	AUC	lower = more sensitive	0.0931	1
CHCO3	FLUOROURACIL	0.8071	AUC	lower = more sensitive	0.6332	1
CHCO4	FLUOROURACIL	0.935	AUC	lower = more sensitive	0.0408	1
HBO1	FLUOROURACIL	0.8439	AUC	lower = more sensitive	0.1979	1
HBO2	FLUOROURACIL	0.775	AUC	lower = more sensitive	0.8541	1
HBO3	FLUOROURACIL	0.937	AUC	lower = more sensitive	0.2468	1
HBO4	FLUOROURACIL	0.7062	AUC	lower = more sensitive	0.9193	1
HBO5	FLUOROURACIL	0.8423	AUC	lower = more sensitive	0.0386	1
HCCO10	FLUOROURACIL	0.7872	AUC	lower = more sensitive	0.2978	1
HCCO11	FLUOROURACIL	0.7678	AUC	lower = more sensitive	0.072	1
HCCO12	FLUOROURACIL	0.7585	AUC	lower = more sensitive	0.0039	1
HCCO13	FLUOROURACIL	0.8926	AUC	lower = more sensitive	0.6167	1
HCCO14	FLUOROURACIL	0.863	AUC	lower = more sensitive	0.2662	1
HCCO15	FLUOROURACIL	0.9099	AUC	lower = more sensitive	0.4862	1
HCCO16	FLUOROURACIL	0.7574	AUC	lower = more sensitive	0.9677	1
HCCO17	FLUOROURACIL	0.9561	AUC	lower = more sensitive	0.3519	1
HCCO18	FLUOROURACIL	0.8668	AUC	lower = more sensitive	0.2498	1
HCCO19	FLUOROURACIL	0.8894	AUC	lower = more sensitive	0.5915	1
HCCO20	FLUOROURACIL	0.8165	AUC	lower = more sensitive	0.1084	1
HCCO21	FLUOROURACIL	0.968	AUC	lower = more sensitive	0.068	1
HCCO22	FLUOROURACIL	0.8129	AUC	lower = more sensitive	0.5086	1
HCCO23	FLUOROURACIL	0.9149	AUC	lower = more sensitive	0.1608	1
HCCO24	FLUOROURACIL	0.757	AUC	lower = more sensitive	0.1468	1
HCCO25	FLUOROURACIL	0.9068	AUC	lower = more sensitive	0.6295	1
HCCO27	FLUOROURACIL	0.8941	AUC	lower = more sensitive	0.0001	1
HCCO28	FLUOROURACIL	0.8853	AUC	lower = more sensitive	0.8151	1
HCCO29	FLUOROURACIL	0.9029	AUC	lower = more sensitive	0.9342	1
HCCO30	FLUOROURACIL	0.9046	AUC	lower = more sensitive	0.9348	1
HCCO31	FLUOROURACIL	0.9183	AUC	lower = more sensitive	0.7562	1
HCCO32	FLUOROURACIL	0.8541	AUC	lower = more sensitive	0.8936	1
HCCO33	FLUOROURACIL	0.8035	AUC	lower = more sensitive	0.294	1
HCCO34	FLUOROURACIL	0.8938	AUC	lower = more sensitive	0.2611	1
HCCO35	FLUOROURACIL	0.8957	AUC	lower = more sensitive	0.7343	1
HCCO36	FLUOROURACIL	0.9115	AUC	lower = more sensitive	0.1206	1
HCCO37	FLUOROURACIL	0.9638	AUC	lower = more sensitive	0.0728	1
HCCO38	FLUOROURACIL	0.8451	AUC	lower = more sensitive	0.6607	1
HCCO39	FLUOROURACIL	0.8873	AUC	lower = more sensitive	0.5601	1
HCCO4	FLUOROURACIL	0.9397	AUC	lower = more sensitive	0.3901	1
HCCO40	FLUOROURACIL	0.888	AUC	lower = more sensitive	0.0354	1
HCCO41	FLUOROURACIL	0.5341	AUC	lower = more sensitive	0.0309	1
HCCO43	FLUOROURACIL	0.8273	AUC	lower = more sensitive	0.7485	1
HCCO44	FLUOROURACIL	0.8293	AUC	lower = more sensitive	0.1432	1
HCCO45	FLUOROURACIL	0.981	AUC	lower = more sensitive	0.2518	1
HCCO5	FLUOROURACIL	0.8771	AUC	lower = more sensitive	0.0233	1
HCCO6	FLUOROURACIL	0.9564	AUC	lower = more sensitive	0.2371	1
HCCO7	FLUOROURACIL	0.8344	AUC	lower = more sensitive	0.5291	1
HCCO8	FLUOROURACIL	0.6973	AUC	lower = more sensitive	0.0256	1
HCCO9	FLUOROURACIL	0.9304	AUC	lower = more sensitive	0.1484	1
ICCO1	FLUOROURACIL	0.8471	AUC	lower = more sensitive	0.7319	1
ICCO10	FLUOROURACIL	0.8201	AUC	lower = more sensitive	0.9813	1
ICCO11	FLUOROURACIL	0.9517	AUC	lower = more sensitive	0.129	1
ICCO12	FLUOROURACIL	0.794	AUC	lower = more sensitive	0.8031	1
ICCO13	FLUOROURACIL	0.7019	AUC	lower = more sensitive	0.1652	1
ICCO2	FLUOROURACIL	0.9525	AUC	lower = more sensitive	0.4735	1
ICCO3	FLUOROURACIL	0.8823	AUC	lower = more sensitive	0.3709	1
ICCO4	FLUOROURACIL	0.7879	AUC	lower = more sensitive	0.5005	1
ICCO5	FLUOROURACIL	0.9766	AUC	lower = more sensitive	0.0599	1
ICCO7	FLUOROURACIL	0.7319	AUC	lower = more sensitive	0.4427	1
ICCO8	FLUOROURACIL	0.8464	AUC	lower = more sensitive	0.8621	1
ICCO9	FLUOROURACIL	0.8214	AUC	lower = more sensitive	0.846	1
CHCO1	FORETINIB	0.862	AUC	lower = more sensitive	0.1295	1
CHCO2	FORETINIB	0.7322	AUC	lower = more sensitive	0.9093	1
CHCO3	FORETINIB	0.7672	AUC	lower = more sensitive	0.9109	1
CHCO4	FORETINIB	0.7533	AUC	lower = more sensitive	0.7264	1
HBO1	FORETINIB	0.7449	AUC	lower = more sensitive	0.6265	1
HBO2	FORETINIB	0.6725	AUC	lower = more sensitive	0.9432	1
HBO3	FORETINIB	0.8505	AUC	lower = more sensitive	0.9845	1
HBO4	FORETINIB	0.6237	AUC	lower = more sensitive	0.9409	1
HBO5	FORETINIB	0.6784	AUC	lower = more sensitive	0.788	1
HCCO10	FORETINIB	0.7372	AUC	lower = more sensitive	0.4924	1
HCCO11	FORETINIB	0.7362	AUC	lower = more sensitive	0.6152	1
HCCO12	FORETINIB	0.6656	AUC	lower = more sensitive	0.6073	1
HCCO13	FORETINIB	0.7272	AUC	lower = more sensitive	0.8218	1
HCCO14	FORETINIB	0.846	AUC	lower = more sensitive	0.7024	1
HCCO15	FORETINIB	0.7949	AUC	lower = more sensitive	0.8479	1
HCCO16	FORETINIB	0.7276	AUC	lower = more sensitive	0.9537	1
HCCO17	FORETINIB	0.5821	AUC	lower = more sensitive	0.8805	1
HCCO18	FORETINIB	0.68	AUC	lower = more sensitive	0.9165	1
HCCO19	FORETINIB	0.713	AUC	lower = more sensitive	0.9683	1
HCCO20	FORETINIB	0.6375	AUC	lower = more sensitive	0.7678	1
HCCO21	FORETINIB	0.7605	AUC	lower = more sensitive	0.7593	1
HCCO22	FORETINIB	0.7803	AUC	lower = more sensitive	0.8292	1
HCCO23	FORETINIB	0.6976	AUC	lower = more sensitive	0.9237	1
HCCO24	FORETINIB	0.6657	AUC	lower = more sensitive	0.7583	1
HCCO25	FORETINIB	0.7075	AUC	lower = more sensitive	0.9167	1
HCCO27	FORETINIB	0.8191	AUC	lower = more sensitive	0.0301	1
HCCO28	FORETINIB	0.6744	AUC	lower = more sensitive	0.9495	1
HCCO29	FORETINIB	0.539	AUC	lower = more sensitive	0.876	1
HCCO30	FORETINIB	0.5586	AUC	lower = more sensitive	0.8841	1
HCCO31	FORETINIB	0.7195	AUC	lower = more sensitive	0.8875	1
HCCO32	FORETINIB	0.7169	AUC	lower = more sensitive	0.8635	1
HCCO33	FORETINIB	0.7418	AUC	lower = more sensitive	0.8802	1
HCCO34	FORETINIB	0.7551	AUC	lower = more sensitive	0.9709	1
HCCO35	FORETINIB	0.7508	AUC	lower = more sensitive	0.946	1
HCCO36	FORETINIB	0.7909	AUC	lower = more sensitive	0.7386	1
HCCO37	FORETINIB	0.729	AUC	lower = more sensitive	0.8711	1
HCCO38	FORETINIB	0.7285	AUC	lower = more sensitive	0.9906	1
HCCO39	FORETINIB	0.6767	AUC	lower = more sensitive	0.7347	1
HCCO4	FORETINIB	0.7705	AUC	lower = more sensitive	0.6146	1
HCCO40	FORETINIB	0.8328	AUC	lower = more sensitive	0.9237	1
HCCO41	FORETINIB	0.4948	AUC	lower = more sensitive	0.7715	1
HCCO43	FORETINIB	0.6537	AUC	lower = more sensitive	0.9014	1
HCCO44	FORETINIB	0.7855	AUC	lower = more sensitive	0.8674	1
HCCO45	FORETINIB	0.814	AUC	lower = more sensitive	0.9292	1
HCCO5	FORETINIB	0.6514	AUC	lower = more sensitive	0.0024	1
HCCO6	FORETINIB	0.6191	AUC	lower = more sensitive	0.0003	1
HCCO7	FORETINIB	0.6987	AUC	lower = more sensitive	0.6887	1
HCCO8	FORETINIB	0.635	AUC	lower = more sensitive	0.7468	1
HCCO9	FORETINIB	0.682	AUC	lower = more sensitive	0.8179	1
ICCO1	FORETINIB	0.6408	AUC	lower = more sensitive	0.9287	1
ICCO10	FORETINIB	0.6982	AUC	lower = more sensitive	0.8944	1
ICCO11	FORETINIB	0.8582	AUC	lower = more sensitive	0.9667	1
ICCO12	FORETINIB	0.6789	AUC	lower = more sensitive	0.8655	1
ICCO13	FORETINIB	0.6604	AUC	lower = more sensitive	0.8958	1
ICCO2	FORETINIB	0.7318	AUC	lower = more sensitive	0.7652	1
ICCO3	FORETINIB	0.7452	AUC	lower = more sensitive	0.8385	1
ICCO4	FORETINIB	0.4575	AUC	lower = more sensitive	-0	1
ICCO5	FORETINIB	0.8105	AUC	lower = more sensitive	0.8961	1
ICCO7	FORETINIB	0.6109	AUC	lower = more sensitive	0.9615	1
ICCO8	FORETINIB	0.642	AUC	lower = more sensitive	0.9188	1
ICCO9	FORETINIB	0.6683	AUC	lower = more sensitive	0.8913	1
CHCO1	G17406	0.9592	AUC	lower = more sensitive	0.143	1
CHCO2	G17406	0.802	AUC	lower = more sensitive	0.2952	1
CHCO3	G17406	0.9779	AUC	lower = more sensitive	0.1334	1
CHCO4	G17406	0.7532	AUC	lower = more sensitive	0.254	1
HBO1	G17406	0.7336	AUC	lower = more sensitive	0.1152	1
HBO2	G17406	0.9005	AUC	lower = more sensitive	0.1897	1
HBO3	G17406	0.9911	AUC	lower = more sensitive	0.0351	1
HBO4	G17406	0.9801	AUC	lower = more sensitive	0.0803	1
HBO5	G17406	0.6557	AUC	lower = more sensitive	0.0074	1
HCCO10	G17406	0.9464	AUC	lower = more sensitive	0.135	1
HCCO11	G17406	0.9795	AUC	lower = more sensitive	0.0754	1
HCCO12	G17406	0.8664	AUC	lower = more sensitive	0.0288	1
HCCO13	G17406	0.9562	AUC	lower = more sensitive	0.0042	1
HCCO14	G17406	0.6436	AUC	lower = more sensitive	0.4716	1
HCCO15	G17406	0.9138	AUC	lower = more sensitive	0.0939	1
HCCO16	G17406	0.9328	AUC	lower = more sensitive	0.167	1
HCCO17	G17406	0.8417	AUC	lower = more sensitive	0.0005	1
HCCO18	G17406	0.9808	AUC	lower = more sensitive	0.4684	1
HCCO19	G17406	0.9997	AUC	lower = more sensitive	0.0396	1
HCCO20	G17406	0.9162	AUC	lower = more sensitive	0.0231	1
HCCO21	G17406	0.8101	AUC	lower = more sensitive	0.281	1
HCCO22	G17406	0.8989	AUC	lower = more sensitive	0.0001	1
HCCO23	G17406	0.954	AUC	lower = more sensitive	0.5972	1
HCCO24	G17406	0.5858	AUC	lower = more sensitive	0.7583	1
HCCO25	G17406	1	AUC	lower = more sensitive	0	1
HCCO27	G17406	0.8661	AUC	lower = more sensitive	0.0313	1
HCCO28	G17406	0.8921	AUC	lower = more sensitive	0.1789	1
HCCO29	G17406	1	AUC	lower = more sensitive	0	1
HCCO30	G17406	1	AUC	lower = more sensitive	0	1
HCCO31	G17406	0.9686	AUC	lower = more sensitive	0.2244	1
HCCO32	G17406	0.9937	AUC	lower = more sensitive	0.0381	1
HCCO33	G17406	0.8109	AUC	lower = more sensitive	0.0628	1
HCCO34	G17406	0.9734	AUC	lower = more sensitive	0.2006	1
HCCO35	G17406	0.6135	AUC	lower = more sensitive	0.4713	1
HCCO36	G17406	0.8725	AUC	lower = more sensitive	0.163	1
HCCO37	G17406	0.931	AUC	lower = more sensitive	0.3833	1
HCCO38	G17406	1	AUC	lower = more sensitive	0	1
HCCO39	G17406	0.9523	AUC	lower = more sensitive	0.054	1
HCCO4	G17406	0.5862	AUC	lower = more sensitive	0.4702	1
HCCO40	G17406	0.9595	AUC	lower = more sensitive	0.1793	1
HCCO41	G17406	0.6103	AUC	lower = more sensitive	0.0197	1
HCCO43	G17406	0.8359	AUC	lower = more sensitive	0.0274	1
HCCO44	G17406	0.5931	AUC	lower = more sensitive	0.2873	1
HCCO45	G17406	0.9926	AUC	lower = more sensitive	0.1752	1
HCCO5	G17406	0.8801	AUC	lower = more sensitive	0.0168	1
HCCO6	G17406	0.9701	AUC	lower = more sensitive	0.1058	1
HCCO7	G17406	0.6715	AUC	lower = more sensitive	0.1461	1
HCCO8	G17406	1	AUC	lower = more sensitive	0	1
HCCO9	G17406	0.9786	AUC	lower = more sensitive	0.1667	1
ICCO1	G17406	0.9467	AUC	lower = more sensitive	0.4716	1
ICCO10	G17406	0.8851	AUC	lower = more sensitive	0.3182	1
ICCO11	G17406	0.809	AUC	lower = more sensitive	0.042	1
ICCO12	G17406	0.9086	AUC	lower = more sensitive	0.4204	1
ICCO13	G17406	0.9993	AUC	lower = more sensitive	0.1682	1
ICCO2	G17406	0.9558	AUC	lower = more sensitive	0.0398	1
ICCO3	G17406	0.9703	AUC	lower = more sensitive	0.0533	1
ICCO4	G17406	0.8793	AUC	lower = more sensitive	0.0915	1
ICCO5	G17406	0.9902	AUC	lower = more sensitive	0.1667	1
ICCO7	G17406	0.7304	AUC	lower = more sensitive	0.2839	1
ICCO8	G17406	0.9183	AUC	lower = more sensitive	0.075	1
ICCO9	G17406	0.8245	AUC	lower = more sensitive	0.2197	1
CHCO1	GANETESPIB	0.7138	AUC	lower = more sensitive	0.8255	1
CHCO2	GANETESPIB	0.6082	AUC	lower = more sensitive	0.9462	1
CHCO3	GANETESPIB	0.7367	AUC	lower = more sensitive	0.885	1
CHCO4	GANETESPIB	0.6787	AUC	lower = more sensitive	0.94	1
HBO1	GANETESPIB	0.5646	AUC	lower = more sensitive	0.8992	1
HBO2	GANETESPIB	0.469	AUC	lower = more sensitive	0.9062	1
HBO3	GANETESPIB	0.722	AUC	lower = more sensitive	0.821	1
HBO4	GANETESPIB	0.3827	AUC	lower = more sensitive	0.7794	1
HBO5	GANETESPIB	0.3641	AUC	lower = more sensitive	0.8983	1
HCCO10	GANETESPIB	0.496	AUC	lower = more sensitive	0.918	1
HCCO11	GANETESPIB	0.6722	AUC	lower = more sensitive	0.5274	1
HCCO12	GANETESPIB	0.5857	AUC	lower = more sensitive	0.3286	1
HCCO13	GANETESPIB	0.6097	AUC	lower = more sensitive	0.8333	1
HCCO14	GANETESPIB	0.693	AUC	lower = more sensitive	0.5806	1
HCCO15	GANETESPIB	0.6582	AUC	lower = more sensitive	0.8783	1
HCCO16	GANETESPIB	0.5249	AUC	lower = more sensitive	0.9639	1
HCCO17	GANETESPIB	0.5252	AUC	lower = more sensitive	0.9539	1
HCCO18	GANETESPIB	0.6978	AUC	lower = more sensitive	0.9341	1
HCCO19	GANETESPIB	0.5071	AUC	lower = more sensitive	0.964	1
HCCO20	GANETESPIB	0.5201	AUC	lower = more sensitive	0.9608	1
HCCO21	GANETESPIB	0.6435	AUC	lower = more sensitive	0.8636	1
HCCO22	GANETESPIB	0.5928	AUC	lower = more sensitive	0.8995	1
HCCO23	GANETESPIB	0.7084	AUC	lower = more sensitive	0.9525	1
HCCO24	GANETESPIB	0.5123	AUC	lower = more sensitive	0.945	1
HCCO25	GANETESPIB	0.6209	AUC	lower = more sensitive	0.9257	1
HCCO27	GANETESPIB	0.8082	AUC	lower = more sensitive	0.0442	1
HCCO28	GANETESPIB	0.6033	AUC	lower = more sensitive	0.9243	1
HCCO29	GANETESPIB	0.3836	AUC	lower = more sensitive	0.9968	1
HCCO30	GANETESPIB	0.3743	AUC	lower = more sensitive	0.9974	1
HCCO31	GANETESPIB	0.6554	AUC	lower = more sensitive	0.693	1
HCCO32	GANETESPIB	0.6992	AUC	lower = more sensitive	0.9174	1
HCCO33	GANETESPIB	0.6574	AUC	lower = more sensitive	0.8914	1
HCCO34	GANETESPIB	0.7157	AUC	lower = more sensitive	0.6138	1
HCCO35	GANETESPIB	0.5195	AUC	lower = more sensitive	0.884	1
HCCO36	GANETESPIB	0.7538	AUC	lower = more sensitive	0.8761	1
HCCO37	GANETESPIB	0.5051	AUC	lower = more sensitive	0.9406	1
HCCO38	GANETESPIB	0.6704	AUC	lower = more sensitive	0.9731	1
HCCO39	GANETESPIB	0.4143	AUC	lower = more sensitive	-0.1488	1
HCCO4	GANETESPIB	0.5472	AUC	lower = more sensitive	0.9479	1
HCCO40	GANETESPIB	0.687	AUC	lower = more sensitive	0.8896	1
HCCO41	GANETESPIB	0.3536	AUC	lower = more sensitive	0.8358	1
HCCO43	GANETESPIB	0.474	AUC	lower = more sensitive	0.9396	1
HCCO44	GANETESPIB	0.6197	AUC	lower = more sensitive	0.8333	1
HCCO45	GANETESPIB	0.705	AUC	lower = more sensitive	0.8143	1
HCCO5	GANETESPIB	0.8376	AUC	lower = more sensitive	0.2311	1
HCCO6	GANETESPIB	0.6222	AUC	lower = more sensitive	0.023	1
HCCO7	GANETESPIB	0.4559	AUC	lower = more sensitive	0.7099	1
HCCO8	GANETESPIB	0.732	AUC	lower = more sensitive	0.9203	1
HCCO9	GANETESPIB	0.67	AUC	lower = more sensitive	0.7222	1
ICCO1	GANETESPIB	0.4479	AUC	lower = more sensitive	0.9921	1
ICCO10	GANETESPIB	0.5555	AUC	lower = more sensitive	0.8788	1
ICCO11	GANETESPIB	0.7503	AUC	lower = more sensitive	0.8427	1
ICCO12	GANETESPIB	0.7736	AUC	lower = more sensitive	0.769	1
ICCO13	GANETESPIB	0.7647	AUC	lower = more sensitive	0.5571	1
ICCO2	GANETESPIB	0.7138	AUC	lower = more sensitive	0.8681	1
ICCO3	GANETESPIB	0.6326	AUC	lower = more sensitive	0.6845	1
ICCO4	GANETESPIB	0.483	AUC	lower = more sensitive	0.8703	1
ICCO5	GANETESPIB	0.9498	AUC	lower = more sensitive	0.3436	1
ICCO7	GANETESPIB	0.6336	AUC	lower = more sensitive	0.9195	1
ICCO8	GANETESPIB	0.4931	AUC	lower = more sensitive	0.9435	1
ICCO9	GANETESPIB	0.3312	AUC	lower = more sensitive	0.9328	1
CHCO1	GEMCITABINE	0.7369	AUC	lower = more sensitive	0.1652	1
CHCO2	GEMCITABINE	0.5408	AUC	lower = more sensitive	0.0897	1
CHCO3	GEMCITABINE	0.7295	AUC	lower = more sensitive	0.8571	1
CHCO4	GEMCITABINE	0.2186	AUC	lower = more sensitive	0	1
HBO1	GEMCITABINE	0.6525	AUC	lower = more sensitive	0.0399	1
HBO2	GEMCITABINE	0.3621	AUC	lower = more sensitive	-0.2315	1
HBO3	GEMCITABINE	0.9132	AUC	lower = more sensitive	0.1372	1
HBO4	GEMCITABINE	0.1477	AUC	lower = more sensitive	-0	1
HBO5	GEMCITABINE	0.8976	AUC	lower = more sensitive	0.0026	1
HCCO10	GEMCITABINE	0.4113	AUC	lower = more sensitive	0.1098	1
HCCO11	GEMCITABINE	0.787	AUC	lower = more sensitive	0.875	1
HCCO12	GEMCITABINE	0.7407	AUC	lower = more sensitive	0.018	1
HCCO13	GEMCITABINE	0.6911	AUC	lower = more sensitive	0.8928	1
HCCO14	GEMCITABINE	0.8311	AUC	lower = more sensitive	0.6394	1
HCCO15	GEMCITABINE	0.9477	AUC	lower = more sensitive	0.2311	1
HCCO16	GEMCITABINE	0.5794	AUC	lower = more sensitive	0.983	1
HCCO17	GEMCITABINE	0.6709	AUC	lower = more sensitive	0.0442	1
HCCO18	GEMCITABINE	0.5426	AUC	lower = more sensitive	0.0533	1
HCCO19	GEMCITABINE	0.8634	AUC	lower = more sensitive	0.511	1
HCCO20	GEMCITABINE	0.9241	AUC	lower = more sensitive	0.0805	1
HCCO21	GEMCITABINE	0.9891	AUC	lower = more sensitive	0.165	1
HCCO22	GEMCITABINE	0.3832	AUC	lower = more sensitive	-0.0006	1
HCCO23	GEMCITABINE	0.3814	AUC	lower = more sensitive	0.084	1
HCCO24	GEMCITABINE	0.8607	AUC	lower = more sensitive	0.4163	1
HCCO25	GEMCITABINE	0.578	AUC	lower = more sensitive	0.6643	1
HCCO27	GEMCITABINE	0.9218	AUC	lower = more sensitive	0.536	1
HCCO28	GEMCITABINE	0.9424	AUC	lower = more sensitive	0.0317	1
HCCO29	GEMCITABINE	0.4228	AUC	lower = more sensitive	0.2475	1
HCCO30	GEMCITABINE	0.3927	AUC	lower = more sensitive	0.4095	1
HCCO31	GEMCITABINE	0.8087	AUC	lower = more sensitive	0.3909	1
HCCO32	GEMCITABINE	0.5493	AUC	lower = more sensitive	0.0612	1
HCCO33	GEMCITABINE	0.6769	AUC	lower = more sensitive	0.8249	1
HCCO34	GEMCITABINE	0.9173	AUC	lower = more sensitive	0.1599	1
HCCO35	GEMCITABINE	0.5878	AUC	lower = more sensitive	0.5166	1
HCCO36	GEMCITABINE	0.7324	AUC	lower = more sensitive	0.2123	1
HCCO37	GEMCITABINE	0.6981	AUC	lower = more sensitive	0.8553	1
HCCO38	GEMCITABINE	0.7054	AUC	lower = more sensitive	0.9223	1
HCCO39	GEMCITABINE	0.469	AUC	lower = more sensitive	0.5555	1
HCCO4	GEMCITABINE	0.9121	AUC	lower = more sensitive	0.1072	1
HCCO40	GEMCITABINE	0.8473	AUC	lower = more sensitive	0.1322	1
HCCO41	GEMCITABINE	0.2961	AUC	lower = more sensitive	-0.0268	1
HCCO43	GEMCITABINE	0.6354	AUC	lower = more sensitive	0.6797	1
HCCO44	GEMCITABINE	0.6957	AUC	lower = more sensitive	0.6755	1
HCCO45	GEMCITABINE	0.6366	AUC	lower = more sensitive	0.9023	1
HCCO5	GEMCITABINE	0.8315	AUC	lower = more sensitive	0.0444	1
HCCO6	GEMCITABINE	0.7509	AUC	lower = more sensitive	0.0389	1
HCCO7	GEMCITABINE	0.2862	AUC	lower = more sensitive	0.0177	1
HCCO8	GEMCITABINE	0.8192	AUC	lower = more sensitive	0.0912	1
HCCO9	GEMCITABINE	0.7533	AUC	lower = more sensitive	0.0163	1
ICCO1	GEMCITABINE	0.4662	AUC	lower = more sensitive	0.0906	1
ICCO10	GEMCITABINE	0.5828	AUC	lower = more sensitive	0.9667	1
ICCO11	GEMCITABINE	0.8266	AUC	lower = more sensitive	0.8372	1
ICCO12	GEMCITABINE	0.591	AUC	lower = more sensitive	0.6265	1
ICCO13	GEMCITABINE	0.7752	AUC	lower = more sensitive	0.8073	1
ICCO2	GEMCITABINE	0.9226	AUC	lower = more sensitive	0.4653	1
ICCO3	GEMCITABINE	0.7665	AUC	lower = more sensitive	0.1016	1
ICCO4	GEMCITABINE	0.4254	AUC	lower = more sensitive	0.7781	1
ICCO5	GEMCITABINE	0.8812	AUC	lower = more sensitive	0.825	1
ICCO7	GEMCITABINE	0.5839	AUC	lower = more sensitive	0.6302	1
ICCO8	GEMCITABINE	0.6745	AUC	lower = more sensitive	0.8478	1
ICCO9	GEMCITABINE	0.5887	AUC	lower = more sensitive	0.7598	1
CHCO1	GSK-126	0.8559	AUC	lower = more sensitive	0.3811	1
CHCO2	GSK-126	0.8115	AUC	lower = more sensitive	0.2021	1
CHCO3	GSK-126	0.9209	AUC	lower = more sensitive	0.6214	1
CHCO4	GSK-126	0.9122	AUC	lower = more sensitive	0.7183	1
HBO1	GSK-126	0.9729	AUC	lower = more sensitive	0.0086	1
HBO2	GSK-126	0.8636	AUC	lower = more sensitive	0.9365	1
HBO3	GSK-126	0.9473	AUC	lower = more sensitive	0.5408	1
HBO4	GSK-126	0.8382	AUC	lower = more sensitive	0.8179	1
HBO5	GSK-126	0.8058	AUC	lower = more sensitive	0.8966	1
HCCO10	GSK-126	0.8706	AUC	lower = more sensitive	0.8725	1
HCCO11	GSK-126	0.8853	AUC	lower = more sensitive	0.0038	1
HCCO12	GSK-126	0.8272	AUC	lower = more sensitive	0.226	1
HCCO13	GSK-126	0.8792	AUC	lower = more sensitive	0.6197	1
HCCO14	GSK-126	0.9961	AUC	lower = more sensitive	0.0396	1
HCCO15	GSK-126	0.8582	AUC	lower = more sensitive	0.8808	1
HCCO16	GSK-126	0.8571	AUC	lower = more sensitive	0.9864	1
HCCO17	GSK-126	0.8628	AUC	lower = more sensitive	0.9594	1
HCCO18	GSK-126	0.8452	AUC	lower = more sensitive	0.9454	1
HCCO19	GSK-126	0.8591	AUC	lower = more sensitive	0.9334	1
HCCO20	GSK-126	0.8694	AUC	lower = more sensitive	0.8855	1
HCCO21	GSK-126	0.8323	AUC	lower = more sensitive	0.2736	1
HCCO22	GSK-126	0.8932	AUC	lower = more sensitive	0.8464	1
HCCO23	GSK-126	0.9377	AUC	lower = more sensitive	0.028	1
HCCO24	GSK-126	0.8554	AUC	lower = more sensitive	0.7207	1
HCCO25	GSK-126	0.8163	AUC	lower = more sensitive	0.6345	1
HCCO27	GSK-126	0.91	AUC	lower = more sensitive	0.4707	1
HCCO28	GSK-126	0.9468	AUC	lower = more sensitive	0.7657	1
HCCO29	GSK-126	0.8423	AUC	lower = more sensitive	0.9882	1
HCCO30	GSK-126	0.8348	AUC	lower = more sensitive	0.9962	1
HCCO31	GSK-126	0.8671	AUC	lower = more sensitive	0.9524	1
HCCO32	GSK-126	0.8685	AUC	lower = more sensitive	0.9605	1
HCCO33	GSK-126	0.8303	AUC	lower = more sensitive	0.3471	1
HCCO34	GSK-126	0.8799	AUC	lower = more sensitive	0.8974	1
HCCO35	GSK-126	0.8643	AUC	lower = more sensitive	0.985	1
HCCO36	GSK-126	0.903	AUC	lower = more sensitive	0.4443	1
HCCO37	GSK-126	0.9032	AUC	lower = more sensitive	0.9918	1
HCCO38	GSK-126	0.9083	AUC	lower = more sensitive	0.9917	1
HCCO39	GSK-126	0.8498	AUC	lower = more sensitive	0.9659	1
HCCO4	GSK-126	0.8475	AUC	lower = more sensitive	0.8837	1
HCCO40	GSK-126	0.8886	AUC	lower = more sensitive	0.9882	1
HCCO41	GSK-126	0.6764	AUC	lower = more sensitive	0.1063	1
HCCO43	GSK-126	0.848	AUC	lower = more sensitive	0.8578	1
HCCO44	GSK-126	0.9964	AUC	lower = more sensitive	0.1473	1
HCCO45	GSK-126	0.8503	AUC	lower = more sensitive	0.7721	1
HCCO5	GSK-126	0.8853	AUC	lower = more sensitive	0.4672	1
HCCO6	GSK-126	0.8874	AUC	lower = more sensitive	0.4678	1
HCCO7	GSK-126	0.8072	AUC	lower = more sensitive	0.6942	1
HCCO8	GSK-126	0.8785	AUC	lower = more sensitive	0.7151	1
HCCO9	GSK-126	0.8585	AUC	lower = more sensitive	0.6015	1
ICCO1	GSK-126	0.8128	AUC	lower = more sensitive	0.8955	1
ICCO10	GSK-126	0.8261	AUC	lower = more sensitive	0.9929	1
ICCO11	GSK-126	0.8633	AUC	lower = more sensitive	0.9608	1
ICCO12	GSK-126	0.8489	AUC	lower = more sensitive	0.8176	1
ICCO13	GSK-126	0.8594	AUC	lower = more sensitive	0.9542	1
ICCO2	GSK-126	0.8551	AUC	lower = more sensitive	0.2022	1
ICCO3	GSK-126	0.8858	AUC	lower = more sensitive	0.7863	1
ICCO4	GSK-126	0.8826	AUC	lower = more sensitive	0.828	1
ICCO5	GSK-126	0.9801	AUC	lower = more sensitive	0.4415	1
ICCO7	GSK-126	0.7212	AUC	lower = more sensitive	0.3733	1
ICCO8	GSK-126	0.8648	AUC	lower = more sensitive	0.8035	1
ICCO9	GSK-126	0.86	AUC	lower = more sensitive	0.744	1
CHCO1	GSK-1838705A	0.6917	AUC	lower = more sensitive	0.6644	1
CHCO2	GSK-1838705A	0.7737	AUC	lower = more sensitive	0.7147	1
CHCO3	GSK-1838705A	0.7636	AUC	lower = more sensitive	0.8401	1
CHCO4	GSK-1838705A	0.8329	AUC	lower = more sensitive	0.5974	1
HBO1	GSK-1838705A	0.7532	AUC	lower = more sensitive	0.3264	1
HBO2	GSK-1838705A	0.5137	AUC	lower = more sensitive	0.9051	1
HBO3	GSK-1838705A	0.9524	AUC	lower = more sensitive	0.5084	1
HBO4	GSK-1838705A	0.4517	AUC	lower = more sensitive	0.8379	1
HBO5	GSK-1838705A	0.7169	AUC	lower = more sensitive	0.6053	1
HCCO10	GSK-1838705A	0.7462	AUC	lower = more sensitive	0.7899	1
HCCO11	GSK-1838705A	0.7233	AUC	lower = more sensitive	0.3804	1
HCCO12	GSK-1838705A	0.6264	AUC	lower = more sensitive	0.6323	1
HCCO13	GSK-1838705A	0.6809	AUC	lower = more sensitive	0.7497	1
HCCO14	GSK-1838705A	0.6798	AUC	lower = more sensitive	0.6593	1
HCCO15	GSK-1838705A	0.799	AUC	lower = more sensitive	0.63	1
HCCO16	GSK-1838705A	0.7457	AUC	lower = more sensitive	0.7937	1
HCCO17	GSK-1838705A	0.7472	AUC	lower = more sensitive	0.7291	1
HCCO18	GSK-1838705A	0.7623	AUC	lower = more sensitive	0.9195	1
HCCO19	GSK-1838705A	0.619	AUC	lower = more sensitive	0.95	1
HCCO20	GSK-1838705A	0.6206	AUC	lower = more sensitive	0.8889	1
HCCO21	GSK-1838705A	0.7571	AUC	lower = more sensitive	0.8614	1
HCCO22	GSK-1838705A	0.7485	AUC	lower = more sensitive	0.922	1
HCCO23	GSK-1838705A	0.6627	AUC	lower = more sensitive	0.936	1
HCCO24	GSK-1838705A	0.738	AUC	lower = more sensitive	0.8554	1
HCCO25	GSK-1838705A	0.6837	AUC	lower = more sensitive	0.7734	1
HCCO27	GSK-1838705A	0.84	AUC	lower = more sensitive	0.0478	1
HCCO28	GSK-1838705A	0.4409	AUC	lower = more sensitive	-0	1
HCCO29	GSK-1838705A	0.7553	AUC	lower = more sensitive	0.8699	1
HCCO30	GSK-1838705A	0.7637	AUC	lower = more sensitive	0.9415	1
HCCO31	GSK-1838705A	0.6573	AUC	lower = more sensitive	0.9048	1
HCCO32	GSK-1838705A	0.7063	AUC	lower = more sensitive	0.8735	1
HCCO33	GSK-1838705A	0.7288	AUC	lower = more sensitive	0.8414	1
HCCO34	GSK-1838705A	0.6481	AUC	lower = more sensitive	0.9082	1
HCCO35	GSK-1838705A	0.7212	AUC	lower = more sensitive	0.9517	1
HCCO36	GSK-1838705A	0.7792	AUC	lower = more sensitive	0.2284	1
HCCO37	GSK-1838705A	0.7827	AUC	lower = more sensitive	0.8154	1
HCCO38	GSK-1838705A	0.7006	AUC	lower = more sensitive	0.8812	1
HCCO39	GSK-1838705A	0.4695	AUC	lower = more sensitive	0.8102	1
HCCO4	GSK-1838705A	0.8171	AUC	lower = more sensitive	0.9025	1
HCCO40	GSK-1838705A	0.8648	AUC	lower = more sensitive	0.4036	1
HCCO41	GSK-1838705A	0.5372	AUC	lower = more sensitive	0.7697	1
HCCO43	GSK-1838705A	0.6989	AUC	lower = more sensitive	0.892	1
HCCO44	GSK-1838705A	0.8533	AUC	lower = more sensitive	0.6737	1
HCCO45	GSK-1838705A	0.8075	AUC	lower = more sensitive	0.995	1
HCCO5	GSK-1838705A	0.4972	AUC	lower = more sensitive	-0	1
HCCO6	GSK-1838705A	0.7087	AUC	lower = more sensitive	0.0048	1
HCCO7	GSK-1838705A	0.5816	AUC	lower = more sensitive	0.8328	1
HCCO8	GSK-1838705A	0.686	AUC	lower = more sensitive	0.8572	1
HCCO9	GSK-1838705A	0.6561	AUC	lower = more sensitive	0.8732	1
ICCO1	GSK-1838705A	0.5872	AUC	lower = more sensitive	0.903	1
ICCO10	GSK-1838705A	0.6364	AUC	lower = more sensitive	0.9286	1
ICCO11	GSK-1838705A	0.9106	AUC	lower = more sensitive	0.1843	1
ICCO12	GSK-1838705A	0.6632	AUC	lower = more sensitive	0.6762	1
ICCO13	GSK-1838705A	0.5235	AUC	lower = more sensitive	0.837	1
ICCO2	GSK-1838705A	0.8507	AUC	lower = more sensitive	0.8817	1
ICCO3	GSK-1838705A	0.7632	AUC	lower = more sensitive	0.7709	1
ICCO4	GSK-1838705A	0.6946	AUC	lower = more sensitive	0.6658	1
ICCO5	GSK-1838705A	0.8458	AUC	lower = more sensitive	0.9581	1
ICCO7	GSK-1838705A	0.6109	AUC	lower = more sensitive	0.7895	1
ICCO8	GSK-1838705A	0.6008	AUC	lower = more sensitive	0.8999	1
ICCO9	GSK-1838705A	0.6717	AUC	lower = more sensitive	0.913	1
CHCO1	I-BET151	0.6861	AUC	lower = more sensitive	0.9484	1
CHCO2	I-BET151	0.7131	AUC	lower = more sensitive	0.8466	1
CHCO3	I-BET151	0.7248	AUC	lower = more sensitive	0.9229	1
CHCO4	I-BET151	0.7277	AUC	lower = more sensitive	0.9495	1
HBO1	I-BET151	0.9768	AUC	lower = more sensitive	0.2844	1
HBO2	I-BET151	0.691	AUC	lower = more sensitive	0.8979	1
HBO3	I-BET151	0.6167	AUC	lower = more sensitive	0.4714	1
HBO4	I-BET151	0.6357	AUC	lower = more sensitive	0.9041	1
HBO5	I-BET151	0.7625	AUC	lower = more sensitive	0.1472	1
HCCO10	I-BET151	0.7397	AUC	lower = more sensitive	0.9594	1
HCCO11	I-BET151	0.7355	AUC	lower = more sensitive	0.6511	1
HCCO12	I-BET151	0.6288	AUC	lower = more sensitive	0.5979	1
HCCO13	I-BET151	0.7192	AUC	lower = more sensitive	0.8334	1
HCCO14	I-BET151	0.834	AUC	lower = more sensitive	0.8301	1
HCCO15	I-BET151	0.8605	AUC	lower = more sensitive	0.7809	1
HCCO16	I-BET151	0.6865	AUC	lower = more sensitive	0.9669	1
HCCO17	I-BET151	0.7503	AUC	lower = more sensitive	0.9841	1
HCCO18	I-BET151	0.7018	AUC	lower = more sensitive	0.6858	1
HCCO19	I-BET151	0.876	AUC	lower = more sensitive	0.7895	1
HCCO20	I-BET151	0.8237	AUC	lower = more sensitive	0.8757	1
HCCO21	I-BET151	0.8725	AUC	lower = more sensitive	0.3653	1
HCCO22	I-BET151	0.8321	AUC	lower = more sensitive	0.7967	1
HCCO23	I-BET151	0.8196	AUC	lower = more sensitive	0.8649	1
HCCO24	I-BET151	0.7846	AUC	lower = more sensitive	0.7312	1
HCCO25	I-BET151	0.7883	AUC	lower = more sensitive	0.6518	1
HCCO27	I-BET151	0.7039	AUC	lower = more sensitive	0.0018	1
HCCO28	I-BET151	0.7092	AUC	lower = more sensitive	0.8578	1
HCCO29	I-BET151	0.6256	AUC	lower = more sensitive	0.9822	1
HCCO30	I-BET151	0.6258	AUC	lower = more sensitive	0.9872	1
HCCO31	I-BET151	0.7441	AUC	lower = more sensitive	0.9043	1
HCCO32	I-BET151	0.78	AUC	lower = more sensitive	0.7758	1
HCCO33	I-BET151	0.7613	AUC	lower = more sensitive	0.761	1
HCCO34	I-BET151	0.6415	AUC	lower = more sensitive	0.7587	1
HCCO35	I-BET151	0.7268	AUC	lower = more sensitive	0.9227	1
HCCO36	I-BET151	0.8939	AUC	lower = more sensitive	0.4696	1
HCCO37	I-BET151	0.8272	AUC	lower = more sensitive	0.7851	1
HCCO38	I-BET151	0.7389	AUC	lower = more sensitive	0.9095	1
HCCO39	I-BET151	0.637	AUC	lower = more sensitive	0.5563	1
HCCO4	I-BET151	0.7536	AUC	lower = more sensitive	0.8791	1
HCCO40	I-BET151	0.7913	AUC	lower = more sensitive	0.3859	1
HCCO41	I-BET151	0.5107	AUC	lower = more sensitive	0.4307	1
HCCO43	I-BET151	0.6682	AUC	lower = more sensitive	0.291	1
HCCO44	I-BET151	0.7472	AUC	lower = more sensitive	0.1217	1
HCCO45	I-BET151	0.8388	AUC	lower = more sensitive	0.8734	1
HCCO5	I-BET151	0.7982	AUC	lower = more sensitive	0.0029	1
HCCO6	I-BET151	0.7624	AUC	lower = more sensitive	0.0139	1
HCCO7	I-BET151	0.6295	AUC	lower = more sensitive	0.6687	1
HCCO8	I-BET151	0.6604	AUC	lower = more sensitive	0.7746	1
HCCO9	I-BET151	0.8622	AUC	lower = more sensitive	0.9424	1
ICCO1	I-BET151	0.7079	AUC	lower = more sensitive	0.8352	1
ICCO10	I-BET151	0.6798	AUC	lower = more sensitive	0.9791	1
ICCO11	I-BET151	0.9586	AUC	lower = more sensitive	0.2183	1
ICCO12	I-BET151	0.7789	AUC	lower = more sensitive	0.3824	1
ICCO13	I-BET151	0.6766	AUC	lower = more sensitive	0.8019	1
ICCO2	I-BET151	0.8956	AUC	lower = more sensitive	0.7933	1
ICCO3	I-BET151	0.7588	AUC	lower = more sensitive	0.7781	1
ICCO4	I-BET151	0.8727	AUC	lower = more sensitive	0.7882	1
ICCO5	I-BET151	0.9242	AUC	lower = more sensitive	0.593	1
ICCO7	I-BET151	0.6215	AUC	lower = more sensitive	0.5421	1
ICCO8	I-BET151	0.7276	AUC	lower = more sensitive	0.899	1
ICCO9	I-BET151	0.8975	AUC	lower = more sensitive	0.8193	1
CHCO1	INFIGRATINIB	0.8092	AUC	lower = more sensitive	0.505	1
CHCO2	INFIGRATINIB	0.7894	AUC	lower = more sensitive	0.9141	1
CHCO3	INFIGRATINIB	0.8373	AUC	lower = more sensitive	0.946	1
CHCO4	INFIGRATINIB	0.8959	AUC	lower = more sensitive	0.7723	1
HBO1	INFIGRATINIB	0.8311	AUC	lower = more sensitive	0.6751	1
HBO2	INFIGRATINIB	0.7626	AUC	lower = more sensitive	0.7591	1
HBO3	INFIGRATINIB	0.9065	AUC	lower = more sensitive	0.4493	1
HBO4	INFIGRATINIB	0.6864	AUC	lower = more sensitive	0.7011	1
HBO5	INFIGRATINIB	0.7079	AUC	lower = more sensitive	0.5613	1
HCCO10	INFIGRATINIB	0.785	AUC	lower = more sensitive	0.9041	1
HCCO11	INFIGRATINIB	0.7784	AUC	lower = more sensitive	0.5134	1
HCCO12	INFIGRATINIB	0.7324	AUC	lower = more sensitive	0.2739	1
HCCO13	INFIGRATINIB	0.8297	AUC	lower = more sensitive	0.8678	1
HCCO14	INFIGRATINIB	0.8162	AUC	lower = more sensitive	0.6952	1
HCCO15	INFIGRATINIB	0.7824	AUC	lower = more sensitive	0.818	1
HCCO16	INFIGRATINIB	0.7671	AUC	lower = more sensitive	0.9522	1
HCCO17	INFIGRATINIB	0.7772	AUC	lower = more sensitive	0.9298	1
HCCO18	INFIGRATINIB	0.7616	AUC	lower = more sensitive	0.917	1
HCCO19	INFIGRATINIB	0.7752	AUC	lower = more sensitive	0.9515	1
HCCO20	INFIGRATINIB	0.7869	AUC	lower = more sensitive	0.8742	1
HCCO21	INFIGRATINIB	0.8253	AUC	lower = more sensitive	0.9741	1
HCCO22	INFIGRATINIB	0.7067	AUC	lower = more sensitive	0.5823	1
HCCO23	INFIGRATINIB	0.8322	AUC	lower = more sensitive	0.8969	1
HCCO24	INFIGRATINIB	0.7819	AUC	lower = more sensitive	0.9414	1
HCCO25	INFIGRATINIB	0.8275	AUC	lower = more sensitive	0.9685	1
HCCO27	INFIGRATINIB	0.8994	AUC	lower = more sensitive	0.1651	1
HCCO28	INFIGRATINIB	0.6956	AUC	lower = more sensitive	0.6633	1
HCCO29	INFIGRATINIB	0.7738	AUC	lower = more sensitive	0.9891	1
HCCO30	INFIGRATINIB	0.7721	AUC	lower = more sensitive	0.9931	1
HCCO31	INFIGRATINIB	0.7882	AUC	lower = more sensitive	0.9343	1
HCCO32	INFIGRATINIB	0.7983	AUC	lower = more sensitive	0.9048	1
HCCO33	INFIGRATINIB	0.7969	AUC	lower = more sensitive	0.9648	1
HCCO34	INFIGRATINIB	0.712	AUC	lower = more sensitive	0.6929	1
HCCO35	INFIGRATINIB	0.7629	AUC	lower = more sensitive	0.9596	1
HCCO36	INFIGRATINIB	0.9228	AUC	lower = more sensitive	0.1756	1
HCCO37	INFIGRATINIB	0.8086	AUC	lower = more sensitive	0.9832	1
HCCO38	INFIGRATINIB	0.7684	AUC	lower = more sensitive	0.9517	1
HCCO39	INFIGRATINIB	0.7257	AUC	lower = more sensitive	0.6787	1
HCCO4	INFIGRATINIB	0.8436	AUC	lower = more sensitive	0.814	1
HCCO40	INFIGRATINIB	0.9318	AUC	lower = more sensitive	0.0508	1
HCCO41	INFIGRATINIB	0.6076	AUC	lower = more sensitive	0.163	1
HCCO43	INFIGRATINIB	0.8547	AUC	lower = more sensitive	0.3529	1
HCCO44	INFIGRATINIB	0.7917	AUC	lower = more sensitive	0.0887	1
HCCO45	INFIGRATINIB	0.7824	AUC	lower = more sensitive	0.8727	1
HCCO5	INFIGRATINIB	0.8038	AUC	lower = more sensitive	0.0164	1
HCCO6	INFIGRATINIB	0.8373	AUC	lower = more sensitive	0.0331	1
HCCO7	INFIGRATINIB	0.7618	AUC	lower = more sensitive	0.6887	1
HCCO8	INFIGRATINIB	0.6858	AUC	lower = more sensitive	0.7568	1
HCCO9	INFIGRATINIB	0.8087	AUC	lower = more sensitive	0.4461	1
ICCO1	INFIGRATINIB	0.7493	AUC	lower = more sensitive	0.9723	1
ICCO10	INFIGRATINIB	0.6989	AUC	lower = more sensitive	0.9583	1
ICCO11	INFIGRATINIB	0.929	AUC	lower = more sensitive	0.7189	1
ICCO12	INFIGRATINIB	0.4958	AUC	lower = more sensitive	0.4026	1
ICCO13	INFIGRATINIB	0.7633	AUC	lower = more sensitive	0.8549	1
ICCO2	INFIGRATINIB	0.8568	AUC	lower = more sensitive	0.8921	1
ICCO3	INFIGRATINIB	0.8505	AUC	lower = more sensitive	0.8564	1
ICCO4	INFIGRATINIB	0.7478	AUC	lower = more sensitive	0.7626	1
ICCO5	INFIGRATINIB	0.8462	AUC	lower = more sensitive	0.9926	1
ICCO7	INFIGRATINIB	0.651	AUC	lower = more sensitive	0.6655	1
ICCO8	INFIGRATINIB	0.7543	AUC	lower = more sensitive	0.9114	1
ICCO9	INFIGRATINIB	0.6675	AUC	lower = more sensitive	0.5848	1
CHCO1	ISPINESIB	0.3127	AUC	lower = more sensitive	-0.2149	1
CHCO2	ISPINESIB	0.3597	AUC	lower = more sensitive	0.9655	1
CHCO3	ISPINESIB	0.4703	AUC	lower = more sensitive	0.7785	1
CHCO4	ISPINESIB	0.4459	AUC	lower = more sensitive	0.9161	1
HBO1	ISPINESIB	0.5768	AUC	lower = more sensitive	0.7396	1
HBO2	ISPINESIB	0.4499	AUC	lower = more sensitive	0.6354	1
HBO3	ISPINESIB	0.7812	AUC	lower = more sensitive	0.564	1
HBO4	ISPINESIB	0.1332	AUC	lower = more sensitive	0	1
HBO5	ISPINESIB	0.4775	AUC	lower = more sensitive	0.6715	1
HCCO10	ISPINESIB	0.5418	AUC	lower = more sensitive	0.5644	1
HCCO11	ISPINESIB	0.5632	AUC	lower = more sensitive	0.5532	1
HCCO12	ISPINESIB	0.5608	AUC	lower = more sensitive	0.5704	1
HCCO13	ISPINESIB	0.6189	AUC	lower = more sensitive	0.6118	1
HCCO14	ISPINESIB	0.6669	AUC	lower = more sensitive	0.3317	1
HCCO15	ISPINESIB	0.6506	AUC	lower = more sensitive	0.5889	1
HCCO16	ISPINESIB	0.2353	AUC	lower = more sensitive	-0	1
HCCO17	ISPINESIB	0.4596	AUC	lower = more sensitive	0.8548	1
HCCO18	ISPINESIB	0.5184	AUC	lower = more sensitive	0.6559	1
HCCO19	ISPINESIB	0.4093	AUC	lower = more sensitive	0.9848	1
HCCO20	ISPINESIB	0.3199	AUC	lower = more sensitive	-0.2738	1
HCCO21	ISPINESIB	0.4339	AUC	lower = more sensitive	-0.1067	1
HCCO22	ISPINESIB	0.5925	AUC	lower = more sensitive	0.575	1
HCCO23	ISPINESIB	0.5666	AUC	lower = more sensitive	0.8631	1
HCCO24	ISPINESIB	0.5591	AUC	lower = more sensitive	0.8077	1
HCCO25	ISPINESIB	0.669	AUC	lower = more sensitive	0.592	1
HCCO27	ISPINESIB	0.8635	AUC	lower = more sensitive	0.3602	1
HCCO28	ISPINESIB	0.3967	AUC	lower = more sensitive	0.9398	1
HCCO29	ISPINESIB	0.288	AUC	lower = more sensitive	-0.2064	1
HCCO30	ISPINESIB	0.2411	AUC	lower = more sensitive	-0	1
HCCO31	ISPINESIB	0.4675	AUC	lower = more sensitive	0.5929	1
HCCO32	ISPINESIB	0.5881	AUC	lower = more sensitive	0.506	1
HCCO33	ISPINESIB	0.5479	AUC	lower = more sensitive	0.478	1
HCCO34	ISPINESIB	0.4681	AUC	lower = more sensitive	0.5781	1
HCCO35	ISPINESIB	0.4937	AUC	lower = more sensitive	0.8268	1
HCCO36	ISPINESIB	0.7791	AUC	lower = more sensitive	0.4347	1
HCCO37	ISPINESIB	0.5586	AUC	lower = more sensitive	0.7936	1
HCCO38	ISPINESIB	0.2313	AUC	lower = more sensitive	-0	1
HCCO39	ISPINESIB	0.4092	AUC	lower = more sensitive	-0.1028	1
HCCO4	ISPINESIB	0.7174	AUC	lower = more sensitive	0.2729	1
HCCO40	ISPINESIB	0.5708	AUC	lower = more sensitive	0.2797	1
HCCO41	ISPINESIB	0.4158	AUC	lower = more sensitive	0.4724	1
HCCO43	ISPINESIB	0.6501	AUC	lower = more sensitive	0.3868	1
HCCO44	ISPINESIB	0.6414	AUC	lower = more sensitive	0.6811	1
HCCO45	ISPINESIB	0.7507	AUC	lower = more sensitive	0.7435	1
HCCO5	ISPINESIB	0.5067	AUC	lower = more sensitive	0.0003	1
HCCO6	ISPINESIB	0.5327	AUC	lower = more sensitive	0.0003	1
HCCO7	ISPINESIB	0.3147	AUC	lower = more sensitive	-0.2448	1
HCCO8	ISPINESIB	0.487	AUC	lower = more sensitive	0.7386	1
HCCO9	ISPINESIB	0.4349	AUC	lower = more sensitive	0.7357	1
ICCO1	ISPINESIB	0.3397	AUC	lower = more sensitive	-0.1844	1
ICCO10	ISPINESIB	0.3795	AUC	lower = more sensitive	-0.1904	1
ICCO11	ISPINESIB	0.8383	AUC	lower = more sensitive	0.5491	1
ICCO12	ISPINESIB	0.6008	AUC	lower = more sensitive	0.2908	1
ICCO13	ISPINESIB	0.518	AUC	lower = more sensitive	0.561	1
ICCO2	ISPINESIB	0.7957	AUC	lower = more sensitive	0.4872	1
ICCO3	ISPINESIB	0.6902	AUC	lower = more sensitive	0.22	1
ICCO4	ISPINESIB	0.4681	AUC	lower = more sensitive	0.6768	1
ICCO5	ISPINESIB	0.5164	AUC	lower = more sensitive	0.6148	1
ICCO7	ISPINESIB	0.6124	AUC	lower = more sensitive	0.5961	1
ICCO8	ISPINESIB	0.5203	AUC	lower = more sensitive	0.7829	1
ICCO9	ISPINESIB	0.466	AUC	lower = more sensitive	0.7041	1
CHCO1	JQ1	0.663	AUC	lower = more sensitive	0.7747	1
CHCO2	JQ1	0.5719	AUC	lower = more sensitive	0.5042	1
CHCO3	JQ1	0.6745	AUC	lower = more sensitive	0.7797	1
CHCO4	JQ1	0.5966	AUC	lower = more sensitive	0.8649	1
HBO1	JQ1	0.7952	AUC	lower = more sensitive	0.4375	1
HBO2	JQ1	0.6167	AUC	lower = more sensitive	0.8959	1
HBO3	JQ1	0.9295	AUC	lower = more sensitive	0.5575	1
HBO4	JQ1	0.3335	AUC	lower = more sensitive	0	1
HBO5	JQ1	0.8418	AUC	lower = more sensitive	0.3231	1
HCCO10	JQ1	0.5825	AUC	lower = more sensitive	0.9258	1
HCCO11	JQ1	0.7056	AUC	lower = more sensitive	0.8254	1
HCCO12	JQ1	0.5545	AUC	lower = more sensitive	0.3273	1
HCCO13	JQ1	0.6602	AUC	lower = more sensitive	0.7996	1
HCCO14	JQ1	0.7552	AUC	lower = more sensitive	0.6694	1
HCCO15	JQ1	0.8133	AUC	lower = more sensitive	0.865	1
HCCO16	JQ1	0.641	AUC	lower = more sensitive	0.9697	1
HCCO17	JQ1	0.6234	AUC	lower = more sensitive	0.8691	1
HCCO18	JQ1	0.6943	AUC	lower = more sensitive	0.8782	1
HCCO19	JQ1	0.768	AUC	lower = more sensitive	0.8311	1
HCCO20	JQ1	0.6923	AUC	lower = more sensitive	0.7627	1
HCCO21	JQ1	0.8347	AUC	lower = more sensitive	0.6503	1
HCCO22	JQ1	0.8169	AUC	lower = more sensitive	0.5439	1
HCCO23	JQ1	0.7182	AUC	lower = more sensitive	0.8442	1
HCCO24	JQ1	0.7318	AUC	lower = more sensitive	0.8811	1
HCCO25	JQ1	0.6514	AUC	lower = more sensitive	0.7924	1
HCCO27	JQ1	0.7172	AUC	lower = more sensitive	0	1
HCCO28	JQ1	0.6784	AUC	lower = more sensitive	0.9311	1
HCCO29	JQ1	0.564	AUC	lower = more sensitive	0.9946	1
HCCO30	JQ1	0.5751	AUC	lower = more sensitive	0.97	1
HCCO31	JQ1	0.6982	AUC	lower = more sensitive	0.8598	1
HCCO32	JQ1	0.743	AUC	lower = more sensitive	0.9277	1
HCCO33	JQ1	0.5921	AUC	lower = more sensitive	0.582	1
HCCO34	JQ1	0.7296	AUC	lower = more sensitive	0.8146	1
HCCO35	JQ1	0.645	AUC	lower = more sensitive	0.8677	1
HCCO36	JQ1	0.839	AUC	lower = more sensitive	0.7393	1
HCCO37	JQ1	0.7828	AUC	lower = more sensitive	0.909	1
HCCO38	JQ1	0.6933	AUC	lower = more sensitive	0.6754	1
HCCO39	JQ1	0.6993	AUC	lower = more sensitive	0.9317	1
HCCO4	JQ1	0.6216	AUC	lower = more sensitive	0.9149	1
HCCO40	JQ1	0.8087	AUC	lower = more sensitive	0.7412	1
HCCO41	JQ1	0.6163	AUC	lower = more sensitive	0.4252	1
HCCO43	JQ1	0.5795	AUC	lower = more sensitive	0.5289	1
HCCO44	JQ1	0.8167	AUC	lower = more sensitive	0.2257	1
HCCO45	JQ1	0.697	AUC	lower = more sensitive	0.9494	1
HCCO5	JQ1	0.7031	AUC	lower = more sensitive	0.0022	1
HCCO6	JQ1	0.5493	AUC	lower = more sensitive	0.0003	1
HCCO7	JQ1	0.6676	AUC	lower = more sensitive	0.8032	1
HCCO8	JQ1	0.5806	AUC	lower = more sensitive	0.8469	1
HCCO9	JQ1	0.6861	AUC	lower = more sensitive	0.6139	1
ICCO1	JQ1	0.3212	AUC	lower = more sensitive	0	1
ICCO10	JQ1	0.6099	AUC	lower = more sensitive	0.9927	1
ICCO11	JQ1	0.9211	AUC	lower = more sensitive	0.309	1
ICCO12	JQ1	0.8405	AUC	lower = more sensitive	0.6328	1
ICCO13	JQ1	0.6034	AUC	lower = more sensitive	0.8846	1
ICCO2	JQ1	0.9188	AUC	lower = more sensitive	0.5858	1
ICCO3	JQ1	0.6862	AUC	lower = more sensitive	0.8195	1
ICCO4	JQ1	0.8224	AUC	lower = more sensitive	0.8192	1
ICCO5	JQ1	0.8875	AUC	lower = more sensitive	0.8785	1
ICCO7	JQ1	0.6297	AUC	lower = more sensitive	0.6641	1
ICCO8	JQ1	0.5422	AUC	lower = more sensitive	0.8901	1
ICCO9	JQ1	0.7329	AUC	lower = more sensitive	0.6751	1
CHCO1	LAROTRECTINIB	0.711	AUC	lower = more sensitive	0.1905	1
CHCO2	LAROTRECTINIB	0.9594	AUC	lower = more sensitive	0.1149	1
CHCO3	LAROTRECTINIB	0.8204	AUC	lower = more sensitive	0.1926	1
CHCO4	LAROTRECTINIB	0.7133	AUC	lower = more sensitive	0.0036	1
HBO1	LAROTRECTINIB	0.853	AUC	lower = more sensitive	0.227	1
HBO2	LAROTRECTINIB	0.765	AUC	lower = more sensitive	0.2039	1
HBO3	LAROTRECTINIB	0.9816	AUC	lower = more sensitive	0.1621	1
HBO4	LAROTRECTINIB	0.9094	AUC	lower = more sensitive	0.1433	1
HBO5	LAROTRECTINIB	0.8439	AUC	lower = more sensitive	0.0278	1
HCCO10	LAROTRECTINIB	0.935	AUC	lower = more sensitive	0.0348	1
HCCO11	LAROTRECTINIB	0.8867	AUC	lower = more sensitive	0.0877	1
HCCO12	LAROTRECTINIB	0.8428	AUC	lower = more sensitive	0.0111	1
HCCO13	LAROTRECTINIB	0.9075	AUC	lower = more sensitive	0.3633	1
HCCO14	LAROTRECTINIB	0.9959	AUC	lower = more sensitive	0.1667	1
HCCO15	LAROTRECTINIB	0.878	AUC	lower = more sensitive	0.1478	1
HCCO16	LAROTRECTINIB	0.9958	AUC	lower = more sensitive	0.1001	1
HCCO17	LAROTRECTINIB	0.9697	AUC	lower = more sensitive	0.0505	1
HCCO18	LAROTRECTINIB	0.9238	AUC	lower = more sensitive	0.0088	1
HCCO19	LAROTRECTINIB	0.9799	AUC	lower = more sensitive	0.0839	1
HCCO20	LAROTRECTINIB	0.9236	AUC	lower = more sensitive	0.0691	1
HCCO21	LAROTRECTINIB	0.9828	AUC	lower = more sensitive	0.0053	1
HCCO22	LAROTRECTINIB	0.7791	AUC	lower = more sensitive	0.0413	1
HCCO23	LAROTRECTINIB	0.8979	AUC	lower = more sensitive	0.0163	1
HCCO24	LAROTRECTINIB	0.9503	AUC	lower = more sensitive	0.0256	1
HCCO25	LAROTRECTINIB	0.9582	AUC	lower = more sensitive	0.0885	1
HCCO27	LAROTRECTINIB	0.9419	AUC	lower = more sensitive	0.0323	1
HCCO28	LAROTRECTINIB	0.929	AUC	lower = more sensitive	0.2194	1
HCCO29	LAROTRECTINIB	0.9854	AUC	lower = more sensitive	0.2209	1
HCCO30	LAROTRECTINIB	0.9878	AUC	lower = more sensitive	0.1111	1
HCCO31	LAROTRECTINIB	0.9366	AUC	lower = more sensitive	0.1027	1
HCCO32	LAROTRECTINIB	0.9469	AUC	lower = more sensitive	0.2234	1
HCCO33	LAROTRECTINIB	0.901	AUC	lower = more sensitive	0.1109	1
HCCO34	LAROTRECTINIB	0.94	AUC	lower = more sensitive	0.0069	1
HCCO35	LAROTRECTINIB	1	AUC	lower = more sensitive	-0.054	1
HCCO36	LAROTRECTINIB	0.8106	AUC	lower = more sensitive	0.0863	1
HCCO37	LAROTRECTINIB	0.9603	AUC	lower = more sensitive	0.0658	1
HCCO38	LAROTRECTINIB	0.9985	AUC	lower = more sensitive	0.0609	1
HCCO39	LAROTRECTINIB	0.8547	AUC	lower = more sensitive	0.0963	1
HCCO4	LAROTRECTINIB	0.9422	AUC	lower = more sensitive	0.0001	1
HCCO40	LAROTRECTINIB	0.834	AUC	lower = more sensitive	0.033	1
HCCO41	LAROTRECTINIB	0.7488	AUC	lower = more sensitive	0.001	1
HCCO43	LAROTRECTINIB	0.8159	AUC	lower = more sensitive	0.1117	1
HCCO44	LAROTRECTINIB	0.7486	AUC	lower = more sensitive	0.147	1
HCCO45	LAROTRECTINIB	0.9704	AUC	lower = more sensitive	0.0916	1
HCCO5	LAROTRECTINIB	0.9372	AUC	lower = more sensitive	0.1027	1
HCCO6	LAROTRECTINIB	0.9477	AUC	lower = more sensitive	0.0786	1
HCCO7	LAROTRECTINIB	0.9232	AUC	lower = more sensitive	0.1669	1
HCCO8	LAROTRECTINIB	0.8112	AUC	lower = more sensitive	0.1071	1
HCCO9	LAROTRECTINIB	0.9172	AUC	lower = more sensitive	0.1118	1
ICCO1	LAROTRECTINIB	0.8765	AUC	lower = more sensitive	0.0021	1
ICCO10	LAROTRECTINIB	0.9195	AUC	lower = more sensitive	0.0149	1
ICCO11	LAROTRECTINIB	0.9755	AUC	lower = more sensitive	0.2287	1
ICCO12	LAROTRECTINIB	0.4932	AUC	lower = more sensitive	0.0012	1
ICCO13	LAROTRECTINIB	0.8445	AUC	lower = more sensitive	0.0209	1
ICCO2	LAROTRECTINIB	0.6069	AUC	lower = more sensitive	0.1439	1
ICCO3	LAROTRECTINIB	0.8764	AUC	lower = more sensitive	0.0851	1
ICCO4	LAROTRECTINIB	0.8648	AUC	lower = more sensitive	0.2866	1
ICCO5	LAROTRECTINIB	0.5873	AUC	lower = more sensitive	0.6974	1
ICCO7	LAROTRECTINIB	0.9764	AUC	lower = more sensitive	0.0994	1
ICCO8	LAROTRECTINIB	0.9395	AUC	lower = more sensitive	0.0269	1
ICCO9	LAROTRECTINIB	0.8128	AUC	lower = more sensitive	0.0326	1
CHCO1	LENVATINIB	0.9072	AUC	lower = more sensitive	0.1074	1
CHCO2	LENVATINIB	0.8708	AUC	lower = more sensitive	0.0493	1
CHCO3	LENVATINIB	0.9152	AUC	lower = more sensitive	0.6299	1
CHCO4	LENVATINIB	0.9878	AUC	lower = more sensitive	0.1325	1
HBO1	LENVATINIB	0.7721	AUC	lower = more sensitive	0.8239	1
HBO2	LENVATINIB	0.809	AUC	lower = more sensitive	0.5157	1
HBO3	LENVATINIB	0.8282	AUC	lower = more sensitive	0.9928	1
HBO4	LENVATINIB	0.8076	AUC	lower = more sensitive	0.86	1
HBO5	LENVATINIB	0.9308	AUC	lower = more sensitive	0.0398	1
HCCO10	LENVATINIB	0.9247	AUC	lower = more sensitive	0.5939	1
HCCO11	LENVATINIB	0.8344	AUC	lower = more sensitive	0.3004	1
HCCO12	LENVATINIB	0.7703	AUC	lower = more sensitive	0.2005	1
HCCO13	LENVATINIB	0.843	AUC	lower = more sensitive	0.3523	1
HCCO14	LENVATINIB	0.9906	AUC	lower = more sensitive	0.0478	1
HCCO15	LENVATINIB	0.9562	AUC	lower = more sensitive	0.0001	1
HCCO16	LENVATINIB	0.9113	AUC	lower = more sensitive	0.779	1
HCCO17	LENVATINIB	0.9414	AUC	lower = more sensitive	0.5932	1
HCCO18	LENVATINIB	0.8101	AUC	lower = more sensitive	0.4909	1
HCCO19	LENVATINIB	0.8597	AUC	lower = more sensitive	0.892	1
HCCO20	LENVATINIB	0.8722	AUC	lower = more sensitive	0.4671	1
HCCO21	LENVATINIB	0.7523	AUC	lower = more sensitive	0.4169	1
HCCO22	LENVATINIB	0.9343	AUC	lower = more sensitive	0.074	1
HCCO23	LENVATINIB	0.9231	AUC	lower = more sensitive	0.7892	1
HCCO24	LENVATINIB	0.8717	AUC	lower = more sensitive	0.4365	1
HCCO25	LENVATINIB	0.8512	AUC	lower = more sensitive	0.4029	1
HCCO27	LENVATINIB	0.9419	AUC	lower = more sensitive	0.193	1
HCCO28	LENVATINIB	0.7249	AUC	lower = more sensitive	0.5375	1
HCCO29	LENVATINIB	0.8918	AUC	lower = more sensitive	0.9482	1
HCCO30	LENVATINIB	0.8875	AUC	lower = more sensitive	0.9803	1
HCCO31	LENVATINIB	0.9281	AUC	lower = more sensitive	0.5654	1
HCCO32	LENVATINIB	0.8483	AUC	lower = more sensitive	0.5524	1
HCCO33	LENVATINIB	0.9168	AUC	lower = more sensitive	0.1596	1
HCCO34	LENVATINIB	0.9004	AUC	lower = more sensitive	0.4677	1
HCCO35	LENVATINIB	0.9464	AUC	lower = more sensitive	0.0143	1
HCCO36	LENVATINIB	0.8962	AUC	lower = more sensitive	0.0001	1
HCCO37	LENVATINIB	0.8566	AUC	lower = more sensitive	0.5922	1
HCCO38	LENVATINIB	0.966	AUC	lower = more sensitive	0.6016	1
HCCO39	LENVATINIB	0.9007	AUC	lower = more sensitive	0.1206	1
HCCO4	LENVATINIB	0.8788	AUC	lower = more sensitive	0.2307	1
HCCO40	LENVATINIB	0.8316	AUC	lower = more sensitive	0.0298	1
HCCO41	LENVATINIB	0.7456	AUC	lower = more sensitive	0.0543	1
HCCO43	LENVATINIB	0.9646	AUC	lower = more sensitive	0.0379	1
HCCO44	LENVATINIB	0.7913	AUC	lower = more sensitive	0.521	1
HCCO45	LENVATINIB	1	AUC	lower = more sensitive	0	1
HCCO5	LENVATINIB	0.9385	AUC	lower = more sensitive	0.4375	1
HCCO6	LENVATINIB	0.9264	AUC	lower = more sensitive	0.4713	1
HCCO7	LENVATINIB	0.889	AUC	lower = more sensitive	0.0043	1
HCCO8	LENVATINIB	0.8323	AUC	lower = more sensitive	0.5165	1
HCCO9	LENVATINIB	0.7297	AUC	lower = more sensitive	0.0204	1
ICCO1	LENVATINIB	0.8375	AUC	lower = more sensitive	0.7434	1
ICCO10	LENVATINIB	0.9105	AUC	lower = more sensitive	0.6249	1
ICCO11	LENVATINIB	0.9422	AUC	lower = more sensitive	0.4715	1
ICCO12	LENVATINIB	0.9575	AUC	lower = more sensitive	0.0605	1
ICCO13	LENVATINIB	0.9259	AUC	lower = more sensitive	0.6431	1
ICCO2	LENVATINIB	0.9196	AUC	lower = more sensitive	0.5657	1
ICCO3	LENVATINIB	0.9476	AUC	lower = more sensitive	0.3131	1
ICCO4	LENVATINIB	0.8284	AUC	lower = more sensitive	0.0074	1
ICCO5	LENVATINIB	0.6409	AUC	lower = more sensitive	0.2743	1
ICCO7	LENVATINIB	0.9461	AUC	lower = more sensitive	0.0668	1
ICCO8	LENVATINIB	0.9074	AUC	lower = more sensitive	0.1495	1
ICCO9	LENVATINIB	0.9854	AUC	lower = more sensitive	0.1206	1
CHCO1	LINSITINIB	0.7976	AUC	lower = more sensitive	0.4865	1
CHCO2	LINSITINIB	0.8327	AUC	lower = more sensitive	0.7666	1
CHCO3	LINSITINIB	0.7599	AUC	lower = more sensitive	0.6762	1
CHCO4	LINSITINIB	0.8216	AUC	lower = more sensitive	0.9754	1
HBO1	LINSITINIB	0.8266	AUC	lower = more sensitive	0.0664	1
HBO2	LINSITINIB	0.6602	AUC	lower = more sensitive	0.939	1
HBO3	LINSITINIB	0.9215	AUC	lower = more sensitive	0.9302	1
HBO4	LINSITINIB	0.6336	AUC	lower = more sensitive	0.9024	1
HBO5	LINSITINIB	0.8039	AUC	lower = more sensitive	0.3537	1
HCCO10	LINSITINIB	0.7513	AUC	lower = more sensitive	0.7537	1
HCCO11	LINSITINIB	0.7146	AUC	lower = more sensitive	0.7921	1
HCCO12	LINSITINIB	0.5583	AUC	lower = more sensitive	0.6852	1
HCCO13	LINSITINIB	0.7126	AUC	lower = more sensitive	0.817	1
HCCO14	LINSITINIB	0.7335	AUC	lower = more sensitive	0.6167	1
HCCO15	LINSITINIB	0.8546	AUC	lower = more sensitive	0.4737	1
HCCO16	LINSITINIB	0.7136	AUC	lower = more sensitive	0.789	1
HCCO17	LINSITINIB	0.7937	AUC	lower = more sensitive	0.8548	1
HCCO18	LINSITINIB	0.8687	AUC	lower = more sensitive	0.542	1
HCCO19	LINSITINIB	0.6834	AUC	lower = more sensitive	0.8724	1
HCCO20	LINSITINIB	0.7579	AUC	lower = more sensitive	0.6444	1
HCCO21	LINSITINIB	0.8623	AUC	lower = more sensitive	0.5458	1
HCCO22	LINSITINIB	0.8249	AUC	lower = more sensitive	0.7382	1
HCCO23	LINSITINIB	0.6915	AUC	lower = more sensitive	0.9208	1
HCCO24	LINSITINIB	0.82	AUC	lower = more sensitive	0.6139	1
HCCO25	LINSITINIB	0.7134	AUC	lower = more sensitive	0.7169	1
HCCO27	LINSITINIB	0.7435	AUC	lower = more sensitive	0.0023	1
HCCO28	LINSITINIB	0.673	AUC	lower = more sensitive	0.8529	1
HCCO29	LINSITINIB	0.7702	AUC	lower = more sensitive	0.9852	1
HCCO30	LINSITINIB	0.7903	AUC	lower = more sensitive	0.9935	1
HCCO31	LINSITINIB	0.8118	AUC	lower = more sensitive	0.9873	1
HCCO32	LINSITINIB	0.7999	AUC	lower = more sensitive	0.9551	1
HCCO33	LINSITINIB	0.7868	AUC	lower = more sensitive	0.8699	1
HCCO34	LINSITINIB	0.7006	AUC	lower = more sensitive	0.9055	1
HCCO35	LINSITINIB	0.7476	AUC	lower = more sensitive	0.8902	1
HCCO36	LINSITINIB	0.8546	AUC	lower = more sensitive	0.5059	1
HCCO37	LINSITINIB	0.7581	AUC	lower = more sensitive	0.9199	1
HCCO38	LINSITINIB	0.7195	AUC	lower = more sensitive	0.9582	1
HCCO39	LINSITINIB	0.7351	AUC	lower = more sensitive	0.7878	1
HCCO4	LINSITINIB	0.8983	AUC	lower = more sensitive	0.9451	1
HCCO40	LINSITINIB	0.8392	AUC	lower = more sensitive	0.323	1
HCCO41	LINSITINIB	0.4974	AUC	lower = more sensitive	0.9198	1
HCCO43	LINSITINIB	0.6527	AUC	lower = more sensitive	0.8503	1
HCCO44	LINSITINIB	0.8307	AUC	lower = more sensitive	0.6909	1
HCCO45	LINSITINIB	0.8918	AUC	lower = more sensitive	0.8477	1
HCCO5	LINSITINIB	0.667	AUC	lower = more sensitive	0.0029	1
HCCO6	LINSITINIB	0.9394	AUC	lower = more sensitive	0.1637	1
HCCO7	LINSITINIB	0.7931	AUC	lower = more sensitive	0.8393	1
HCCO8	LINSITINIB	0.6357	AUC	lower = more sensitive	0.9227	1
HCCO9	LINSITINIB	0.7074	AUC	lower = more sensitive	0.7953	1
ICCO1	LINSITINIB	0.703	AUC	lower = more sensitive	0.8983	1
ICCO10	LINSITINIB	0.7228	AUC	lower = more sensitive	0.9325	1
ICCO11	LINSITINIB	0.9123	AUC	lower = more sensitive	0.7313	1
ICCO12	LINSITINIB	0.8659	AUC	lower = more sensitive	0.8795	1
ICCO13	LINSITINIB	0.6623	AUC	lower = more sensitive	0.8304	1
ICCO2	LINSITINIB	0.8057	AUC	lower = more sensitive	0.8098	1
ICCO3	LINSITINIB	0.7562	AUC	lower = more sensitive	0.4498	1
ICCO4	LINSITINIB	0.6797	AUC	lower = more sensitive	0.8697	1
ICCO5	LINSITINIB	0.8678	AUC	lower = more sensitive	0.9826	1
ICCO7	LINSITINIB	0.5748	AUC	lower = more sensitive	0.6573	1
ICCO8	LINSITINIB	0.6622	AUC	lower = more sensitive	0.8924	1
ICCO9	LINSITINIB	0.7181	AUC	lower = more sensitive	0.8969	1
CHCO1	METHOTREXATE	0.6153	AUC	lower = more sensitive	0.8322	1
CHCO2	METHOTREXATE	0.9669	AUC	lower = more sensitive	0.071	1
CHCO3	METHOTREXATE	0.6726	AUC	lower = more sensitive	0.6207	1
CHCO4	METHOTREXATE	0.5844	AUC	lower = more sensitive	0.9675	1
HBO1	METHOTREXATE	0.73	AUC	lower = more sensitive	0.8414	1
HBO2	METHOTREXATE	0.2171	AUC	lower = more sensitive	-0	1
HBO3	METHOTREXATE	0.5846	AUC	lower = more sensitive	0.951	1
HBO4	METHOTREXATE	0.095	AUC	lower = more sensitive	-0	1
HBO5	METHOTREXATE	0.5211	AUC	lower = more sensitive	0.038	1
HCCO10	METHOTREXATE	0.5093	AUC	lower = more sensitive	0.6067	1
HCCO11	METHOTREXATE	0.7789	AUC	lower = more sensitive	0.6123	1
HCCO12	METHOTREXATE	0.6754	AUC	lower = more sensitive	0.8198	1
HCCO13	METHOTREXATE	0.677	AUC	lower = more sensitive	0.9039	1
HCCO14	METHOTREXATE	0.8675	AUC	lower = more sensitive	0.6911	1
HCCO15	METHOTREXATE	0.9051	AUC	lower = more sensitive	0.4069	1
HCCO16	METHOTREXATE	0.6394	AUC	lower = more sensitive	0.9729	1
HCCO17	METHOTREXATE	0.4359	AUC	lower = more sensitive	-0.0073	1
HCCO18	METHOTREXATE	0.8321	AUC	lower = more sensitive	0.823	1
HCCO19	METHOTREXATE	0.4727	AUC	lower = more sensitive	0.8847	1
HCCO20	METHOTREXATE	0.9779	AUC	lower = more sensitive	0.0075	1
HCCO21	METHOTREXATE	0.8966	AUC	lower = more sensitive	0.0289	1
HCCO22	METHOTREXATE	0.7488	AUC	lower = more sensitive	0.6257	1
HCCO23	METHOTREXATE	0.6258	AUC	lower = more sensitive	0.8358	1
HCCO24	METHOTREXATE	0.1921	AUC	lower = more sensitive	0	1
HCCO25	METHOTREXATE	0.7661	AUC	lower = more sensitive	0.198	1
HCCO27	METHOTREXATE	0.2691	AUC	lower = more sensitive	0.4284	1
HCCO28	METHOTREXATE	0.1659	AUC	lower = more sensitive	0.1125	1
HCCO29	METHOTREXATE	0.5672	AUC	lower = more sensitive	0.9844	1
HCCO30	METHOTREXATE	0.521	AUC	lower = more sensitive	0.9626	1
HCCO31	METHOTREXATE	0.5376	AUC	lower = more sensitive	0.9828	1
HCCO32	METHOTREXATE	0.4983	AUC	lower = more sensitive	0.985	1
HCCO33	METHOTREXATE	0.5971	AUC	lower = more sensitive	0.9216	1
HCCO34	METHOTREXATE	0.9303	AUC	lower = more sensitive	0.2083	1
HCCO35	METHOTREXATE	0.8988	AUC	lower = more sensitive	0.7535	1
HCCO36	METHOTREXATE	0.898	AUC	lower = more sensitive	0.4064	1
HCCO37	METHOTREXATE	0.8835	AUC	lower = more sensitive	0.4279	1
HCCO38	METHOTREXATE	0.7948	AUC	lower = more sensitive	0.9649	1
HCCO39	METHOTREXATE	0.7586	AUC	lower = more sensitive	0.7424	1
HCCO4	METHOTREXATE	0.3129	AUC	lower = more sensitive	0.1823	1
HCCO40	METHOTREXATE	1	AUC	lower = more sensitive	0	1
HCCO41	METHOTREXATE	0.6405	AUC	lower = more sensitive	0.2197	1
HCCO43	METHOTREXATE	0.9087	AUC	lower = more sensitive	0.3936	1
HCCO44	METHOTREXATE	0.9022	AUC	lower = more sensitive	0.3431	1
HCCO45	METHOTREXATE	0.8901	AUC	lower = more sensitive	0.7254	1
HCCO5	METHOTREXATE	0.3883	AUC	lower = more sensitive	0.3796	1
HCCO6	METHOTREXATE	0.9681	AUC	lower = more sensitive	0.1102	1
HCCO7	METHOTREXATE	0.7149	AUC	lower = more sensitive	0.097	1
HCCO8	METHOTREXATE	0.5493	AUC	lower = more sensitive	0.8579	1
HCCO9	METHOTREXATE	0.7648	AUC	lower = more sensitive	0.6601	1
ICCO1	METHOTREXATE	0.8041	AUC	lower = more sensitive	0.7329	1
ICCO10	METHOTREXATE	0.7405	AUC	lower = more sensitive	0.9756	1
ICCO11	METHOTREXATE	0.9161	AUC	lower = more sensitive	0.5523	1
ICCO12	METHOTREXATE	0.8896	AUC	lower = more sensitive	0.5851	1
ICCO13	METHOTREXATE	0.9588	AUC	lower = more sensitive	0.4716	1
ICCO2	METHOTREXATE	0.564	AUC	lower = more sensitive	0.9634	1
ICCO3	METHOTREXATE	0.9743	AUC	lower = more sensitive	0.0456	1
ICCO4	METHOTREXATE	0.6474	AUC	lower = more sensitive	0.8129	1
ICCO5	METHOTREXATE	0.9052	AUC	lower = more sensitive	0.0533	1
ICCO7	METHOTREXATE	0.7777	AUC	lower = more sensitive	0.4719	1
ICCO8	METHOTREXATE	0.7539	AUC	lower = more sensitive	0.7673	1
ICCO9	METHOTREXATE	0.8347	AUC	lower = more sensitive	0.591	1
CHCO1	NAVITOCLAX	0.7763	AUC	lower = more sensitive	0.7076	1
CHCO2	NAVITOCLAX	0.7796	AUC	lower = more sensitive	0.9119	1
CHCO3	NAVITOCLAX	0.8082	AUC	lower = more sensitive	0.8327	1
CHCO4	NAVITOCLAX	0.8426	AUC	lower = more sensitive	0.936	1
HBO1	NAVITOCLAX	0.5721	AUC	lower = more sensitive	0.8171	1
HBO2	NAVITOCLAX	0.5523	AUC	lower = more sensitive	0.9393	1
HBO3	NAVITOCLAX	0.7176	AUC	lower = more sensitive	0.7132	1
HBO4	NAVITOCLAX	0.7655	AUC	lower = more sensitive	0.9151	1
HBO5	NAVITOCLAX	0.8601	AUC	lower = more sensitive	0.7717	1
HCCO10	NAVITOCLAX	0.7002	AUC	lower = more sensitive	0.9086	1
HCCO11	NAVITOCLAX	0.7616	AUC	lower = more sensitive	0.8776	1
HCCO12	NAVITOCLAX	0.7794	AUC	lower = more sensitive	0.4057	1
HCCO13	NAVITOCLAX	0.7059	AUC	lower = more sensitive	0.8014	1
HCCO14	NAVITOCLAX	0.7438	AUC	lower = more sensitive	0.8647	1
HCCO15	NAVITOCLAX	0.936	AUC	lower = more sensitive	0.1946	1
HCCO16	NAVITOCLAX	0.5407	AUC	lower = more sensitive	0.9702	1
HCCO17	NAVITOCLAX	0.7008	AUC	lower = more sensitive	0.929	1
HCCO18	NAVITOCLAX	0.7017	AUC	lower = more sensitive	0.9563	1
HCCO19	NAVITOCLAX	0.6467	AUC	lower = more sensitive	0.8578	1
HCCO20	NAVITOCLAX	0.7451	AUC	lower = more sensitive	0.8642	1
HCCO21	NAVITOCLAX	0.7076	AUC	lower = more sensitive	0.9396	1
HCCO22	NAVITOCLAX	0.6881	AUC	lower = more sensitive	0.8814	1
HCCO23	NAVITOCLAX	0.7168	AUC	lower = more sensitive	0.8871	1
HCCO24	NAVITOCLAX	0.6432	AUC	lower = more sensitive	0.9141	1
HCCO25	NAVITOCLAX	0.7224	AUC	lower = more sensitive	0.8608	1
HCCO27	NAVITOCLAX	0.9196	AUC	lower = more sensitive	0.4135	1
HCCO28	NAVITOCLAX	0.7688	AUC	lower = more sensitive	0.7641	1
HCCO29	NAVITOCLAX	0.7635	AUC	lower = more sensitive	0.9796	1
HCCO30	NAVITOCLAX	0.79	AUC	lower = more sensitive	0.9966	1
HCCO31	NAVITOCLAX	0.8066	AUC	lower = more sensitive	0.9155	1
HCCO32	NAVITOCLAX	0.7819	AUC	lower = more sensitive	0.9881	1
HCCO33	NAVITOCLAX	0.666	AUC	lower = more sensitive	0.8542	1
HCCO34	NAVITOCLAX	0.7344	AUC	lower = more sensitive	0.8681	1
HCCO35	NAVITOCLAX	0.7513	AUC	lower = more sensitive	0.9624	1
HCCO36	NAVITOCLAX	0.9166	AUC	lower = more sensitive	0.2646	1
HCCO37	NAVITOCLAX	0.7873	AUC	lower = more sensitive	0.8785	1
HCCO38	NAVITOCLAX	0.5147	AUC	lower = more sensitive	0.8809	1
HCCO39	NAVITOCLAX	0.6674	AUC	lower = more sensitive	0.5722	1
HCCO4	NAVITOCLAX	0.697	AUC	lower = more sensitive	0.941	1
HCCO40	NAVITOCLAX	0.8117	AUC	lower = more sensitive	0.6602	1
HCCO41	NAVITOCLAX	0.5396	AUC	lower = more sensitive	0.5995	1
HCCO43	NAVITOCLAX	0.8224	AUC	lower = more sensitive	0.7282	1
HCCO44	NAVITOCLAX	0.942	AUC	lower = more sensitive	0.3242	1
HCCO45	NAVITOCLAX	0.6765	AUC	lower = more sensitive	0.8785	1
HCCO5	NAVITOCLAX	0.9038	AUC	lower = more sensitive	0.2233	1
HCCO6	NAVITOCLAX	0.8984	AUC	lower = more sensitive	0.1671	1
HCCO7	NAVITOCLAX	0.5448	AUC	lower = more sensitive	0.4932	1
HCCO8	NAVITOCLAX	0.7546	AUC	lower = more sensitive	0.7347	1
HCCO9	NAVITOCLAX	0.738	AUC	lower = more sensitive	0.578	1
ICCO1	NAVITOCLAX	0.6608	AUC	lower = more sensitive	0.7808	1
ICCO10	NAVITOCLAX	0.7304	AUC	lower = more sensitive	0.9875	1
ICCO11	NAVITOCLAX	0.7407	AUC	lower = more sensitive	0.8231	1
ICCO12	NAVITOCLAX	0.7061	AUC	lower = more sensitive	0.8616	1
ICCO13	NAVITOCLAX	0.5905	AUC	lower = more sensitive	0.6202	1
ICCO2	NAVITOCLAX	0.9769	AUC	lower = more sensitive	0.4484	1
ICCO3	NAVITOCLAX	0.7468	AUC	lower = more sensitive	0.8972	1
ICCO4	NAVITOCLAX	0.6105	AUC	lower = more sensitive	0.9532	1
ICCO5	NAVITOCLAX	0.5378	AUC	lower = more sensitive	0.9277	1
ICCO7	NAVITOCLAX	0.5422	AUC	lower = more sensitive	0.7931	1
ICCO8	NAVITOCLAX	0.5766	AUC	lower = more sensitive	0.941	1
ICCO9	NAVITOCLAX	0.6366	AUC	lower = more sensitive	0.9257	1
CHCO1	NU-7441	0.7408	AUC	lower = more sensitive	0.855	1
CHCO2	NU-7441	0.749	AUC	lower = more sensitive	0.7357	1
CHCO3	NU-7441	0.7593	AUC	lower = more sensitive	0.8682	1
CHCO4	NU-7441	0.8728	AUC	lower = more sensitive	0.012	1
HBO1	NU-7441	0.7576	AUC	lower = more sensitive	0.6199	1
HBO2	NU-7441	0.7965	AUC	lower = more sensitive	0.5432	1
HBO3	NU-7441	0.8429	AUC	lower = more sensitive	0.9897	1
HBO4	NU-7441	0.734	AUC	lower = more sensitive	0.1208	1
HBO5	NU-7441	0.6224	AUC	lower = more sensitive	0.1704	1
HCCO10	NU-7441	0.8082	AUC	lower = more sensitive	0.4709	1
HCCO11	NU-7441	0.7554	AUC	lower = more sensitive	0.7748	1
HCCO12	NU-7441	0.7574	AUC	lower = more sensitive	0.934	1
HCCO13	NU-7441	0.8026	AUC	lower = more sensitive	0.8651	1
HCCO14	NU-7441	0.8168	AUC	lower = more sensitive	0.9842	1
HCCO15	NU-7441	0.869	AUC	lower = more sensitive	0.8774	1
HCCO16	NU-7441	0.7252	AUC	lower = more sensitive	0.8879	1
HCCO17	NU-7441	0.7876	AUC	lower = more sensitive	0.9889	1
HCCO18	NU-7441	0.6491	AUC	lower = more sensitive	0.909	1
HCCO19	NU-7441	0.5974	AUC	lower = more sensitive	0.3226	1
HCCO20	NU-7441	0.7341	AUC	lower = more sensitive	0.8786	1
HCCO21	NU-7441	0.7811	AUC	lower = more sensitive	0.8828	1
HCCO22	NU-7441	0.694	AUC	lower = more sensitive	0.6407	1
HCCO23	NU-7441	0.7885	AUC	lower = more sensitive	0.9428	1
HCCO24	NU-7441	0.753	AUC	lower = more sensitive	0.8159	1
HCCO25	NU-7441	0.7956	AUC	lower = more sensitive	0.7977	1
HCCO27	NU-7441	0.8681	AUC	lower = more sensitive	0.0824	1
HCCO28	NU-7441	0.767	AUC	lower = more sensitive	0.9864	1
HCCO29	NU-7441	0.7773	AUC	lower = more sensitive	0.9575	1
HCCO30	NU-7441	0.7867	AUC	lower = more sensitive	0.9752	1
HCCO31	NU-7441	0.7863	AUC	lower = more sensitive	0.9824	1
HCCO32	NU-7441	0.7602	AUC	lower = more sensitive	0.6631	1
HCCO33	NU-7441	0.7593	AUC	lower = more sensitive	0.949	1
HCCO34	NU-7441	0.7957	AUC	lower = more sensitive	0.9622	1
HCCO35	NU-7441	0.6386	AUC	lower = more sensitive	0.8928	1
HCCO36	NU-7441	0.8836	AUC	lower = more sensitive	0.0281	1
HCCO37	NU-7441	0.8147	AUC	lower = more sensitive	0.7968	1
HCCO38	NU-7441	0.7814	AUC	lower = more sensitive	0.9364	1
HCCO39	NU-7441	0.7792	AUC	lower = more sensitive	0.8073	1
HCCO4	NU-7441	0.7279	AUC	lower = more sensitive	0.3804	1
HCCO40	NU-7441	0.908	AUC	lower = more sensitive	0.0107	1
HCCO41	NU-7441	0.6676	AUC	lower = more sensitive	0.0014	1
HCCO43	NU-7441	0.5413	AUC	lower = more sensitive	0.3778	1
HCCO44	NU-7441	0.9167	AUC	lower = more sensitive	0.1107	1
HCCO45	NU-7441	0.7927	AUC	lower = more sensitive	0.9229	1
HCCO5	NU-7441	0.7529	AUC	lower = more sensitive	0.0102	1
HCCO6	NU-7441	0.9211	AUC	lower = more sensitive	0.271	1
HCCO7	NU-7441	0.6825	AUC	lower = more sensitive	0.1048	1
HCCO8	NU-7441	0.7298	AUC	lower = more sensitive	0.7672	1
HCCO9	NU-7441	0.6381	AUC	lower = more sensitive	0.6986	1
ICCO1	NU-7441	0.7261	AUC	lower = more sensitive	0.8099	1
ICCO10	NU-7441	0.765	AUC	lower = more sensitive	0.9847	1
ICCO11	NU-7441	0.7694	AUC	lower = more sensitive	0.0002	1
ICCO12	NU-7441	0.7001	AUC	lower = more sensitive	0.6783	1
ICCO13	NU-7441	0.6475	AUC	lower = more sensitive	0.7106	1
ICCO2	NU-7441	0.8475	AUC	lower = more sensitive	0.9628	1
ICCO3	NU-7441	0.7797	AUC	lower = more sensitive	0.8385	1
ICCO4	NU-7441	0.7906	AUC	lower = more sensitive	0.895	1
ICCO5	NU-7441	0.8343	AUC	lower = more sensitive	0.9791	1
ICCO7	NU-7441	0.7715	AUC	lower = more sensitive	0.9301	1
ICCO8	NU-7441	0.6853	AUC	lower = more sensitive	0.917	1
ICCO9	NU-7441	0.6643	AUC	lower = more sensitive	0.8626	1
CHCO1	NVP-TAE684	0.7886	AUC	lower = more sensitive	0.8893	1
CHCO2	NVP-TAE684	0.5899	AUC	lower = more sensitive	0.9219	1
CHCO3	NVP-TAE684	0.6678	AUC	lower = more sensitive	0.7879	1
CHCO4	NVP-TAE684	0.8179	AUC	lower = more sensitive	0.8817	1
HBO1	NVP-TAE684	0.7226	AUC	lower = more sensitive	0.4048	1
HBO2	NVP-TAE684	0.5036	AUC	lower = more sensitive	0.9133	1
HBO3	NVP-TAE684	0.8238	AUC	lower = more sensitive	0.9692	1
HBO4	NVP-TAE684	0.4531	AUC	lower = more sensitive	0.9451	1
HBO5	NVP-TAE684	0.4696	AUC	lower = more sensitive	0.8849	1
HCCO10	NVP-TAE684	0.5653	AUC	lower = more sensitive	0.0583	1
HCCO11	NVP-TAE684	0.7448	AUC	lower = more sensitive	0.7367	1
HCCO12	NVP-TAE684	0.4927	AUC	lower = more sensitive	0.803	1
HCCO13	NVP-TAE684	0.6928	AUC	lower = more sensitive	0.8775	1
HCCO14	NVP-TAE684	0.7666	AUC	lower = more sensitive	0.7959	1
HCCO15	NVP-TAE684	0.7279	AUC	lower = more sensitive	0.7797	1
HCCO16	NVP-TAE684	0.6686	AUC	lower = more sensitive	0.9734	1
HCCO17	NVP-TAE684	0.6671	AUC	lower = more sensitive	0.948	1
HCCO18	NVP-TAE684	0.5592	AUC	lower = more sensitive	0.9491	1
HCCO19	NVP-TAE684	0.6268	AUC	lower = more sensitive	0.8818	1
HCCO20	NVP-TAE684	0.6314	AUC	lower = more sensitive	0.7745	1
HCCO21	NVP-TAE684	0.7906	AUC	lower = more sensitive	0.6252	1
HCCO22	NVP-TAE684	0.7218	AUC	lower = more sensitive	0.9499	1
HCCO23	NVP-TAE684	0.6028	AUC	lower = more sensitive	0.9359	1
HCCO24	NVP-TAE684	0.619	AUC	lower = more sensitive	0.8337	1
HCCO25	NVP-TAE684	0.556	AUC	lower = more sensitive	0.7835	1
HCCO27	NVP-TAE684	0.6325	AUC	lower = more sensitive	0.0007	1
HCCO28	NVP-TAE684	0.5778	AUC	lower = more sensitive	0.9014	1
HCCO29	NVP-TAE684	0.6516	AUC	lower = more sensitive	0.9542	1
HCCO30	NVP-TAE684	0.5373	AUC	lower = more sensitive	0.2667	1
HCCO31	NVP-TAE684	0.6358	AUC	lower = more sensitive	0.8661	1
HCCO32	NVP-TAE684	0.6795	AUC	lower = more sensitive	0.9077	1
HCCO33	NVP-TAE684	0.6605	AUC	lower = more sensitive	0.8501	1
HCCO34	NVP-TAE684	0.6603	AUC	lower = more sensitive	0.8695	1
HCCO35	NVP-TAE684	0.585	AUC	lower = more sensitive	0.864	1
HCCO36	NVP-TAE684	0.7832	AUC	lower = more sensitive	0.5337	1
HCCO37	NVP-TAE684	0.6892	AUC	lower = more sensitive	0.9407	1
HCCO38	NVP-TAE684	0.5746	AUC	lower = more sensitive	0.8102	1
HCCO39	NVP-TAE684	0.549	AUC	lower = more sensitive	0.8046	1
HCCO4	NVP-TAE684	0.8124	AUC	lower = more sensitive	0.7935	1
HCCO40	NVP-TAE684	0.7849	AUC	lower = more sensitive	0.484	1
HCCO41	NVP-TAE684	0.7142	AUC	lower = more sensitive	0.7417	1
HCCO43	NVP-TAE684	0.7043	AUC	lower = more sensitive	0.9127	1
HCCO44	NVP-TAE684	0.8843	AUC	lower = more sensitive	0.2996	1
HCCO45	NVP-TAE684	0.8343	AUC	lower = more sensitive	0.9679	1
HCCO5	NVP-TAE684	0.3876	AUC	lower = more sensitive	-0.0062	1
HCCO6	NVP-TAE684	0.6793	AUC	lower = more sensitive	0.0041	1
HCCO7	NVP-TAE684	0.6127	AUC	lower = more sensitive	0.802	1
HCCO8	NVP-TAE684	0.561	AUC	lower = more sensitive	0.9446	1
HCCO9	NVP-TAE684	0.5194	AUC	lower = more sensitive	0.5135	1
ICCO1	NVP-TAE684	0.5076	AUC	lower = more sensitive	0.8656	1
ICCO10	NVP-TAE684	0.4974	AUC	lower = more sensitive	0.9673	1
ICCO11	NVP-TAE684	0.8887	AUC	lower = more sensitive	0.361	1
ICCO12	NVP-TAE684	0.5706	AUC	lower = more sensitive	0.6664	1
ICCO13	NVP-TAE684	0.4887	AUC	lower = more sensitive	0.6894	1
ICCO2	NVP-TAE684	0.7716	AUC	lower = more sensitive	0.9165	1
ICCO3	NVP-TAE684	0.7335	AUC	lower = more sensitive	0.8493	1
ICCO4	NVP-TAE684	0.4963	AUC	lower = more sensitive	0.8635	1
ICCO5	NVP-TAE684	0.7731	AUC	lower = more sensitive	0.5332	1
ICCO7	NVP-TAE684	0.5161	AUC	lower = more sensitive	0.8434	1
ICCO8	NVP-TAE684	0.326	AUC	lower = more sensitive	-0	1
ICCO9	NVP-TAE684	0.5631	AUC	lower = more sensitive	0.925	1
CHCO1	OLAPARIB	0.9691	AUC	lower = more sensitive	0.1815	1
CHCO2	OLAPARIB	0.8291	AUC	lower = more sensitive	0.2098	1
CHCO3	OLAPARIB	0.8162	AUC	lower = more sensitive	0.0917	1
CHCO4	OLAPARIB	0.9343	AUC	lower = more sensitive	0.4906	1
HBO1	OLAPARIB	0.8255	AUC	lower = more sensitive	0.1642	1
HBO2	OLAPARIB	0.8746	AUC	lower = more sensitive	0.8357	1
HBO3	OLAPARIB	0.8671	AUC	lower = more sensitive	0.9215	1
HBO4	OLAPARIB	0.7466	AUC	lower = more sensitive	0.6157	1
HBO5	OLAPARIB	0.7887	AUC	lower = more sensitive	0.2827	1
HCCO10	OLAPARIB	0.9455	AUC	lower = more sensitive	0.36	1
HCCO11	OLAPARIB	0.8847	AUC	lower = more sensitive	0.5198	1
HCCO12	OLAPARIB	0.8198	AUC	lower = more sensitive	0.0134	1
HCCO13	OLAPARIB	0.8303	AUC	lower = more sensitive	0.0401	1
HCCO14	OLAPARIB	0.9261	AUC	lower = more sensitive	0.0512	1
HCCO15	OLAPARIB	0.9477	AUC	lower = more sensitive	0.1473	1
HCCO16	OLAPARIB	0.9224	AUC	lower = more sensitive	0.7411	1
HCCO17	OLAPARIB	0.9714	AUC	lower = more sensitive	0.5263	1
HCCO18	OLAPARIB	0.8999	AUC	lower = more sensitive	0.145	1
HCCO19	OLAPARIB	0.8213	AUC	lower = more sensitive	0.7615	1
HCCO20	OLAPARIB	0.9644	AUC	lower = more sensitive	0.0354	1
HCCO21	OLAPARIB	0.9	AUC	lower = more sensitive	0.3402	1
HCCO22	OLAPARIB	0.7544	AUC	lower = more sensitive	0.3324	1
HCCO23	OLAPARIB	0.9216	AUC	lower = more sensitive	0.2498	1
HCCO24	OLAPARIB	0.8892	AUC	lower = more sensitive	0.03	1
HCCO25	OLAPARIB	0.918	AUC	lower = more sensitive	0.1276	1
HCCO27	OLAPARIB	0.9747	AUC	lower = more sensitive	0.2495	1
HCCO28	OLAPARIB	0.9601	AUC	lower = more sensitive	0.1769	1
HCCO29	OLAPARIB	0.929	AUC	lower = more sensitive	0.8031	1
HCCO30	OLAPARIB	0.9754	AUC	lower = more sensitive	0.8617	1
HCCO31	OLAPARIB	0.9744	AUC	lower = more sensitive	0.3027	1
HCCO32	OLAPARIB	0.9195	AUC	lower = more sensitive	0.0586	1
HCCO33	OLAPARIB	0.8594	AUC	lower = more sensitive	0.0598	1
HCCO34	OLAPARIB	0.9162	AUC	lower = more sensitive	0.0526	1
HCCO35	OLAPARIB	0.9249	AUC	lower = more sensitive	0.1345	1
HCCO36	OLAPARIB	0.8921	AUC	lower = more sensitive	0.5421	1
HCCO37	OLAPARIB	0.9335	AUC	lower = more sensitive	0.7669	1
HCCO38	OLAPARIB	0.9637	AUC	lower = more sensitive	0.11	1
HCCO39	OLAPARIB	0.7709	AUC	lower = more sensitive	0.0015	1
HCCO4	OLAPARIB	0.8949	AUC	lower = more sensitive	0.9092	1
HCCO40	OLAPARIB	0.9101	AUC	lower = more sensitive	0.1227	1
HCCO41	OLAPARIB	0.7426	AUC	lower = more sensitive	0.1216	1
HCCO43	OLAPARIB	0.6786	AUC	lower = more sensitive	0.025	1
HCCO44	OLAPARIB	0.7978	AUC	lower = more sensitive	0.0518	1
HCCO45	OLAPARIB	0.9584	AUC	lower = more sensitive	0.2218	1
HCCO5	OLAPARIB	0.9241	AUC	lower = more sensitive	0.3697	1
HCCO6	OLAPARIB	0.9432	AUC	lower = more sensitive	0.3669	1
HCCO7	OLAPARIB	0.7756	AUC	lower = more sensitive	0.2406	1
HCCO8	OLAPARIB	0.8749	AUC	lower = more sensitive	0.2084	1
HCCO9	OLAPARIB	0.9868	AUC	lower = more sensitive	0.0281	1
ICCO1	OLAPARIB	0.9006	AUC	lower = more sensitive	0.5357	1
ICCO10	OLAPARIB	0.9682	AUC	lower = more sensitive	0.232	1
ICCO11	OLAPARIB	0.9716	AUC	lower = more sensitive	0.0056	1
ICCO12	OLAPARIB	0.8498	AUC	lower = more sensitive	0.0316	1
ICCO13	OLAPARIB	0.7622	AUC	lower = more sensitive	0.0767	1
ICCO2	OLAPARIB	0.95	AUC	lower = more sensitive	0.8258	1
ICCO3	OLAPARIB	0.846	AUC	lower = more sensitive	0.1133	1
ICCO4	OLAPARIB	0.912	AUC	lower = more sensitive	0.1194	1
ICCO5	OLAPARIB	0.9094	AUC	lower = more sensitive	0.8781	1
ICCO7	OLAPARIB	0.9339	AUC	lower = more sensitive	0.2087	1
ICCO8	OLAPARIB	0.9769	AUC	lower = more sensitive	0.0663	1
ICCO9	OLAPARIB	0.9252	AUC	lower = more sensitive	0.1063	1
CHCO1	PACLITAXEL	0.46	AUC	lower = more sensitive	0.9576	1
CHCO2	PACLITAXEL	0.2434	AUC	lower = more sensitive	-0	1
CHCO3	PACLITAXEL	0.6573	AUC	lower = more sensitive	0.8802	1
CHCO4	PACLITAXEL	0.3941	AUC	lower = more sensitive	0.9453	1
HBO1	PACLITAXEL	0.602	AUC	lower = more sensitive	0.3704	1
HBO2	PACLITAXEL	0.5079	AUC	lower = more sensitive	0.865	1
HBO3	PACLITAXEL	0.8103	AUC	lower = more sensitive	0.7161	1
HBO4	PACLITAXEL	0.2424	AUC	lower = more sensitive	-0	1
HBO5	PACLITAXEL	0.6282	AUC	lower = more sensitive	0.7832	1
HCCO10	PACLITAXEL	0.6345	AUC	lower = more sensitive	0.6812	1
HCCO11	PACLITAXEL	0.5879	AUC	lower = more sensitive	0.7715	1
HCCO12	PACLITAXEL	0.5249	AUC	lower = more sensitive	0.5158	1
HCCO13	PACLITAXEL	0.4988	AUC	lower = more sensitive	0.8237	1
HCCO14	PACLITAXEL	0.7358	AUC	lower = more sensitive	0.8744	1
HCCO15	PACLITAXEL	0.8991	AUC	lower = more sensitive	0.2401	1
HCCO16	PACLITAXEL	0.3256	AUC	lower = more sensitive	-0.2011	1
HCCO17	PACLITAXEL	0.4588	AUC	lower = more sensitive	0.9773	1
HCCO18	PACLITAXEL	0.7178	AUC	lower = more sensitive	0.657	1
HCCO19	PACLITAXEL	0.3238	AUC	lower = more sensitive	0.9539	1
HCCO20	PACLITAXEL	0.4802	AUC	lower = more sensitive	0.8839	1
HCCO21	PACLITAXEL	0.6609	AUC	lower = more sensitive	0.6171	1
HCCO22	PACLITAXEL	0.5512	AUC	lower = more sensitive	0.8449	1
HCCO23	PACLITAXEL	0.7682	AUC	lower = more sensitive	0.9407	1
HCCO24	PACLITAXEL	0.5437	AUC	lower = more sensitive	0.675	1
HCCO25	PACLITAXEL	0.7062	AUC	lower = more sensitive	0.2209	1
HCCO27	PACLITAXEL	0.8563	AUC	lower = more sensitive	0.0511	1
HCCO28	PACLITAXEL	0.5108	AUC	lower = more sensitive	0.9362	1
HCCO29	PACLITAXEL	0.4252	AUC	lower = more sensitive	0.9698	1
HCCO30	PACLITAXEL	0.4199	AUC	lower = more sensitive	0.9765	1
HCCO31	PACLITAXEL	0.536	AUC	lower = more sensitive	0.9576	1
HCCO32	PACLITAXEL	0.4988	AUC	lower = more sensitive	0.8785	1
HCCO33	PACLITAXEL	0.623	AUC	lower = more sensitive	0.339	1
HCCO34	PACLITAXEL	0.5524	AUC	lower = more sensitive	0.4775	1
HCCO35	PACLITAXEL	0.537	AUC	lower = more sensitive	0.9159	1
HCCO36	PACLITAXEL	0.6866	AUC	lower = more sensitive	0.7432	1
HCCO37	PACLITAXEL	0.5002	AUC	lower = more sensitive	0.9339	1
HCCO38	PACLITAXEL	0.4202	AUC	lower = more sensitive	0.9928	1
HCCO39	PACLITAXEL	0.5165	AUC	lower = more sensitive	0.8213	1
HCCO4	PACLITAXEL	0.6879	AUC	lower = more sensitive	0.8841	1
HCCO40	PACLITAXEL	0.7014	AUC	lower = more sensitive	0.1361	1
HCCO41	PACLITAXEL	0.4102	AUC	lower = more sensitive	-0.1647	1
HCCO43	PACLITAXEL	0.4663	AUC	lower = more sensitive	0.8551	1
HCCO44	PACLITAXEL	0.5743	AUC	lower = more sensitive	0.9086	1
HCCO45	PACLITAXEL	0.7052	AUC	lower = more sensitive	0.955	1
HCCO5	PACLITAXEL	0.7382	AUC	lower = more sensitive	0.0435	1
HCCO6	PACLITAXEL	0.771	AUC	lower = more sensitive	0.0271	1
HCCO7	PACLITAXEL	0.4194	AUC	lower = more sensitive	0.9393	1
HCCO8	PACLITAXEL	0.4808	AUC	lower = more sensitive	0.9658	1
HCCO9	PACLITAXEL	0.5909	AUC	lower = more sensitive	0.9114	1
ICCO1	PACLITAXEL	0.3506	AUC	lower = more sensitive	-0.1722	1
ICCO10	PACLITAXEL	0.2824	AUC	lower = more sensitive	-0	1
ICCO11	PACLITAXEL	0.7566	AUC	lower = more sensitive	0.1744	1
ICCO12	PACLITAXEL	0.7771	AUC	lower = more sensitive	0.1722	1
ICCO13	PACLITAXEL	0.4233	AUC	lower = more sensitive	-0.1623	1
ICCO2	PACLITAXEL	0.8768	AUC	lower = more sensitive	0.8893	1
ICCO3	PACLITAXEL	0.7146	AUC	lower = more sensitive	0.5322	1
ICCO4	PACLITAXEL	0.3463	AUC	lower = more sensitive	-0.1619	1
ICCO5	PACLITAXEL	0.6103	AUC	lower = more sensitive	0.6049	1
ICCO7	PACLITAXEL	0.6572	AUC	lower = more sensitive	0.4759	1
ICCO8	PACLITAXEL	0.5583	AUC	lower = more sensitive	0.879	1
ICCO9	PACLITAXEL	0.4116	AUC	lower = more sensitive	-0.1095	1
CHCO1	PANOBINOSTAT	0.3817	AUC	lower = more sensitive	0.998	1
CHCO2	PANOBINOSTAT	0.505	AUC	lower = more sensitive	0.9542	1
CHCO3	PANOBINOSTAT	0.4682	AUC	lower = more sensitive	0.9932	1
CHCO4	PANOBINOSTAT	0.9287	AUC	lower = more sensitive	0.0086	1
HBO1	PANOBINOSTAT	0.4956	AUC	lower = more sensitive	0.9281	1
HBO2	PANOBINOSTAT	0.3276	AUC	lower = more sensitive	0.9766	1
HBO3	PANOBINOSTAT	0.4918	AUC	lower = more sensitive	0.8815	1
HBO4	PANOBINOSTAT	0.3348	AUC	lower = more sensitive	0.9797	1
HBO5	PANOBINOSTAT	0.3906	AUC	lower = more sensitive	0.9757	1
HCCO10	PANOBINOSTAT	0.3698	AUC	lower = more sensitive	0.9921	1
HCCO11	PANOBINOSTAT	0.561	AUC	lower = more sensitive	0.9209	1
HCCO12	PANOBINOSTAT	0.5034	AUC	lower = more sensitive	0.8092	1
HCCO13	PANOBINOSTAT	0.4866	AUC	lower = more sensitive	0.7882	1
HCCO14	PANOBINOSTAT	0.7855	AUC	lower = more sensitive	0.8016	1
HCCO15	PANOBINOSTAT	0.4635	AUC	lower = more sensitive	0.983	1
HCCO16	PANOBINOSTAT	0.4028	AUC	lower = more sensitive	0.9886	1
HCCO17	PANOBINOSTAT	0.4527	AUC	lower = more sensitive	0.9717	1
HCCO18	PANOBINOSTAT	0.4429	AUC	lower = more sensitive	0.9812	1
HCCO19	PANOBINOSTAT	0.36	AUC	lower = more sensitive	0.9897	1
HCCO20	PANOBINOSTAT	0.3919	AUC	lower = more sensitive	0.8859	1
HCCO21	PANOBINOSTAT	0.5911	AUC	lower = more sensitive	0.956	1
HCCO22	PANOBINOSTAT	0.5516	AUC	lower = more sensitive	0.9311	1
HCCO23	PANOBINOSTAT	0.4963	AUC	lower = more sensitive	0.9294	1
HCCO24	PANOBINOSTAT	0.4227	AUC	lower = more sensitive	0.9443	1
HCCO25	PANOBINOSTAT	0.6273	AUC	lower = more sensitive	0.9408	1
HCCO27	PANOBINOSTAT	0.8697	AUC	lower = more sensitive	0.4457	1
HCCO28	PANOBINOSTAT	0.5442	AUC	lower = more sensitive	0.9436	1
HCCO29	PANOBINOSTAT	0.3137	AUC	lower = more sensitive	0.9958	1
HCCO30	PANOBINOSTAT	0.327	AUC	lower = more sensitive	0.9951	1
HCCO31	PANOBINOSTAT	0.3523	AUC	lower = more sensitive	0.9538	1
HCCO32	PANOBINOSTAT	0.3389	AUC	lower = more sensitive	0.9728	1
HCCO33	PANOBINOSTAT	0.3901	AUC	lower = more sensitive	0.9214	1
HCCO34	PANOBINOSTAT	0.3801	AUC	lower = more sensitive	0.9676	1
HCCO35	PANOBINOSTAT	0.4161	AUC	lower = more sensitive	0.9703	1
HCCO36	PANOBINOSTAT	0.941	AUC	lower = more sensitive	0.0638	1
HCCO37	PANOBINOSTAT	0.6151	AUC	lower = more sensitive	0.9871	1
HCCO38	PANOBINOSTAT	0.4475	AUC	lower = more sensitive	0.9947	1
HCCO39	PANOBINOSTAT	0.3161	AUC	lower = more sensitive	-0.1831	1
HCCO4	PANOBINOSTAT	0.4768	AUC	lower = more sensitive	0.9633	1
HCCO40	PANOBINOSTAT	0.9353	AUC	lower = more sensitive	0.0158	1
HCCO41	PANOBINOSTAT	0.7332	AUC	lower = more sensitive	0.0701	1
HCCO43	PANOBINOSTAT	0.8304	AUC	lower = more sensitive	0.0514	1
HCCO44	PANOBINOSTAT	0.7465	AUC	lower = more sensitive	0.1734	1
HCCO45	PANOBINOSTAT	0.5572	AUC	lower = more sensitive	0.9668	1
HCCO5	PANOBINOSTAT	0.6326	AUC	lower = more sensitive	0.0688	1
HCCO6	PANOBINOSTAT	0.6253	AUC	lower = more sensitive	0.1292	1
HCCO7	PANOBINOSTAT	0.1884	AUC	lower = more sensitive	-0	1
HCCO8	PANOBINOSTAT	0.3748	AUC	lower = more sensitive	0.9728	1
HCCO9	PANOBINOSTAT	0.4238	AUC	lower = more sensitive	0.9752	1
ICCO1	PANOBINOSTAT	0.3742	AUC	lower = more sensitive	0.999	1
ICCO10	PANOBINOSTAT	0.5692	AUC	lower = more sensitive	0.9486	1
ICCO11	PANOBINOSTAT	0.9594	AUC	lower = more sensitive	0.1603	1
ICCO12	PANOBINOSTAT	0.5927	AUC	lower = more sensitive	0.6052	1
ICCO13	PANOBINOSTAT	0.5353	AUC	lower = more sensitive	0.9757	1
ICCO2	PANOBINOSTAT	0.5465	AUC	lower = more sensitive	0.9939	1
ICCO3	PANOBINOSTAT	0.3404	AUC	lower = more sensitive	-0.2621	1
ICCO4	PANOBINOSTAT	0.3965	AUC	lower = more sensitive	0.9665	1
ICCO5	PANOBINOSTAT	0.5726	AUC	lower = more sensitive	0.9234	1
ICCO7	PANOBINOSTAT	0.5308	AUC	lower = more sensitive	0.9462	1
ICCO8	PANOBINOSTAT	0.4107	AUC	lower = more sensitive	0.9567	1
ICCO9	PANOBINOSTAT	0.4276	AUC	lower = more sensitive	0.8776	1
CHCO1	PD-173074	0.881	AUC	lower = more sensitive	0.2715	1
CHCO2	PD-173074	0.9455	AUC	lower = more sensitive	0.3474	1
CHCO3	PD-173074	0.8674	AUC	lower = more sensitive	0.0966	1
CHCO4	PD-173074	1	AUC	lower = more sensitive	0	1
HBO1	PD-173074	0.8299	AUC	lower = more sensitive	0.0766	1
HBO2	PD-173074	0.7913	AUC	lower = more sensitive	0.3024	1
HBO3	PD-173074	0.8988	AUC	lower = more sensitive	0.3855	1
HBO4	PD-173074	0.8307	AUC	lower = more sensitive	0.6676	1
HBO5	PD-173074	0.6878	AUC	lower = more sensitive	0.1457	1
HCCO10	PD-173074	0.8227	AUC	lower = more sensitive	0.3012	1
HCCO11	PD-173074	0.7469	AUC	lower = more sensitive	0.3422	1
HCCO12	PD-173074	0.6275	AUC	lower = more sensitive	0.0001	1
HCCO13	PD-173074	0.9391	AUC	lower = more sensitive	0.0494	1
HCCO14	PD-173074	0.8672	AUC	lower = more sensitive	0.2679	1
HCCO15	PD-173074	0.9388	AUC	lower = more sensitive	0.2019	1
HCCO16	PD-173074	0.857	AUC	lower = more sensitive	0.5661	1
HCCO17	PD-173074	0.866	AUC	lower = more sensitive	0.7723	1
HCCO18	PD-173074	0.8811	AUC	lower = more sensitive	0.5516	1
HCCO19	PD-173074	0.8454	AUC	lower = more sensitive	0.7593	1
HCCO20	PD-173074	0.779	AUC	lower = more sensitive	0.4999	1
HCCO21	PD-173074	0.842	AUC	lower = more sensitive	0.4588	1
HCCO22	PD-173074	0.8951	AUC	lower = more sensitive	0.5292	1
HCCO23	PD-173074	0.9125	AUC	lower = more sensitive	0.3286	1
HCCO24	PD-173074	0.8293	AUC	lower = more sensitive	0.779	1
HCCO25	PD-173074	0.7473	AUC	lower = more sensitive	0.3836	1
HCCO27	PD-173074	0.9767	AUC	lower = more sensitive	0.0279	1
HCCO28	PD-173074	0.7962	AUC	lower = more sensitive	0.7055	1
HCCO29	PD-173074	0.8577	AUC	lower = more sensitive	0.9683	1
HCCO30	PD-173074	0.8596	AUC	lower = more sensitive	0.9454	1
HCCO31	PD-173074	0.8921	AUC	lower = more sensitive	0.8583	1
HCCO32	PD-173074	0.9462	AUC	lower = more sensitive	0.8996	1
HCCO33	PD-173074	0.9389	AUC	lower = more sensitive	0.3288	1
HCCO34	PD-173074	0.7833	AUC	lower = more sensitive	0.4714	1
HCCO35	PD-173074	0.8582	AUC	lower = more sensitive	0.8904	1
HCCO36	PD-173074	0.9023	AUC	lower = more sensitive	0.37	1
HCCO37	PD-173074	0.8522	AUC	lower = more sensitive	0.7212	1
HCCO38	PD-173074	0.8748	AUC	lower = more sensitive	0.9136	1
HCCO39	PD-173074	0.8645	AUC	lower = more sensitive	0.5061	1
HCCO4	PD-173074	0.9146	AUC	lower = more sensitive	0.37	1
HCCO40	PD-173074	0.8931	AUC	lower = more sensitive	0.1568	1
HCCO41	PD-173074	0.6958	AUC	lower = more sensitive	0.371	1
HCCO43	PD-173074	0.7803	AUC	lower = more sensitive	0.1628	1
HCCO44	PD-173074	0.7919	AUC	lower = more sensitive	0.1288	1
HCCO45	PD-173074	0.8686	AUC	lower = more sensitive	0.8876	1
HCCO5	PD-173074	0.9126	AUC	lower = more sensitive	0.3328	1
HCCO6	PD-173074	0.9283	AUC	lower = more sensitive	0.4521	1
HCCO7	PD-173074	0.903	AUC	lower = more sensitive	0.243	1
HCCO8	PD-173074	0.8099	AUC	lower = more sensitive	0.3446	1
HCCO9	PD-173074	0.8681	AUC	lower = more sensitive	0.9289	1
ICCO1	PD-173074	0.8335	AUC	lower = more sensitive	0.9538	1
ICCO10	PD-173074	0.7792	AUC	lower = more sensitive	0.9216	1
ICCO11	PD-173074	0.912	AUC	lower = more sensitive	0.3479	1
ICCO12	PD-173074	0.7937	AUC	lower = more sensitive	0.4841	1
ICCO13	PD-173074	0.8598	AUC	lower = more sensitive	0.6732	1
ICCO2	PD-173074	0.8266	AUC	lower = more sensitive	0.0213	1
ICCO3	PD-173074	0.6917	AUC	lower = more sensitive	0.1983	1
ICCO4	PD-173074	0.73	AUC	lower = more sensitive	0.0276	1
ICCO5	PD-173074	0.9167	AUC	lower = more sensitive	0.0391	1
ICCO7	PD-173074	0.718	AUC	lower = more sensitive	0.4126	1
ICCO8	PD-173074	0.8227	AUC	lower = more sensitive	0.8673	1
ICCO9	PD-173074	0.8963	AUC	lower = more sensitive	0.481	1
CHCO1	PF-562271	0.7589	AUC	lower = more sensitive	0.2628	1
CHCO2	PF-562271	0.7451	AUC	lower = more sensitive	0.6729	1
CHCO3	PF-562271	0.8658	AUC	lower = more sensitive	0.9511	1
CHCO4	PF-562271	0.8437	AUC	lower = more sensitive	0.8168	1
HBO1	PF-562271	0.7653	AUC	lower = more sensitive	0.8879	1
HBO2	PF-562271	0.7284	AUC	lower = more sensitive	0.9886	1
HBO3	PF-562271	0.8386	AUC	lower = more sensitive	0.9216	1
HBO4	PF-562271	0.7068	AUC	lower = more sensitive	0.972	1
HBO5	PF-562271	0.7244	AUC	lower = more sensitive	0.9272	1
HCCO10	PF-562271	0.812	AUC	lower = more sensitive	0.919	1
HCCO11	PF-562271	0.8504	AUC	lower = more sensitive	0.6602	1
HCCO12	PF-562271	0.8407	AUC	lower = more sensitive	0.4802	1
HCCO13	PF-562271	0.8134	AUC	lower = more sensitive	0.8448	1
HCCO14	PF-562271	0.8705	AUC	lower = more sensitive	0.7333	1
HCCO15	PF-562271	0.8147	AUC	lower = more sensitive	0.9277	1
HCCO16	PF-562271	0.7958	AUC	lower = more sensitive	0.9053	1
HCCO17	PF-562271	0.8157	AUC	lower = more sensitive	0.9633	1
HCCO18	PF-562271	0.7698	AUC	lower = more sensitive	0.6752	1
HCCO19	PF-562271	0.7837	AUC	lower = more sensitive	0.9681	1
HCCO20	PF-562271	0.8219	AUC	lower = more sensitive	0.9671	1
HCCO21	PF-562271	0.8645	AUC	lower = more sensitive	0.8576	1
HCCO22	PF-562271	0.8994	AUC	lower = more sensitive	0.8345	1
HCCO23	PF-562271	0.8633	AUC	lower = more sensitive	0.9669	1
HCCO24	PF-562271	0.7536	AUC	lower = more sensitive	0.8787	1
HCCO25	PF-562271	0.9143	AUC	lower = more sensitive	0.0293	1
HCCO27	PF-562271	0.9147	AUC	lower = more sensitive	0.3166	1
HCCO28	PF-562271	0.8225	AUC	lower = more sensitive	0.935	1
HCCO29	PF-562271	0.7957	AUC	lower = more sensitive	0.9652	1
HCCO30	PF-562271	0.8061	AUC	lower = more sensitive	0.9856	1
HCCO31	PF-562271	0.8171	AUC	lower = more sensitive	0.9395	1
HCCO32	PF-562271	0.8034	AUC	lower = more sensitive	0.9817	1
HCCO33	PF-562271	0.7775	AUC	lower = more sensitive	0.8181	1
HCCO34	PF-562271	0.8077	AUC	lower = more sensitive	0.9838	1
HCCO35	PF-562271	0.7865	AUC	lower = more sensitive	0.97	1
HCCO36	PF-562271	0.9253	AUC	lower = more sensitive	0.5783	1
HCCO37	PF-562271	0.8971	AUC	lower = more sensitive	0.9294	1
HCCO38	PF-562271	0.8251	AUC	lower = more sensitive	0.9054	1
HCCO39	PF-562271	0.669	AUC	lower = more sensitive	0.7164	1
HCCO4	PF-562271	0.8112	AUC	lower = more sensitive	0.8409	1
HCCO40	PF-562271	0.9529	AUC	lower = more sensitive	0.7474	1
HCCO41	PF-562271	0.6463	AUC	lower = more sensitive	0.418	1
HCCO43	PF-562271	0.7882	AUC	lower = more sensitive	0.2691	1
HCCO44	PF-562271	0.4468	AUC	lower = more sensitive	0.1164	1
HCCO45	PF-562271	0.7889	AUC	lower = more sensitive	0.8623	1
HCCO5	PF-562271	0.9081	AUC	lower = more sensitive	0.1558	1
HCCO6	PF-562271	0.9163	AUC	lower = more sensitive	0.0506	1
HCCO7	PF-562271	0.8234	AUC	lower = more sensitive	0.8638	1
HCCO8	PF-562271	0.8326	AUC	lower = more sensitive	0.8556	1
HCCO9	PF-562271	0.7919	AUC	lower = more sensitive	0.9876	1
ICCO1	PF-562271	0.7574	AUC	lower = more sensitive	0.968	1
ICCO10	PF-562271	0.8791	AUC	lower = more sensitive	0.8458	1
ICCO11	PF-562271	0.771	AUC	lower = more sensitive	0.6028	1
ICCO12	PF-562271	0.7291	AUC	lower = more sensitive	0.4248	1
ICCO13	PF-562271	0.8521	AUC	lower = more sensitive	0.8955	1
ICCO2	PF-562271	0.842	AUC	lower = more sensitive	0.9538	1
ICCO3	PF-562271	0.9478	AUC	lower = more sensitive	0.0366	1
ICCO4	PF-562271	0.8816	AUC	lower = more sensitive	0.7013	1
ICCO5	PF-562271	0.8716	AUC	lower = more sensitive	0.2464	1
ICCO7	PF-562271	0.7907	AUC	lower = more sensitive	0.0307	1
ICCO8	PF-562271	0.8846	AUC	lower = more sensitive	0.7787	1
ICCO9	PF-562271	0.8655	AUC	lower = more sensitive	0.8933	1
CHCO1	PI-103	0.9361	AUC	lower = more sensitive	0.1701	1
CHCO2	PI-103	0.8186	AUC	lower = more sensitive	0.2237	1
CHCO3	PI-103	0.7236	AUC	lower = more sensitive	0.8069	1
CHCO4	PI-103	0.8223	AUC	lower = more sensitive	0.0767	1
HBO1	PI-103	0.9356	AUC	lower = more sensitive	0.6103	1
HBO2	PI-103	0.8244	AUC	lower = more sensitive	0.9387	1
HBO3	PI-103	0.6162	AUC	lower = more sensitive	0.299	1
HBO4	PI-103	0.6382	AUC	lower = more sensitive	0.7589	1
HBO5	PI-103	0.7813	AUC	lower = more sensitive	0.8525	1
HCCO10	PI-103	0.875	AUC	lower = more sensitive	0.5453	1
HCCO11	PI-103	0.8654	AUC	lower = more sensitive	0.4419	1
HCCO12	PI-103	0.588	AUC	lower = more sensitive	0.2743	1
HCCO13	PI-103	0.8049	AUC	lower = more sensitive	0.2846	1
HCCO14	PI-103	0.8081	AUC	lower = more sensitive	0.8735	1
HCCO15	PI-103	0.778	AUC	lower = more sensitive	0.6859	1
HCCO16	PI-103	0.7118	AUC	lower = more sensitive	0.9565	1
HCCO17	PI-103	0.7936	AUC	lower = more sensitive	0.7071	1
HCCO18	PI-103	0.633	AUC	lower = more sensitive	0.9051	1
HCCO19	PI-103	0.7755	AUC	lower = more sensitive	0.9692	1
HCCO20	PI-103	0.8093	AUC	lower = more sensitive	0.8403	1
HCCO21	PI-103	0.8289	AUC	lower = more sensitive	0.7732	1
HCCO22	PI-103	0.7918	AUC	lower = more sensitive	0.9558	1
HCCO23	PI-103	0.8153	AUC	lower = more sensitive	0.932	1
HCCO24	PI-103	0.8198	AUC	lower = more sensitive	0.8976	1
HCCO25	PI-103	0.6634	AUC	lower = more sensitive	0.703	1
HCCO27	PI-103	0.9595	AUC	lower = more sensitive	0.2611	1
HCCO28	PI-103	0.826	AUC	lower = more sensitive	0.7471	1
HCCO29	PI-103	0.8418	AUC	lower = more sensitive	0.9875	1
HCCO30	PI-103	0.8448	AUC	lower = more sensitive	0.9868	1
HCCO31	PI-103	0.8071	AUC	lower = more sensitive	0.8884	1
HCCO32	PI-103	0.8807	AUC	lower = more sensitive	0.8478	1
HCCO33	PI-103	0.7568	AUC	lower = more sensitive	0.9235	1
HCCO34	PI-103	0.7801	AUC	lower = more sensitive	0.8445	1
HCCO35	PI-103	0.7336	AUC	lower = more sensitive	0.9441	1
HCCO36	PI-103	0.9006	AUC	lower = more sensitive	0.8002	1
HCCO37	PI-103	0.8211	AUC	lower = more sensitive	0.783	1
HCCO38	PI-103	0.9174	AUC	lower = more sensitive	0.9886	1
HCCO39	PI-103	0.7357	AUC	lower = more sensitive	0.8644	1
HCCO4	PI-103	0.9335	AUC	lower = more sensitive	0.8655	1
HCCO40	PI-103	0.931	AUC	lower = more sensitive	0.0953	1
HCCO41	PI-103	0.4547	AUC	lower = more sensitive	0.5879	1
HCCO43	PI-103	0.5288	AUC	lower = more sensitive	0.5766	1
HCCO44	PI-103	0.8176	AUC	lower = more sensitive	0.6659	1
HCCO45	PI-103	0.7796	AUC	lower = more sensitive	0.8287	1
HCCO5	PI-103	0.7198	AUC	lower = more sensitive	0.0045	1
HCCO6	PI-103	0.6961	AUC	lower = more sensitive	0.0007	1
HCCO7	PI-103	0.8157	AUC	lower = more sensitive	0.2229	1
HCCO8	PI-103	0.7334	AUC	lower = more sensitive	0.6321	1
HCCO9	PI-103	0.8431	AUC	lower = more sensitive	0.7466	1
ICCO1	PI-103	0.5811	AUC	lower = more sensitive	0.9045	1
ICCO10	PI-103	0.8742	AUC	lower = more sensitive	0.8123	1
ICCO11	PI-103	0.809	AUC	lower = more sensitive	0.7966	1
ICCO12	PI-103	0.7494	AUC	lower = more sensitive	0.6067	1
ICCO13	PI-103	0.7761	AUC	lower = more sensitive	0.0333	1
ICCO2	PI-103	0.7959	AUC	lower = more sensitive	0.3058	1
ICCO3	PI-103	0.8203	AUC	lower = more sensitive	0.8834	1
ICCO4	PI-103	0.8087	AUC	lower = more sensitive	0.6719	1
ICCO5	PI-103	0.8581	AUC	lower = more sensitive	0.2244	1
ICCO7	PI-103	0.502	AUC	lower = more sensitive	0.7457	1
ICCO8	PI-103	0.6571	AUC	lower = more sensitive	0.9313	1
ICCO9	PI-103	0.6408	AUC	lower = more sensitive	0.9056	1
CHCO1	PIPERLONGUMINE	0.6957	AUC	lower = more sensitive	0.7256	1
CHCO2	PIPERLONGUMINE	0.7991	AUC	lower = more sensitive	0.9066	1
CHCO3	PIPERLONGUMINE	0.8405	AUC	lower = more sensitive	0.9261	1
CHCO4	PIPERLONGUMINE	0.9782	AUC	lower = more sensitive	0.0025	1
HBO1	PIPERLONGUMINE	0.6376	AUC	lower = more sensitive	0.2537	1
HBO2	PIPERLONGUMINE	0.7714	AUC	lower = more sensitive	0.808	1
HBO3	PIPERLONGUMINE	0.8996	AUC	lower = more sensitive	0.6921	1
HBO4	PIPERLONGUMINE	0.7385	AUC	lower = more sensitive	0.9829	1
HBO5	PIPERLONGUMINE	0.5687	AUC	lower = more sensitive	0.3227	1
HCCO10	PIPERLONGUMINE	0.743	AUC	lower = more sensitive	0.7127	1
HCCO11	PIPERLONGUMINE	0.8649	AUC	lower = more sensitive	0.6914	1
HCCO12	PIPERLONGUMINE	0.6541	AUC	lower = more sensitive	0.5571	1
HCCO13	PIPERLONGUMINE	0.7888	AUC	lower = more sensitive	0.9745	1
HCCO14	PIPERLONGUMINE	0.7744	AUC	lower = more sensitive	0.5674	1
HCCO15	PIPERLONGUMINE	0.7933	AUC	lower = more sensitive	0.4603	1
HCCO16	PIPERLONGUMINE	0.7317	AUC	lower = more sensitive	0.9731	1
HCCO17	PIPERLONGUMINE	0.7689	AUC	lower = more sensitive	0.9387	1
HCCO18	PIPERLONGUMINE	0.8092	AUC	lower = more sensitive	0.9668	1
HCCO19	PIPERLONGUMINE	0.8058	AUC	lower = more sensitive	0.9525	1
HCCO20	PIPERLONGUMINE	0.7762	AUC	lower = more sensitive	0.916	1
HCCO21	PIPERLONGUMINE	0.7606	AUC	lower = more sensitive	0.8923	1
HCCO22	PIPERLONGUMINE	0.849	AUC	lower = more sensitive	0.8786	1
HCCO23	PIPERLONGUMINE	0.8537	AUC	lower = more sensitive	0.8667	1
HCCO24	PIPERLONGUMINE	0.7305	AUC	lower = more sensitive	0.6986	1
HCCO25	PIPERLONGUMINE	0.8394	AUC	lower = more sensitive	0.8286	1
HCCO27	PIPERLONGUMINE	0.9366	AUC	lower = more sensitive	0.4072	1
HCCO28	PIPERLONGUMINE	0.7949	AUC	lower = more sensitive	0.7729	1
HCCO29	PIPERLONGUMINE	0.7499	AUC	lower = more sensitive	0.9927	1
HCCO30	PIPERLONGUMINE	0.7525	AUC	lower = more sensitive	0.9985	1
HCCO31	PIPERLONGUMINE	0.7973	AUC	lower = more sensitive	0.9282	1
HCCO32	PIPERLONGUMINE	0.8419	AUC	lower = more sensitive	0.9665	1
HCCO33	PIPERLONGUMINE	0.7744	AUC	lower = more sensitive	0.7379	1
HCCO34	PIPERLONGUMINE	0.8094	AUC	lower = more sensitive	0.9514	1
HCCO35	PIPERLONGUMINE	0.8159	AUC	lower = more sensitive	0.9855	1
HCCO36	PIPERLONGUMINE	0.8152	AUC	lower = more sensitive	0.6327	1
HCCO37	PIPERLONGUMINE	0.8285	AUC	lower = more sensitive	0.9475	1
HCCO38	PIPERLONGUMINE	0.8403	AUC	lower = more sensitive	0.9633	1
HCCO39	PIPERLONGUMINE	0.616	AUC	lower = more sensitive	0.3197	1
HCCO4	PIPERLONGUMINE	0.8458	AUC	lower = more sensitive	0.8387	1
HCCO40	PIPERLONGUMINE	0.7849	AUC	lower = more sensitive	0.7527	1
HCCO41	PIPERLONGUMINE	0.5046	AUC	lower = more sensitive	0.4378	1
HCCO43	PIPERLONGUMINE	0.6344	AUC	lower = more sensitive	0.2597	1
HCCO44	PIPERLONGUMINE	0.5012	AUC	lower = more sensitive	0.6293	1
HCCO45	PIPERLONGUMINE	0.86	AUC	lower = more sensitive	0.9675	1
HCCO5	PIPERLONGUMINE	0.8547	AUC	lower = more sensitive	0.02	1
HCCO6	PIPERLONGUMINE	0.8585	AUC	lower = more sensitive	0.0396	1
HCCO7	PIPERLONGUMINE	0.7896	AUC	lower = more sensitive	0.8556	1
HCCO8	PIPERLONGUMINE	0.7606	AUC	lower = more sensitive	0.6132	1
HCCO9	PIPERLONGUMINE	0.8011	AUC	lower = more sensitive	0.5544	1
ICCO1	PIPERLONGUMINE	0.7193	AUC	lower = more sensitive	0.906	1
ICCO10	PIPERLONGUMINE	0.8461	AUC	lower = more sensitive	0.9742	1
ICCO11	PIPERLONGUMINE	0.9374	AUC	lower = more sensitive	0.8414	1
ICCO12	PIPERLONGUMINE	0.8611	AUC	lower = more sensitive	0.6814	1
ICCO13	PIPERLONGUMINE	0.7966	AUC	lower = more sensitive	0.9115	1
ICCO2	PIPERLONGUMINE	0.855	AUC	lower = more sensitive	0.2531	1
ICCO3	PIPERLONGUMINE	0.8148	AUC	lower = more sensitive	0.9205	1
ICCO4	PIPERLONGUMINE	0.8185	AUC	lower = more sensitive	0.812	1
ICCO5	PIPERLONGUMINE	0.9029	AUC	lower = more sensitive	0.7214	1
ICCO7	PIPERLONGUMINE	0.6446	AUC	lower = more sensitive	0.3258	1
ICCO8	PIPERLONGUMINE	0.7698	AUC	lower = more sensitive	0.9432	1
ICCO9	PIPERLONGUMINE	0.8122	AUC	lower = more sensitive	0.8213	1
CHCO1	PIRARUBICIN	0.6985	AUC	lower = more sensitive	0.9058	1
CHCO2	PIRARUBICIN	0.5125	AUC	lower = more sensitive	0.915	1
CHCO3	PIRARUBICIN	0.6083	AUC	lower = more sensitive	0.9801	1
CHCO4	PIRARUBICIN	0.9489	AUC	lower = more sensitive	0.0143	1
HBO1	PIRARUBICIN	0.614	AUC	lower = more sensitive	0.7571	1
HBO2	PIRARUBICIN	0.4667	AUC	lower = more sensitive	0.9535	1
HBO3	PIRARUBICIN	0.6909	AUC	lower = more sensitive	0.9819	1
HBO4	PIRARUBICIN	0.3235	AUC	lower = more sensitive	0.9414	1
HBO5	PIRARUBICIN	0.6107	AUC	lower = more sensitive	0.9737	1
HCCO10	PIRARUBICIN	0.6537	AUC	lower = more sensitive	0.5539	1
HCCO11	PIRARUBICIN	0.7089	AUC	lower = more sensitive	0.7017	1
HCCO12	PIRARUBICIN	0.6749	AUC	lower = more sensitive	0.6477	1
HCCO13	PIRARUBICIN	0.7436	AUC	lower = more sensitive	0.9014	1
HCCO14	PIRARUBICIN	0.7238	AUC	lower = more sensitive	0.9871	1
HCCO15	PIRARUBICIN	0.6793	AUC	lower = more sensitive	0.9751	1
HCCO16	PIRARUBICIN	0.4833	AUC	lower = more sensitive	0.9157	1
HCCO17	PIRARUBICIN	0.5351	AUC	lower = more sensitive	0.9518	1
HCCO18	PIRARUBICIN	0.5538	AUC	lower = more sensitive	0.9584	1
HCCO19	PIRARUBICIN	0.5067	AUC	lower = more sensitive	0.9366	1
HCCO20	PIRARUBICIN	0.6248	AUC	lower = more sensitive	0.977	1
HCCO21	PIRARUBICIN	0.7797	AUC	lower = more sensitive	0.7239	1
HCCO22	PIRARUBICIN	0.6564	AUC	lower = more sensitive	0.875	1
HCCO23	PIRARUBICIN	0.6781	AUC	lower = more sensitive	0.9234	1
HCCO24	PIRARUBICIN	0.6526	AUC	lower = more sensitive	0.9564	1
HCCO25	PIRARUBICIN	0.6379	AUC	lower = more sensitive	0.8961	1
HCCO27	PIRARUBICIN	0.8592	AUC	lower = more sensitive	0.4112	1
HCCO28	PIRARUBICIN	0.652	AUC	lower = more sensitive	0.927	1
HCCO29	PIRARUBICIN	0.4488	AUC	lower = more sensitive	0.9916	1
HCCO30	PIRARUBICIN	0.4539	AUC	lower = more sensitive	0.9828	1
HCCO31	PIRARUBICIN	0.5686	AUC	lower = more sensitive	0.9398	1
HCCO32	PIRARUBICIN	0.5801	AUC	lower = more sensitive	0.9741	1
HCCO33	PIRARUBICIN	0.6944	AUC	lower = more sensitive	0.9885	1
HCCO34	PIRARUBICIN	0.6578	AUC	lower = more sensitive	0.8428	1
HCCO35	PIRARUBICIN	0.6252	AUC	lower = more sensitive	0.8708	1
HCCO36	PIRARUBICIN	0.848	AUC	lower = more sensitive	0.0672	1
HCCO37	PIRARUBICIN	0.6969	AUC	lower = more sensitive	0.5491	1
HCCO38	PIRARUBICIN	0.532	AUC	lower = more sensitive	0.5502	1
HCCO39	PIRARUBICIN	0.6294	AUC	lower = more sensitive	0.8763	1
HCCO4	PIRARUBICIN	0.7506	AUC	lower = more sensitive	0.9102	1
HCCO40	PIRARUBICIN	0.8986	AUC	lower = more sensitive	0.1912	1
HCCO41	PIRARUBICIN	0.695	AUC	lower = more sensitive	0.0054	1
HCCO43	PIRARUBICIN	0.8897	AUC	lower = more sensitive	0.0327	1
HCCO44	PIRARUBICIN	0.9265	AUC	lower = more sensitive	0.207	1
HCCO45	PIRARUBICIN	0.8386	AUC	lower = more sensitive	0.908	1
HCCO5	PIRARUBICIN	0.8544	AUC	lower = more sensitive	0.4305	1
HCCO6	PIRARUBICIN	0.8435	AUC	lower = more sensitive	0.2227	1
HCCO7	PIRARUBICIN	0.533	AUC	lower = more sensitive	0.8549	1
HCCO8	PIRARUBICIN	0.6934	AUC	lower = more sensitive	0.851	1
HCCO9	PIRARUBICIN	0.5857	AUC	lower = more sensitive	0.4985	1
ICCO1	PIRARUBICIN	0.4706	AUC	lower = more sensitive	0.9785	1
ICCO10	PIRARUBICIN	0.5876	AUC	lower = more sensitive	0.7616	1
ICCO11	PIRARUBICIN	0.9515	AUC	lower = more sensitive	0.0005	1
ICCO12	PIRARUBICIN	0.7394	AUC	lower = more sensitive	0.5417	1
ICCO13	PIRARUBICIN	0.8353	AUC	lower = more sensitive	0.8886	1
ICCO2	PIRARUBICIN	0.7299	AUC	lower = more sensitive	0.9427	1
ICCO3	PIRARUBICIN	0.7254	AUC	lower = more sensitive	0.7355	1
ICCO4	PIRARUBICIN	0.5318	AUC	lower = more sensitive	0.923	1
ICCO5	PIRARUBICIN	0.8588	AUC	lower = more sensitive	0.5324	1
ICCO7	PIRARUBICIN	0.6256	AUC	lower = more sensitive	0.7609	1
ICCO8	PIRARUBICIN	0.539	AUC	lower = more sensitive	0.9017	1
ICCO9	PIRARUBICIN	0.6382	AUC	lower = more sensitive	0.814	1
CHCO1	PONATINIB	0.7774	AUC	lower = more sensitive	0.9641	1
CHCO2	PONATINIB	0.6429	AUC	lower = more sensitive	0.9553	1
CHCO3	PONATINIB	0.7473	AUC	lower = more sensitive	0.8141	1
CHCO4	PONATINIB	0.9089	AUC	lower = more sensitive	0.017	1
HBO1	PONATINIB	0.7603	AUC	lower = more sensitive	0.6975	1
HBO2	PONATINIB	0.6478	AUC	lower = more sensitive	0.994	1
HBO3	PONATINIB	0.8145	AUC	lower = more sensitive	0.9891	1
HBO4	PONATINIB	0.637	AUC	lower = more sensitive	0.9823	1
HBO5	PONATINIB	0.5799	AUC	lower = more sensitive	0.5323	1
HCCO10	PONATINIB	0.7396	AUC	lower = more sensitive	0.9374	1
HCCO11	PONATINIB	0.6649	AUC	lower = more sensitive	0.7922	1
HCCO12	PONATINIB	0.6619	AUC	lower = more sensitive	0.7665	1
HCCO13	PONATINIB	0.7373	AUC	lower = more sensitive	0.9226	1
HCCO14	PONATINIB	0.7755	AUC	lower = more sensitive	0.9428	1
HCCO15	PONATINIB	0.6797	AUC	lower = more sensitive	0.759	1
HCCO16	PONATINIB	0.6983	AUC	lower = more sensitive	0.9884	1
HCCO17	PONATINIB	0.7102	AUC	lower = more sensitive	0.99	1
HCCO18	PONATINIB	0.6811	AUC	lower = more sensitive	0.911	1
HCCO19	PONATINIB	0.6867	AUC	lower = more sensitive	0.9795	1
HCCO20	PONATINIB	0.7236	AUC	lower = more sensitive	0.9624	1
HCCO21	PONATINIB	0.7424	AUC	lower = more sensitive	0.9267	1
HCCO22	PONATINIB	0.8324	AUC	lower = more sensitive	0.9701	1
HCCO23	PONATINIB	0.7935	AUC	lower = more sensitive	0.9949	1
HCCO24	PONATINIB	0.6422	AUC	lower = more sensitive	0.925	1
HCCO25	PONATINIB	0.7144	AUC	lower = more sensitive	0.8914	1
HCCO27	PONATINIB	0.8198	AUC	lower = more sensitive	0.0267	1
HCCO28	PONATINIB	0.6381	AUC	lower = more sensitive	0.9267	1
HCCO29	PONATINIB	0.6671	AUC	lower = more sensitive	0.9851	1
HCCO30	PONATINIB	0.6812	AUC	lower = more sensitive	0.9848	1
HCCO31	PONATINIB	0.7184	AUC	lower = more sensitive	0.9785	1
HCCO32	PONATINIB	0.7335	AUC	lower = more sensitive	0.9566	1
HCCO33	PONATINIB	0.6132	AUC	lower = more sensitive	0.8727	1
HCCO34	PONATINIB	0.6678	AUC	lower = more sensitive	0.8657	1
HCCO35	PONATINIB	0.734	AUC	lower = more sensitive	0.9921	1
HCCO36	PONATINIB	0.9116	AUC	lower = more sensitive	0.643	1
HCCO37	PONATINIB	0.6129	AUC	lower = more sensitive	0.8716	1
HCCO38	PONATINIB	0.6833	AUC	lower = more sensitive	0.9572	1
HCCO39	PONATINIB	0.6195	AUC	lower = more sensitive	0.5024	1
HCCO4	PONATINIB	0.7872	AUC	lower = more sensitive	0.9477	1
HCCO40	PONATINIB	0.7948	AUC	lower = more sensitive	0.6458	1
HCCO41	PONATINIB	0.6768	AUC	lower = more sensitive	0.1574	1
HCCO43	PONATINIB	0.768	AUC	lower = more sensitive	0.8347	1
HCCO44	PONATINIB	0.9053	AUC	lower = more sensitive	0.7978	1
HCCO45	PONATINIB	0.7439	AUC	lower = more sensitive	0.9209	1
HCCO5	PONATINIB	0.5908	AUC	lower = more sensitive	0.0012	1
HCCO6	PONATINIB	0.6734	AUC	lower = more sensitive	0.0033	1
HCCO7	PONATINIB	0.3334	AUC	lower = more sensitive	-0	1
HCCO8	PONATINIB	0.6002	AUC	lower = more sensitive	0.8611	1
HCCO9	PONATINIB	0.7383	AUC	lower = more sensitive	0.8619	1
ICCO1	PONATINIB	0.6532	AUC	lower = more sensitive	0.9564	1
ICCO10	PONATINIB	0.6807	AUC	lower = more sensitive	0.9729	1
ICCO11	PONATINIB	0.7811	AUC	lower = more sensitive	0.6352	1
ICCO12	PONATINIB	0.6519	AUC	lower = more sensitive	0.708	1
ICCO13	PONATINIB	0.7412	AUC	lower = more sensitive	0.5554	1
ICCO2	PONATINIB	0.7531	AUC	lower = more sensitive	0.743	1
ICCO3	PONATINIB	0.7525	AUC	lower = more sensitive	0.9689	1
ICCO4	PONATINIB	0.7296	AUC	lower = more sensitive	0.8624	1
ICCO5	PONATINIB	0.8305	AUC	lower = more sensitive	0.9987	1
ICCO7	PONATINIB	0.6992	AUC	lower = more sensitive	0.9406	1
ICCO8	PONATINIB	0.7135	AUC	lower = more sensitive	0.9727	1
ICCO9	PONATINIB	0.6808	AUC	lower = more sensitive	0.9642	1
CHCO1	REGORAFENIB	0.8362	AUC	lower = more sensitive	0.9399	1
CHCO2	REGORAFENIB	0.8162	AUC	lower = more sensitive	0.5318	1
CHCO3	REGORAFENIB	0.893	AUC	lower = more sensitive	0.9681	1
CHCO4	REGORAFENIB	0.9044	AUC	lower = more sensitive	0.9467	1
HBO1	REGORAFENIB	0.6547	AUC	lower = more sensitive	0.8877	1
HBO2	REGORAFENIB	0.7497	AUC	lower = more sensitive	0.9528	1
HBO3	REGORAFENIB	0.6289	AUC	lower = more sensitive	0.9571	1
HBO4	REGORAFENIB	0.6657	AUC	lower = more sensitive	0.9879	1
HBO5	REGORAFENIB	0.7253	AUC	lower = more sensitive	0.6459	1
HCCO10	REGORAFENIB	0.8114	AUC	lower = more sensitive	0.8313	1
HCCO11	REGORAFENIB	0.8005	AUC	lower = more sensitive	0.9308	1
HCCO12	REGORAFENIB	0.7651	AUC	lower = more sensitive	0.4361	1
HCCO13	REGORAFENIB	0.8529	AUC	lower = more sensitive	0.9465	1
HCCO14	REGORAFENIB	0.9258	AUC	lower = more sensitive	0.6394	1
HCCO15	REGORAFENIB	0.8349	AUC	lower = more sensitive	0.9151	1
HCCO16	REGORAFENIB	0.7943	AUC	lower = more sensitive	0.9592	1
HCCO17	REGORAFENIB	0.796	AUC	lower = more sensitive	0.9814	1
HCCO18	REGORAFENIB	0.9184	AUC	lower = more sensitive	0.8853	1
HCCO19	REGORAFENIB	0.7656	AUC	lower = more sensitive	0.9633	1
HCCO20	REGORAFENIB	0.8453	AUC	lower = more sensitive	0.838	1
HCCO21	REGORAFENIB	0.7551	AUC	lower = more sensitive	0.8113	1
HCCO22	REGORAFENIB	0.8256	AUC	lower = more sensitive	0.8047	1
HCCO23	REGORAFENIB	0.8475	AUC	lower = more sensitive	0.7287	1
HCCO24	REGORAFENIB	0.7314	AUC	lower = more sensitive	0.8964	1
HCCO25	REGORAFENIB	0.73	AUC	lower = more sensitive	0.4225	1
HCCO27	REGORAFENIB	0.8809	AUC	lower = more sensitive	0.1776	1
HCCO28	REGORAFENIB	0.7555	AUC	lower = more sensitive	0.9279	1
HCCO29	REGORAFENIB	0.7826	AUC	lower = more sensitive	0.9762	1
HCCO30	REGORAFENIB	0.7725	AUC	lower = more sensitive	0.9773	1
HCCO31	REGORAFENIB	0.8162	AUC	lower = more sensitive	0.9389	1
HCCO32	REGORAFENIB	0.7995	AUC	lower = more sensitive	0.9938	1
HCCO33	REGORAFENIB	0.7846	AUC	lower = more sensitive	0.8038	1
HCCO34	REGORAFENIB	0.8354	AUC	lower = more sensitive	0.8132	1
HCCO35	REGORAFENIB	0.8494	AUC	lower = more sensitive	0.98	1
HCCO36	REGORAFENIB	0.9744	AUC	lower = more sensitive	0.0165	1
HCCO37	REGORAFENIB	0.7254	AUC	lower = more sensitive	0.9208	1
HCCO38	REGORAFENIB	0.8011	AUC	lower = more sensitive	0.9829	1
HCCO39	REGORAFENIB	0.8393	AUC	lower = more sensitive	0.9912	1
HCCO4	REGORAFENIB	0.7596	AUC	lower = more sensitive	0.9242	1
HCCO40	REGORAFENIB	0.9625	AUC	lower = more sensitive	0.7956	1
HCCO41	REGORAFENIB	0.8677	AUC	lower = more sensitive	0.0696	1
HCCO43	REGORAFENIB	0.8564	AUC	lower = more sensitive	0	1
HCCO44	REGORAFENIB	0.9198	AUC	lower = more sensitive	0.3984	1
HCCO45	REGORAFENIB	0.7813	AUC	lower = more sensitive	0.9787	1
HCCO5	REGORAFENIB	0.9053	AUC	lower = more sensitive	0.1181	1
HCCO6	REGORAFENIB	0.9254	AUC	lower = more sensitive	0.1564	1
HCCO7	REGORAFENIB	0.6881	AUC	lower = more sensitive	0.6511	1
HCCO8	REGORAFENIB	0.8415	AUC	lower = more sensitive	0.9933	1
HCCO9	REGORAFENIB	0.8513	AUC	lower = more sensitive	0.7219	1
ICCO1	REGORAFENIB	0.8191	AUC	lower = more sensitive	0.8959	1
ICCO10	REGORAFENIB	0.8921	AUC	lower = more sensitive	0.9389	1
ICCO11	REGORAFENIB	0.952	AUC	lower = more sensitive	0.0238	1
ICCO12	REGORAFENIB	0.9368	AUC	lower = more sensitive	0.0704	1
ICCO13	REGORAFENIB	0.8733	AUC	lower = more sensitive	0.6104	1
ICCO2	REGORAFENIB	0.7689	AUC	lower = more sensitive	0.7189	1
ICCO3	REGORAFENIB	0.9118	AUC	lower = more sensitive	0.8418	1
ICCO4	REGORAFENIB	0.8546	AUC	lower = more sensitive	0.9244	1
ICCO5	REGORAFENIB	0.7875	AUC	lower = more sensitive	0.3066	1
ICCO7	REGORAFENIB	0.8961	AUC	lower = more sensitive	0.002	1
ICCO8	REGORAFENIB	0.8868	AUC	lower = more sensitive	0.9503	1
ICCO9	REGORAFENIB	0.8984	AUC	lower = more sensitive	0.9138	1
CHCO1	ROXADUSTAT	0.8994	AUC	lower = more sensitive	0.0773	1
CHCO2	ROXADUSTAT	0.9804	AUC	lower = more sensitive	0.0854	1
CHCO3	ROXADUSTAT	0.8632	AUC	lower = more sensitive	0.2123	1
CHCO4	ROXADUSTAT	0.8431	AUC	lower = more sensitive	0.4436	1
HBO1	ROXADUSTAT	0.7863	AUC	lower = more sensitive	0.4822	1
HBO2	ROXADUSTAT	0.9645	AUC	lower = more sensitive	0.2437	1
HBO3	ROXADUSTAT	0.9661	AUC	lower = more sensitive	0.4684	1
HBO4	ROXADUSTAT	0.6267	AUC	lower = more sensitive	0.3517	1
HBO5	ROXADUSTAT	0.9495	AUC	lower = more sensitive	0.1606	1
HCCO10	ROXADUSTAT	0.8843	AUC	lower = more sensitive	0.1492	1
HCCO11	ROXADUSTAT	0.8354	AUC	lower = more sensitive	0.4298	1
HCCO12	ROXADUSTAT	0.8036	AUC	lower = more sensitive	0.2781	1
HCCO13	ROXADUSTAT	0.9311	AUC	lower = more sensitive	0.4464	1
HCCO14	ROXADUSTAT	0.8537	AUC	lower = more sensitive	0.0763	1
HCCO15	ROXADUSTAT	0.9294	AUC	lower = more sensitive	0.5392	1
HCCO16	ROXADUSTAT	0.9155	AUC	lower = more sensitive	0.4087	1
HCCO17	ROXADUSTAT	0.8977	AUC	lower = more sensitive	0.201	1
HCCO18	ROXADUSTAT	0.8463	AUC	lower = more sensitive	0.041	1
HCCO19	ROXADUSTAT	0.796	AUC	lower = more sensitive	0.4316	1
HCCO20	ROXADUSTAT	0.7701	AUC	lower = more sensitive	0.078	1
HCCO21	ROXADUSTAT	0.8349	AUC	lower = more sensitive	0.2981	1
HCCO22	ROXADUSTAT	0.8702	AUC	lower = more sensitive	0.0435	1
HCCO23	ROXADUSTAT	0.8846	AUC	lower = more sensitive	0.0007	1
HCCO24	ROXADUSTAT	0.8954	AUC	lower = more sensitive	0.175	1
HCCO25	ROXADUSTAT	0.7268	AUC	lower = more sensitive	0.3754	1
HCCO27	ROXADUSTAT	0.799	AUC	lower = more sensitive	0.0795	1
HCCO28	ROXADUSTAT	0.9391	AUC	lower = more sensitive	0.1538	1
HCCO29	ROXADUSTAT	0.9213	AUC	lower = more sensitive	0.6367	1
HCCO30	ROXADUSTAT	0.9516	AUC	lower = more sensitive	0.4716	1
HCCO31	ROXADUSTAT	0.8579	AUC	lower = more sensitive	0.0249	1
HCCO32	ROXADUSTAT	0.8929	AUC	lower = more sensitive	0.1159	1
HCCO33	ROXADUSTAT	0.596	AUC	lower = more sensitive	0.6085	1
HCCO34	ROXADUSTAT	0.7836	AUC	lower = more sensitive	0.5934	1
HCCO35	ROXADUSTAT	0.8628	AUC	lower = more sensitive	0.179	1
HCCO36	ROXADUSTAT	1	AUC	lower = more sensitive	0	1
HCCO37	ROXADUSTAT	0.9938	AUC	lower = more sensitive	0.1667	1
HCCO38	ROXADUSTAT	0.9692	AUC	lower = more sensitive	0.1375	1
HCCO39	ROXADUSTAT	0.783	AUC	lower = more sensitive	0.4522	1
HCCO4	ROXADUSTAT	0.8673	AUC	lower = more sensitive	0.0894	1
HCCO40	ROXADUSTAT	0.858	AUC	lower = more sensitive	0.2521	1
HCCO41	ROXADUSTAT	0.4297	AUC	lower = more sensitive	0.2551	1
HCCO43	ROXADUSTAT	1	AUC	lower = more sensitive	0	1
HCCO44	ROXADUSTAT	0.8316	AUC	lower = more sensitive	0.363	1
HCCO45	ROXADUSTAT	0.9773	AUC	lower = more sensitive	0.1573	1
HCCO5	ROXADUSTAT	0.7993	AUC	lower = more sensitive	0.0305	1
HCCO6	ROXADUSTAT	0.9463	AUC	lower = more sensitive	0.4716	1
HCCO7	ROXADUSTAT	0.7847	AUC	lower = more sensitive	0.0935	1
HCCO8	ROXADUSTAT	0.616	AUC	lower = more sensitive	0.2618	1
HCCO9	ROXADUSTAT	0.9218	AUC	lower = more sensitive	0.1435	1
ICCO1	ROXADUSTAT	0.9857	AUC	lower = more sensitive	0.0683	1
ICCO10	ROXADUSTAT	0.752	AUC	lower = more sensitive	0.2832	1
ICCO11	ROXADUSTAT	1	AUC	lower = more sensitive	0	1
ICCO12	ROXADUSTAT	0.9771	AUC	lower = more sensitive	0.0609	1
ICCO13	ROXADUSTAT	0.7906	AUC	lower = more sensitive	0.3165	1
ICCO2	ROXADUSTAT	1	AUC	lower = more sensitive	0	1
ICCO3	ROXADUSTAT	0.6127	AUC	lower = more sensitive	0.2883	1
ICCO4	ROXADUSTAT	0.8758	AUC	lower = more sensitive	0	1
ICCO5	ROXADUSTAT	0.6267	AUC	lower = more sensitive	0.4715	1
ICCO7	ROXADUSTAT	0.5902	AUC	lower = more sensitive	0.6412	1
ICCO8	ROXADUSTAT	0.7857	AUC	lower = more sensitive	0.2188	1
ICCO9	ROXADUSTAT	0.9343	AUC	lower = more sensitive	0.3721	1
CHCO1	SELUMETINIB	0.9591	AUC	lower = more sensitive	0.2115	1
CHCO2	SELUMETINIB	0.9027	AUC	lower = more sensitive	0.1921	1
CHCO3	SELUMETINIB	0.8672	AUC	lower = more sensitive	0.1588	1
CHCO4	SELUMETINIB	0.9477	AUC	lower = more sensitive	0.3541	1
HBO1	SELUMETINIB	0.723	AUC	lower = more sensitive	0.0902	1
HBO2	SELUMETINIB	0.724	AUC	lower = more sensitive	0.8961	1
HBO3	SELUMETINIB	0.9184	AUC	lower = more sensitive	0.7393	1
HBO4	SELUMETINIB	0.6142	AUC	lower = more sensitive	0.9158	1
HBO5	SELUMETINIB	0.6938	AUC	lower = more sensitive	0.4685	1
HCCO10	SELUMETINIB	0.7823	AUC	lower = more sensitive	0.8799	1
HCCO11	SELUMETINIB	0.7811	AUC	lower = more sensitive	0.416	1
HCCO12	SELUMETINIB	0.5099	AUC	lower = more sensitive	0.0091	1
HCCO13	SELUMETINIB	0.9038	AUC	lower = more sensitive	0.0483	1
HCCO14	SELUMETINIB	0.8563	AUC	lower = more sensitive	0.4568	1
HCCO15	SELUMETINIB	0.8378	AUC	lower = more sensitive	0.0548	1
HCCO16	SELUMETINIB	0.8754	AUC	lower = more sensitive	0.7352	1
HCCO17	SELUMETINIB	0.8189	AUC	lower = more sensitive	0.7662	1
HCCO18	SELUMETINIB	0.9587	AUC	lower = more sensitive	0.7157	1
HCCO19	SELUMETINIB	0.8119	AUC	lower = more sensitive	0.8202	1
HCCO20	SELUMETINIB	0.9429	AUC	lower = more sensitive	0.4132	1
HCCO21	SELUMETINIB	0.8384	AUC	lower = more sensitive	0.0171	1
HCCO22	SELUMETINIB	0.9388	AUC	lower = more sensitive	0.2987	1
HCCO23	SELUMETINIB	0.8032	AUC	lower = more sensitive	0.3935	1
HCCO24	SELUMETINIB	0.7896	AUC	lower = more sensitive	0.6356	1
HCCO25	SELUMETINIB	0.8683	AUC	lower = more sensitive	0.4529	1
HCCO27	SELUMETINIB	0.9678	AUC	lower = more sensitive	0.3285	1
HCCO28	SELUMETINIB	0.913	AUC	lower = more sensitive	0.5109	1
HCCO29	SELUMETINIB	0.7596	AUC	lower = more sensitive	0.994	1
HCCO30	SELUMETINIB	0.8082	AUC	lower = more sensitive	0.9923	1
HCCO31	SELUMETINIB	0.9149	AUC	lower = more sensitive	0.0024	1
HCCO32	SELUMETINIB	0.9405	AUC	lower = more sensitive	0.1688	1
HCCO33	SELUMETINIB	0.8081	AUC	lower = more sensitive	0.0776	1
HCCO34	SELUMETINIB	0.8319	AUC	lower = more sensitive	0.0609	1
HCCO35	SELUMETINIB	0.9089	AUC	lower = more sensitive	0.0091	1
HCCO36	SELUMETINIB	0.808	AUC	lower = more sensitive	0.1019	1
HCCO37	SELUMETINIB	0.8075	AUC	lower = more sensitive	0.9728	1
HCCO38	SELUMETINIB	0.8641	AUC	lower = more sensitive	0.4666	1
HCCO39	SELUMETINIB	0.8178	AUC	lower = more sensitive	0.1163	1
HCCO4	SELUMETINIB	0.9865	AUC	lower = more sensitive	0.0024	1
HCCO40	SELUMETINIB	0.8908	AUC	lower = more sensitive	0.7209	1
HCCO41	SELUMETINIB	0.685	AUC	lower = more sensitive	0.083	1
HCCO43	SELUMETINIB	0.7542	AUC	lower = more sensitive	0.6507	1
HCCO44	SELUMETINIB	0.8833	AUC	lower = more sensitive	0.2134	1
HCCO45	SELUMETINIB	0.9862	AUC	lower = more sensitive	0.1605	1
HCCO5	SELUMETINIB	0.961	AUC	lower = more sensitive	0.1996	1
HCCO6	SELUMETINIB	0.8562	AUC	lower = more sensitive	0.0115	1
HCCO7	SELUMETINIB	0.788	AUC	lower = more sensitive	0.7618	1
HCCO8	SELUMETINIB	0.7825	AUC	lower = more sensitive	0.0916	1
HCCO9	SELUMETINIB	0.8928	AUC	lower = more sensitive	0.724	1
ICCO1	SELUMETINIB	0.8354	AUC	lower = more sensitive	0.5916	1
ICCO10	SELUMETINIB	0.9108	AUC	lower = more sensitive	0.6037	1
ICCO11	SELUMETINIB	0.821	AUC	lower = more sensitive	0.239	1
ICCO12	SELUMETINIB	0.6786	AUC	lower = more sensitive	0.028	1
ICCO13	SELUMETINIB	0.7596	AUC	lower = more sensitive	0.0239	1
ICCO2	SELUMETINIB	0.9949	AUC	lower = more sensitive	0	1
ICCO3	SELUMETINIB	0.7945	AUC	lower = more sensitive	0.3168	1
ICCO4	SELUMETINIB	0.8614	AUC	lower = more sensitive	0.0969	1
ICCO5	SELUMETINIB	0.8187	AUC	lower = more sensitive	0.4261	1
ICCO7	SELUMETINIB	0.8973	AUC	lower = more sensitive	0.8349	1
ICCO8	SELUMETINIB	0.8071	AUC	lower = more sensitive	0.7588	1
ICCO9	SELUMETINIB	0.907	AUC	lower = more sensitive	0.7244	1
CHCO1	SERDEMETAN	0.7702	AUC	lower = more sensitive	0.2765	1
CHCO2	SERDEMETAN	0.7574	AUC	lower = more sensitive	0.786	1
CHCO3	SERDEMETAN	0.8435	AUC	lower = more sensitive	0.7739	1
CHCO4	SERDEMETAN	0.7143	AUC	lower = more sensitive	0.9559	1
HBO1	SERDEMETAN	0.7927	AUC	lower = more sensitive	0.4227	1
HBO2	SERDEMETAN	0.7303	AUC	lower = more sensitive	0.6069	1
HBO3	SERDEMETAN	0.8654	AUC	lower = more sensitive	0.5967	1
HBO4	SERDEMETAN	0.6475	AUC	lower = more sensitive	0.8459	1
HBO5	SERDEMETAN	0.6773	AUC	lower = more sensitive	0.3123	1
HCCO10	SERDEMETAN	0.8789	AUC	lower = more sensitive	0.2011	1
HCCO11	SERDEMETAN	0.6297	AUC	lower = more sensitive	0.3434	1
HCCO12	SERDEMETAN	0.86	AUC	lower = more sensitive	0.377	1
HCCO13	SERDEMETAN	0.7932	AUC	lower = more sensitive	0.3923	1
HCCO14	SERDEMETAN	0.8562	AUC	lower = more sensitive	0.8083	1
HCCO15	SERDEMETAN	0.8917	AUC	lower = more sensitive	0.9646	1
HCCO16	SERDEMETAN	0.7582	AUC	lower = more sensitive	0.8286	1
HCCO17	SERDEMETAN	0.7918	AUC	lower = more sensitive	0.866	1
HCCO18	SERDEMETAN	0.8018	AUC	lower = more sensitive	0.8556	1
HCCO19	SERDEMETAN	0.8016	AUC	lower = more sensitive	0.966	1
HCCO20	SERDEMETAN	0.8046	AUC	lower = more sensitive	0.5059	1
HCCO21	SERDEMETAN	0.8354	AUC	lower = more sensitive	0.9195	1
HCCO22	SERDEMETAN	0.893	AUC	lower = more sensitive	0.9011	1
HCCO23	SERDEMETAN	0.8974	AUC	lower = more sensitive	0.9045	1
HCCO24	SERDEMETAN	0.7749	AUC	lower = more sensitive	0.2637	1
HCCO25	SERDEMETAN	0.8453	AUC	lower = more sensitive	0.5991	1
HCCO27	SERDEMETAN	0.8807	AUC	lower = more sensitive	0.4587	1
HCCO28	SERDEMETAN	0.7977	AUC	lower = more sensitive	0.7982	1
HCCO29	SERDEMETAN	0.7874	AUC	lower = more sensitive	0.9987	1
HCCO30	SERDEMETAN	0.7826	AUC	lower = more sensitive	0.9905	1
HCCO31	SERDEMETAN	0.7083	AUC	lower = more sensitive	0.7367	1
HCCO32	SERDEMETAN	0.8056	AUC	lower = more sensitive	0.8018	1
HCCO33	SERDEMETAN	0.7766	AUC	lower = more sensitive	0.6967	1
HCCO34	SERDEMETAN	0.6293	AUC	lower = more sensitive	0.3719	1
HCCO35	SERDEMETAN	0.7472	AUC	lower = more sensitive	0.8087	1
HCCO36	SERDEMETAN	0.8774	AUC	lower = more sensitive	0.2348	1
HCCO37	SERDEMETAN	0.8243	AUC	lower = more sensitive	0.9649	1
HCCO38	SERDEMETAN	0.7715	AUC	lower = more sensitive	0.8881	1
HCCO39	SERDEMETAN	0.7882	AUC	lower = more sensitive	0.8004	1
HCCO4	SERDEMETAN	0.8158	AUC	lower = more sensitive	0.8537	1
HCCO40	SERDEMETAN	0.818	AUC	lower = more sensitive	0.9109	1
HCCO41	SERDEMETAN	0.5319	AUC	lower = more sensitive	0.3106	1
HCCO43	SERDEMETAN	0.76	AUC	lower = more sensitive	0.8249	1
HCCO44	SERDEMETAN	0.8301	AUC	lower = more sensitive	0.3855	1
HCCO45	SERDEMETAN	0.8611	AUC	lower = more sensitive	0.8197	1
HCCO5	SERDEMETAN	0.8429	AUC	lower = more sensitive	0.4704	1
HCCO6	SERDEMETAN	0.8955	AUC	lower = more sensitive	0.3449	1
HCCO7	SERDEMETAN	0.7685	AUC	lower = more sensitive	0.7297	1
HCCO8	SERDEMETAN	0.8351	AUC	lower = more sensitive	0.2797	1
HCCO9	SERDEMETAN	0.6908	AUC	lower = more sensitive	0.0644	1
ICCO1	SERDEMETAN	0.8029	AUC	lower = more sensitive	0.7399	1
ICCO10	SERDEMETAN	0.6693	AUC	lower = more sensitive	0.9265	1
ICCO11	SERDEMETAN	0.7571	AUC	lower = more sensitive	0.4218	1
ICCO12	SERDEMETAN	0.8272	AUC	lower = more sensitive	0.2618	1
ICCO13	SERDEMETAN	0.8912	AUC	lower = more sensitive	0.003	1
ICCO2	SERDEMETAN	0.8803	AUC	lower = more sensitive	0.7938	1
ICCO3	SERDEMETAN	0.8326	AUC	lower = more sensitive	0.4506	1
ICCO4	SERDEMETAN	0.8615	AUC	lower = more sensitive	0.855	1
ICCO5	SERDEMETAN	0.8559	AUC	lower = more sensitive	0.797	1
ICCO7	SERDEMETAN	0.6825	AUC	lower = more sensitive	0.6269	1
ICCO8	SERDEMETAN	0.7669	AUC	lower = more sensitive	0.8993	1
ICCO9	SERDEMETAN	0.7996	AUC	lower = more sensitive	0.3616	1
CHCO1	SIROLIMUS	0.8144	AUC	lower = more sensitive	0.2188	1
CHCO2	SIROLIMUS	0.6484	AUC	lower = more sensitive	0.0505	1
CHCO3	SIROLIMUS	0.6186	AUC	lower = more sensitive	0.0202	1
CHCO4	SIROLIMUS	0.8901	AUC	lower = more sensitive	0.2781	1
HBO1	SIROLIMUS	0.8286	AUC	lower = more sensitive	0.204	1
HBO2	SIROLIMUS	0.8553	AUC	lower = more sensitive	0.1303	1
HBO3	SIROLIMUS	0.8827	AUC	lower = more sensitive	0.9913	1
HBO4	SIROLIMUS	0.8323	AUC	lower = more sensitive	0.4307	1
HBO5	SIROLIMUS	1	AUC	lower = more sensitive	0	1
HCCO10	SIROLIMUS	0.7784	AUC	lower = more sensitive	0.3298	1
HCCO11	SIROLIMUS	0.8939	AUC	lower = more sensitive	0.0655	1
HCCO12	SIROLIMUS	0.628	AUC	lower = more sensitive	0.0151	1
HCCO13	SIROLIMUS	0.5123	AUC	lower = more sensitive	0.0037	1
HCCO14	SIROLIMUS	0.8396	AUC	lower = more sensitive	0.1163	1
HCCO15	SIROLIMUS	0.7428	AUC	lower = more sensitive	0.1205	1
HCCO16	SIROLIMUS	0.5048	AUC	lower = more sensitive	0.2727	1
HCCO17	SIROLIMUS	0.7805	AUC	lower = more sensitive	0.0016	1
HCCO18	SIROLIMUS	0.8381	AUC	lower = more sensitive	0.5201	1
HCCO19	SIROLIMUS	0.8593	AUC	lower = more sensitive	0.9181	1
HCCO20	SIROLIMUS	0.7102	AUC	lower = more sensitive	0.0311	1
HCCO21	SIROLIMUS	0.8502	AUC	lower = more sensitive	0.2274	1
HCCO22	SIROLIMUS	0.6367	AUC	lower = more sensitive	0.0919	1
HCCO23	SIROLIMUS	0.7281	AUC	lower = more sensitive	0.2942	1
HCCO24	SIROLIMUS	0.8009	AUC	lower = more sensitive	0.2826	1
HCCO25	SIROLIMUS	0.7986	AUC	lower = more sensitive	0.0069	1
HCCO27	SIROLIMUS	0.8529	AUC	lower = more sensitive	0.0003	1
HCCO28	SIROLIMUS	0.7395	AUC	lower = more sensitive	0.0528	1
HCCO29	SIROLIMUS	0.896	AUC	lower = more sensitive	0.9763	1
HCCO30	SIROLIMUS	0.9216	AUC	lower = more sensitive	0.9012	1
HCCO31	SIROLIMUS	0.8132	AUC	lower = more sensitive	0.1156	1
HCCO32	SIROLIMUS	0.9358	AUC	lower = more sensitive	0.0001	1
HCCO33	SIROLIMUS	0.7595	AUC	lower = more sensitive	0.2902	1
HCCO34	SIROLIMUS	0.8013	AUC	lower = more sensitive	0.1231	1
HCCO35	SIROLIMUS	0.7397	AUC	lower = more sensitive	0.0449	1
HCCO36	SIROLIMUS	0.9314	AUC	lower = more sensitive	0.0673	1
HCCO37	SIROLIMUS	0.9316	AUC	lower = more sensitive	0.5608	1
HCCO38	SIROLIMUS	0.7591	AUC	lower = more sensitive	0.2455	1
HCCO39	SIROLIMUS	0.6769	AUC	lower = more sensitive	0.1047	1
HCCO4	SIROLIMUS	0.9137	AUC	lower = more sensitive	0.3568	1
HCCO40	SIROLIMUS	0.733	AUC	lower = more sensitive	0	1
HCCO41	SIROLIMUS	0.3548	AUC	lower = more sensitive	-0.0582	1
HCCO43	SIROLIMUS	0.6512	AUC	lower = more sensitive	0.1087	1
HCCO44	SIROLIMUS	0.6741	AUC	lower = more sensitive	0.2471	1
HCCO45	SIROLIMUS	0.7544	AUC	lower = more sensitive	0.2798	1
HCCO5	SIROLIMUS	0.9272	AUC	lower = more sensitive	0.2921	1
HCCO6	SIROLIMUS	0.8718	AUC	lower = more sensitive	0.0095	1
HCCO7	SIROLIMUS	0.7108	AUC	lower = more sensitive	0.2931	1
HCCO8	SIROLIMUS	0.811	AUC	lower = more sensitive	0.0298	1
HCCO9	SIROLIMUS	0.8788	AUC	lower = more sensitive	0.069	1
ICCO1	SIROLIMUS	0.7339	AUC	lower = more sensitive	0.2859	1
ICCO10	SIROLIMUS	0.8346	AUC	lower = more sensitive	0.148	1
ICCO11	SIROLIMUS	0.8874	AUC	lower = more sensitive	0.4422	1
ICCO12	SIROLIMUS	0.582	AUC	lower = more sensitive	0.0021	1
ICCO13	SIROLIMUS	0.6484	AUC	lower = more sensitive	0.0598	1
ICCO2	SIROLIMUS	0.94	AUC	lower = more sensitive	0.8966	1
ICCO3	SIROLIMUS	0.7463	AUC	lower = more sensitive	0.0007	1
ICCO4	SIROLIMUS	0.7541	AUC	lower = more sensitive	0.091	1
ICCO5	SIROLIMUS	0.8861	AUC	lower = more sensitive	0.7626	1
ICCO7	SIROLIMUS	0.7135	AUC	lower = more sensitive	0.3578	1
ICCO8	SIROLIMUS	0.5804	AUC	lower = more sensitive	0.2863	1
ICCO9	SIROLIMUS	0.7883	AUC	lower = more sensitive	0.0462	1
CHCO1	SORAFENIB	0.7359	AUC	lower = more sensitive	0.6409	1
CHCO2	SORAFENIB	0.7572	AUC	lower = more sensitive	0.6473	1
CHCO3	SORAFENIB	0.7581	AUC	lower = more sensitive	0.3456	1
CHCO4	SORAFENIB	0.807	AUC	lower = more sensitive	0.9162	1
HBO1	SORAFENIB	0.5972	AUC	lower = more sensitive	0.8198	1
HBO2	SORAFENIB	0.7893	AUC	lower = more sensitive	0.9645	1
HBO3	SORAFENIB	0.6791	AUC	lower = more sensitive	0.9252	1
HBO4	SORAFENIB	0.7345	AUC	lower = more sensitive	0.9877	1
HBO5	SORAFENIB	0.8706	AUC	lower = more sensitive	0.8869	1
HCCO10	SORAFENIB	0.603	AUC	lower = more sensitive	0.034	1
HCCO11	SORAFENIB	0.7804	AUC	lower = more sensitive	0.9212	1
HCCO12	SORAFENIB	0.6898	AUC	lower = more sensitive	0.544	1
HCCO13	SORAFENIB	0.8214	AUC	lower = more sensitive	0.836	1
HCCO14	SORAFENIB	0.8725	AUC	lower = more sensitive	0.9451	1
HCCO15	SORAFENIB	0.9165	AUC	lower = more sensitive	0.7942	1
HCCO16	SORAFENIB	0.7709	AUC	lower = more sensitive	0.9785	1
HCCO17	SORAFENIB	0.7366	AUC	lower = more sensitive	0.6949	1
HCCO18	SORAFENIB	0.8948	AUC	lower = more sensitive	0.6174	1
HCCO19	SORAFENIB	0.6371	AUC	lower = more sensitive	0.4772	1
HCCO20	SORAFENIB	0.8201	AUC	lower = more sensitive	0.665	1
HCCO21	SORAFENIB	0.7821	AUC	lower = more sensitive	0.834	1
HCCO22	SORAFENIB	0.9036	AUC	lower = more sensitive	0.9482	1
HCCO23	SORAFENIB	0.8214	AUC	lower = more sensitive	0.7397	1
HCCO24	SORAFENIB	0.7621	AUC	lower = more sensitive	0.8052	1
HCCO25	SORAFENIB	0.8022	AUC	lower = more sensitive	0.4267	1
HCCO27	SORAFENIB	0.899	AUC	lower = more sensitive	0.3024	1
HCCO28	SORAFENIB	0.7784	AUC	lower = more sensitive	0.7906	1
HCCO29	SORAFENIB	0.7629	AUC	lower = more sensitive	0.9472	1
HCCO30	SORAFENIB	0.7736	AUC	lower = more sensitive	0.9934	1
HCCO31	SORAFENIB	0.8523	AUC	lower = more sensitive	0.9752	1
HCCO32	SORAFENIB	0.7979	AUC	lower = more sensitive	0.9083	1
HCCO33	SORAFENIB	0.757	AUC	lower = more sensitive	0.9075	1
HCCO34	SORAFENIB	0.8197	AUC	lower = more sensitive	0.8616	1
HCCO35	SORAFENIB	0.8187	AUC	lower = more sensitive	0.9714	1
HCCO36	SORAFENIB	0.9144	AUC	lower = more sensitive	0.8029	1
HCCO37	SORAFENIB	0.7099	AUC	lower = more sensitive	0.8458	1
HCCO38	SORAFENIB	0.775	AUC	lower = more sensitive	0.9955	1
HCCO39	SORAFENIB	0.8099	AUC	lower = more sensitive	0.7955	1
HCCO4	SORAFENIB	0.73	AUC	lower = more sensitive	0.9929	1
HCCO40	SORAFENIB	0.9113	AUC	lower = more sensitive	0.5544	1
HCCO41	SORAFENIB	0.4132	AUC	lower = more sensitive	0.3842	1
HCCO43	SORAFENIB	0.6606	AUC	lower = more sensitive	0.037	1
HCCO44	SORAFENIB	0.8203	AUC	lower = more sensitive	0.1435	1
HCCO45	SORAFENIB	0.8102	AUC	lower = more sensitive	0.9581	1
HCCO5	SORAFENIB	0.9062	AUC	lower = more sensitive	0.1241	1
HCCO6	SORAFENIB	0.8996	AUC	lower = more sensitive	0.3009	1
HCCO7	SORAFENIB	0.7472	AUC	lower = more sensitive	0.251	1
HCCO8	SORAFENIB	0.6935	AUC	lower = more sensitive	0.3809	1
HCCO9	SORAFENIB	0.744	AUC	lower = more sensitive	0.2695	1
ICCO1	SORAFENIB	0.7845	AUC	lower = more sensitive	0.9602	1
ICCO10	SORAFENIB	0.8012	AUC	lower = more sensitive	0.766	1
ICCO11	SORAFENIB	0.8808	AUC	lower = more sensitive	0.7648	1
ICCO12	SORAFENIB	0.8588	AUC	lower = more sensitive	0.2931	1
ICCO13	SORAFENIB	0.6757	AUC	lower = more sensitive	0.3639	1
ICCO2	SORAFENIB	0.8534	AUC	lower = more sensitive	0.6882	1
ICCO3	SORAFENIB	0.9345	AUC	lower = more sensitive	0.7087	1
ICCO4	SORAFENIB	0.765	AUC	lower = more sensitive	0.8089	1
ICCO5	SORAFENIB	0.7648	AUC	lower = more sensitive	0.7776	1
ICCO7	SORAFENIB	0.8663	AUC	lower = more sensitive	0.116	1
ICCO8	SORAFENIB	0.851	AUC	lower = more sensitive	0.74	1
ICCO9	SORAFENIB	0.8195	AUC	lower = more sensitive	0.3975	1
CHCO1	SUNITINIB	0.7594	AUC	lower = more sensitive	0.2478	1
CHCO2	SUNITINIB	0.6855	AUC	lower = more sensitive	0.5489	1
CHCO3	SUNITINIB	0.8745	AUC	lower = more sensitive	0.9208	1
CHCO4	SUNITINIB	0.8976	AUC	lower = more sensitive	0.3232	1
HBO1	SUNITINIB	0.9165	AUC	lower = more sensitive	0.3405	1
HBO2	SUNITINIB	0.8036	AUC	lower = more sensitive	0.928	1
HBO3	SUNITINIB	0.9002	AUC	lower = more sensitive	0.8657	1
HBO4	SUNITINIB	0.7369	AUC	lower = more sensitive	0.9436	1
HBO5	SUNITINIB	0.7805	AUC	lower = more sensitive	0.7911	1
HCCO10	SUNITINIB	0.8313	AUC	lower = more sensitive	0.731	1
HCCO11	SUNITINIB	0.8496	AUC	lower = more sensitive	0.6864	1
HCCO12	SUNITINIB	0.8583	AUC	lower = more sensitive	0.6634	1
HCCO13	SUNITINIB	0.8402	AUC	lower = more sensitive	0.7582	1
HCCO14	SUNITINIB	0.8625	AUC	lower = more sensitive	0.8721	1
HCCO15	SUNITINIB	0.8496	AUC	lower = more sensitive	0.805	1
HCCO16	SUNITINIB	0.8083	AUC	lower = more sensitive	0.9785	1
HCCO17	SUNITINIB	0.8346	AUC	lower = more sensitive	0.975	1
HCCO18	SUNITINIB	0.8025	AUC	lower = more sensitive	0.8253	1
HCCO19	SUNITINIB	0.8185	AUC	lower = more sensitive	0.9776	1
HCCO20	SUNITINIB	0.8009	AUC	lower = more sensitive	0.8967	1
HCCO21	SUNITINIB	0.8495	AUC	lower = more sensitive	0.7744	1
HCCO22	SUNITINIB	0.8423	AUC	lower = more sensitive	0.8625	1
HCCO23	SUNITINIB	0.9324	AUC	lower = more sensitive	0.7731	1
HCCO24	SUNITINIB	0.7958	AUC	lower = more sensitive	0.9837	1
HCCO25	SUNITINIB	0.8875	AUC	lower = more sensitive	0.416	1
HCCO27	SUNITINIB	0.9031	AUC	lower = more sensitive	0.2643	1
HCCO28	SUNITINIB	0.7588	AUC	lower = more sensitive	0.9789	1
HCCO29	SUNITINIB	0.7947	AUC	lower = more sensitive	0.9933	1
HCCO30	SUNITINIB	0.7994	AUC	lower = more sensitive	0.9874	1
HCCO31	SUNITINIB	0.8297	AUC	lower = more sensitive	0.9728	1
HCCO32	SUNITINIB	0.8278	AUC	lower = more sensitive	0.8689	1
HCCO33	SUNITINIB	0.8392	AUC	lower = more sensitive	0.9796	1
HCCO34	SUNITINIB	0.7806	AUC	lower = more sensitive	0.8024	1
HCCO35	SUNITINIB	0.7803	AUC	lower = more sensitive	0.8083	1
HCCO36	SUNITINIB	0.8801	AUC	lower = more sensitive	0.5412	1
HCCO37	SUNITINIB	0.7917	AUC	lower = more sensitive	0.9561	1
HCCO38	SUNITINIB	0.7562	AUC	lower = more sensitive	0.5608	1
HCCO39	SUNITINIB	0.6383	AUC	lower = more sensitive	0.6227	1
HCCO4	SUNITINIB	0.9259	AUC	lower = more sensitive	0.7185	1
HCCO40	SUNITINIB	0.8794	AUC	lower = more sensitive	0.5426	1
HCCO41	SUNITINIB	0.8154	AUC	lower = more sensitive	0.5318	1
HCCO43	SUNITINIB	0.7658	AUC	lower = more sensitive	0.791	1
HCCO44	SUNITINIB	0.8887	AUC	lower = more sensitive	0.3472	1
HCCO45	SUNITINIB	0.8088	AUC	lower = more sensitive	0.8781	1
HCCO5	SUNITINIB	0.7664	AUC	lower = more sensitive	0.015	1
HCCO6	SUNITINIB	0.8867	AUC	lower = more sensitive	0.0782	1
HCCO7	SUNITINIB	0.7416	AUC	lower = more sensitive	0.8771	1
HCCO8	SUNITINIB	0.6899	AUC	lower = more sensitive	0.3964	1
HCCO9	SUNITINIB	0.8108	AUC	lower = more sensitive	0.9383	1
ICCO1	SUNITINIB	0.7388	AUC	lower = more sensitive	0.9313	1
ICCO10	SUNITINIB	0.7736	AUC	lower = more sensitive	0.9635	1
ICCO11	SUNITINIB	0.846	AUC	lower = more sensitive	0.8263	1
ICCO12	SUNITINIB	0.8166	AUC	lower = more sensitive	0.8852	1
ICCO13	SUNITINIB	0.7448	AUC	lower = more sensitive	0.9502	1
ICCO2	SUNITINIB	0.8872	AUC	lower = more sensitive	0.9388	1
ICCO3	SUNITINIB	0.8631	AUC	lower = more sensitive	0.9818	1
ICCO4	SUNITINIB	0.795	AUC	lower = more sensitive	0.762	1
ICCO5	SUNITINIB	0.8981	AUC	lower = more sensitive	0.8627	1
ICCO7	SUNITINIB	0.7877	AUC	lower = more sensitive	0.845	1
ICCO8	SUNITINIB	0.8043	AUC	lower = more sensitive	0.8927	1
ICCO9	SUNITINIB	0.8369	AUC	lower = more sensitive	0.646	1
CHCO1	TALAZOPARIB	0.7917	AUC	lower = more sensitive	0.2934	1
CHCO2	TALAZOPARIB	0.6221	AUC	lower = more sensitive	0.5367	1
CHCO3	TALAZOPARIB	0.87	AUC	lower = more sensitive	0.296	1
CHCO4	TALAZOPARIB	0.9246	AUC	lower = more sensitive	0.2537	1
HBO1	TALAZOPARIB	0.7522	AUC	lower = more sensitive	0.5458	1
HBO2	TALAZOPARIB	0.7602	AUC	lower = more sensitive	0.9333	1
HBO3	TALAZOPARIB	1	AUC	lower = more sensitive	0	1
HBO4	TALAZOPARIB	0.6609	AUC	lower = more sensitive	0.8691	1
HBO5	TALAZOPARIB	0.4979	AUC	lower = more sensitive	0.1011	1
HCCO10	TALAZOPARIB	0.7982	AUC	lower = more sensitive	0.4477	1
HCCO11	TALAZOPARIB	0.9321	AUC	lower = more sensitive	0.0453	1
HCCO12	TALAZOPARIB	0.7381	AUC	lower = more sensitive	0.0005	1
HCCO13	TALAZOPARIB	0.7884	AUC	lower = more sensitive	0.143	1
HCCO14	TALAZOPARIB	0.966	AUC	lower = more sensitive	0.3302	1
HCCO15	TALAZOPARIB	0.9068	AUC	lower = more sensitive	0.6717	1
HCCO16	TALAZOPARIB	0.7676	AUC	lower = more sensitive	0.9195	1
HCCO17	TALAZOPARIB	0.8287	AUC	lower = more sensitive	0.5621	1
HCCO18	TALAZOPARIB	0.8601	AUC	lower = more sensitive	0.6349	1
HCCO19	TALAZOPARIB	0.8406	AUC	lower = more sensitive	0.2746	1
HCCO20	TALAZOPARIB	0.8162	AUC	lower = more sensitive	0.0005	1
HCCO21	TALAZOPARIB	0.8823	AUC	lower = more sensitive	0.0216	1
HCCO22	TALAZOPARIB	0.7908	AUC	lower = more sensitive	0.6178	1
HCCO23	TALAZOPARIB	0.8581	AUC	lower = more sensitive	0.2724	1
HCCO24	TALAZOPARIB	0.9035	AUC	lower = more sensitive	0.8475	1
HCCO25	TALAZOPARIB	0.8452	AUC	lower = more sensitive	0.6589	1
HCCO27	TALAZOPARIB	0.9453	AUC	lower = more sensitive	0.4108	1
HCCO28	TALAZOPARIB	0.7975	AUC	lower = more sensitive	0.2351	1
HCCO29	TALAZOPARIB	0.9393	AUC	lower = more sensitive	0.7864	1
HCCO30	TALAZOPARIB	0.9747	AUC	lower = more sensitive	0.4244	1
HCCO31	TALAZOPARIB	0.936	AUC	lower = more sensitive	0.2863	1
HCCO32	TALAZOPARIB	0.94	AUC	lower = more sensitive	0.4752	1
HCCO33	TALAZOPARIB	0.9817	AUC	lower = more sensitive	0.1313	1
HCCO34	TALAZOPARIB	0.946	AUC	lower = more sensitive	0.0898	1
HCCO35	TALAZOPARIB	0.8762	AUC	lower = more sensitive	0.2664	1
HCCO36	TALAZOPARIB	0.9313	AUC	lower = more sensitive	0.0904	1
HCCO37	TALAZOPARIB	0.8743	AUC	lower = more sensitive	0.8248	1
HCCO38	TALAZOPARIB	0.9475	AUC	lower = more sensitive	0.769	1
HCCO39	TALAZOPARIB	0.9143	AUC	lower = more sensitive	0.2088	1
HCCO4	TALAZOPARIB	0.9612	AUC	lower = more sensitive	0.1287	1
HCCO40	TALAZOPARIB	0.8519	AUC	lower = more sensitive	0.0197	1
HCCO41	TALAZOPARIB	0.7994	AUC	lower = more sensitive	0.1643	1
HCCO43	TALAZOPARIB	0.8252	AUC	lower = more sensitive	0.0481	1
HCCO44	TALAZOPARIB	0.836	AUC	lower = more sensitive	0.2025	1
HCCO45	TALAZOPARIB	0.9434	AUC	lower = more sensitive	0.4002	1
HCCO5	TALAZOPARIB	0.9906	AUC	lower = more sensitive	0.0004	1
HCCO6	TALAZOPARIB	0.9725	AUC	lower = more sensitive	0.1626	1
HCCO7	TALAZOPARIB	0.8989	AUC	lower = more sensitive	0.5941	1
HCCO8	TALAZOPARIB	0.8412	AUC	lower = more sensitive	0.129	1
HCCO9	TALAZOPARIB	0.6849	AUC	lower = more sensitive	0.143	1
ICCO1	TALAZOPARIB	0.7842	AUC	lower = more sensitive	0.6487	1
ICCO10	TALAZOPARIB	0.8702	AUC	lower = more sensitive	0.6031	1
ICCO11	TALAZOPARIB	0.96	AUC	lower = more sensitive	0.1529	1
ICCO12	TALAZOPARIB	0.8698	AUC	lower = more sensitive	0.2982	1
ICCO13	TALAZOPARIB	0.9103	AUC	lower = more sensitive	0.2369	1
ICCO2	TALAZOPARIB	0.9958	AUC	lower = more sensitive	0.4714	1
ICCO3	TALAZOPARIB	0.9129	AUC	lower = more sensitive	0.6003	1
ICCO4	TALAZOPARIB	0.8551	AUC	lower = more sensitive	0.5278	1
ICCO5	TALAZOPARIB	0.9268	AUC	lower = more sensitive	0.2245	1
ICCO7	TALAZOPARIB	0.5404	AUC	lower = more sensitive	0.5664	1
ICCO8	TALAZOPARIB	0.8652	AUC	lower = more sensitive	0.6639	1
ICCO9	TALAZOPARIB	0.8079	AUC	lower = more sensitive	0.309	1
CHCO1	TANESPIMYCIN	0.6932	AUC	lower = more sensitive	0.8294	1
CHCO2	TANESPIMYCIN	0.5661	AUC	lower = more sensitive	0.8186	1
CHCO3	TANESPIMYCIN	0.6467	AUC	lower = more sensitive	0.9596	1
CHCO4	TANESPIMYCIN	0.713	AUC	lower = more sensitive	0.9429	1
HBO1	TANESPIMYCIN	0.5779	AUC	lower = more sensitive	0.9263	1
HBO2	TANESPIMYCIN	0.5031	AUC	lower = more sensitive	0.9416	1
HBO3	TANESPIMYCIN	0.2746	AUC	lower = more sensitive	0	1
HBO4	TANESPIMYCIN	0.4682	AUC	lower = more sensitive	0.9736	1
HBO5	TANESPIMYCIN	0.4388	AUC	lower = more sensitive	0.6898	1
HCCO10	TANESPIMYCIN	0.7064	AUC	lower = more sensitive	0.9767	1
HCCO11	TANESPIMYCIN	0.6784	AUC	lower = more sensitive	0.5123	1
HCCO12	TANESPIMYCIN	0.5397	AUC	lower = more sensitive	0.4562	1
HCCO13	TANESPIMYCIN	0.7357	AUC	lower = more sensitive	0.6934	1
HCCO14	TANESPIMYCIN	0.8504	AUC	lower = more sensitive	0.866	1
HCCO15	TANESPIMYCIN	0.7505	AUC	lower = more sensitive	0.9209	1
HCCO16	TANESPIMYCIN	0.6184	AUC	lower = more sensitive	0.9644	1
HCCO17	TANESPIMYCIN	0.5216	AUC	lower = more sensitive	0.97	1
HCCO18	TANESPIMYCIN	0.6832	AUC	lower = more sensitive	0.7565	1
HCCO19	TANESPIMYCIN	0.5682	AUC	lower = more sensitive	0.9265	1
HCCO20	TANESPIMYCIN	0.4983	AUC	lower = more sensitive	0.6654	1
HCCO21	TANESPIMYCIN	0.8315	AUC	lower = more sensitive	0.8691	1
HCCO22	TANESPIMYCIN	0.7728	AUC	lower = more sensitive	0.8947	1
HCCO23	TANESPIMYCIN	0.7382	AUC	lower = more sensitive	0.8481	1
HCCO24	TANESPIMYCIN	0.6912	AUC	lower = more sensitive	0.9188	1
HCCO25	TANESPIMYCIN	0.6622	AUC	lower = more sensitive	0.6772	1
HCCO27	TANESPIMYCIN	0.508	AUC	lower = more sensitive	0.001	1
HCCO28	TANESPIMYCIN	0.5691	AUC	lower = more sensitive	0.8787	1
HCCO29	TANESPIMYCIN	0.5866	AUC	lower = more sensitive	0.9897	1
HCCO30	TANESPIMYCIN	0.586	AUC	lower = more sensitive	0.9932	1
HCCO31	TANESPIMYCIN	0.73	AUC	lower = more sensitive	0.9016	1
HCCO32	TANESPIMYCIN	0.76	AUC	lower = more sensitive	0.9445	1
HCCO33	TANESPIMYCIN	0.6502	AUC	lower = more sensitive	0.7195	1
HCCO34	TANESPIMYCIN	0.7516	AUC	lower = more sensitive	0.709	1
HCCO35	TANESPIMYCIN	0.6138	AUC	lower = more sensitive	0.9382	1
HCCO36	TANESPIMYCIN	0.8828	AUC	lower = more sensitive	0.8052	1
HCCO37	TANESPIMYCIN	0.867	AUC	lower = more sensitive	0.9775	1
HCCO38	TANESPIMYCIN	0.8745	AUC	lower = more sensitive	0.9022	1
HCCO39	TANESPIMYCIN	0.4625	AUC	lower = more sensitive	0.7244	1
HCCO4	TANESPIMYCIN	0.7546	AUC	lower = more sensitive	0.9858	1
HCCO40	TANESPIMYCIN	0.5462	AUC	lower = more sensitive	0.8257	1
HCCO41	TANESPIMYCIN	0.5707	AUC	lower = more sensitive	0.8784	1
HCCO43	TANESPIMYCIN	0.6523	AUC	lower = more sensitive	0.8118	1
HCCO44	TANESPIMYCIN	0.9096	AUC	lower = more sensitive	0.8958	1
HCCO45	TANESPIMYCIN	0.9092	AUC	lower = more sensitive	0.7787	1
HCCO5	TANESPIMYCIN	0.6639	AUC	lower = more sensitive	0.0028	1
HCCO6	TANESPIMYCIN	0.5653	AUC	lower = more sensitive	0.0001	1
HCCO7	TANESPIMYCIN	0.6064	AUC	lower = more sensitive	0.97	1
HCCO8	TANESPIMYCIN	0.5908	AUC	lower = more sensitive	0.9163	1
HCCO9	TANESPIMYCIN	0.5933	AUC	lower = more sensitive	0.8747	1
ICCO1	TANESPIMYCIN	0.5218	AUC	lower = more sensitive	0.9281	1
ICCO10	TANESPIMYCIN	0.6856	AUC	lower = more sensitive	0.9455	1
ICCO11	TANESPIMYCIN	0.8917	AUC	lower = more sensitive	0.703	1
ICCO12	TANESPIMYCIN	0.7585	AUC	lower = more sensitive	0.5369	1
ICCO13	TANESPIMYCIN	0.9075	AUC	lower = more sensitive	0.475	1
ICCO2	TANESPIMYCIN	0.7459	AUC	lower = more sensitive	0.5248	1
ICCO3	TANESPIMYCIN	0.643	AUC	lower = more sensitive	0.5547	1
ICCO4	TANESPIMYCIN	0.5372	AUC	lower = more sensitive	0.8425	1
ICCO5	TANESPIMYCIN	0.8076	AUC	lower = more sensitive	0.2526	1
ICCO7	TANESPIMYCIN	0.632	AUC	lower = more sensitive	0.725	1
ICCO8	TANESPIMYCIN	0.7252	AUC	lower = more sensitive	0.8828	1
ICCO9	TANESPIMYCIN	0.6679	AUC	lower = more sensitive	0.9574	1
CHCO1	TEMSIROLIMUS	0.8147	AUC	lower = more sensitive	0.0074	1
CHCO2	TEMSIROLIMUS	0.699	AUC	lower = more sensitive	0.4781	1
CHCO3	TEMSIROLIMUS	0.6477	AUC	lower = more sensitive	0.5477	1
CHCO4	TEMSIROLIMUS	0.8323	AUC	lower = more sensitive	0.9943	1
HBO1	TEMSIROLIMUS	0.7459	AUC	lower = more sensitive	0.6506	1
HBO2	TEMSIROLIMUS	0.7494	AUC	lower = more sensitive	0.3863	1
HBO3	TEMSIROLIMUS	0.8429	AUC	lower = more sensitive	0.991	1
HBO4	TEMSIROLIMUS	0.7333	AUC	lower = more sensitive	0.4498	1
HBO5	TEMSIROLIMUS	0.8486	AUC	lower = more sensitive	0.5815	1
HCCO10	TEMSIROLIMUS	0.8222	AUC	lower = more sensitive	0.2633	1
HCCO11	TEMSIROLIMUS	0.8567	AUC	lower = more sensitive	0.222	1
HCCO12	TEMSIROLIMUS	0.5799	AUC	lower = more sensitive	0.2484	1
HCCO13	TEMSIROLIMUS	0.4845	AUC	lower = more sensitive	0.1413	1
HCCO14	TEMSIROLIMUS	0.8984	AUC	lower = more sensitive	0.07	1
HCCO15	TEMSIROLIMUS	0.8986	AUC	lower = more sensitive	0.0811	1
HCCO16	TEMSIROLIMUS	0.4845	AUC	lower = more sensitive	0.1327	1
HCCO17	TEMSIROLIMUS	0.7554	AUC	lower = more sensitive	0.6698	1
HCCO18	TEMSIROLIMUS	0.8204	AUC	lower = more sensitive	0.6185	1
HCCO19	TEMSIROLIMUS	0.7361	AUC	lower = more sensitive	0.6435	1
HCCO20	TEMSIROLIMUS	0.6287	AUC	lower = more sensitive	0.0719	1
HCCO21	TEMSIROLIMUS	0.7391	AUC	lower = more sensitive	0.5936	1
HCCO22	TEMSIROLIMUS	0.8398	AUC	lower = more sensitive	0.3621	1
HCCO23	TEMSIROLIMUS	0.8127	AUC	lower = more sensitive	0.484	1
HCCO24	TEMSIROLIMUS	0.8126	AUC	lower = more sensitive	0.674	1
HCCO25	TEMSIROLIMUS	0.5403	AUC	lower = more sensitive	0.2176	1
HCCO27	TEMSIROLIMUS	0.8705	AUC	lower = more sensitive	0.1159	1
HCCO28	TEMSIROLIMUS	0.8883	AUC	lower = more sensitive	0.8271	1
HCCO29	TEMSIROLIMUS	0.8511	AUC	lower = more sensitive	0.9945	1
HCCO30	TEMSIROLIMUS	0.8621	AUC	lower = more sensitive	0.9839	1
HCCO31	TEMSIROLIMUS	0.7367	AUC	lower = more sensitive	0.5981	1
HCCO32	TEMSIROLIMUS	0.8121	AUC	lower = more sensitive	0.3233	1
HCCO33	TEMSIROLIMUS	0.7505	AUC	lower = more sensitive	0.6121	1
HCCO34	TEMSIROLIMUS	0.5461	AUC	lower = more sensitive	0.0004	1
HCCO35	TEMSIROLIMUS	0.6779	AUC	lower = more sensitive	0.3448	1
HCCO36	TEMSIROLIMUS	0.7025	AUC	lower = more sensitive	0.3717	1
HCCO37	TEMSIROLIMUS	0.8544	AUC	lower = more sensitive	0.8972	1
HCCO38	TEMSIROLIMUS	0.6361	AUC	lower = more sensitive	0.2986	1
HCCO39	TEMSIROLIMUS	0.6664	AUC	lower = more sensitive	0.0843	1
HCCO4	TEMSIROLIMUS	0.8292	AUC	lower = more sensitive	0.907	1
HCCO40	TEMSIROLIMUS	0.8176	AUC	lower = more sensitive	0.4041	1
HCCO41	TEMSIROLIMUS	0.6591	AUC	lower = more sensitive	0.2374	1
HCCO43	TEMSIROLIMUS	0.8156	AUC	lower = more sensitive	0.441	1
HCCO44	TEMSIROLIMUS	0.4178	AUC	lower = more sensitive	0.0722	1
HCCO45	TEMSIROLIMUS	0.823	AUC	lower = more sensitive	0.6434	1
HCCO5	TEMSIROLIMUS	0.9286	AUC	lower = more sensitive	0	1
HCCO6	TEMSIROLIMUS	0.782	AUC	lower = more sensitive	0.0923	1
HCCO7	TEMSIROLIMUS	0.6083	AUC	lower = more sensitive	0.3702	1
HCCO8	TEMSIROLIMUS	0.8043	AUC	lower = more sensitive	0.0902	1
HCCO9	TEMSIROLIMUS	0.6379	AUC	lower = more sensitive	0.0036	1
ICCO1	TEMSIROLIMUS	0.5944	AUC	lower = more sensitive	0.3027	1
ICCO10	TEMSIROLIMUS	0.4819	AUC	lower = more sensitive	0.0824	1
ICCO11	TEMSIROLIMUS	0.8685	AUC	lower = more sensitive	0.8683	1
ICCO12	TEMSIROLIMUS	0.3925	AUC	lower = more sensitive	0.0035	1
ICCO13	TEMSIROLIMUS	0.8839	AUC	lower = more sensitive	0.7639	1
ICCO2	TEMSIROLIMUS	0.886	AUC	lower = more sensitive	0.9794	1
ICCO3	TEMSIROLIMUS	0.9325	AUC	lower = more sensitive	0.0795	1
ICCO4	TEMSIROLIMUS	0.7672	AUC	lower = more sensitive	0.4902	1
ICCO5	TEMSIROLIMUS	0.8781	AUC	lower = more sensitive	0.9759	1
ICCO7	TEMSIROLIMUS	0.604	AUC	lower = more sensitive	0.3473	1
ICCO8	TEMSIROLIMUS	0.6511	AUC	lower = more sensitive	0.4476	1
ICCO9	TEMSIROLIMUS	0.7116	AUC	lower = more sensitive	0.2377	1
CHCO1	TIPIFARNIB	0.7708	AUC	lower = more sensitive	0.8529	1
CHCO2	TIPIFARNIB	0.7151	AUC	lower = more sensitive	0.5859	1
CHCO3	TIPIFARNIB	0.77	AUC	lower = more sensitive	0.6475	1
CHCO4	TIPIFARNIB	0.9827	AUC	lower = more sensitive	0.0745	1
HBO1	TIPIFARNIB	0.68	AUC	lower = more sensitive	0.6802	1
HBO2	TIPIFARNIB	0.6234	AUC	lower = more sensitive	0.7196	1
HBO3	TIPIFARNIB	0.8923	AUC	lower = more sensitive	0.9717	1
HBO4	TIPIFARNIB	0.3334	AUC	lower = more sensitive	0.6886	1
HBO5	TIPIFARNIB	0.7894	AUC	lower = more sensitive	0.1956	1
HCCO10	TIPIFARNIB	0.6718	AUC	lower = more sensitive	0.5014	1
HCCO11	TIPIFARNIB	0.7754	AUC	lower = more sensitive	0.4253	1
HCCO12	TIPIFARNIB	0.7473	AUC	lower = more sensitive	0.1659	1
HCCO13	TIPIFARNIB	0.5996	AUC	lower = more sensitive	0.2239	1
HCCO14	TIPIFARNIB	0.7665	AUC	lower = more sensitive	0.6503	1
HCCO15	TIPIFARNIB	0.9374	AUC	lower = more sensitive	0.2745	1
HCCO16	TIPIFARNIB	0.6725	AUC	lower = more sensitive	0.8037	1
HCCO17	TIPIFARNIB	0.6234	AUC	lower = more sensitive	0.6585	1
HCCO18	TIPIFARNIB	0.7493	AUC	lower = more sensitive	0.7398	1
HCCO19	TIPIFARNIB	0.696	AUC	lower = more sensitive	0.8564	1
HCCO20	TIPIFARNIB	0.7368	AUC	lower = more sensitive	0.5697	1
HCCO21	TIPIFARNIB	0.8044	AUC	lower = more sensitive	0.846	1
HCCO22	TIPIFARNIB	0.6149	AUC	lower = more sensitive	0.5621	1
HCCO23	TIPIFARNIB	0.8386	AUC	lower = more sensitive	0.5422	1
HCCO24	TIPIFARNIB	0.6728	AUC	lower = more sensitive	0.5453	1
HCCO25	TIPIFARNIB	0.8691	AUC	lower = more sensitive	0.3358	1
HCCO27	TIPIFARNIB	0.9399	AUC	lower = more sensitive	0.0934	1
HCCO28	TIPIFARNIB	0.8061	AUC	lower = more sensitive	0.6087	1
HCCO29	TIPIFARNIB	0.7044	AUC	lower = more sensitive	0.819	1
HCCO30	TIPIFARNIB	0.7517	AUC	lower = more sensitive	0.8067	1
HCCO31	TIPIFARNIB	0.7923	AUC	lower = more sensitive	0.843	1
HCCO32	TIPIFARNIB	0.7336	AUC	lower = more sensitive	0.9328	1
HCCO33	TIPIFARNIB	0.6616	AUC	lower = more sensitive	0.6149	1
HCCO34	TIPIFARNIB	0.8028	AUC	lower = more sensitive	0.8569	1
HCCO35	TIPIFARNIB	0.8346	AUC	lower = more sensitive	0.7253	1
HCCO36	TIPIFARNIB	0.7602	AUC	lower = more sensitive	0.6316	1
HCCO37	TIPIFARNIB	0.7028	AUC	lower = more sensitive	0.7785	1
HCCO38	TIPIFARNIB	0.7253	AUC	lower = more sensitive	0.8809	1
HCCO39	TIPIFARNIB	0.5488	AUC	lower = more sensitive	0.3669	1
HCCO4	TIPIFARNIB	0.8611	AUC	lower = more sensitive	0.9436	1
HCCO40	TIPIFARNIB	0.9178	AUC	lower = more sensitive	0.004	1
HCCO41	TIPIFARNIB	0.6775	AUC	lower = more sensitive	0.0017	1
HCCO43	TIPIFARNIB	0.5958	AUC	lower = more sensitive	0.4704	1
HCCO44	TIPIFARNIB	0.9224	AUC	lower = more sensitive	0.1022	1
HCCO45	TIPIFARNIB	0.7745	AUC	lower = more sensitive	0.6721	1
HCCO5	TIPIFARNIB	0.9117	AUC	lower = more sensitive	0.2272	1
HCCO6	TIPIFARNIB	0.9066	AUC	lower = more sensitive	0.1161	1
HCCO7	TIPIFARNIB	0.8117	AUC	lower = more sensitive	0.5774	1
HCCO8	TIPIFARNIB	0.8348	AUC	lower = more sensitive	0.1646	1
HCCO9	TIPIFARNIB	0.8034	AUC	lower = more sensitive	0.1036	1
ICCO1	TIPIFARNIB	0.748	AUC	lower = more sensitive	0.9423	1
ICCO10	TIPIFARNIB	0.7627	AUC	lower = more sensitive	0.7855	1
ICCO11	TIPIFARNIB	0.9249	AUC	lower = more sensitive	0.162	1
ICCO12	TIPIFARNIB	0.715	AUC	lower = more sensitive	0.2605	1
ICCO13	TIPIFARNIB	0.6363	AUC	lower = more sensitive	0.3091	1
ICCO2	TIPIFARNIB	0.8199	AUC	lower = more sensitive	0.9393	1
ICCO3	TIPIFARNIB	0.9251	AUC	lower = more sensitive	0.0145	1
ICCO4	TIPIFARNIB	0.7014	AUC	lower = more sensitive	0.4416	1
ICCO5	TIPIFARNIB	0.8253	AUC	lower = more sensitive	0.5132	1
ICCO7	TIPIFARNIB	0.7916	AUC	lower = more sensitive	0.6157	1
ICCO8	TIPIFARNIB	0.8038	AUC	lower = more sensitive	0.7658	1
ICCO9	TIPIFARNIB	0.8466	AUC	lower = more sensitive	0.1915	1
CHCO1	TIVANTINIB	0.7041	AUC	lower = more sensitive	0.7965	1
CHCO2	TIVANTINIB	0.6131	AUC	lower = more sensitive	0.7986	1
CHCO3	TIVANTINIB	0.8198	AUC	lower = more sensitive	0.6577	1
CHCO4	TIVANTINIB	0.6805	AUC	lower = more sensitive	0.9369	1
HBO1	TIVANTINIB	0.7692	AUC	lower = more sensitive	0.6286	1
HBO2	TIVANTINIB	0.743	AUC	lower = more sensitive	0.9067	1
HBO3	TIVANTINIB	0.8012	AUC	lower = more sensitive	0.5584	1
HBO4	TIVANTINIB	0.6115	AUC	lower = more sensitive	0.9493	1
HBO5	TIVANTINIB	0.8421	AUC	lower = more sensitive	0.0344	1
HCCO10	TIVANTINIB	0.7245	AUC	lower = more sensitive	0.8168	1
HCCO11	TIVANTINIB	0.9088	AUC	lower = more sensitive	0.0896	1
HCCO12	TIVANTINIB	0.6421	AUC	lower = more sensitive	0.4356	1
HCCO13	TIVANTINIB	0.6068	AUC	lower = more sensitive	0.8787	1
HCCO14	TIVANTINIB	0.7328	AUC	lower = more sensitive	0.6337	1
HCCO15	TIVANTINIB	0.9105	AUC	lower = more sensitive	0.2583	1
HCCO16	TIVANTINIB	0.6147	AUC	lower = more sensitive	0.9518	1
HCCO17	TIVANTINIB	0.6461	AUC	lower = more sensitive	0.9586	1
HCCO18	TIVANTINIB	0.8092	AUC	lower = more sensitive	0.7477	1
HCCO19	TIVANTINIB	0.622	AUC	lower = more sensitive	0.9474	1
HCCO20	TIVANTINIB	0.7645	AUC	lower = more sensitive	0.68	1
HCCO21	TIVANTINIB	0.7597	AUC	lower = more sensitive	0.7021	1
HCCO22	TIVANTINIB	0.7741	AUC	lower = more sensitive	0.8707	1
HCCO23	TIVANTINIB	0.707	AUC	lower = more sensitive	0.9658	1
HCCO24	TIVANTINIB	0.7405	AUC	lower = more sensitive	0.7857	1
HCCO25	TIVANTINIB	0.7092	AUC	lower = more sensitive	0.5435	1
HCCO27	TIVANTINIB	0.7494	AUC	lower = more sensitive	0	1
HCCO28	TIVANTINIB	0.6395	AUC	lower = more sensitive	0.9864	1
HCCO29	TIVANTINIB	0.667	AUC	lower = more sensitive	0.9842	1
HCCO30	TIVANTINIB	0.6723	AUC	lower = more sensitive	0.9816	1
HCCO31	TIVANTINIB	0.7292	AUC	lower = more sensitive	0.9563	1
HCCO32	TIVANTINIB	0.8058	AUC	lower = more sensitive	0.6248	1
HCCO33	TIVANTINIB	0.7498	AUC	lower = more sensitive	0.7881	1
HCCO34	TIVANTINIB	0.7155	AUC	lower = more sensitive	0.8306	1
HCCO35	TIVANTINIB	0.6892	AUC	lower = more sensitive	0.9837	1
HCCO36	TIVANTINIB	0.7267	AUC	lower = more sensitive	0.8647	1
HCCO37	TIVANTINIB	0.7085	AUC	lower = more sensitive	0.8753	1
HCCO38	TIVANTINIB	0.62	AUC	lower = more sensitive	0.9835	1
HCCO39	TIVANTINIB	0.7124	AUC	lower = more sensitive	0.9038	1
HCCO4	TIVANTINIB	0.7287	AUC	lower = more sensitive	0.7068	1
HCCO40	TIVANTINIB	0.7813	AUC	lower = more sensitive	0.2475	1
HCCO41	TIVANTINIB	0.2958	AUC	lower = more sensitive	-0.0694	1
HCCO43	TIVANTINIB	0.8143	AUC	lower = more sensitive	0.8491	1
HCCO44	TIVANTINIB	0.7758	AUC	lower = more sensitive	0.5086	1
HCCO45	TIVANTINIB	0.8223	AUC	lower = more sensitive	0.5677	1
HCCO5	TIVANTINIB	0.5199	AUC	lower = more sensitive	0.0005	1
HCCO6	TIVANTINIB	0.6902	AUC	lower = more sensitive	0.0003	1
HCCO7	TIVANTINIB	0.6781	AUC	lower = more sensitive	0.7774	1
HCCO8	TIVANTINIB	0.6234	AUC	lower = more sensitive	0.5615	1
HCCO9	TIVANTINIB	0.6775	AUC	lower = more sensitive	0.6264	1
ICCO1	TIVANTINIB	0.672	AUC	lower = more sensitive	0.9595	1
ICCO10	TIVANTINIB	0.7022	AUC	lower = more sensitive	0.9169	1
ICCO11	TIVANTINIB	0.8456	AUC	lower = more sensitive	0.2367	1
ICCO12	TIVANTINIB	0.805	AUC	lower = more sensitive	0.5787	1
ICCO13	TIVANTINIB	0.7377	AUC	lower = more sensitive	0.7357	1
ICCO2	TIVANTINIB	0.7625	AUC	lower = more sensitive	0.8972	1
ICCO3	TIVANTINIB	0.8994	AUC	lower = more sensitive	0.139	1
ICCO4	TIVANTINIB	0.6825	AUC	lower = more sensitive	0.5572	1
ICCO5	TIVANTINIB	0.7675	AUC	lower = more sensitive	0.703	1
ICCO7	TIVANTINIB	0.7536	AUC	lower = more sensitive	0.8361	1
ICCO8	TIVANTINIB	0.6958	AUC	lower = more sensitive	0.8554	1
ICCO9	TIVANTINIB	0.7375	AUC	lower = more sensitive	0.8383	1
CHCO1	TOPOTECAN	0.9155	AUC	lower = more sensitive	0.878	1
CHCO2	TOPOTECAN	0.4219	AUC	lower = more sensitive	0.6218	1
CHCO3	TOPOTECAN	0.6155	AUC	lower = more sensitive	0.9668	1
CHCO4	TOPOTECAN	0.5874	AUC	lower = more sensitive	0.8642	1
HBO1	TOPOTECAN	0.4904	AUC	lower = more sensitive	0.9118	1
HBO2	TOPOTECAN	0.4475	AUC	lower = more sensitive	0.9482	1
HBO3	TOPOTECAN	0.5574	AUC	lower = more sensitive	0.9741	1
HBO4	TOPOTECAN	0.2537	AUC	lower = more sensitive	0.9134	1
HBO5	TOPOTECAN	0.6036	AUC	lower = more sensitive	0.9021	1
HCCO10	TOPOTECAN	0.6331	AUC	lower = more sensitive	0.9387	1
HCCO11	TOPOTECAN	0.7253	AUC	lower = more sensitive	0.8919	1
HCCO12	TOPOTECAN	0.6321	AUC	lower = more sensitive	0.7298	1
HCCO13	TOPOTECAN	0.5553	AUC	lower = more sensitive	0.9302	1
HCCO14	TOPOTECAN	0.7957	AUC	lower = more sensitive	0.7384	1
HCCO15	TOPOTECAN	0.8688	AUC	lower = more sensitive	0.9645	1
HCCO16	TOPOTECAN	0.5062	AUC	lower = more sensitive	0.9573	1
HCCO17	TOPOTECAN	0.637	AUC	lower = more sensitive	0.9161	1
HCCO18	TOPOTECAN	0.621	AUC	lower = more sensitive	0.7349	1
HCCO19	TOPOTECAN	0.5375	AUC	lower = more sensitive	0.9015	1
HCCO20	TOPOTECAN	0.6062	AUC	lower = more sensitive	0.9146	1
HCCO21	TOPOTECAN	0.7889	AUC	lower = more sensitive	0.9858	1
HCCO22	TOPOTECAN	0.6932	AUC	lower = more sensitive	0.7728	1
HCCO23	TOPOTECAN	0.6198	AUC	lower = more sensitive	0.8468	1
HCCO24	TOPOTECAN	0.7048	AUC	lower = more sensitive	0.9527	1
HCCO25	TOPOTECAN	0.7945	AUC	lower = more sensitive	0.5411	1
HCCO27	TOPOTECAN	0.9277	AUC	lower = more sensitive	0.4488	1
HCCO28	TOPOTECAN	0.7601	AUC	lower = more sensitive	0.9729	1
HCCO29	TOPOTECAN	0.555	AUC	lower = more sensitive	0.8632	1
HCCO30	TOPOTECAN	0.5698	AUC	lower = more sensitive	0.9198	1
HCCO31	TOPOTECAN	0.542	AUC	lower = more sensitive	0.9464	1
HCCO32	TOPOTECAN	0.5942	AUC	lower = more sensitive	0.9702	1
HCCO33	TOPOTECAN	0.5425	AUC	lower = more sensitive	0.6218	1
HCCO34	TOPOTECAN	0.5854	AUC	lower = more sensitive	0.7597	1
HCCO35	TOPOTECAN	0.4886	AUC	lower = more sensitive	0.7476	1
HCCO36	TOPOTECAN	0.8015	AUC	lower = more sensitive	0.3569	1
HCCO37	TOPOTECAN	0.7798	AUC	lower = more sensitive	0.8371	1
HCCO38	TOPOTECAN	0.6656	AUC	lower = more sensitive	0.7923	1
HCCO39	TOPOTECAN	0.5676	AUC	lower = more sensitive	0.423	1
HCCO4	TOPOTECAN	0.8516	AUC	lower = more sensitive	0.9263	1
HCCO40	TOPOTECAN	0.7517	AUC	lower = more sensitive	0.9324	1
HCCO41	TOPOTECAN	0.5571	AUC	lower = more sensitive	0.8874	1
HCCO43	TOPOTECAN	0.7244	AUC	lower = more sensitive	0.5728	1
HCCO44	TOPOTECAN	0.7213	AUC	lower = more sensitive	0.6809	1
HCCO45	TOPOTECAN	0.8379	AUC	lower = more sensitive	0.9414	1
HCCO5	TOPOTECAN	0.8916	AUC	lower = more sensitive	0.4328	1
HCCO6	TOPOTECAN	0.8243	AUC	lower = more sensitive	0.0681	1
HCCO7	TOPOTECAN	0.5056	AUC	lower = more sensitive	0.941	1
HCCO8	TOPOTECAN	0.8319	AUC	lower = more sensitive	0.9857	1
HCCO9	TOPOTECAN	0.6668	AUC	lower = more sensitive	0.9147	1
ICCO1	TOPOTECAN	0.4702	AUC	lower = more sensitive	0.8465	1
ICCO10	TOPOTECAN	0.5203	AUC	lower = more sensitive	0.946	1
ICCO11	TOPOTECAN	0.7428	AUC	lower = more sensitive	0.4235	1
ICCO12	TOPOTECAN	0.7882	AUC	lower = more sensitive	0.3377	1
ICCO13	TOPOTECAN	0.7383	AUC	lower = more sensitive	0.9457	1
ICCO2	TOPOTECAN	0.7602	AUC	lower = more sensitive	0.9716	1
ICCO3	TOPOTECAN	0.7566	AUC	lower = more sensitive	0.8256	1
ICCO4	TOPOTECAN	0.5407	AUC	lower = more sensitive	0.9086	1
ICCO5	TOPOTECAN	0.7384	AUC	lower = more sensitive	0.9427	1
ICCO7	TOPOTECAN	0.5969	AUC	lower = more sensitive	0.7981	1
ICCO8	TOPOTECAN	0.6391	AUC	lower = more sensitive	0.9267	1
ICCO9	TOPOTECAN	0.6091	AUC	lower = more sensitive	0.8609	1
CHCO1	TRAMETINIB	0.7493	AUC	lower = more sensitive	0.5749	1
CHCO2	TRAMETINIB	0.7211	AUC	lower = more sensitive	0.5459	1
CHCO3	TRAMETINIB	0.8349	AUC	lower = more sensitive	0.9608	1
CHCO4	TRAMETINIB	0.816	AUC	lower = more sensitive	0.8108	1
HBO1	TRAMETINIB	0.7086	AUC	lower = more sensitive	0.8139	1
HBO2	TRAMETINIB	0.308	AUC	lower = more sensitive	-0.6994	1
HBO3	TRAMETINIB	0.7975	AUC	lower = more sensitive	0.1974	1
HBO4	TRAMETINIB	0.1347	AUC	lower = more sensitive	-0	1
HBO5	TRAMETINIB	0.4858	AUC	lower = more sensitive	0.5703	1
HCCO10	TRAMETINIB	0.5489	AUC	lower = more sensitive	0.8593	1
HCCO11	TRAMETINIB	0.6059	AUC	lower = more sensitive	0.5931	1
HCCO12	TRAMETINIB	0.76	AUC	lower = more sensitive	0.0485	1
HCCO13	TRAMETINIB	0.7251	AUC	lower = more sensitive	0.2998	1
HCCO14	TRAMETINIB	0.858	AUC	lower = more sensitive	0.1607	1
HCCO15	TRAMETINIB	0.8902	AUC	lower = more sensitive	0.5402	1
HCCO16	TRAMETINIB	0.7264	AUC	lower = more sensitive	0.8485	1
HCCO17	TRAMETINIB	0.599	AUC	lower = more sensitive	0.4546	1
HCCO18	TRAMETINIB	0.8442	AUC	lower = more sensitive	0.9125	1
HCCO19	TRAMETINIB	0.7685	AUC	lower = more sensitive	0.5489	1
HCCO20	TRAMETINIB	0.6304	AUC	lower = more sensitive	0.4965	1
HCCO21	TRAMETINIB	0.8411	AUC	lower = more sensitive	0.5897	1
HCCO22	TRAMETINIB	0.861	AUC	lower = more sensitive	0.4912	1
HCCO23	TRAMETINIB	0.8412	AUC	lower = more sensitive	0.8122	1
HCCO24	TRAMETINIB	0.7286	AUC	lower = more sensitive	0.2413	1
HCCO25	TRAMETINIB	0.8121	AUC	lower = more sensitive	0.1031	1
HCCO27	TRAMETINIB	0.9365	AUC	lower = more sensitive	0.1166	1
HCCO28	TRAMETINIB	0.7195	AUC	lower = more sensitive	0.4349	1
HCCO29	TRAMETINIB	0.3111	AUC	lower = more sensitive	0.7854	1
HCCO30	TRAMETINIB	0.3489	AUC	lower = more sensitive	0.8542	1
HCCO31	TRAMETINIB	0.879	AUC	lower = more sensitive	0.7098	1
HCCO32	TRAMETINIB	0.9527	AUC	lower = more sensitive	0.9351	1
HCCO33	TRAMETINIB	0.7416	AUC	lower = more sensitive	0.7699	1
HCCO34	TRAMETINIB	0.8339	AUC	lower = more sensitive	0.3837	1
HCCO35	TRAMETINIB	0.856	AUC	lower = more sensitive	0.5921	1
HCCO36	TRAMETINIB	0.9295	AUC	lower = more sensitive	0.4195	1
HCCO37	TRAMETINIB	0.7529	AUC	lower = more sensitive	0.8085	1
HCCO38	TRAMETINIB	0.6547	AUC	lower = more sensitive	0.9011	1
HCCO39	TRAMETINIB	0.6926	AUC	lower = more sensitive	0.7443	1
HCCO4	TRAMETINIB	0.79	AUC	lower = more sensitive	0.6144	1
HCCO40	TRAMETINIB	0.8649	AUC	lower = more sensitive	0.8649	1
HCCO41	TRAMETINIB	0.7009	AUC	lower = more sensitive	0.6766	1
HCCO43	TRAMETINIB	0.6842	AUC	lower = more sensitive	0.3708	1
HCCO44	TRAMETINIB	0.7219	AUC	lower = more sensitive	0.4843	1
HCCO45	TRAMETINIB	0.8978	AUC	lower = more sensitive	0.5046	1
HCCO5	TRAMETINIB	0.9463	AUC	lower = more sensitive	0.1046	1
HCCO6	TRAMETINIB	0.8112	AUC	lower = more sensitive	0.0008	1
HCCO7	TRAMETINIB	0.5662	AUC	lower = more sensitive	0.8731	1
HCCO8	TRAMETINIB	0.7852	AUC	lower = more sensitive	0.7588	1
HCCO9	TRAMETINIB	0.7962	AUC	lower = more sensitive	0.6111	1
ICCO1	TRAMETINIB	0.6874	AUC	lower = more sensitive	0.7906	1
ICCO10	TRAMETINIB	0.8411	AUC	lower = more sensitive	0.1877	1
ICCO11	TRAMETINIB	0.7258	AUC	lower = more sensitive	0.7548	1
ICCO12	TRAMETINIB	0.869	AUC	lower = more sensitive	0.2235	1
ICCO13	TRAMETINIB	0.819	AUC	lower = more sensitive	0.9302	1
ICCO2	TRAMETINIB	0.9625	AUC	lower = more sensitive	0.1838	1
ICCO3	TRAMETINIB	0.7381	AUC	lower = more sensitive	0.085	1
ICCO4	TRAMETINIB	0.9458	AUC	lower = more sensitive	0.2115	1
ICCO5	TRAMETINIB	0.9051	AUC	lower = more sensitive	0.0598	1
ICCO7	TRAMETINIB	0.5927	AUC	lower = more sensitive	0.2533	1
ICCO8	TRAMETINIB	0.5439	AUC	lower = more sensitive	0.5418	1
ICCO9	TRAMETINIB	0.8589	AUC	lower = more sensitive	0.6526	1
CHCO1	VORASIDENIB	0.9824	AUC	lower = more sensitive	0.0463	1
CHCO2	VORASIDENIB	0.9865	AUC	lower = more sensitive	0.1094	1
CHCO3	VORASIDENIB	0.9594	AUC	lower = more sensitive	0.0282	1
CHCO4	VORASIDENIB	0.9107	AUC	lower = more sensitive	0.3573	1
HBO1	VORASIDENIB	0.8366	AUC	lower = more sensitive	0.2924	1
HBO2	VORASIDENIB	0.9308	AUC	lower = more sensitive	0.101	1
HBO3	VORASIDENIB	0.893	AUC	lower = more sensitive	0.9901	1
HBO4	VORASIDENIB	0.7759	AUC	lower = more sensitive	0.1065	1
HBO5	VORASIDENIB	0.9197	AUC	lower = more sensitive	0.0003	1
HCCO10	VORASIDENIB	0.9357	AUC	lower = more sensitive	0.4738	1
HCCO11	VORASIDENIB	0.9258	AUC	lower = more sensitive	0.2256	1
HCCO12	VORASIDENIB	0.665	AUC	lower = more sensitive	0.0852	1
HCCO13	VORASIDENIB	0.8376	AUC	lower = more sensitive	0.0981	1
HCCO14	VORASIDENIB	0.9208	AUC	lower = more sensitive	0.0873	1
HCCO15	VORASIDENIB	0.8659	AUC	lower = more sensitive	0.1209	1
HCCO16	VORASIDENIB	0.8907	AUC	lower = more sensitive	0.2331	1
HCCO17	VORASIDENIB	0.9409	AUC	lower = more sensitive	0.0021	1
HCCO18	VORASIDENIB	0.8498	AUC	lower = more sensitive	0.3785	1
HCCO19	VORASIDENIB	0.9109	AUC	lower = more sensitive	0.8486	1
HCCO20	VORASIDENIB	0.8945	AUC	lower = more sensitive	0.0099	1
HCCO21	VORASIDENIB	0.9651	AUC	lower = more sensitive	0.1758	1
HCCO22	VORASIDENIB	0.9129	AUC	lower = more sensitive	0.0862	1
HCCO23	VORASIDENIB	0.9265	AUC	lower = more sensitive	0.6964	1
HCCO24	VORASIDENIB	0.9917	AUC	lower = more sensitive	0.033	1
HCCO25	VORASIDENIB	0.8784	AUC	lower = more sensitive	0.0302	1
HCCO27	VORASIDENIB	0.9221	AUC	lower = more sensitive	0.2666	1
HCCO28	VORASIDENIB	0.9032	AUC	lower = more sensitive	0.1473	1
HCCO29	VORASIDENIB	0.9909	AUC	lower = more sensitive	0.3443	1
HCCO30	VORASIDENIB	0.9629	AUC	lower = more sensitive	0.4717	1
HCCO31	VORASIDENIB	0.9618	AUC	lower = more sensitive	0.0991	1
HCCO32	VORASIDENIB	0.9531	AUC	lower = more sensitive	0.0408	1
HCCO33	VORASIDENIB	0.9123	AUC	lower = more sensitive	0.2957	1
HCCO34	VORASIDENIB	0.97	AUC	lower = more sensitive	0.0739	1
HCCO35	VORASIDENIB	0.9568	AUC	lower = more sensitive	0.1515	1
HCCO36	VORASIDENIB	0.8394	AUC	lower = more sensitive	0.3552	1
HCCO37	VORASIDENIB	0.924	AUC	lower = more sensitive	0.6894	1
HCCO38	VORASIDENIB	0.9346	AUC	lower = more sensitive	0.6582	1
HCCO39	VORASIDENIB	0.7938	AUC	lower = more sensitive	0.0135	1
HCCO4	VORASIDENIB	0.8888	AUC	lower = more sensitive	0.3905	1
HCCO40	VORASIDENIB	0.9037	AUC	lower = more sensitive	0.0099	1
HCCO41	VORASIDENIB	0.5231	AUC	lower = more sensitive	0.0001	1
HCCO43	VORASIDENIB	0.8752	AUC	lower = more sensitive	0.0343	1
HCCO44	VORASIDENIB	0.7119	AUC	lower = more sensitive	0.0004	1
HCCO45	VORASIDENIB	0.9694	AUC	lower = more sensitive	0.494	1
HCCO5	VORASIDENIB	0.9284	AUC	lower = more sensitive	0.3933	1
HCCO6	VORASIDENIB	0.9094	AUC	lower = more sensitive	0.4708	1
HCCO7	VORASIDENIB	0.9122	AUC	lower = more sensitive	0.0039	1
HCCO8	VORASIDENIB	0.7456	AUC	lower = more sensitive	0.0559	1
HCCO9	VORASIDENIB	0.951	AUC	lower = more sensitive	0.2894	1
ICCO1	VORASIDENIB	0.9816	AUC	lower = more sensitive	0.0923	1
ICCO10	VORASIDENIB	0.8547	AUC	lower = more sensitive	0.5593	1
ICCO11	VORASIDENIB	0.9829	AUC	lower = more sensitive	0.6154	1
ICCO12	VORASIDENIB	0.8893	AUC	lower = more sensitive	0.0294	1
ICCO13	VORASIDENIB	0.7217	AUC	lower = more sensitive	0.6311	1
ICCO2	VORASIDENIB	0.9192	AUC	lower = more sensitive	0.397	1
ICCO3	VORASIDENIB	0.9713	AUC	lower = more sensitive	0.0865	1
ICCO4	VORASIDENIB	0.8127	AUC	lower = more sensitive	0.0006	1
ICCO5	VORASIDENIB	0.9083	AUC	lower = more sensitive	0.1669	1
ICCO7	VORASIDENIB	0.8683	AUC	lower = more sensitive	0.3916	1
ICCO8	VORASIDENIB	0.9345	AUC	lower = more sensitive	0.3125	1
ICCO9	VORASIDENIB	0.9591	AUC	lower = more sensitive	0.0368	1
CHCO1	VORINOSTAT	0.7538	AUC	lower = more sensitive	0.9798	1
CHCO2	VORINOSTAT	0.6537	AUC	lower = more sensitive	0.8809	1
CHCO3	VORINOSTAT	0.7913	AUC	lower = more sensitive	0.9701	1
CHCO4	VORINOSTAT	0.7717	AUC	lower = more sensitive	0.8524	1
HBO1	VORINOSTAT	0.6665	AUC	lower = more sensitive	0.5999	1
HBO2	VORINOSTAT	0.6822	AUC	lower = more sensitive	0.9644	1
HBO3	VORINOSTAT	0.7618	AUC	lower = more sensitive	0.9792	1
HBO4	VORINOSTAT	0.6761	AUC	lower = more sensitive	0.9702	1
HBO5	VORINOSTAT	0.7992	AUC	lower = more sensitive	0.8773	1
HCCO10	VORINOSTAT	0.6874	AUC	lower = more sensitive	0.9517	1
HCCO11	VORINOSTAT	0.7816	AUC	lower = more sensitive	0.8179	1
HCCO12	VORINOSTAT	0.5894	AUC	lower = more sensitive	0.5274	1
HCCO13	VORINOSTAT	0.7231	AUC	lower = more sensitive	0.8807	1
HCCO14	VORINOSTAT	0.8839	AUC	lower = more sensitive	0.9751	1
HCCO15	VORINOSTAT	0.8093	AUC	lower = more sensitive	0.9851	1
HCCO16	VORINOSTAT	0.6777	AUC	lower = more sensitive	0.979	1
HCCO17	VORINOSTAT	0.7272	AUC	lower = more sensitive	0.9504	1
HCCO18	VORINOSTAT	0.7034	AUC	lower = more sensitive	0.7922	1
HCCO19	VORINOSTAT	0.6986	AUC	lower = more sensitive	0.9897	1
HCCO20	VORINOSTAT	0.7414	AUC	lower = more sensitive	0.9436	1
HCCO21	VORINOSTAT	0.7336	AUC	lower = more sensitive	0.8584	1
HCCO22	VORINOSTAT	0.7392	AUC	lower = more sensitive	0.8426	1
HCCO23	VORINOSTAT	0.7439	AUC	lower = more sensitive	0.8371	1
HCCO24	VORINOSTAT	0.752	AUC	lower = more sensitive	0.9394	1
HCCO25	VORINOSTAT	0.7597	AUC	lower = more sensitive	0.7742	1
HCCO27	VORINOSTAT	0.9256	AUC	lower = more sensitive	0.1355	1
HCCO28	VORINOSTAT	0.8276	AUC	lower = more sensitive	0.6595	1
HCCO29	VORINOSTAT	0.6574	AUC	lower = more sensitive	0.9865	1
HCCO30	VORINOSTAT	0.6664	AUC	lower = more sensitive	0.9929	1
HCCO31	VORINOSTAT	0.7561	AUC	lower = more sensitive	0.9937	1
HCCO32	VORINOSTAT	0.7548	AUC	lower = more sensitive	0.9812	1
HCCO33	VORINOSTAT	0.6849	AUC	lower = more sensitive	0.9819	1
HCCO34	VORINOSTAT	0.7156	AUC	lower = more sensitive	0.857	1
HCCO35	VORINOSTAT	0.7461	AUC	lower = more sensitive	0.9899	1
HCCO36	VORINOSTAT	0.8284	AUC	lower = more sensitive	0.8207	1
HCCO37	VORINOSTAT	0.7996	AUC	lower = more sensitive	0.9701	1
HCCO38	VORINOSTAT	0.7602	AUC	lower = more sensitive	0.9923	1
HCCO39	VORINOSTAT	0.5634	AUC	lower = more sensitive	0.686	1
HCCO4	VORINOSTAT	0.7564	AUC	lower = more sensitive	0.927	1
HCCO40	VORINOSTAT	0.8243	AUC	lower = more sensitive	0.8763	1
HCCO41	VORINOSTAT	0.7703	AUC	lower = more sensitive	0.3003	1
HCCO43	VORINOSTAT	0.8005	AUC	lower = more sensitive	0.5923	1
HCCO44	VORINOSTAT	0.7266	AUC	lower = more sensitive	0.6837	1
HCCO45	VORINOSTAT	0.778	AUC	lower = more sensitive	0.946	1
HCCO5	VORINOSTAT	0.7142	AUC	lower = more sensitive	0.0042	1
HCCO6	VORINOSTAT	0.8054	AUC	lower = more sensitive	0.018	1
HCCO7	VORINOSTAT	0.7261	AUC	lower = more sensitive	0.9509	1
HCCO8	VORINOSTAT	0.7435	AUC	lower = more sensitive	0.785	1
HCCO9	VORINOSTAT	0.7683	AUC	lower = more sensitive	0.9108	1
ICCO1	VORINOSTAT	0.7317	AUC	lower = more sensitive	0.9866	1
ICCO10	VORINOSTAT	0.7592	AUC	lower = more sensitive	0.9843	1
ICCO11	VORINOSTAT	0.8625	AUC	lower = more sensitive	0.8162	1
ICCO12	VORINOSTAT	0.6052	AUC	lower = more sensitive	0.5509	1
ICCO13	VORINOSTAT	0.7187	AUC	lower = more sensitive	0.8845	1
ICCO2	VORINOSTAT	0.8314	AUC	lower = more sensitive	0.9906	1
ICCO3	VORINOSTAT	0.6916	AUC	lower = more sensitive	0.951	1
ICCO4	VORINOSTAT	0.7163	AUC	lower = more sensitive	0.9246	1
ICCO5	VORINOSTAT	0.8449	AUC	lower = more sensitive	0.9779	1
ICCO7	VORINOSTAT	0.6897	AUC	lower = more sensitive	0.6754	1
ICCO8	VORINOSTAT	0.7097	AUC	lower = more sensitive	0.9456	1
ICCO9	VORINOSTAT	0.784	AUC	lower = more sensitive	0.9809	1
CHCO1	XEVINAPANT	0.8458	AUC	lower = more sensitive	0.1486	1
CHCO2	XEVINAPANT	0.8442	AUC	lower = more sensitive	0.1823	1
CHCO3	XEVINAPANT	0.8726	AUC	lower = more sensitive	0.2027	1
CHCO4	XEVINAPANT	0.7108	AUC	lower = more sensitive	0.8378	1
HBO1	XEVINAPANT	0.9274	AUC	lower = more sensitive	0.0969	1
HBO2	XEVINAPANT	0.8226	AUC	lower = more sensitive	0.1176	1
HBO3	XEVINAPANT	0.9814	AUC	lower = more sensitive	0.2944	1
HBO4	XEVINAPANT	0.7562	AUC	lower = more sensitive	0.1049	1
HBO5	XEVINAPANT	0.9006	AUC	lower = more sensitive	0.1473	1
HCCO10	XEVINAPANT	0.9255	AUC	lower = more sensitive	0.8033	1
HCCO11	XEVINAPANT	0.844	AUC	lower = more sensitive	0.0557	1
HCCO12	XEVINAPANT	0.6156	AUC	lower = more sensitive	0.0977	1
HCCO13	XEVINAPANT	0.839	AUC	lower = more sensitive	0.7111	1
HCCO14	XEVINAPANT	0.8901	AUC	lower = more sensitive	0.6282	1
HCCO15	XEVINAPANT	0.8489	AUC	lower = more sensitive	0.5258	1
HCCO16	XEVINAPANT	0.6373	AUC	lower = more sensitive	0.9318	1
HCCO17	XEVINAPANT	0.8732	AUC	lower = more sensitive	0.1415	1
HCCO18	XEVINAPANT	0.8927	AUC	lower = more sensitive	0.5077	1
HCCO19	XEVINAPANT	0.96	AUC	lower = more sensitive	0.0571	1
HCCO20	XEVINAPANT	0.7943	AUC	lower = more sensitive	0.0045	1
HCCO21	XEVINAPANT	0.8221	AUC	lower = more sensitive	0.2646	1
HCCO22	XEVINAPANT	0.7842	AUC	lower = more sensitive	0.6002	1
HCCO23	XEVINAPANT	0.9183	AUC	lower = more sensitive	0.0065	1
HCCO24	XEVINAPANT	0.8557	AUC	lower = more sensitive	0.6065	1
HCCO25	XEVINAPANT	0.9746	AUC	lower = more sensitive	0.1799	1
HCCO27	XEVINAPANT	0.9401	AUC	lower = more sensitive	0.1613	1
HCCO28	XEVINAPANT	0.9191	AUC	lower = more sensitive	0.0013	1
HCCO29	XEVINAPANT	0.9838	AUC	lower = more sensitive	0.0094	1
HCCO30	XEVINAPANT	0.9886	AUC	lower = more sensitive	0.0534	1
HCCO31	XEVINAPANT	0.9191	AUC	lower = more sensitive	0.6231	1
HCCO32	XEVINAPANT	0.8832	AUC	lower = more sensitive	0.266	1
HCCO33	XEVINAPANT	0.8277	AUC	lower = more sensitive	0.1569	1
HCCO34	XEVINAPANT	0.7205	AUC	lower = more sensitive	0.0838	1
HCCO35	XEVINAPANT	0.9601	AUC	lower = more sensitive	0.2907	1
HCCO36	XEVINAPANT	0.8801	AUC	lower = more sensitive	0.6627	1
HCCO37	XEVINAPANT	0.9113	AUC	lower = more sensitive	0.3633	1
HCCO38	XEVINAPANT	0.8497	AUC	lower = more sensitive	0.247	1
HCCO39	XEVINAPANT	0.5787	AUC	lower = more sensitive	0.7099	1
HCCO4	XEVINAPANT	0.9143	AUC	lower = more sensitive	0.4047	1
HCCO40	XEVINAPANT	0.751	AUC	lower = more sensitive	0.2537	1
HCCO41	XEVINAPANT	0.3974	AUC	lower = more sensitive	-0.052	1
HCCO43	XEVINAPANT	0.9396	AUC	lower = more sensitive	0.015	1
HCCO44	XEVINAPANT	1	AUC	lower = more sensitive	0	1
HCCO45	XEVINAPANT	0.8809	AUC	lower = more sensitive	0.5792	1
HCCO5	XEVINAPANT	0.9512	AUC	lower = more sensitive	0.0215	1
HCCO6	XEVINAPANT	0.9467	AUC	lower = more sensitive	0.1406	1
HCCO7	XEVINAPANT	0.8618	AUC	lower = more sensitive	0.0872	1
HCCO8	XEVINAPANT	0.9406	AUC	lower = more sensitive	0.1466	1
HCCO9	XEVINAPANT	0.8216	AUC	lower = more sensitive	0	1
ICCO1	XEVINAPANT	0.7465	AUC	lower = more sensitive	0.5367	1
ICCO10	XEVINAPANT	0.5182	AUC	lower = more sensitive	0.8521	1
ICCO11	XEVINAPANT	0.9395	AUC	lower = more sensitive	0.1105	1
ICCO12	XEVINAPANT	0.6743	AUC	lower = more sensitive	0.0001	1
ICCO13	XEVINAPANT	0.8556	AUC	lower = more sensitive	0.6595	1
ICCO2	XEVINAPANT	0.9738	AUC	lower = more sensitive	0.1086	1
ICCO3	XEVINAPANT	0.9272	AUC	lower = more sensitive	0.0844	1
ICCO4	XEVINAPANT	0.8168	AUC	lower = more sensitive	0.3864	1
ICCO5	XEVINAPANT	0.9497	AUC	lower = more sensitive	0.0519	1
ICCO7	XEVINAPANT	0.7607	AUC	lower = more sensitive	0.0455	1
ICCO8	XEVINAPANT	0.878	AUC	lower = more sensitive	0.2606	1
ICCO9	XEVINAPANT	0.8672	AUC	lower = more sensitive	0.0694	1
CHCO1	YK-4-279	0.7221	AUC	lower = more sensitive	0.7269	1
CHCO2	YK-4-279	0.7164	AUC	lower = more sensitive	0.9661	1
CHCO3	YK-4-279	0.9066	AUC	lower = more sensitive	0.9464	1
CHCO4	YK-4-279	0.7791	AUC	lower = more sensitive	0.9443	1
HBO1	YK-4-279	0.7017	AUC	lower = more sensitive	0.2755	1
HBO2	YK-4-279	0.731	AUC	lower = more sensitive	0.8819	1
HBO3	YK-4-279	0.9665	AUC	lower = more sensitive	0.8325	1
HBO4	YK-4-279	0.7112	AUC	lower = more sensitive	0.9067	1
HBO5	YK-4-279	0.8042	AUC	lower = more sensitive	0.3916	1
HCCO10	YK-4-279	0.7449	AUC	lower = more sensitive	0.7784	1
HCCO11	YK-4-279	0.7735	AUC	lower = more sensitive	0.4193	1
HCCO12	YK-4-279	0.8199	AUC	lower = more sensitive	0.4727	1
HCCO13	YK-4-279	0.7938	AUC	lower = more sensitive	0.8075	1
HCCO14	YK-4-279	0.7685	AUC	lower = more sensitive	0.5971	1
HCCO15	YK-4-279	0.9468	AUC	lower = more sensitive	0.2318	1
HCCO16	YK-4-279	0.6456	AUC	lower = more sensitive	0.9115	1
HCCO17	YK-4-279	0.7057	AUC	lower = more sensitive	0.9297	1
HCCO18	YK-4-279	0.8678	AUC	lower = more sensitive	0.5435	1
HCCO19	YK-4-279	0.6584	AUC	lower = more sensitive	0.945	1
HCCO20	YK-4-279	0.6793	AUC	lower = more sensitive	0.6673	1
HCCO21	YK-4-279	0.7034	AUC	lower = more sensitive	0.8274	1
HCCO22	YK-4-279	0.7861	AUC	lower = more sensitive	0.7282	1
HCCO23	YK-4-279	0.7321	AUC	lower = more sensitive	0.8804	1
HCCO24	YK-4-279	0.6935	AUC	lower = more sensitive	0.7928	1
HCCO25	YK-4-279	0.7697	AUC	lower = more sensitive	0.5779	1
HCCO27	YK-4-279	0.8546	AUC	lower = more sensitive	0.0022	1
HCCO28	YK-4-279	0.7	AUC	lower = more sensitive	0.9866	1
HCCO29	YK-4-279	0.746	AUC	lower = more sensitive	0.9809	1
HCCO30	YK-4-279	0.7452	AUC	lower = more sensitive	0.9909	1
HCCO31	YK-4-279	0.7912	AUC	lower = more sensitive	0.9767	1
HCCO32	YK-4-279	0.8297	AUC	lower = more sensitive	0.7396	1
HCCO33	YK-4-279	0.8317	AUC	lower = more sensitive	0.5366	1
HCCO34	YK-4-279	0.7666	AUC	lower = more sensitive	0.8867	1
HCCO35	YK-4-279	0.7396	AUC	lower = more sensitive	0.988	1
HCCO36	YK-4-279	0.8317	AUC	lower = more sensitive	0.6735	1
HCCO37	YK-4-279	0.8461	AUC	lower = more sensitive	0.8169	1
HCCO38	YK-4-279	0.7899	AUC	lower = more sensitive	0.8483	1
HCCO39	YK-4-279	0.7516	AUC	lower = more sensitive	0.8102	1
HCCO4	YK-4-279	0.817	AUC	lower = more sensitive	0.5191	1
HCCO40	YK-4-279	0.8515	AUC	lower = more sensitive	0.2145	1
HCCO41	YK-4-279	0.5688	AUC	lower = more sensitive	0.3148	1
HCCO43	YK-4-279	0.9229	AUC	lower = more sensitive	0.382	1
HCCO44	YK-4-279	0.9135	AUC	lower = more sensitive	0.7539	1
HCCO45	YK-4-279	0.8985	AUC	lower = more sensitive	0.6919	1
HCCO5	YK-4-279	0.6773	AUC	lower = more sensitive	0.0018	1
HCCO6	YK-4-279	0.7963	AUC	lower = more sensitive	0.0067	1
HCCO7	YK-4-279	0.7098	AUC	lower = more sensitive	0.7257	1
HCCO8	YK-4-279	0.857	AUC	lower = more sensitive	0.4632	1
HCCO9	YK-4-279	0.8076	AUC	lower = more sensitive	0.8432	1
ICCO1	YK-4-279	0.7065	AUC	lower = more sensitive	0.9789	1
ICCO10	YK-4-279	0.8173	AUC	lower = more sensitive	0.9126	1
ICCO11	YK-4-279	0.9744	AUC	lower = more sensitive	0.2172	1
ICCO12	YK-4-279	0.7622	AUC	lower = more sensitive	0.8154	1
ICCO13	YK-4-279	0.7782	AUC	lower = more sensitive	0.3744	1
ICCO2	YK-4-279	0.7803	AUC	lower = more sensitive	0.862	1
ICCO3	YK-4-279	0.8322	AUC	lower = more sensitive	0.3567	1
ICCO4	YK-4-279	0.7595	AUC	lower = more sensitive	0.718	1
ICCO5	YK-4-279	0.8736	AUC	lower = more sensitive	0.8514	1
ICCO7	YK-4-279	0.7582	AUC	lower = more sensitive	0.6086	1
ICCO8	YK-4-279	0.7915	AUC	lower = more sensitive	0.9058	1
ICCO9	YK-4-279	0.8	AUC	lower = more sensitive	0.7219	1
CHCO1	YM155	0.7836	AUC	lower = more sensitive	0.8668	1
CHCO2	YM155	0.6726	AUC	lower = more sensitive	0.8257	1
CHCO3	YM155	0.7112	AUC	lower = more sensitive	0.9721	1
CHCO4	YM155	0.7215	AUC	lower = more sensitive	0.8318	1
HBO1	YM155	0.5464	AUC	lower = more sensitive	0.7906	1
HBO2	YM155	0.5249	AUC	lower = more sensitive	0.9363	1
HBO3	YM155	0.4534	AUC	lower = more sensitive	0.9445	1
HBO4	YM155	0.5009	AUC	lower = more sensitive	0.942	1
HBO5	YM155	0.5703	AUC	lower = more sensitive	0.8513	1
HCCO10	YM155	0.6462	AUC	lower = more sensitive	0.4328	1
HCCO11	YM155	0.5364	AUC	lower = more sensitive	0.8627	1
HCCO12	YM155	0.7671	AUC	lower = more sensitive	0.1465	1
HCCO13	YM155	0.696	AUC	lower = more sensitive	0.4276	1
HCCO14	YM155	0.8283	AUC	lower = more sensitive	0.735	1
HCCO15	YM155	0.8036	AUC	lower = more sensitive	0.9724	1
HCCO16	YM155	0.7711	AUC	lower = more sensitive	0.8831	1
HCCO17	YM155	0.6868	AUC	lower = more sensitive	0.9387	1
HCCO18	YM155	0.4177	AUC	lower = more sensitive	0.976	1
HCCO19	YM155	0.6768	AUC	lower = more sensitive	0.7265	1
HCCO20	YM155	0.857	AUC	lower = more sensitive	0.8677	1
HCCO21	YM155	0.6861	AUC	lower = more sensitive	0.8651	1
HCCO22	YM155	0.7945	AUC	lower = more sensitive	0.6542	1
HCCO23	YM155	0.8934	AUC	lower = more sensitive	0.8582	1
HCCO24	YM155	0.5739	AUC	lower = more sensitive	0.4715	1
HCCO25	YM155	0.705	AUC	lower = more sensitive	0.8248	1
HCCO27	YM155	0.9307	AUC	lower = more sensitive	0.4078	1
HCCO28	YM155	0.773	AUC	lower = more sensitive	0.7182	1
HCCO29	YM155	0.4618	AUC	lower = more sensitive	0.9712	1
HCCO30	YM155	0.5295	AUC	lower = more sensitive	0.8985	1
HCCO31	YM155	0.5019	AUC	lower = more sensitive	0.8794	1
HCCO32	YM155	0.538	AUC	lower = more sensitive	0.9878	1
HCCO33	YM155	0.5382	AUC	lower = more sensitive	0.7389	1
HCCO34	YM155	0.6952	AUC	lower = more sensitive	0.6849	1
HCCO35	YM155	0.7819	AUC	lower = more sensitive	0.8818	1
HCCO36	YM155	0.678	AUC	lower = more sensitive	0.8466	1
HCCO37	YM155	0.8254	AUC	lower = more sensitive	0.8434	1
HCCO38	YM155	0.7814	AUC	lower = more sensitive	0.7053	1
HCCO39	YM155	0.7064	AUC	lower = more sensitive	0.7194	1
HCCO4	YM155	0.6594	AUC	lower = more sensitive	0.9001	1
HCCO40	YM155	0.591	AUC	lower = more sensitive	0.8615	1
HCCO41	YM155	0.4924	AUC	lower = more sensitive	0.8763	1
HCCO43	YM155	0.7327	AUC	lower = more sensitive	0.9173	1
HCCO44	YM155	0.5935	AUC	lower = more sensitive	0.1909	1
HCCO45	YM155	0.7713	AUC	lower = more sensitive	0.8912	1
HCCO5	YM155	0.9133	AUC	lower = more sensitive	0.448	1
HCCO6	YM155	0.8532	AUC	lower = more sensitive	0.5045	1
HCCO7	YM155	0.738	AUC	lower = more sensitive	0.7532	1
HCCO8	YM155	0.6228	AUC	lower = more sensitive	0.7975	1
HCCO9	YM155	0.901	AUC	lower = more sensitive	0.0449	1
ICCO1	YM155	0.0353	AUC	lower = more sensitive	-0	1
ICCO10	YM155	0.6589	AUC	lower = more sensitive	0.9758	1
ICCO11	YM155	0.6505	AUC	lower = more sensitive	0.8042	1
ICCO12	YM155	0.6963	AUC	lower = more sensitive	0.7428	1
ICCO13	YM155	0.6148	AUC	lower = more sensitive	0.7839	1
ICCO2	YM155	0.8065	AUC	lower = more sensitive	0.3665	1
ICCO3	YM155	0.6621	AUC	lower = more sensitive	0.8783	1
ICCO4	YM155	0.4176	AUC	lower = more sensitive	0.9341	1
ICCO5	YM155	0.4371	AUC	lower = more sensitive	0.8607	1
ICCO7	YM155	0.51	AUC	lower = more sensitive	0.8832	1
ICCO8	YM155	0.6919	AUC	lower = more sensitive	0.9142	1
ICCO9	YM155	0.5878	AUC	lower = more sensitive	0.9219	1
