sample	drug	response	metric	direction	ln_ic50	max_conc_uM	n_screens	gdsc_drug_id	screens
P10	-7-OXOZEAENOL	0.964625	AUC	lower = more sensitive	4.54959	10	3	1242	P10x3
P11	-7-OXOZEAENOL	0.950562	AUC	lower = more sensitive	4.8782	10	2	1242	P11x2
P14	-7-OXOZEAENOL	0.9205	AUC	lower = more sensitive	3.78192	10	6	1242	P14x6
P16	-7-OXOZEAENOL	0.87875	AUC	lower = more sensitive	3.26781	10	3	1242	P16x3
P17	-7-OXOZEAENOL	0.83125	AUC	lower = more sensitive	2.41891	10	2	1242	P17x2
P18	-7-OXOZEAENOL	0.958625	AUC	lower = more sensitive	5.06141	10	3	1242	P18x3
P19TA	-7-OXOZEAENOL	0.953625	AUC	lower = more sensitive	4.50397	10	3	1242	P19TAx3
P19TB	-7-OXOZEAENOL	0.985987	AUC	lower = more sensitive	5.91878	10	3	1242	P19TBx3
P20	-7-OXOZEAENOL	0.9005	AUC	lower = more sensitive	3.60352	10	6	1242	P20x6
P23	-7-OXOZEAENOL	0.943625	AUC	lower = more sensitive	3.91175	10	2	1242	P23x2
P24TA	-7-OXOZEAENOL	0.968375	AUC	lower = more sensitive	4.70044	10	3	1242	P24TAx3
P25	-7-OXOZEAENOL	0.829937	AUC	lower = more sensitive	2.18246	10	2	1242	P25x2
P26	-7-OXOZEAENOL	0.932375	AUC	lower = more sensitive	3.38678	10	3	1242	P26x3
P28	-7-OXOZEAENOL	0.87125	AUC	lower = more sensitive	2.5558	10	3	1242	P28x3
P31	-7-OXOZEAENOL	0.96725	AUC	lower = more sensitive	5.17731	10	2	1242	P31x2
P6	-7-OXOZEAENOL	0.903687	AUC	lower = more sensitive	3.56966	10	2	1242	P6x2
P7	-7-OXOZEAENOL	0.93	AUC	lower = more sensitive	3.83931	10	3	1242	P7x3
P8	-7-OXOZEAENOL	0.899875	AUC	lower = more sensitive	3.06485	10	3	1242	P8x3
P9	-7-OXOZEAENOL	0.9225	AUC	lower = more sensitive	4.03303	10	3	1242	P9x3
P10	681640	0.984738	AUC	lower = more sensitive	4.26489	2	3	1046	P10x3
P11	681640	0.976625	AUC	lower = more sensitive	3.9887	2	2	1046	P11x2
P14	681640	0.9735	AUC	lower = more sensitive	3.79102	2	6	1046	P14x6
P16	681640	0.982125	AUC	lower = more sensitive	4.13871	2	3	1046	P16x3
P17	681640	0.911813	AUC	lower = more sensitive	2.29515	2	2	1046	P17x2
P18	681640	0.983375	AUC	lower = more sensitive	4.335	2	3	1046	P18x3
P19TA	681640	0.9	AUC	lower = more sensitive	1.6238	2	3	1046	P19TAx3
P19TB	681640	0.991987	AUC	lower = more sensitive	4.6879	2	3	1046	P19TBx3
P20	681640	0.973431	AUC	lower = more sensitive	3.82317	2	6	1046	P20x6
P23	681640	0.990237	AUC	lower = more sensitive	4.70178	2	2	1046	P23x2
P24TA	681640	0.978375	AUC	lower = more sensitive	4.00641	2	3	1046	P24TAx3
P25	681640	0.970375	AUC	lower = more sensitive	3.84606	2	2	1046	P25x2
P26	681640	0.988487	AUC	lower = more sensitive	4.58804	2	3	1046	P26x3
P28	681640	0.92625	AUC	lower = more sensitive	2.77794	2	3	1046	P28x3
P31	681640	0.983431	AUC	lower = more sensitive	4.28777	2	2	1046	P31x2
P6	681640	0.988306	AUC	lower = more sensitive	4.59472	2	2	1046	P6x2
P7	681640	0.993237	AUC	lower = more sensitive	4.78644	2	3	1046	P7x3
P8	681640	0.993237	AUC	lower = more sensitive	4.82291	2	3	1046	P8x3
P9	681640	0.993237	AUC	lower = more sensitive	4.91221	2	3	1046	P9x3
P10	AICA RIBONUCLEOTIDE	0.79625	AUC	lower = more sensitive	4.56129	100	3	1001	P10x3
P11	AICA RIBONUCLEOTIDE	0.94275	AUC	lower = more sensitive	6.60926	100	2	1001	P11x2
P14	AICA RIBONUCLEOTIDE	0.5775	AUC	lower = more sensitive	2.30262	100	6	1001	P14x6
P16	AICA RIBONUCLEOTIDE	0.6175	AUC	lower = more sensitive	3.72278	100	3	1001	P16x3
P17	AICA RIBONUCLEOTIDE	0.48	AUC	lower = more sensitive	1.57646	100	2	1001	P17x2
P18	AICA RIBONUCLEOTIDE	0.27375	AUC	lower = more sensitive	0.548772	100	3	1001	P18x3
P19TA	AICA RIBONUCLEOTIDE	0.625	AUC	lower = more sensitive	2.73831	100	3	1001	P19TAx3
P19TB	AICA RIBONUCLEOTIDE	0.8625	AUC	lower = more sensitive	5.27301	100	3	1001	P19TBx3
P20	AICA RIBONUCLEOTIDE	0.736875	AUC	lower = more sensitive	3.74811	100	6	1001	P20x6
P23	AICA RIBONUCLEOTIDE	0.794375	AUC	lower = more sensitive	3.93061	100	2	1001	P23x2
P24TA	AICA RIBONUCLEOTIDE	0.874875	AUC	lower = more sensitive	5.00384	100	3	1001	P24TAx3
P25	AICA RIBONUCLEOTIDE	0.52125	AUC	lower = more sensitive	1.98203	100	2	1001	P25x2
P26	AICA RIBONUCLEOTIDE	0.555	AUC	lower = more sensitive	2.32383	100	3	1001	P26x3
P28	AICA RIBONUCLEOTIDE	0.80375	AUC	lower = more sensitive	4.67998	100	3	1001	P28x3
P31	AICA RIBONUCLEOTIDE	0.93375	AUC	lower = more sensitive	6.2487	100	2	1001	P31x2
P6	AICA RIBONUCLEOTIDE	0.704937	AUC	lower = more sensitive	3.29549	100	2	1001	P6x2
P7	AICA RIBONUCLEOTIDE	0.52375	AUC	lower = more sensitive	1.99914	100	3	1001	P7x3
P8	AICA RIBONUCLEOTIDE	0.3725	AUC	lower = more sensitive	0.456434	100	3	1001	P8x3
P9	AICA RIBONUCLEOTIDE	0.4375	AUC	lower = more sensitive	1.35895	100	3	1001	P9x3
P10	AKT INHIBITOR VIII	0.984625	AUC	lower = more sensitive	5.16639	5	3	1116	P10x3
P11	AKT INHIBITOR VIII	0.996463	AUC	lower = more sensitive	6.31952	5	2	1116	P11x2
P14	AKT INHIBITOR VIII	0.993238	AUC	lower = more sensitive	5.70001	5	5	1116	P14x5
P16	AKT INHIBITOR VIII	0.998212	AUC	lower = more sensitive	6.33547	5	3	1116	P16x3
P17	AKT INHIBITOR VIII	0.88425	AUC	lower = more sensitive	2.33617	5	4	1116	P17x4
P18	AKT INHIBITOR VIII	0.994712	AUC	lower = more sensitive	6.15546	5	3	1116	P18x3
P19TA	AKT INHIBITOR VIII	0.775	AUC	lower = more sensitive	0.989034	5	3	1116	P19TAx3
P19TB	AKT INHIBITOR VIII	0.88625	AUC	lower = more sensitive	2.62517	5	3	1116	P19TBx3
P20	AKT INHIBITOR VIII	0.969875	AUC	lower = more sensitive	4.53197	5	3	1116	P20x3
P23	AKT INHIBITOR VIII	0.994712	AUC	lower = more sensitive	6.24587	5	2	1116	P23x2
P24TA	AKT INHIBITOR VIII	0.967875	AUC	lower = more sensitive	4.26114	5	2	1116	P24TAx2
P25	AKT INHIBITOR VIII	0.898625	AUC	lower = more sensitive	2.11642	5	2	1116	P25x2
P26	AKT INHIBITOR VIII	0.994712	AUC	lower = more sensitive	6.2626	5	3	1116	P26x3
P28	AKT INHIBITOR VIII	0.975875	AUC	lower = more sensitive	4.69641	5	3	1116	P28x3
P31	AKT INHIBITOR VIII	0.994712	AUC	lower = more sensitive	6.19138	5	2	1116	P31x2
P6	AKT INHIBITOR VIII	0.993237	AUC	lower = more sensitive	5.80202	5	2	1116	P6x2
P7	AKT INHIBITOR VIII	0.77	AUC	lower = more sensitive	0.869548	5	3	1116	P7x3
P8	AKT INHIBITOR VIII	0.970375	AUC	lower = more sensitive	4.68741	5	6	1116	P8x6
P9	AKT INHIBITOR VIII	0.964125	AUC	lower = more sensitive	4.27677	5	6	1116	P9x6
P10	AMG-706	0.991987	AUC	lower = more sensitive	4.71096	2	3	1029	P10x3
P11	AMG-706	0.993862	AUC	lower = more sensitive	4.92562	2	2	1029	P11x2
P14	AMG-706	0.979625	AUC	lower = more sensitive	3.93068	2	6	1029	P14x6
P16	AMG-706	0.988487	AUC	lower = more sensitive	4.72186	2	3	1029	P16x3
P17	AMG-706	0.963625	AUC	lower = more sensitive	3.4763	2	2	1029	P17x2
P18	AMG-706	0.991987	AUC	lower = more sensitive	4.83977	2	3	1029	P18x3
P19TA	AMG-706	0.984625	AUC	lower = more sensitive	4.2249	2	3	1029	P19TAx3
P19TB	AMG-706	0.993237	AUC	lower = more sensitive	4.96498	2	3	1029	P19TBx3
P20	AMG-706	0.982807	AUC	lower = more sensitive	4.23394	2	6	1029	P20x6
P23	AMG-706	0.981556	AUC	lower = more sensitive	4.38687	2	2	1029	P23x2
P24TA	AMG-706	0.991987	AUC	lower = more sensitive	4.55563	2	3	1029	P24TAx3
P25	AMG-706	0.935369	AUC	lower = more sensitive	3.61464	2	2	1029	P25x2
P26	AMG-706	0.994712	AUC	lower = more sensitive	5.13196	2	3	1029	P26x3
P28	AMG-706	0.979625	AUC	lower = more sensitive	4.04348	2	3	1029	P28x3
P31	AMG-706	0.992613	AUC	lower = more sensitive	4.9254	2	2	1029	P31x2
P6	AMG-706	0.949812	AUC	lower = more sensitive	3.24031	2	2	1029	P6x2
P7	AMG-706	0.993237	AUC	lower = more sensitive	5.04575	2	3	1029	P7x3
P8	AMG-706	0.994487	AUC	lower = more sensitive	5.06495	2	3	1029	P8x3
P9	AMG-706	0.977125	AUC	lower = more sensitive	3.85164	2	3	1029	P9x3
P10	AXITINIB	0.905	AUC	lower = more sensitive	1.90723	2	3	1021	P10x3
P11	AXITINIB	0.986544	AUC	lower = more sensitive	4.54747	2	2	1021	P11x2
P14	AXITINIB	0.944125	AUC	lower = more sensitive	2.78696	2	6	1021	P14x6
P16	AXITINIB	0.960875	AUC	lower = more sensitive	2.3769	2	3	1021	P16x3
P17	AXITINIB	0.881812	AUC	lower = more sensitive	1.23317	2	2	1021	P17x2
P18	AXITINIB	0.969625	AUC	lower = more sensitive	3.09189	2	3	1021	P18x3
P19TA	AXITINIB	0.85375	AUC	lower = more sensitive	1.26328	2	3	1021	P19TAx3
P19TB	AXITINIB	0.967375	AUC	lower = more sensitive	3.30755	2	3	1021	P19TBx3
P20	AXITINIB	0.821187	AUC	lower = more sensitive	1.13539	2	6	1021	P20x6
P23	AXITINIB	0.965306	AUC	lower = more sensitive	3.57075	2	2	1021	P23x2
P24TA	AXITINIB	0.949875	AUC	lower = more sensitive	2.89426	2	3	1021	P24TAx3
P25	AXITINIB	0.992613	AUC	lower = more sensitive	4.80793	2	2	1021	P25x2
P26	AXITINIB	0.957375	AUC	lower = more sensitive	3.06895	2	3	1021	P26x3
P28	AXITINIB	0.8925	AUC	lower = more sensitive	2.33347	2	3	1021	P28x3
P31	AXITINIB	0.996462	AUC	lower = more sensitive	5.30177	2	2	1021	P31x2
P6	AXITINIB	0.990237	AUC	lower = more sensitive	4.42644	2	2	1021	P6x2
P7	AXITINIB	0.86	AUC	lower = more sensitive	0.896709	2	3	1021	P7x3
P8	AXITINIB	0.863625	AUC	lower = more sensitive	0.806794	2	3	1021	P8x3
P9	AXITINIB	0.902375	AUC	lower = more sensitive	1.19716	2	3	1021	P9x3
P10	AZ960	0.835	AUC	lower = more sensitive	3.07797	10	3	1250	P10x3
P11	AZ960	0.987681	AUC	lower = more sensitive	5.94367	10	2	1250	P11x2
P14	AZ960	0.6825	AUC	lower = more sensitive	1.09615	10	5	1250	P14x5
P16	AZ960	0.949625	AUC	lower = more sensitive	3.54674	10	3	1250	P16x3
P17	AZ960	0.729375	AUC	lower = more sensitive	1.15277	10	4	1250	P17x4
P18	AZ960	0.994712	AUC	lower = more sensitive	6.9373	10	3	1250	P18x3
P19TA	AZ960	0.7075	AUC	lower = more sensitive	1.29181	10	3	1250	P19TAx3
P19TB	AZ960	0.969875	AUC	lower = more sensitive	5.1678	10	3	1250	P19TBx3
P20	AZ960	0.8625	AUC	lower = more sensitive	2.89745	10	3	1250	P20x3
P23	AZ960	0.988419	AUC	lower = more sensitive	6.05449	10	2	1250	P23x2
P24TA	AZ960	0.951625	AUC	lower = more sensitive	4.59515	10	2	1250	P24TAx2
P25	AZ960	0.980932	AUC	lower = more sensitive	5.60001	10	2	1250	P25x2
P26	AZ960	0.976125	AUC	lower = more sensitive	5.28348	10	3	1250	P26x3
P28	AZ960	0.91375	AUC	lower = more sensitive	3.39418	10	3	1250	P28x3
P31	AZ960	0.993862	AUC	lower = more sensitive	6.51153	10	2	1250	P31x2
P6	AZ960	0.992612	AUC	lower = more sensitive	6.24881	10	2	1250	P6x2
P7	AZ960	0.61	AUC	lower = more sensitive	0.396354	10	3	1250	P7x3
P8	AZ960	0.840625	AUC	lower = more sensitive	2.05301	10	6	1250	P8x6
P9	AZ960	0.885625	AUC	lower = more sensitive	2.92912	10	6	1250	P9x6
P10	AZD-2281	0.968625	AUC	lower = more sensitive	4.44204	5	3	1017	P10x3
P11	AZD-2281	0.988306	AUC	lower = more sensitive	5.48137	5	2	1017	P11x2
P14	AZD-2281	0.960438	AUC	lower = more sensitive	4.33333	5	6	1017	P14x6
P16	AZD-2281	0.993237	AUC	lower = more sensitive	5.64436	5	3	1017	P16x3
P17	AZD-2281	0.966625	AUC	lower = more sensitive	4.43558	5	2	1017	P17x2
P18	AZD-2281	0.982125	AUC	lower = more sensitive	5.1054	5	3	1017	P18x3
P19TA	AZD-2281	0.916125	AUC	lower = more sensitive	2.71148	5	3	1017	P19TAx3
P19TB	AZD-2281	0.985988	AUC	lower = more sensitive	5.25732	5	3	1017	P19TBx3
P20	AZD-2281	0.988487	AUC	lower = more sensitive	5.27253	5	6	1017	P20x6
P23	AZD-2281	0.992613	AUC	lower = more sensitive	5.67452	5	2	1017	P23x2
P24TA	AZD-2281	0.961125	AUC	lower = more sensitive	4.23247	5	3	1017	P24TAx3
P25	AZD-2281	0.925994	AUC	lower = more sensitive	4.77095	5	2	1017	P25x2
P26	AZD-2281	0.983375	AUC	lower = more sensitive	5.17406	5	3	1017	P26x3
P28	AZD-2281	0.983375	AUC	lower = more sensitive	5.09887	5	3	1017	P28x3
P31	AZD-2281	0.991488	AUC	lower = more sensitive	5.63061	5	2	1017	P31x2
P6	AZD-2281	0.982182	AUC	lower = more sensitive	5.13396	5	2	1017	P6x2
P7	AZD-2281	0.932375	AUC	lower = more sensitive	3.19353	5	3	1017	P7x3
P8	AZD-2281	0.944875	AUC	lower = more sensitive	3.55814	5	3	1017	P8x3
P9	AZD-2281	0.988488	AUC	lower = more sensitive	5.37776	5	3	1017	P9x3
P10	AZD-8055	0.936125	AUC	lower = more sensitive	2.52646	2	3	1059	P10x3
P11	AZD-8055	0.962306	AUC	lower = more sensitive	3.23753	2	2	1059	P11x2
P14	AZD-8055	0.966625	AUC	lower = more sensitive	3.40486	2	6	1059	P14x6
P16	AZD-8055	0.92	AUC	lower = more sensitive	2.15703	2	3	1059	P16x3
P17	AZD-8055	0.706875	AUC	lower = more sensitive	-0.456306	2	2	1059	P17x2
P18	AZD-8055	0.909875	AUC	lower = more sensitive	1.43142	2	3	1059	P18x3
P19TA	AZD-8055	0.67625	AUC	lower = more sensitive	-0.969707	2	3	1059	P19TAx3
P19TB	AZD-8055	0.946125	AUC	lower = more sensitive	2.49539	2	3	1059	P19TBx3
P20	AZD-8055	0.81375	AUC	lower = more sensitive	0.435881	2	6	1059	P20x6
P23	AZD-8055	0.961556	AUC	lower = more sensitive	3.09719	2	2	1059	P23x2
P24TA	AZD-8055	0.85375	AUC	lower = more sensitive	0.874905	2	3	1059	P24TAx3
P25	AZD-8055	0.79	AUC	lower = more sensitive	0.102632	2	2	1059	P25x2
P26	AZD-8055	0.949875	AUC	lower = more sensitive	2.31835	2	3	1059	P26x3
P28	AZD-8055	0.89625	AUC	lower = more sensitive	1.46379	2	3	1059	P28x3
P31	AZD-8055	0.993974	AUC	lower = more sensitive	5.07122	2	2	1059	P31x2
P6	AZD-8055	0.885625	AUC	lower = more sensitive	2.0197	2	2	1059	P6x2
P7	AZD-8055	0.77	AUC	lower = more sensitive	-0.237625	2	3	1059	P7x3
P8	AZD-8055	0.63125	AUC	lower = more sensitive	-0.922853	2	3	1059	P8x3
P9	AZD-8055	0.8025	AUC	lower = more sensitive	-0.030779	2	3	1059	P9x3
P10	AZD6482	0.959875	AUC	lower = more sensitive	4.19717	5	3	1066	P10x3
P11	AZD6482	0.996463	AUC	lower = more sensitive	6.22297	5	2	1066	P11x2
P14	AZD6482	0.97725	AUC	lower = more sensitive	4.87363	5	6	1066	P14x6
P16	AZD6482	0.994712	AUC	lower = more sensitive	6.25517	5	3	1066	P16x3
P17	AZD6482	0.971625	AUC	lower = more sensitive	4.49355	5	2	1066	P17x2
P18	AZD6482	0.994712	AUC	lower = more sensitive	6.10527	5	3	1066	P18x3
P19TA	AZD6482	0.961125	AUC	lower = more sensitive	4.16181	5	3	1066	P19TAx3
P19TB	AZD6482	0.982125	AUC	lower = more sensitive	4.99022	5	3	1066	P19TBx3
P20	AZD6482	0.918063	AUC	lower = more sensitive	3.91461	5	6	1066	P20x6
P23	AZD6482	0.986431	AUC	lower = more sensitive	5.20186	5	2	1066	P23x2
P24TA	AZD6482	0.993238	AUC	lower = more sensitive	5.68497	5	3	1066	P24TAx3
P25	AZD6482	0.986544	AUC	lower = more sensitive	5.53537	5	2	1066	P25x2
P26	AZD6482	0.991988	AUC	lower = more sensitive	5.72601	5	3	1066	P26x3
P28	AZD6482	0.978375	AUC	lower = more sensitive	4.80566	5	3	1066	P28x3
P31	AZD6482	0.993974	AUC	lower = more sensitive	6.12616	5	2	1066	P31x2
P6	AZD6482	0.993863	AUC	lower = more sensitive	5.91866	5	2	1066	P6x2
P7	AZD6482	0.88	AUC	lower = more sensitive	2.02122	5	3	1066	P7x3
P8	AZD6482	0.91875	AUC	lower = more sensitive	3.545	5	3	1066	P8x3
P9	AZD6482	0.991987	AUC	lower = more sensitive	5.53605	5	3	1066	P9x3
P10	BI-2536	0.675	AUC	lower = more sensitive	-1.82489	0.5	3	1086	P10x3
P11	BI-2536	0.947937	AUC	lower = more sensitive	1.76749	0.5	2	1086	P11x2
P14	BI-2536	0.66875	AUC	lower = more sensitive	-2.34246	0.5	5	1086	P14x5
P16	BI-2536	0.79875	AUC	lower = more sensitive	-0.343679	0.5	3	1086	P16x3
P17	BI-2536	0.515625	AUC	lower = more sensitive	-3.07273	0.5	4	1086	P17x4
P18	BI-2536	0.55125	AUC	lower = more sensitive	-3.15583	0.5	3	1086	P18x3
P19TA	BI-2536	0.4175	AUC	lower = more sensitive	-4.55408	0.5	3	1086	P19TAx3
P19TB	BI-2536	0.66125	AUC	lower = more sensitive	-1.76206	0.5	3	1086	P19TBx3
P20	BI-2536	0.855	AUC	lower = more sensitive	0.322346	0.5	3	1086	P20x3
P23	BI-2536	0.801813	AUC	lower = more sensitive	-1.40976	0.5	2	1086	P23x2
P24TA	BI-2536	0.975375	AUC	lower = more sensitive	2.37092	0.5	2	1086	P24TAx2
P25	BI-2536	0.583125	AUC	lower = more sensitive	-2.55328	0.5	2	1086	P25x2
P26	BI-2536	0.7925	AUC	lower = more sensitive	-0.458723	0.5	3	1086	P26x3
P28	BI-2536	0.72	AUC	lower = more sensitive	-1.19849	0.5	3	1086	P28x3
P31	BI-2536	0.99335	AUC	lower = more sensitive	3.56693	0.5	2	1086	P31x2
P6	BI-2536	0.765	AUC	lower = more sensitive	-1.11087	0.5	2	1086	P6x2
P7	BI-2536	0.62375	AUC	lower = more sensitive	-2.50329	0.5	3	1086	P7x3
P8	BI-2536	0.78625	AUC	lower = more sensitive	-1.14334	0.5	6	1086	P8x6
P9	BI-2536	0.529375	AUC	lower = more sensitive	-3.11972	0.5	6	1086	P9x6
P10	BIBW2992/AFATANIB	0.9175	AUC	lower = more sensitive	1.21644	0.5	3	1032	P10x3
P11	BIBW2992/AFATANIB	0.956557	AUC	lower = more sensitive	2.04415	0.5	2	1032	P11x2
P14	BIBW2992/AFATANIB	0.750625	AUC	lower = more sensitive	-1.59958	0.5	6	1032	P14x6
P16	BIBW2992/AFATANIB	0.924875	AUC	lower = more sensitive	0.586565	0.5	3	1032	P16x3
P17	BIBW2992/AFATANIB	0.65375	AUC	lower = more sensitive	-2.41519	0.5	2	1032	P17x2
P18	BIBW2992/AFATANIB	0.962375	AUC	lower = more sensitive	1.49927	0.5	3	1032	P18x3
P19TA	BIBW2992/AFATANIB	0.968625	AUC	lower = more sensitive	2.23502	0.5	3	1032	P19TAx3
P19TB	BIBW2992/AFATANIB	0.993237	AUC	lower = more sensitive	3.36723	0.5	3	1032	P19TBx3
P20	BIBW2992/AFATANIB	0.596875	AUC	lower = more sensitive	-2.73899	0.5	6	1032	P20x6
P23	BIBW2992/AFATANIB	0.874812	AUC	lower = more sensitive	-0.233757	0.5	2	1032	P23x2
P24TA	BIBW2992/AFATANIB	0.993237	AUC	lower = more sensitive	3.51148	0.5	3	1032	P24TAx3
P25	BIBW2992/AFATANIB	0.911875	AUC	lower = more sensitive	0.654073	0.5	2	1032	P25x2
P26	BIBW2992/AFATANIB	0.962375	AUC	lower = more sensitive	2.1544	0.5	3	1032	P26x3
P28	BIBW2992/AFATANIB	0.901125	AUC	lower = more sensitive	0.011116	0.5	3	1032	P28x3
P31	BIBW2992/AFATANIB	0.986544	AUC	lower = more sensitive	3.18966	0.5	2	1032	P31x2
P6	BIBW2992/AFATANIB	0.9405	AUC	lower = more sensitive	0.805001	0.5	2	1032	P6x2
P7	BIBW2992/AFATANIB	0.924875	AUC	lower = more sensitive	0.671105	0.5	3	1032	P7x3
P8	BIBW2992/AFATANIB	0.78375	AUC	lower = more sensitive	-1.54249	0.5	3	1032	P8x3
P9	BIBW2992/AFATANIB	0.956125	AUC	lower = more sensitive	1.50846	0.5	3	1032	P9x3
P10	BMN-673	0.82	AUC	lower = more sensitive	2.74542	10	3	1259	P10x3
P11	BMN-673	0.969125	AUC	lower = more sensitive	5.26152	10	2	1259	P11x2
P14	BMN-673	0.65625	AUC	lower = more sensitive	0.596793	10	5	1259	P14x5
P16	BMN-673	0.8925	AUC	lower = more sensitive	3.22974	10	3	1259	P16x3
P17	BMN-673	0.878687	AUC	lower = more sensitive	3.29655	10	4	1259	P17x4
P18	BMN-673	0.5775	AUC	lower = more sensitive	0.01683	10	3	1259	P18x3
P19TA	BMN-673	0.81625	AUC	lower = more sensitive	2.88344	10	3	1259	P19TAx3
P19TB	BMN-673	0.978375	AUC	lower = more sensitive	5.52136	10	3	1259	P19TBx3
P20	BMN-673	0.988488	AUC	lower = more sensitive	6.24961	10	3	1259	P20x3
P23	BMN-673	0.879375	AUC	lower = more sensitive	2.97068	10	2	1259	P23x2
P24TA	BMN-673	0.775625	AUC	lower = more sensitive	2.72577	10	2	1259	P24TAx2
P25	BMN-673	0.796188	AUC	lower = more sensitive	2.78405	10	2	1259	P25x2
P26	BMN-673	0.926125	AUC	lower = more sensitive	3.49049	10	3	1259	P26x3
P28	BMN-673	0.86125	AUC	lower = more sensitive	3.14337	10	3	1259	P28x3
P31	BMN-673	0.991487	AUC	lower = more sensitive	6.46251	10	2	1259	P31x2
P6	BMN-673	0.785625	AUC	lower = more sensitive	1.89064	10	2	1259	P6x2
P7	BMN-673	0.69	AUC	lower = more sensitive	1.05041	10	3	1259	P7x3
P8	BMN-673	0.47125	AUC	lower = more sensitive	-0.770718	10	6	1259	P8x6
P9	BMN-673	0.8675	AUC	lower = more sensitive	2.97916	10	6	1259	P9x6
P10	BMS-345541	0.898625	AUC	lower = more sensitive	2.8947	10	3	1249	P10x3
P11	BMS-345541	0.984681	AUC	lower = more sensitive	5.96535	10	2	1249	P11x2
P14	BMS-345541	0.942375	AUC	lower = more sensitive	4.1423	10	5	1249	P14x5
P16	BMS-345541	0.982125	AUC	lower = more sensitive	5.47728	10	3	1249	P16x3
P17	BMS-345541	0.834313	AUC	lower = more sensitive	2.38486	10	4	1249	P17x4
P18	BMS-345541	0.954875	AUC	lower = more sensitive	4.52103	10	3	1249	P18x3
P19TA	BMS-345541	0.8025	AUC	lower = more sensitive	2.20065	10	3	1249	P19TAx3
P19TB	BMS-345541	0.954875	AUC	lower = more sensitive	4.45171	10	3	1249	P19TBx3
P20	BMS-345541	0.948625	AUC	lower = more sensitive	4.25049	10	3	1249	P20x3
P23	BMS-345541	0.974625	AUC	lower = more sensitive	5.23779	10	2	1249	P23x2
P24TA	BMS-345541	0.90375	AUC	lower = more sensitive	4.17352	10	2	1249	P24TAx2
P25	BMS-345541	0.890437	AUC	lower = more sensitive	3.51851	10	2	1249	P25x2
P26	BMS-345541	0.9375	AUC	lower = more sensitive	3.92727	10	3	1249	P26x3
P28	BMS-345541	0.932375	AUC	lower = more sensitive	3.78127	10	3	1249	P28x3
P31	BMS-345541	0.992612	AUC	lower = more sensitive	6.56752	10	2	1249	P31x2
P6	BMS-345541	0.8955	AUC	lower = more sensitive	3.05577	10	2	1249	P6x2
P7	BMS-345541	0.978375	AUC	lower = more sensitive	5.27196	10	3	1249	P7x3
P8	BMS-345541	0.93175	AUC	lower = more sensitive	4.03092	10	6	1249	P8x6
P9	BMS-345541	0.883625	AUC	lower = more sensitive	2.66637	10	6	1249	P9x6
P10	BMS-536924	0.8275	AUC	lower = more sensitive	1.88857	4	3	1091	P10x3
P11	BMS-536924	0.912937	AUC	lower = more sensitive	3.173	4	2	1091	P11x2
P14	BMS-536924	0.94375	AUC	lower = more sensitive	3.28298	4	5	1091	P14x5
P16	BMS-536924	0.984738	AUC	lower = more sensitive	5.02371	4	3	1091	P16x3
P17	BMS-536924	0.802438	AUC	lower = more sensitive	1.38569	4	4	1091	P17x4
P18	BMS-536924	0.994712	AUC	lower = more sensitive	6.15273	4	3	1091	P18x3
P19TA	BMS-536924	0.5975	AUC	lower = more sensitive	-0.784315	4	3	1091	P19TAx3
P19TB	BMS-536924	0.825	AUC	lower = more sensitive	0.977605	4	3	1091	P19TBx3
P20	BMS-536924	0.83125	AUC	lower = more sensitive	1.25122	4	3	1091	P20x3
P23	BMS-536924	0.979681	AUC	lower = more sensitive	4.73589	4	2	1091	P23x2
P24TA	BMS-536924	0.978431	AUC	lower = more sensitive	4.42904	4	2	1091	P24TAx2
P25	BMS-536924	0.76625	AUC	lower = more sensitive	0.837058	4	2	1091	P25x2
P26	BMS-536924	0.982125	AUC	lower = more sensitive	4.46005	4	3	1091	P26x3
P28	BMS-536924	0.916125	AUC	lower = more sensitive	2.37079	4	3	1091	P28x3
P31	BMS-536924	0.993349	AUC	lower = more sensitive	5.71849	4	2	1091	P31x2
P6	BMS-536924	0.982181	AUC	lower = more sensitive	4.76097	4	2	1091	P6x2
P7	BMS-536924	0.949875	AUC	lower = more sensitive	3.37094	4	3	1091	P7x3
P8	BMS-536924	0.869812	AUC	lower = more sensitive	2.17446	4	6	1091	P8x6
P9	BMS-536924	0.928687	AUC	lower = more sensitive	2.97483	4	6	1091	P9x6
P10	BMS-708163	0.984625	AUC	lower = more sensitive	5.16256	5	3	1072	P10x3
P11	BMS-708163	0.980875	AUC	lower = more sensitive	5.02282	5	2	1072	P11x2
P14	BMS-708163	0.953062	AUC	lower = more sensitive	4.22353	5	6	1072	P14x6
P16	BMS-708163	0.988488	AUC	lower = more sensitive	5.42819	5	3	1072	P16x3
P17	BMS-708163	0.88625	AUC	lower = more sensitive	2.82463	5	2	1072	P17x2
P18	BMS-708163	0.984625	AUC	lower = more sensitive	5.35043	5	3	1072	P18x3
P19TA	BMS-708163	0.978375	AUC	lower = more sensitive	4.85564	5	3	1072	P19TAx3
P19TB	BMS-708163	0.985988	AUC	lower = more sensitive	5.27571	5	3	1072	P19TBx3
P20	BMS-708163	0.929869	AUC	lower = more sensitive	3.57319	5	6	1072	P20x6
P23	BMS-708163	0.9685	AUC	lower = more sensitive	4.70751	5	2	1072	P23x2
P24TA	BMS-708163	0.949875	AUC	lower = more sensitive	3.95257	5	3	1072	P24TAx3
P25	BMS-708163	0.934937	AUC	lower = more sensitive	3.99005	5	2	1072	P25x2
P26	BMS-708163	0.984625	AUC	lower = more sensitive	5.27547	5	3	1072	P26x3
P28	BMS-708163	0.92875	AUC	lower = more sensitive	3.14486	5	3	1072	P28x3
P31	BMS-708163	0.9425	AUC	lower = more sensitive	4.0152	5	2	1072	P31x2
P6	BMS-708163	0.939813	AUC	lower = more sensitive	3.60538	5	2	1072	P6x2
P7	BMS-708163	0.895	AUC	lower = more sensitive	3.19539	5	3	1072	P7x3
P8	BMS-708163	0.956125	AUC	lower = more sensitive	4.03782	5	3	1072	P8x3
P9	BMS-708163	0.978375	AUC	lower = more sensitive	4.9184	5	3	1072	P9x3
P10	BORTEZOMIB	0.898625	AUC	lower = more sensitive	-2.61072	0.02	3	1191	P10x3
P11	BORTEZOMIB	0.9535	AUC	lower = more sensitive	-1.74416	0.02	2	1191	P11x2
P14	BORTEZOMIB	0.951125	AUC	lower = more sensitive	-2.02088	0.02	5	1191	P14x5
P16	BORTEZOMIB	0.89625	AUC	lower = more sensitive	-2.90721	0.02	3	1191	P16x3
P17	BORTEZOMIB	0.931063	AUC	lower = more sensitive	-2.14315	0.02	4	1191	P17x4
P18	BORTEZOMIB	0.984737	AUC	lower = more sensitive	-0.591396	0.02	3	1191	P18x3
P19TA	BORTEZOMIB	0.867375	AUC	lower = more sensitive	-3.17236	0.02	3	1191	P19TAx3
P19TB	BORTEZOMIB	0.975875	AUC	lower = more sensitive	-1.25569	0.02	3	1191	P19TBx3
P20	BORTEZOMIB	0.982237	AUC	lower = more sensitive	-0.94458	0.02	3	1191	P20x3
P23	BORTEZOMIB	0.976557	AUC	lower = more sensitive	-1.12013	0.02	2	1191	P23x2
P24TA	BORTEZOMIB	0.77875	AUC	lower = more sensitive	-4.39083	0.02	2	1191	P24TAx2
P25	BORTEZOMIB	0.81875	AUC	lower = more sensitive	-4.13121	0.02	2	1191	P25x2
P26	BORTEZOMIB	0.968625	AUC	lower = more sensitive	-1.50101	0.02	3	1191	P26x3
P28	BORTEZOMIB	0.959875	AUC	lower = more sensitive	-1.51477	0.02	3	1191	P28x3
P31	BORTEZOMIB	0.987057	AUC	lower = more sensitive	-0.206444	0.02	2	1191	P31x2
P6	BORTEZOMIB	0.873687	AUC	lower = more sensitive	-3.05471	0.02	2	1191	P6x2
P7	BORTEZOMIB	0.5675	AUC	lower = more sensitive	-6.19951	0.02	3	1191	P7x3
P8	BORTEZOMIB	0.953	AUC	lower = more sensitive	-1.79137	0.02	6	1191	P8x6
P9	BORTEZOMIB	0.95925	AUC	lower = more sensitive	-1.55568	0.02	6	1191	P9x6
P10	BX-795	0.82875	AUC	lower = more sensitive	1.61147	5	3	1037	P10x3
P11	BX-795	0.987681	AUC	lower = more sensitive	5.50452	5	2	1037	P11x2
P14	BX-795	0.890625	AUC	lower = more sensitive	2.84719	5	6	1037	P14x6
P16	BX-795	0.9125	AUC	lower = more sensitive	3.01748	5	3	1037	P16x3
P17	BX-795	0.785562	AUC	lower = more sensitive	0.991856	5	2	1037	P17x2
P18	BX-795	0.87875	AUC	lower = more sensitive	2.59428	5	3	1037	P18x3
P19TA	BX-795	0.86875	AUC	lower = more sensitive	2.27581	5	3	1037	P19TAx3
P19TB	BX-795	0.90625	AUC	lower = more sensitive	2.55798	5	3	1037	P19TBx3
P20	BX-795	0.864875	AUC	lower = more sensitive	1.98501	5	6	1037	P20x6
P23	BX-795	0.879875	AUC	lower = more sensitive	1.77957	5	2	1037	P23x2
P24TA	BX-795	0.944875	AUC	lower = more sensitive	3.99081	5	3	1037	P24TAx3
P25	BX-795	0.936813	AUC	lower = more sensitive	3.64941	5	2	1037	P25x2
P26	BX-795	0.91125	AUC	lower = more sensitive	2.87693	5	3	1037	P26x3
P28	BX-795	0.79375	AUC	lower = more sensitive	1.16484	5	3	1037	P28x3
P31	BX-795	0.971	AUC	lower = more sensitive	4.70105	5	2	1037	P31x2
P6	BX-795	0.943625	AUC	lower = more sensitive	3.67586	5	2	1037	P6x2
P7	BX-795	0.68625	AUC	lower = more sensitive	0.289141	5	3	1037	P7x3
P8	BX-795	0.845	AUC	lower = more sensitive	1.65807	5	3	1037	P8x3
P9	BX-795	0.7725	AUC	lower = more sensitive	0.915791	5	3	1037	P9x3
P10	BYL719	0.942375	AUC	lower = more sensitive	3.59084	5	3	1560	P10x3
P11	BYL719	0.914937	AUC	lower = more sensitive	3.76433	5	2	1560	P11x2
P14	BYL719	0.970875	AUC	lower = more sensitive	4.26505	5	5	1560	P14x5
P16	BYL719	0.988487	AUC	lower = more sensitive	5.20857	5	3	1560	P16x3
P17	BYL719	0.82375	AUC	lower = more sensitive	1.61822	5	4	1560	P17x4
P18	BYL719	0.991988	AUC	lower = more sensitive	5.54641	5	3	1560	P18x3
P19TA	BYL719	0.83	AUC	lower = more sensitive	1.89159	5	3	1560	P19TAx3
P19TB	BYL719	0.8425	AUC	lower = more sensitive	1.62523	5	3	1560	P19TBx3
P20	BYL719	0.88375	AUC	lower = more sensitive	3.39179	5	3	1560	P20x3
P23	BYL719	0.982182	AUC	lower = more sensitive	5.0226	5	2	1560	P23x2
P24TA	BYL719	0.90925	AUC	lower = more sensitive	3.10003	5	2	1560	P24TAx2
P25	BYL719	0.814375	AUC	lower = more sensitive	2.69796	5	2	1560	P25x2
P26	BYL719	0.993237	AUC	lower = more sensitive	5.91341	5	3	1560	P26x3
P28	BYL719	0.9175	AUC	lower = more sensitive	3.36289	5	3	1560	P28x3
P31	BYL719	0.993237	AUC	lower = more sensitive	5.91348	5	2	1560	P31x2
P6	BYL719	0.985806	AUC	lower = more sensitive	5.33726	5	2	1560	P6x2
P7	BYL719	0.7575	AUC	lower = more sensitive	0.964935	5	3	1560	P7x3
P8	BYL719	0.754375	AUC	lower = more sensitive	1.03454	5	6	1560	P8x6
P9	BYL719	0.710625	AUC	lower = more sensitive	0.826343	5	6	1560	P9x6
P10	CAMPTOTHECIN	0.89125	AUC	lower = more sensitive	-0.836199	0.1	3	1003	P10x3
P11	CAMPTOTHECIN	0.989613	AUC	lower = more sensitive	1.64806	0.1	2	1003	P11x2
P14	CAMPTOTHECIN	0.853063	AUC	lower = more sensitive	-1.9017	0.1	6	1003	P14x6
P16	CAMPTOTHECIN	0.916125	AUC	lower = more sensitive	-1.38165	0.1	3	1003	P16x3
P17	CAMPTOTHECIN	0.885563	AUC	lower = more sensitive	-1.4504	0.1	2	1003	P17x2
P18	CAMPTOTHECIN	0.8875	AUC	lower = more sensitive	-1.44197	0.1	3	1003	P18x3
P19TA	CAMPTOTHECIN	0.72125	AUC	lower = more sensitive	-3.10822	0.1	3	1003	P19TAx3
P19TB	CAMPTOTHECIN	0.956125	AUC	lower = more sensitive	0.014289	0.1	3	1003	P19TBx3
P20	CAMPTOTHECIN	0.903687	AUC	lower = more sensitive	-0.805419	0.1	6	1003	P20x6
P23	CAMPTOTHECIN	0.988362	AUC	lower = more sensitive	1.53131	0.1	2	1003	P23x2
P24TA	CAMPTOTHECIN	0.944875	AUC	lower = more sensitive	-0.012611	0.1	3	1003	P24TAx3
P25	CAMPTOTHECIN	0.9685	AUC	lower = more sensitive	0.403649	0.1	2	1003	P25x2
P26	CAMPTOTHECIN	0.904875	AUC	lower = more sensitive	-1.16402	0.1	3	1003	P26x3
P28	CAMPTOTHECIN	0.941125	AUC	lower = more sensitive	-0.517449	0.1	3	1003	P28x3
P31	CAMPTOTHECIN	0.988931	AUC	lower = more sensitive	1.69485	0.1	2	1003	P31x2
P6	CAMPTOTHECIN	0.97225	AUC	lower = more sensitive	0.698609	0.1	2	1003	P6x2
P7	CAMPTOTHECIN	0.82125	AUC	lower = more sensitive	-2.78009	0.1	3	1003	P7x3
P8	CAMPTOTHECIN	0.897375	AUC	lower = more sensitive	-1.5997	0.1	3	1003	P8x3
P9	CAMPTOTHECIN	0.859875	AUC	lower = more sensitive	-2.13699	0.1	3	1003	P9x3
P10	CEP-701	0.7725	AUC	lower = more sensitive	-0.061357	2	3	1024	P10x3
P11	CEP-701	0.983431	AUC	lower = more sensitive	4.39524	2	2	1024	P11x2
P14	CEP-701	0.81375	AUC	lower = more sensitive	1.5692	2	6	1024	P14x6
P16	CEP-701	0.69125	AUC	lower = more sensitive	-0.246347	2	3	1024	P16x3
P17	CEP-701	0.484375	AUC	lower = more sensitive	-1.95905	2	2	1024	P17x2
P18	CEP-701	0.75375	AUC	lower = more sensitive	0.430957	2	3	1024	P18x3
P19TA	CEP-701	0.57625	AUC	lower = more sensitive	-1.2682	2	3	1024	P19TAx3
P19TB	CEP-701	0.954875	AUC	lower = more sensitive	2.77363	2	3	1024	P19TBx3
P20	CEP-701	0.764375	AUC	lower = more sensitive	-0.167595	2	6	1024	P20x6
P23	CEP-701	0.779375	AUC	lower = more sensitive	-0.0633025	2	2	1024	P23x2
P24TA	CEP-701	0.855	AUC	lower = more sensitive	1.86381	2	3	1024	P24TAx3
P25	CEP-701	0.819312	AUC	lower = more sensitive	0.318451	2	2	1024	P25x2
P26	CEP-701	0.957375	AUC	lower = more sensitive	3.39681	2	3	1024	P26x3
P28	CEP-701	0.57125	AUC	lower = more sensitive	-1.47618	2	3	1024	P28x3
P31	CEP-701	0.977181	AUC	lower = more sensitive	4.04134	2	2	1024	P31x2
P6	CEP-701	0.924937	AUC	lower = more sensitive	2.35721	2	2	1024	P6x2
P7	CEP-701	0.54875	AUC	lower = more sensitive	-1.58896	2	3	1024	P7x3
P8	CEP-701	0.68875	AUC	lower = more sensitive	-0.479844	2	3	1024	P8x3
P9	CEP-701	0.67125	AUC	lower = more sensitive	-0.897259	2	3	1024	P9x3
P10	CETUXIMAB	0.952375	AUC	lower = more sensitive	6.04405	32.9	3	1114	P10x3
P11	CETUXIMAB	0.982794	AUC	lower = more sensitive	7.15608	32.9	2	1114	P11x2
P14	CETUXIMAB	0.984738	AUC	lower = more sensitive	7.06026	32.9	6	1114	P14x6
P16	CETUXIMAB	0.983375	AUC	lower = more sensitive	6.77064	32.9	3	1114	P16x3
P17	CETUXIMAB	0.779375	AUC	lower = more sensitive	3.42241	32.9	2	1114	P17x2
P18	CETUXIMAB	0.72375	AUC	lower = more sensitive	2.43878	32.9	3	1114	P18x3
P19TA	CETUXIMAB	0.966125	AUC	lower = more sensitive	6.43087	32.9	3	1114	P19TAx3
P19TB	CETUXIMAB	0.974625	AUC	lower = more sensitive	6.20279	32.9	3	1114	P19TBx3
P20	CETUXIMAB	0.875625	AUC	lower = more sensitive	4.26304	32.9	6	1114	P20x6
P23	CETUXIMAB	0.880563	AUC	lower = more sensitive	4.44286	32.9	2	1114	P23x2
P24TA	CETUXIMAB	0.982125	AUC	lower = more sensitive	6.93348	32.9	3	1114	P24TAx3
P25	CETUXIMAB	0.927312	AUC	lower = more sensitive	5.7973	32.9	2	1114	P25x2
P26	CETUXIMAB	0.966125	AUC	lower = more sensitive	6.4949	32.9	3	1114	P26x3
P28	CETUXIMAB	0.8725	AUC	lower = more sensitive	4.71073	32.9	3	1114	P28x3
P31	CETUXIMAB	0.993974	AUC	lower = more sensitive	7.93983	32.9	2	1114	P31x2
P6	CETUXIMAB	0.986556	AUC	lower = more sensitive	7.22731	32.9	2	1114	P6x2
P7	CETUXIMAB	0.8375	AUC	lower = more sensitive	3.42947	32.9	3	1114	P7x3
P8	CETUXIMAB	0.86	AUC	lower = more sensitive	3.75977	32.9	3	1114	P8x3
P9	CETUXIMAB	0.968625	AUC	lower = more sensitive	6.2988	32.9	3	1114	P9x3
P10	CHIR-99021	0.991987	AUC	lower = more sensitive	6.17229	10	3	1241	P10x3
P11	CHIR-99021	0.993238	AUC	lower = more sensitive	6.45985	10	2	1241	P11x2
P14	CHIR-99021	0.70625	AUC	lower = more sensitive	0.899296	10	6	1241	P14x6
P16	CHIR-99021	0.959625	AUC	lower = more sensitive	4.07881	10	3	1241	P16x3
P17	CHIR-99021	0.916813	AUC	lower = more sensitive	3.5856	10	2	1241	P17x2
P18	CHIR-99021	0.965875	AUC	lower = more sensitive	4.14195	10	3	1241	P18x3
P19TA	CHIR-99021	0.983375	AUC	lower = more sensitive	5.54049	10	3	1241	P19TAx3
P19TB	CHIR-99021	0.943625	AUC	lower = more sensitive	4.5178	10	3	1241	P19TBx3
P20	CHIR-99021	0.73375	AUC	lower = more sensitive	1.31488	10	6	1241	P20x6
P23	CHIR-99021	0.881188	AUC	lower = more sensitive	2.95892	10	2	1241	P23x2
P24TA	CHIR-99021	0.991988	AUC	lower = more sensitive	6.25131	10	3	1241	P24TAx3
P25	CHIR-99021	0.979056	AUC	lower = more sensitive	5.46021	10	2	1241	P25x2
P26	CHIR-99021	0.994712	AUC	lower = more sensitive	6.98326	10	3	1241	P26x3
P28	CHIR-99021	0.9175	AUC	lower = more sensitive	4.01985	10	3	1241	P28x3
P31	CHIR-99021	0.994712	AUC	lower = more sensitive	6.75819	10	2	1241	P31x2
P6	CHIR-99021	0.899875	AUC	lower = more sensitive	2.72053	10	2	1241	P6x2
P7	CHIR-99021	0.991987	AUC	lower = more sensitive	6.1143	10	3	1241	P7x3
P8	CHIR-99021	0.963625	AUC	lower = more sensitive	4.602	10	3	1241	P8x3
P9	CHIR-99021	0.8125	AUC	lower = more sensitive	2.68576	10	3	1241	P9x3
P10	CISPLATIN	0.70875	AUC	lower = more sensitive	0.620816	6	3	1005	P10x3
P11	CISPLATIN	0.982056	AUC	lower = more sensitive	5.19535	6	2	1005	P11x2
P14	CISPLATIN	0.493125	AUC	lower = more sensitive	-1.05974	6	6	1005	P14x6
P16	CISPLATIN	0.82	AUC	lower = more sensitive	1.6339	6	3	1005	P16x3
P17	CISPLATIN	0.69875	AUC	lower = more sensitive	0.844129	6	2	1005	P17x2
P18	CISPLATIN	0.8925	AUC	lower = more sensitive	3.32593	6	3	1005	P18x3
P19TA	CISPLATIN	0.63375	AUC	lower = more sensitive	0.102817	6	3	1005	P19TAx3
P19TB	CISPLATIN	0.936125	AUC	lower = more sensitive	3.57349	6	3	1005	P19TBx3
P20	CISPLATIN	0.655	AUC	lower = more sensitive	0.144427	6	6	1005	P20x6
P23	CISPLATIN	0.68875	AUC	lower = more sensitive	0.428466	6	2	1005	P23x2
P24TA	CISPLATIN	0.78875	AUC	lower = more sensitive	1.13573	6	3	1005	P24TAx3
P25	CISPLATIN	0.826875	AUC	lower = more sensitive	2.19791	6	2	1005	P25x2
P26	CISPLATIN	0.75875	AUC	lower = more sensitive	0.772743	6	3	1005	P26x3
P28	CISPLATIN	0.55625	AUC	lower = more sensitive	-0.598817	6	3	1005	P28x3
P31	CISPLATIN	0.983375	AUC	lower = more sensitive	5.31982	6	2	1005	P31x2
P6	CISPLATIN	0.780625	AUC	lower = more sensitive	1.59659	6	2	1005	P6x2
P7	CISPLATIN	0.87125	AUC	lower = more sensitive	2.38405	6	3	1005	P7x3
P8	CISPLATIN	0.44375	AUC	lower = more sensitive	-1.41845	6	3	1005	P8x3
P9	CISPLATIN	0.7275	AUC	lower = more sensitive	0.494763	6	3	1005	P9x3
P10	DASATINIB	0.968625	AUC	lower = more sensitive	2.32604	0.5	3	1079	P10x3
P11	DASATINIB	0.996463	AUC	lower = more sensitive	4.01029	0.5	2	1079	P11x2
P14	DASATINIB	0.979625	AUC	lower = more sensitive	2.48893	0.5	6	1079	P14x6
P16	DASATINIB	0.998224	AUC	lower = more sensitive	4.19726	0.5	3	1079	P16x3
P17	DASATINIB	0.93875	AUC	lower = more sensitive	1.42526	0.5	2	1079	P17x2
P18	DASATINIB	0.971125	AUC	lower = more sensitive	2.34268	0.5	3	1079	P18x3
P19TA	DASATINIB	0.76625	AUC	lower = more sensitive	-1.2794	0.5	3	1079	P19TAx3
P19TB	DASATINIB	0.90125	AUC	lower = more sensitive	0.506861	0.5	3	1079	P19TBx3
P20	DASATINIB	0.979	AUC	lower = more sensitive	2.43842	0.5	6	1079	P20x6
P23	DASATINIB	0.964187	AUC	lower = more sensitive	2.22913	0.5	2	1079	P23x2
P24TA	DASATINIB	0.984625	AUC	lower = more sensitive	2.90301	0.5	3	1079	P24TAx3
P25	DASATINIB	0.840625	AUC	lower = more sensitive	0.388178	0.5	2	1079	P25x2
P26	DASATINIB	0.983375	AUC	lower = more sensitive	2.87247	0.5	3	1079	P26x3
P28	DASATINIB	0.76875	AUC	lower = more sensitive	-1.35847	0.5	3	1079	P28x3
P31	DASATINIB	0.996463	AUC	lower = more sensitive	4.08598	0.5	2	1079	P31x2
P6	DASATINIB	0.98025	AUC	lower = more sensitive	2.67239	0.5	2	1079	P6x2
P7	DASATINIB	0.87125	AUC	lower = more sensitive	-0.238541	0.5	3	1079	P7x3
P8	DASATINIB	0.993237	AUC	lower = more sensitive	3.38989	0.5	3	1079	P8x3
P9	DASATINIB	0.85625	AUC	lower = more sensitive	-0.222192	0.5	3	1079	P9x3
P10	DOCETAXEL	0.91875	AUC	lower = more sensitive	-2.4038	0.0125	3	1007	P10x3
P11	DOCETAXEL	0.984556	AUC	lower = more sensitive	-0.754541	0.0125	2	1007	P11x2
P14	DOCETAXEL	0.706875	AUC	lower = more sensitive	-5.55456	0.0125	6	1007	P14x6
P16	DOCETAXEL	0.994712	AUC	lower = more sensitive	0.382642	0.0125	3	1007	P16x3
P17	DOCETAXEL	0.824375	AUC	lower = more sensitive	-4.23243	0.0125	2	1007	P17x2
P18	DOCETAXEL	0.916125	AUC	lower = more sensitive	-3.33648	0.0125	3	1007	P18x3
P19TA	DOCETAXEL	0.8925	AUC	lower = more sensitive	-3.2454	0.0125	3	1007	P19TAx3
P19TB	DOCETAXEL	0.982125	AUC	lower = more sensitive	-1.05369	0.0125	3	1007	P19TBx3
P20	DOCETAXEL	0.991988	AUC	lower = more sensitive	-0.465273	0.0125	6	1007	P20x6
P23	DOCETAXEL	0.9635	AUC	lower = more sensitive	-1.86465	0.0125	2	1007	P23x2
P24TA	DOCETAXEL	0.991988	AUC	lower = more sensitive	-0.366432	0.0125	3	1007	P24TAx3
P25	DOCETAXEL	0.957313	AUC	lower = more sensitive	-1.84346	0.0125	2	1007	P25x2
P26	DOCETAXEL	0.991988	AUC	lower = more sensitive	-0.398979	0.0125	3	1007	P26x3
P28	DOCETAXEL	0.949875	AUC	lower = more sensitive	-1.8772	0.0125	3	1007	P28x3
P31	DOCETAXEL	0.990237	AUC	lower = more sensitive	-0.35062	0.0125	2	1007	P31x2
P6	DOCETAXEL	0.942438	AUC	lower = more sensitive	-1.93203	0.0125	2	1007	P6x2
P7	DOCETAXEL	0.844875	AUC	lower = more sensitive	-4.66291	0.0125	3	1007	P7x3
P8	DOCETAXEL	0.8925	AUC	lower = more sensitive	-3.73028	0.0125	3	1007	P8x3
P9	DOCETAXEL	0.905	AUC	lower = more sensitive	-3.156	0.0125	3	1007	P9x3
P10	DORAMAPIMOD	0.979625	AUC	lower = more sensitive	5.7034	10	3	1042	P10x3
P11	DORAMAPIMOD	0.9946	AUC	lower = more sensitive	6.77909	10	2	1042	P11x2
P14	DORAMAPIMOD	0.991988	AUC	lower = more sensitive	6.22591	10	6	1042	P14x6
P16	DORAMAPIMOD	0.994712	AUC	lower = more sensitive	6.86479	10	3	1042	P16x3
P17	DORAMAPIMOD	0.989043	AUC	lower = more sensitive	6.27672	10	2	1042	P17x2
P18	DORAMAPIMOD	0.994487	AUC	lower = more sensitive	6.66928	10	3	1042	P18x3
P19TA	DORAMAPIMOD	0.993237	AUC	lower = more sensitive	6.57388	10	3	1042	P19TAx3
P19TB	DORAMAPIMOD	0.994487	AUC	lower = more sensitive	6.59764	10	3	1042	P19TBx3
P20	DORAMAPIMOD	0.947369	AUC	lower = more sensitive	5.21149	10	6	1042	P20x6
P23	DORAMAPIMOD	0.993863	AUC	lower = more sensitive	6.52965	10	2	1042	P23x2
P24TA	DORAMAPIMOD	0.81	AUC	lower = more sensitive	3.01249	10	3	1042	P24TAx3
P25	DORAMAPIMOD	0.994712	AUC	lower = more sensitive	6.79178	10	2	1042	P25x2
P26	DORAMAPIMOD	0.991987	AUC	lower = more sensitive	6.17961	10	3	1042	P26x3
P28	DORAMAPIMOD	0.983375	AUC	lower = more sensitive	5.71088	10	3	1042	P28x3
P31	DORAMAPIMOD	0.993974	AUC	lower = more sensitive	6.70531	10	2	1042	P31x2
P6	DORAMAPIMOD	0.994712	AUC	lower = more sensitive	6.84439	10	2	1042	P6x2
P7	DORAMAPIMOD	0.991987	AUC	lower = more sensitive	6.20038	10	3	1042	P7x3
P8	DORAMAPIMOD	0.966125	AUC	lower = more sensitive	5.34574	10	3	1042	P8x3
P9	DORAMAPIMOD	0.989737	AUC	lower = more sensitive	6.31571	10	3	1042	P9x3
P10	EHT 1864	0.956125	AUC	lower = more sensitive	4.84267	10	3	1069	P10x3
P11	EHT 1864	0.924188	AUC	lower = more sensitive	3.90371	10	2	1069	P11x2
P14	EHT 1864	0.967375	AUC	lower = more sensitive	4.98406	10	5	1069	P14x5
P16	EHT 1864	0.994713	AUC	lower = more sensitive	6.89387	10	3	1069	P16x3
P17	EHT 1864	0.905493	AUC	lower = more sensitive	3.84847	10	4	1069	P17x4
P18	EHT 1864	0.995962	AUC	lower = more sensitive	7.0699	10	3	1069	P18x3
P19TA	EHT 1864	0.875	AUC	lower = more sensitive	3.08901	10	3	1069	P19TAx3
P19TB	EHT 1864	0.835	AUC	lower = more sensitive	2.26605	10	3	1069	P19TBx3
P20	EHT 1864	0.838625	AUC	lower = more sensitive	2.30701	10	3	1069	P20x3
P23	EHT 1864	0.933625	AUC	lower = more sensitive	3.55167	10	2	1069	P23x2
P24TA	EHT 1864	0.7175	AUC	lower = more sensitive	1.14081	10	2	1069	P24TAx2
P25	EHT 1864	0.891188	AUC	lower = more sensitive	2.88909	10	2	1069	P25x2
P26	EHT 1864	0.994487	AUC	lower = more sensitive	6.75249	10	3	1069	P26x3
P28	EHT 1864	0.994712	AUC	lower = more sensitive	6.72944	10	3	1069	P28x3
P31	EHT 1864	0.994712	AUC	lower = more sensitive	6.82341	10	2	1069	P31x2
P6	EHT 1864	0.897375	AUC	lower = more sensitive	3.16883	10	2	1069	P6x2
P7	EHT 1864	0.993237	AUC	lower = more sensitive	6.45752	10	3	1069	P7x3
P8	EHT 1864	0.990237	AUC	lower = more sensitive	6.10262	10	6	1069	P8x6
P9	EHT 1864	0.975931	AUC	lower = more sensitive	5.32581	10	6	1069	P9x6
P10	EMBELIN	0.964875	AUC	lower = more sensitive	5.00025	10	3	1150	P10x3
P11	EMBELIN	0.958625	AUC	lower = more sensitive	4.86142	10	2	1150	P11x2
P14	EMBELIN	0.983375	AUC	lower = more sensitive	5.67638	10	5	1150	P14x5
P16	EMBELIN	0.993237	AUC	lower = more sensitive	6.64391	10	3	1150	P16x3
P17	EMBELIN	0.966625	AUC	lower = more sensitive	5.23161	10	4	1150	P17x4
P18	EMBELIN	0.993237	AUC	lower = more sensitive	6.42031	10	3	1150	P18x3
P19TA	EMBELIN	0.964875	AUC	lower = more sensitive	5.06817	10	3	1150	P19TAx3
P19TB	EMBELIN	0.991988	AUC	lower = more sensitive	6.27585	10	3	1150	P19TBx3
P20	EMBELIN	0.969625	AUC	lower = more sensitive	4.81317	10	3	1150	P20x3
P23	EMBELIN	0.993237	AUC	lower = more sensitive	6.50614	10	2	1150	P23x2
P24TA	EMBELIN	0.907438	AUC	lower = more sensitive	3.41883	10	2	1150	P24TAx2
P25	EMBELIN	0.942244	AUC	lower = more sensitive	4.87956	10	2	1150	P25x2
P26	EMBELIN	0.953625	AUC	lower = more sensitive	3.94991	10	3	1150	P26x3
P28	EMBELIN	0.984625	AUC	lower = more sensitive	6.0037	10	3	1150	P28x3
P31	EMBELIN	0.993237	AUC	lower = more sensitive	6.54538	10	2	1150	P31x2
P6	EMBELIN	0.952375	AUC	lower = more sensitive	4.42534	10	2	1150	P6x2
P7	EMBELIN	0.985988	AUC	lower = more sensitive	6.02899	10	3	1150	P7x3
P8	EMBELIN	0.974	AUC	lower = more sensitive	5.16526	10	6	1150	P8x6
P9	EMBELIN	0.988306	AUC	lower = more sensitive	5.9646	10	6	1150	P9x6
P10	FK-866	0.978375	AUC	lower = more sensitive	3.23726	1	3	1248	P10x3
P11	FK-866	0.992613	AUC	lower = more sensitive	4.01265	1	2	1248	P11x2
P14	FK-866	0.978375	AUC	lower = more sensitive	3.22262	1	5	1248	P14x5
P16	FK-866	0.993238	AUC	lower = more sensitive	4.10995	1	3	1248	P16x3
P17	FK-866	0.980306	AUC	lower = more sensitive	3.37845	1	4	1248	P17x4
P18	FK-866	0.994487	AUC	lower = more sensitive	4.47218	1	3	1248	P18x3
P19TA	FK-866	0.969875	AUC	lower = more sensitive	2.79826	1	3	1248	P19TAx3
P19TB	FK-866	0.953625	AUC	lower = more sensitive	2.41688	1	3	1248	P19TBx3
P20	FK-866	0.993237	AUC	lower = more sensitive	4.25446	1	3	1248	P20x3
P23	FK-866	0.988306	AUC	lower = more sensitive	3.84509	1	2	1248	P23x2
P24TA	FK-866	0.947937	AUC	lower = more sensitive	2.52245	1	2	1248	P24TAx2
P25	FK-866	0.947313	AUC	lower = more sensitive	2.39123	1	2	1248	P25x2
P26	FK-866	0.991987	AUC	lower = more sensitive	4.03718	1	3	1248	P26x3
P28	FK-866	0.984625	AUC	lower = more sensitive	3.57919	1	3	1248	P28x3
P31	FK-866	0.993349	AUC	lower = more sensitive	4.32443	1	2	1248	P31x2
P6	FK-866	0.984	AUC	lower = more sensitive	3.61888	1	2	1248	P6x2
P7	FK-866	0.991988	AUC	lower = more sensitive	3.93166	1	3	1248	P7x3
P8	FK-866	0.994712	AUC	lower = more sensitive	4.53531	1	6	1248	P8x6
P9	FK-866	0.993237	AUC	lower = more sensitive	4.03865	1	6	1248	P9x6
P10	FLUOROURACIL	0.8875	AUC	lower = more sensitive	3.96682	20	3	1073	P10x3
P11	FLUOROURACIL	0.989669	AUC	lower = more sensitive	7.0672	20	2	1073	P11x2
P14	FLUOROURACIL	0.6225	AUC	lower = more sensitive	0.997193	20	6	1073	P14x6
P16	FLUOROURACIL	0.994712	AUC	lower = more sensitive	7.52586	20	3	1073	P16x3
P17	FLUOROURACIL	0.87	AUC	lower = more sensitive	3.98465	20	2	1073	P17x2
P18	FLUOROURACIL	0.68	AUC	lower = more sensitive	1.58518	20	3	1073	P18x3
P19TA	FLUOROURACIL	0.7675	AUC	lower = more sensitive	2.21822	20	3	1073	P19TAx3
P19TB	FLUOROURACIL	0.993237	AUC	lower = more sensitive	7.09423	20	3	1073	P19TBx3
P20	FLUOROURACIL	0.879375	AUC	lower = more sensitive	3.72265	20	6	1073	P20x6
P23	FLUOROURACIL	0.944813	AUC	lower = more sensitive	5.43673	20	2	1073	P23x2
P24TA	FLUOROURACIL	0.994712	AUC	lower = more sensitive	7.40415	20	3	1073	P24TAx3
P25	FLUOROURACIL	0.939744	AUC	lower = more sensitive	5.4892	20	2	1073	P25x2
P26	FLUOROURACIL	0.994712	AUC	lower = more sensitive	7.4919	20	3	1073	P26x3
P28	FLUOROURACIL	0.84375	AUC	lower = more sensitive	3.23733	20	3	1073	P28x3
P31	FLUOROURACIL	0.992613	AUC	lower = more sensitive	7.18063	20	2	1073	P31x2
P6	FLUOROURACIL	0.9815	AUC	lower = more sensitive	6.5234	20	2	1073	P6x2
P7	FLUOROURACIL	0.838625	AUC	lower = more sensitive	3.05686	20	3	1073	P7x3
P8	FLUOROURACIL	0.9025	AUC	lower = more sensitive	4.45437	20	3	1073	P8x3
P9	FLUOROURACIL	0.933625	AUC	lower = more sensitive	4.69449	20	3	1073	P9x3
P10	FULVESTRANT	0.967375	AUC	lower = more sensitive	2.75457	1	3	1200	P10x3
P11	FULVESTRANT	0.980932	AUC	lower = more sensitive	3.46651	1	2	1200	P11x2
P14	FULVESTRANT	0.984738	AUC	lower = more sensitive	3.59786	1	5	1200	P14x5
P16	FULVESTRANT	0.968625	AUC	lower = more sensitive	2.64905	1	3	1200	P16x3
P17	FULVESTRANT	0.992613	AUC	lower = more sensitive	4.06454	1	4	1200	P17x4
P18	FULVESTRANT	0.994712	AUC	lower = more sensitive	4.72137	1	3	1200	P18x3
P19TA	FULVESTRANT	0.875	AUC	lower = more sensitive	0.59308	1	3	1200	P19TAx3
P19TB	FULVESTRANT	0.968625	AUC	lower = more sensitive	2.94395	1	3	1200	P19TBx3
P20	FULVESTRANT	0.983375	AUC	lower = more sensitive	3.35235	1	3	1200	P20x3
P23	FULVESTRANT	0.985306	AUC	lower = more sensitive	3.71261	1	2	1200	P23x2
P24TA	FULVESTRANT	0.96725	AUC	lower = more sensitive	2.72898	1	2	1200	P24TAx2
P25	FULVESTRANT	0.964118	AUC	lower = more sensitive	3.09763	1	2	1200	P25x2
P26	FULVESTRANT	0.993237	AUC	lower = more sensitive	4.29233	1	3	1200	P26x3
P28	FULVESTRANT	0.991988	AUC	lower = more sensitive	4.07716	1	3	1200	P28x3
P31	FULVESTRANT	0.988419	AUC	lower = more sensitive	3.97371	1	2	1200	P31x2
P6	FULVESTRANT	0.988306	AUC	lower = more sensitive	3.91536	1	2	1200	P6x2
P7	FULVESTRANT	0.993237	AUC	lower = more sensitive	4.04326	1	3	1200	P7x3
P8	FULVESTRANT	0.992613	AUC	lower = more sensitive	4.06937	1	6	1200	P8x6
P9	FULVESTRANT	0.985806	AUC	lower = more sensitive	3.58923	1	6	1200	P9x6
P10	GDC-0449	0.982125	AUC	lower = more sensitive	5.70491	10	3	1033	P10x3
P11	GDC-0449	0.982181	AUC	lower = more sensitive	5.98336	10	2	1033	P11x2
P14	GDC-0449	0.984625	AUC	lower = more sensitive	6.01503	10	5	1033	P14x5
P16	GDC-0449	0.982237	AUC	lower = more sensitive	5.39291	10	3	1033	P16x3
P17	GDC-0449	0.8975	AUC	lower = more sensitive	4.01592	10	4	1033	P17x4
P18	GDC-0449	0.915	AUC	lower = more sensitive	3.76973	10	3	1033	P18x3
P19TA	GDC-0449	0.977125	AUC	lower = more sensitive	5.23022	10	3	1033	P19TAx3
P19TB	GDC-0449	0.969875	AUC	lower = more sensitive	5.27013	10	3	1033	P19TBx3
P20	GDC-0449	0.975875	AUC	lower = more sensitive	5.4959	10	3	1033	P20x3
P23	GDC-0449	0.96725	AUC	lower = more sensitive	5.14319	10	2	1033	P23x2
P24TA	GDC-0449	0.974182	AUC	lower = more sensitive	5.45369	10	2	1033	P24TAx2
P25	GDC-0449	0.965494	AUC	lower = more sensitive	5.48301	10	2	1033	P25x2
P26	GDC-0449	0.87625	AUC	lower = more sensitive	2.71917	10	3	1033	P26x3
P28	GDC-0449	0.8425	AUC	lower = more sensitive	3.18731	10	3	1033	P28x3
P31	GDC-0449	0.992612	AUC	lower = more sensitive	6.58391	10	2	1033	P31x2
P6	GDC-0449	0.988306	AUC	lower = more sensitive	6.11933	10	2	1033	P6x2
P7	GDC-0449	0.715	AUC	lower = more sensitive	1.39749	10	3	1033	P7x3
P8	GDC-0449	0.873563	AUC	lower = more sensitive	3.93188	10	6	1033	P8x6
P9	GDC-0449	0.927437	AUC	lower = more sensitive	4.01267	10	6	1033	P9x6
P10	GDC0941	0.794375	AUC	lower = more sensitive	2.07595	4	6	1058	P10x6
P11	GDC0941	0.988987	AUC	lower = more sensitive	5.20194	4	4	1058	P11x4
P14	GDC0941	0.961125	AUC	lower = more sensitive	3.97663	4	11	1058	P14x11
P16	GDC0941	0.983375	AUC	lower = more sensitive	5.11242	4	6	1058	P16x6
P17	GDC0941	0.74	AUC	lower = more sensitive	0.674327	4	6	1058	P17x6
P18	GDC0941	0.924875	AUC	lower = more sensitive	2.58831	4	6	1058	P18x6
P19TA	GDC0941	0.63	AUC	lower = more sensitive	-0.385508	4	6	1058	P19TAx6
P19TB	GDC0941	0.775625	AUC	lower = more sensitive	0.904405	4	6	1058	P19TBx6
P20	GDC0941	0.89625	AUC	lower = more sensitive	2.1525	4	9	1058	P20x9
P23	GDC0941	0.9735	AUC	lower = more sensitive	4.43856	4	4	1058	P23x4
P24TA	GDC0941	0.968375	AUC	lower = more sensitive	3.54128	4	5	1058	P24TAx5
P25	GDC0941	0.7825	AUC	lower = more sensitive	0.951545	4	4	1058	P25x4
P26	GDC0941	0.993237	AUC	lower = more sensitive	5.51711	4	6	1058	P26x6
P28	GDC0941	0.826875	AUC	lower = more sensitive	1.71238	4	6	1058	P28x6
P31	GDC0941	0.994712	AUC	lower = more sensitive	5.97823	4	4	1058	P31x4
P6	GDC0941	0.955562	AUC	lower = more sensitive	4.05424	4	4	1058	P6x4
P7	GDC0941	0.62625	AUC	lower = more sensitive	-0.477701	4	6	1058	P7x6
P8	GDC0941	0.685	AUC	lower = more sensitive	0.115184	4	9	1058	P8x9
P9	GDC0941	0.74	AUC	lower = more sensitive	0.423723	4	9	1058	P9x9
P10	GEFITINIB	0.969625	AUC	lower = more sensitive	1.85646	0.5	3	1010	P10x3
P11	GEFITINIB	0.981556	AUC	lower = more sensitive	2.97082	0.5	2	1010	P11x2
P14	GEFITINIB	0.949875	AUC	lower = more sensitive	1.68911	0.5	5	1010	P14x5
P16	GEFITINIB	0.998213	AUC	lower = more sensitive	4.12056	0.5	3	1010	P16x3
P17	GEFITINIB	0.878	AUC	lower = more sensitive	-0.314988	0.5	4	1010	P17x4
P18	GEFITINIB	0.985988	AUC	lower = more sensitive	2.68787	0.5	3	1010	P18x3
P19TA	GEFITINIB	0.983375	AUC	lower = more sensitive	2.80011	0.5	3	1010	P19TAx3
P19TB	GEFITINIB	0.983375	AUC	lower = more sensitive	2.62826	0.5	3	1010	P19TBx3
P20	GEFITINIB	0.926125	AUC	lower = more sensitive	0.59068	0.5	3	1010	P20x3
P23	GEFITINIB	0.937375	AUC	lower = more sensitive	0.802976	0.5	2	1010	P23x2
P24TA	GEFITINIB	0.984557	AUC	lower = more sensitive	2.76232	0.5	2	1010	P24TAx2
P25	GEFITINIB	0.928687	AUC	lower = more sensitive	1.03928	0.5	2	1010	P25x2
P26	GEFITINIB	0.991987	AUC	lower = more sensitive	3.20953	0.5	3	1010	P26x3
P28	GEFITINIB	0.936125	AUC	lower = more sensitive	0.320525	0.5	3	1010	P28x3
P31	GEFITINIB	0.99035	AUC	lower = more sensitive	3.55007	0.5	2	1010	P31x2
P6	GEFITINIB	0.985807	AUC	lower = more sensitive	2.95838	0.5	2	1010	P6x2
P7	GEFITINIB	0.908625	AUC	lower = more sensitive	0.309613	0.5	3	1010	P7x3
P8	GEFITINIB	0.927875	AUC	lower = more sensitive	0.864981	0.5	6	1010	P8x6
P9	GEFITINIB	0.938687	AUC	lower = more sensitive	1.26206	0.5	6	1010	P9x6
P10	GEMCITABINE	0.7125	AUC	lower = more sensitive	2.2375	10	3	1190	P10x3
P11	GEMCITABINE	0.921812	AUC	lower = more sensitive	4.6266	10	2	1190	P11x2
P14	GEMCITABINE	0.4225	AUC	lower = more sensitive	-1.23885	10	5	1190	P14x5
P16	GEMCITABINE	0.7	AUC	lower = more sensitive	1.09126	10	3	1190	P16x3
P17	GEMCITABINE	0.657438	AUC	lower = more sensitive	0.907199	10	4	1190	P17x4
P18	GEMCITABINE	0.19625	AUC	lower = more sensitive	-2.69516	10	3	1190	P18x3
P19TA	GEMCITABINE	0.22	AUC	lower = more sensitive	-4.64549	10	3	1190	P19TAx3
P19TB	GEMCITABINE	0.6275	AUC	lower = more sensitive	0.31518	10	3	1190	P19TBx3
P20	GEMCITABINE	0.875	AUC	lower = more sensitive	3.07109	10	3	1190	P20x3
P23	GEMCITABINE	0.6625	AUC	lower = more sensitive	0.810906	10	2	1190	P23x2
P24TA	GEMCITABINE	0.812438	AUC	lower = more sensitive	3.33469	10	2	1190	P24TAx2
P25	GEMCITABINE	0.52875	AUC	lower = more sensitive	-0.240131	10	2	1190	P25x2
P26	GEMCITABINE	0.82125	AUC	lower = more sensitive	3.15068	10	3	1190	P26x3
P28	GEMCITABINE	0.5225	AUC	lower = more sensitive	-0.240154	10	3	1190	P28x3
P31	GEMCITABINE	0.8925	AUC	lower = more sensitive	3.87756	10	2	1190	P31x2
P6	GEMCITABINE	0.49	AUC	lower = more sensitive	-0.8694	10	2	1190	P6x2
P7	GEMCITABINE	0.25875	AUC	lower = more sensitive	-5.3491	10	3	1190	P7x3
P8	GEMCITABINE	0.303125	AUC	lower = more sensitive	-4.1716	10	6	1190	P8x6
P9	GEMCITABINE	0.28875	AUC	lower = more sensitive	-3.16563	10	6	1190	P9x6
P10	GSK1120212/TRAMATENIB	0.4825	AUC	lower = more sensitive	-3.03761	1	6	1372	P10x6
P11	GSK1120212/TRAMATENIB	0.6325	AUC	lower = more sensitive	-1.77856	1	4	1372	P11x4
P14	GSK1120212/TRAMATENIB	0.5025	AUC	lower = more sensitive	-2.775	1	11	1372	P14x11
P16	GSK1120212/TRAMATENIB	0.56125	AUC	lower = more sensitive	-2.2647	1	6	1372	P16x6
P17	GSK1120212/TRAMATENIB	0.44875	AUC	lower = more sensitive	-3.40398	1	6	1372	P17x6
P18	GSK1120212/TRAMATENIB	0.549375	AUC	lower = more sensitive	-2.34378	1	6	1372	P18x6
P19TA	GSK1120212/TRAMATENIB	0.575625	AUC	lower = more sensitive	-2.14651	1	6	1372	P19TAx6
P19TB	GSK1120212/TRAMATENIB	0.53625	AUC	lower = more sensitive	-2.5138	1	6	1372	P19TBx6
P20	GSK1120212/TRAMATENIB	0.49625	AUC	lower = more sensitive	-2.85216	1	9	1372	P20x9
P23	GSK1120212/TRAMATENIB	0.805625	AUC	lower = more sensitive	-0.589665	1	4	1372	P23x4
P24TA	GSK1120212/TRAMATENIB	0.755	AUC	lower = more sensitive	-0.71632	1	5	1372	P24TAx5
P25	GSK1120212/TRAMATENIB	0.561875	AUC	lower = more sensitive	-2.22185	1	4	1372	P25x4
P26	GSK1120212/TRAMATENIB	0.6275	AUC	lower = more sensitive	-1.915	1	6	1372	P26x6
P28	GSK1120212/TRAMATENIB	0.5675	AUC	lower = more sensitive	-1.78474	1	6	1372	P28x6
P31	GSK1120212/TRAMATENIB	0.895	AUC	lower = more sensitive	1.75213	1	4	1372	P31x4
P6	GSK1120212/TRAMATENIB	0.406875	AUC	lower = more sensitive	-3.43635	1	4	1372	P6x4
P7	GSK1120212/TRAMATENIB	0.385625	AUC	lower = more sensitive	-3.67188	1	6	1372	P7x6
P8	GSK1120212/TRAMATENIB	0.57875	AUC	lower = more sensitive	-2.09591	1	9	1372	P8x9
P9	GSK1120212/TRAMATENIB	0.395	AUC	lower = more sensitive	-3.79606	1	9	1372	P9x9
P10	GSK2118436/DABRAFENIB	0.90625	AUC	lower = more sensitive	3.79267	10	3	1373	P10x3
P11	GSK2118436/DABRAFENIB	0.993237	AUC	lower = more sensitive	6.60529	10	2	1373	P11x2
P14	GSK2118436/DABRAFENIB	0.921063	AUC	lower = more sensitive	4.54184	10	6	1373	P14x6
P16	GSK2118436/DABRAFENIB	0.973375	AUC	lower = more sensitive	5.17564	10	3	1373	P16x3
P17	GSK2118436/DABRAFENIB	0.943688	AUC	lower = more sensitive	4.55499	10	2	1373	P17x2
P18	GSK2118436/DABRAFENIB	0.975875	AUC	lower = more sensitive	5.17924	10	3	1373	P18x3
P19TA	GSK2118436/DABRAFENIB	0.4925	AUC	lower = more sensitive	-0.591925	10	3	1373	P19TAx3
P19TB	GSK2118436/DABRAFENIB	0.978375	AUC	lower = more sensitive	5.53601	10	3	1373	P19TBx3
P20	GSK2118436/DABRAFENIB	0.98025	AUC	lower = more sensitive	5.32825	10	6	1373	P20x6
P23	GSK2118436/DABRAFENIB	0.877244	AUC	lower = more sensitive	3.95747	10	2	1373	P23x2
P24TA	GSK2118436/DABRAFENIB	0.963625	AUC	lower = more sensitive	4.83766	10	3	1373	P24TAx3
P25	GSK2118436/DABRAFENIB	0.969118	AUC	lower = more sensitive	5.65979	10	2	1373	P25x2
P26	GSK2118436/DABRAFENIB	0.980875	AUC	lower = more sensitive	5.34372	10	3	1373	P26x3
P28	GSK2118436/DABRAFENIB	0.7625	AUC	lower = more sensitive	2.18797	10	3	1373	P28x3
P31	GSK2118436/DABRAFENIB	0.994712	AUC	lower = more sensitive	6.92237	10	2	1373	P31x2
P6	GSK2118436/DABRAFENIB	0.993349	AUC	lower = more sensitive	6.53085	10	2	1373	P6x2
P7	GSK2118436/DABRAFENIB	0.91875	AUC	lower = more sensitive	3.96127	10	3	1373	P7x3
P8	GSK2118436/DABRAFENIB	0.984625	AUC	lower = more sensitive	5.68941	10	3	1373	P8x3
P9	GSK2118436/DABRAFENIB	0.675	AUC	lower = more sensitive	1.28736	10	3	1373	P9x3
P10	GSK269962A	0.956125	AUC	lower = more sensitive	4.02128	5	3	1192	P10x3
P11	GSK269962A	0.979181	AUC	lower = more sensitive	5.06138	5	2	1192	P11x2
P14	GSK269962A	0.83625	AUC	lower = more sensitive	2.48865	5	5	1192	P14x5
P16	GSK269962A	0.8625	AUC	lower = more sensitive	1.6837	5	3	1192	P16x3
P17	GSK269962A	0.838688	AUC	lower = more sensitive	1.5097	5	4	1192	P17x4
P18	GSK269962A	0.957375	AUC	lower = more sensitive	4.19431	5	3	1192	P18x3
P19TA	GSK269962A	0.8625	AUC	lower = more sensitive	2.24679	5	3	1192	P19TAx3
P19TB	GSK269962A	0.948625	AUC	lower = more sensitive	3.49598	5	3	1192	P19TBx3
P20	GSK269962A	0.86125	AUC	lower = more sensitive	1.91261	5	3	1192	P20x3
P23	GSK269962A	0.93425	AUC	lower = more sensitive	3.40286	5	2	1192	P23x2
P24TA	GSK269962A	0.77	AUC	lower = more sensitive	1.21138	5	2	1192	P24TAx2
P25	GSK269962A	0.928063	AUC	lower = more sensitive	3.1558	5	2	1192	P25x2
P26	GSK269962A	0.991988	AUC	lower = more sensitive	5.57796	5	3	1192	P26x3
P28	GSK269962A	0.9325	AUC	lower = more sensitive	3.09887	5	3	1192	P28x3
P31	GSK269962A	0.99335	AUC	lower = more sensitive	5.95376	5	2	1192	P31x2
P6	GSK269962A	0.756875	AUC	lower = more sensitive	1.31396	5	2	1192	P6x2
P7	GSK269962A	0.89125	AUC	lower = more sensitive	2.42643	5	3	1192	P7x3
P8	GSK269962A	0.8105	AUC	lower = more sensitive	1.0214	5	6	1192	P8x6
P9	GSK269962A	0.908688	AUC	lower = more sensitive	2.65192	5	6	1192	P9x6
P10	GW 441756	0.993237	AUC	lower = more sensitive	5.0087	2	3	1023	P10x3
P11	GW 441756	0.988306	AUC	lower = more sensitive	4.70926	2	2	1023	P11x2
P14	GW 441756	0.95425	AUC	lower = more sensitive	3.15378	2	6	1023	P14x6
P16	GW 441756	0.74375	AUC	lower = more sensitive	3.03894	2	3	1023	P16x3
P17	GW 441756	0.938688	AUC	lower = more sensitive	2.76205	2	2	1023	P17x2
P18	GW 441756	0.993237	AUC	lower = more sensitive	5.02086	2	3	1023	P18x3
P19TA	GW 441756	0.972125	AUC	lower = more sensitive	3.65415	2	3	1023	P19TAx3
P19TB	GW 441756	0.983375	AUC	lower = more sensitive	4.08147	2	3	1023	P19TBx3
P20	GW 441756	0.990237	AUC	lower = more sensitive	4.54097	2	6	1023	P20x6
P23	GW 441756	0.989043	AUC	lower = more sensitive	4.67738	2	2	1023	P23x2
P24TA	GW 441756	0.941125	AUC	lower = more sensitive	2.61226	2	3	1023	P24TAx3
P25	GW 441756	0.967875	AUC	lower = more sensitive	3.60546	2	2	1023	P25x2
P26	GW 441756	0.978375	AUC	lower = more sensitive	3.81181	2	3	1023	P26x3
P28	GW 441756	0.982125	AUC	lower = more sensitive	4.15302	2	3	1023	P28x3
P31	GW 441756	0.980932	AUC	lower = more sensitive	4.0246	2	2	1023	P31x2
P6	GW 441756	0.985919	AUC	lower = more sensitive	4.48002	2	2	1023	P6x2
P7	GW 441756	0.993237	AUC	lower = more sensitive	4.74074	2	3	1023	P7x3
P8	GW 441756	0.983375	AUC	lower = more sensitive	4.35047	2	3	1023	P8x3
P9	GW 441756	0.961125	AUC	lower = more sensitive	3.48299	2	3	1023	P9x3
P10	INCB-18424/RUXOLITINIB	0.993237	AUC	lower = more sensitive	6.48907	10	3	1507	P10x3
P11	INCB-18424/RUXOLITINIB	0.993975	AUC	lower = more sensitive	6.7466	10	2	1507	P11x2
P14	INCB-18424/RUXOLITINIB	0.993237	AUC	lower = more sensitive	6.29877	10	5	1507	P14x5
P16	INCB-18424/RUXOLITINIB	0.983375	AUC	lower = more sensitive	5.90472	10	3	1507	P16x3
P17	INCB-18424/RUXOLITINIB	0.951125	AUC	lower = more sensitive	4.32294	10	4	1507	P17x4
P18	INCB-18424/RUXOLITINIB	0.983375	AUC	lower = more sensitive	5.62321	10	3	1507	P18x3
P19TA	INCB-18424/RUXOLITINIB	0.983375	AUC	lower = more sensitive	5.65865	10	3	1507	P19TAx3
P19TB	INCB-18424/RUXOLITINIB	0.949875	AUC	lower = more sensitive	4.59567	10	3	1507	P19TBx3
P20	INCB-18424/RUXOLITINIB	0.985987	AUC	lower = more sensitive	5.9539	10	3	1507	P20x3
P23	INCB-18424/RUXOLITINIB	0.990237	AUC	lower = more sensitive	6.08469	10	2	1507	P23x2
P24TA	INCB-18424/RUXOLITINIB	0.922937	AUC	lower = more sensitive	4.73476	10	2	1507	P24TAx2
P25	INCB-18424/RUXOLITINIB	0.990238	AUC	lower = more sensitive	6.11174	10	2	1507	P25x2
P26	INCB-18424/RUXOLITINIB	0.994712	AUC	lower = more sensitive	6.91905	10	3	1507	P26x3
P28	INCB-18424/RUXOLITINIB	0.993237	AUC	lower = more sensitive	6.39684	10	3	1507	P28x3
P31	INCB-18424/RUXOLITINIB	0.993974	AUC	lower = more sensitive	6.68469	10	2	1507	P31x2
P6	INCB-18424/RUXOLITINIB	0.980875	AUC	lower = more sensitive	5.67704	10	2	1507	P6x2
P7	INCB-18424/RUXOLITINIB	0.929875	AUC	lower = more sensitive	3.30964	10	3	1507	P7x3
P8	INCB-18424/RUXOLITINIB	0.977807	AUC	lower = more sensitive	5.4015	10	6	1507	P8x6
P9	INCB-18424/RUXOLITINIB	0.992613	AUC	lower = more sensitive	6.34515	10	6	1507	P9x6
P10	IRINOTECAN	0.8275	AUC	lower = more sensitive	1.90022	5	3	1088	P10x3
P11	IRINOTECAN	0.913563	AUC	lower = more sensitive	3.67171	5	2	1088	P11x2
P14	IRINOTECAN	0.71	AUC	lower = more sensitive	0.327386	5	5	1088	P14x5
P16	IRINOTECAN	0.71625	AUC	lower = more sensitive	1.47907	5	3	1088	P16x3
P17	IRINOTECAN	0.883494	AUC	lower = more sensitive	3.56723	5	4	1088	P17x4
P18	IRINOTECAN	0.75	AUC	lower = more sensitive	0.461193	5	3	1088	P18x3
P19TA	IRINOTECAN	0.80375	AUC	lower = more sensitive	1.66707	5	3	1088	P19TAx3
P19TB	IRINOTECAN	0.984738	AUC	lower = more sensitive	5.25399	5	3	1088	P19TBx3
P20	IRINOTECAN	0.985988	AUC	lower = more sensitive	5.41764	5	3	1088	P20x3
P23	IRINOTECAN	0.89125	AUC	lower = more sensitive	2.801	5	2	1088	P23x2
P24TA	IRINOTECAN	0.926119	AUC	lower = more sensitive	4.16927	5	2	1088	P24TAx2
P25	IRINOTECAN	0.738125	AUC	lower = more sensitive	0.818576	5	2	1088	P25x2
P26	IRINOTECAN	0.943625	AUC	lower = more sensitive	2.8082	5	3	1088	P26x3
P28	IRINOTECAN	0.89875	AUC	lower = more sensitive	3.29735	5	3	1088	P28x3
P31	IRINOTECAN	0.963063	AUC	lower = more sensitive	4.73504	5	2	1088	P31x2
P6	IRINOTECAN	0.82875	AUC	lower = more sensitive	1.82295	5	2	1088	P6x2
P7	IRINOTECAN	0.76875	AUC	lower = more sensitive	0.688065	5	3	1088	P7x3
P8	IRINOTECAN	0.44875	AUC	lower = more sensitive	-1.67041	5	6	1088	P8x6
P9	IRINOTECAN	0.918125	AUC	lower = more sensitive	3.23056	5	6	1088	P9x6
P10	JNJ-26854165	0.84625	AUC	lower = more sensitive	2.81914	10	3	1133	P10x3
P11	JNJ-26854165	0.964168	AUC	lower = more sensitive	5.22797	10	2	1133	P11x2
P14	JNJ-26854165	0.9275	AUC	lower = more sensitive	4.19439	10	5	1133	P14x5
P16	JNJ-26854165	0.982237	AUC	lower = more sensitive	5.51386	10	3	1133	P16x3
P17	JNJ-26854165	0.758125	AUC	lower = more sensitive	1.33813	10	4	1133	P17x4
P18	JNJ-26854165	0.998212	AUC	lower = more sensitive	7.10909	10	3	1133	P18x3
P19TA	JNJ-26854165	0.6	AUC	lower = more sensitive	0.151215	10	3	1133	P19TAx3
P19TB	JNJ-26854165	0.977125	AUC	lower = more sensitive	5.44653	10	3	1133	P19TBx3
P20	JNJ-26854165	0.89625	AUC	lower = more sensitive	3.49026	10	3	1133	P20x3
P23	JNJ-26854165	0.965306	AUC	lower = more sensitive	5.01549	10	2	1133	P23x2
P24TA	JNJ-26854165	0.763125	AUC	lower = more sensitive	1.93109	10	2	1133	P24TAx2
P25	JNJ-26854165	0.871812	AUC	lower = more sensitive	3.29623	10	2	1133	P25x2
P26	JNJ-26854165	0.963375	AUC	lower = more sensitive	4.36413	10	3	1133	P26x3
P28	JNJ-26854165	0.941125	AUC	lower = more sensitive	3.73871	10	3	1133	P28x3
P31	JNJ-26854165	0.94475	AUC	lower = more sensitive	4.18456	10	2	1133	P31x2
P6	JNJ-26854165	0.918063	AUC	lower = more sensitive	3.72101	10	2	1133	P6x2
P7	JNJ-26854165	0.86125	AUC	lower = more sensitive	2.33899	10	3	1133	P7x3
P8	JNJ-26854165	0.8575	AUC	lower = more sensitive	2.79948	10	6	1133	P8x6
P9	JNJ-26854165	0.901813	AUC	lower = more sensitive	3.41273	10	6	1133	P9x6
P10	JNK INHIBITOR VIII	0.988487	AUC	lower = more sensitive	6.16947	10	3	1043	P10x3
P11	JNK INHIBITOR VIII	0.993975	AUC	lower = more sensitive	6.72243	10	2	1043	P11x2
P14	JNK INHIBITOR VIII	0.958625	AUC	lower = more sensitive	4.72902	10	5	1043	P14x5
P16	JNK INHIBITOR VIII	0.962375	AUC	lower = more sensitive	4.93457	10	3	1043	P16x3
P17	JNK INHIBITOR VIII	0.987681	AUC	lower = more sensitive	6.00925	10	4	1043	P17x4
P18	JNK INHIBITOR VIII	0.995962	AUC	lower = more sensitive	7.13447	10	3	1043	P18x3
P19TA	JNK INHIBITOR VIII	0.9425	AUC	lower = more sensitive	4.52683	10	3	1043	P19TAx3
P19TB	JNK INHIBITOR VIII	0.991988	AUC	lower = more sensitive	6.36387	10	3	1043	P19TBx3
P20	JNK INHIBITOR VIII	0.984737	AUC	lower = more sensitive	5.82453	10	3	1043	P20x3
P23	JNK INHIBITOR VIII	0.990862	AUC	lower = more sensitive	6.29188	10	2	1043	P23x2
P24TA	JNK INHIBITOR VIII	0.74625	AUC	lower = more sensitive	2.349	10	2	1043	P24TAx2
P25	JNK INHIBITOR VIII	0.984556	AUC	lower = more sensitive	5.68047	10	2	1043	P25x2
P26	JNK INHIBITOR VIII	0.984625	AUC	lower = more sensitive	5.95822	10	3	1043	P26x3
P28	JNK INHIBITOR VIII	0.993238	AUC	lower = more sensitive	6.68567	10	3	1043	P28x3
P31	JNK INHIBITOR VIII	0.993237	AUC	lower = more sensitive	6.4183	10	2	1043	P31x2
P6	JNK INHIBITOR VIII	0.932312	AUC	lower = more sensitive	4.33911	10	2	1043	P6x2
P7	JNK INHIBITOR VIII	0.993237	AUC	lower = more sensitive	6.39911	10	3	1043	P7x3
P8	JNK INHIBITOR VIII	0.993862	AUC	lower = more sensitive	6.66099	10	6	1043	P8x6
P9	JNK INHIBITOR VIII	0.992613	AUC	lower = more sensitive	6.34138	10	6	1043	P9x6
P10	JQ1	0.84875	AUC	lower = more sensitive	0.273026	1	3	1218	P10x3
P11	JQ1	0.88675	AUC	lower = more sensitive	0.692009	1	2	1218	P11x2
P14	JQ1	0.923625	AUC	lower = more sensitive	1.26163	1	6	1218	P14x6
P16	JQ1	0.962125	AUC	lower = more sensitive	1.84284	1	3	1218	P16x3
P17	JQ1	0.826812	AUC	lower = more sensitive	-0.0411875	1	2	1218	P17x2
P18	JQ1	0.967375	AUC	lower = more sensitive	2.47999	1	3	1218	P18x3
P19TA	JQ1	0.8225	AUC	lower = more sensitive	-0.132611	1	3	1218	P19TAx3
P19TB	JQ1	0.892375	AUC	lower = more sensitive	0.989535	1	3	1218	P19TBx3
P20	JQ1	0.72875	AUC	lower = more sensitive	-1.19298	1	6	1218	P20x6
P23	JQ1	0.888625	AUC	lower = more sensitive	0.793116	1	2	1218	P23x2
P24TA	JQ1	0.982125	AUC	lower = more sensitive	3.23738	1	3	1218	P24TAx3
P25	JQ1	0.818125	AUC	lower = more sensitive	-0.175523	1	2	1218	P25x2
P26	JQ1	0.91375	AUC	lower = more sensitive	1.5192	1	3	1218	P26x3
P28	JQ1	0.896125	AUC	lower = more sensitive	0.739978	1	3	1218	P28x3
P31	JQ1	0.919938	AUC	lower = more sensitive	1.536	1	2	1218	P31x2
P6	JQ1	0.92675	AUC	lower = more sensitive	1.25694	1	2	1218	P6x2
P7	JQ1	0.8	AUC	lower = more sensitive	-0.70146	1	3	1218	P7x3
P8	JQ1	0.81875	AUC	lower = more sensitive	-0.360746	1	3	1218	P8x3
P9	JQ1	0.81375	AUC	lower = more sensitive	-0.416414	1	3	1218	P9x3
P10	KU-55933	0.983375	AUC	lower = more sensitive	5.76104	10	3	1030	P10x3
P11	KU-55933	0.994712	AUC	lower = more sensitive	6.84725	10	2	1030	P11x2
P14	KU-55933	0.990862	AUC	lower = more sensitive	6.19275	10	6	1030	P14x6
P16	KU-55933	0.962375	AUC	lower = more sensitive	4.91415	10	3	1030	P16x3
P17	KU-55933	0.964807	AUC	lower = more sensitive	5.16237	10	2	1030	P17x2
P18	KU-55933	0.952375	AUC	lower = more sensitive	4.12429	10	3	1030	P18x3
P19TA	KU-55933	0.8675	AUC	lower = more sensitive	2.58567	10	3	1030	P19TAx3
P19TB	KU-55933	0.993237	AUC	lower = more sensitive	6.50888	10	3	1030	P19TBx3
P20	KU-55933	0.992613	AUC	lower = more sensitive	6.3767	10	6	1030	P20x6
P23	KU-55933	0.991599	AUC	lower = more sensitive	6.54189	10	2	1030	P23x2
P24TA	KU-55933	0.991988	AUC	lower = more sensitive	6.23864	10	3	1030	P24TAx3
P25	KU-55933	0.941606	AUC	lower = more sensitive	5.53045	10	2	1030	P25x2
P26	KU-55933	0.994712	AUC	lower = more sensitive	6.84098	10	3	1030	P26x3
P28	KU-55933	0.985988	AUC	lower = more sensitive	6.07012	10	3	1030	P28x3
P31	KU-55933	0.994712	AUC	lower = more sensitive	6.86759	10	2	1030	P31x2
P6	KU-55933	0.966625	AUC	lower = more sensitive	5.15432	10	2	1030	P6x2
P7	KU-55933	0.973375	AUC	lower = more sensitive	4.83107	10	3	1030	P7x3
P8	KU-55933	0.975875	AUC	lower = more sensitive	5.32353	10	3	1030	P8x3
P9	KU-55933	0.993237	AUC	lower = more sensitive	6.53838	10	3	1030	P9x3
P10	LENALIDOMIDE	0.9125	AUC	lower = more sensitive	3.47289	5	3	1020	P10x3
P11	LENALIDOMIDE	0.994712	AUC	lower = more sensitive	6.228	5	2	1020	P11x2
P14	LENALIDOMIDE	0.988988	AUC	lower = more sensitive	5.38708	5	6	1020	P14x6
P16	LENALIDOMIDE	0.995963	AUC	lower = more sensitive	6.40662	5	3	1020	P16x3
P17	LENALIDOMIDE	0.940438	AUC	lower = more sensitive	4.15729	5	2	1020	P17x2
P18	LENALIDOMIDE	0.994713	AUC	lower = more sensitive	6.20217	5	3	1020	P18x3
P19TA	LENALIDOMIDE	0.991988	AUC	lower = more sensitive	5.61166	5	3	1020	P19TAx3
P19TB	LENALIDOMIDE	0.991987	AUC	lower = more sensitive	5.71583	5	3	1020	P19TBx3
P20	LENALIDOMIDE	0.990862	AUC	lower = more sensitive	5.56741	5	6	1020	P20x6
P23	LENALIDOMIDE	0.9916	AUC	lower = more sensitive	5.84584	5	2	1020	P23x2
P24TA	LENALIDOMIDE	0.991988	AUC	lower = more sensitive	5.40624	5	3	1020	P24TAx3
P25	LENALIDOMIDE	0.974681	AUC	lower = more sensitive	4.83904	5	2	1020	P25x2
P26	LENALIDOMIDE	0.988488	AUC	lower = more sensitive	5.39686	5	3	1020	P26x3
P28	LENALIDOMIDE	0.988487	AUC	lower = more sensitive	5.3108	5	3	1020	P28x3
P31	LENALIDOMIDE	0.996463	AUC	lower = more sensitive	6.42723	5	2	1020	P31x2
P6	LENALIDOMIDE	0.989669	AUC	lower = more sensitive	5.69027	5	2	1020	P6x2
P7	LENALIDOMIDE	0.963625	AUC	lower = more sensitive	4.21813	5	3	1020	P7x3
P8	LENALIDOMIDE	0.984738	AUC	lower = more sensitive	5.31602	5	3	1020	P8x3
P9	LENALIDOMIDE	0.993237	AUC	lower = more sensitive	5.77547	5	3	1020	P9x3
P10	LY317615	0.8625	AUC	lower = more sensitive	2.83991	10	3	1134	P10x3
P11	LY317615	0.975375	AUC	lower = more sensitive	5.69822	10	2	1134	P11x2
P14	LY317615	0.87625	AUC	lower = more sensitive	3.27098	10	5	1134	P14x5
P16	LY317615	0.937125	AUC	lower = more sensitive	3.68448	10	3	1134	P16x3
P17	LY317615	0.956744	AUC	lower = more sensitive	4.92469	10	4	1134	P17x4
P18	LY317615	0.957375	AUC	lower = more sensitive	4.19369	10	3	1134	P18x3
P19TA	LY317615	0.853625	AUC	lower = more sensitive	2.68783	10	3	1134	P19TAx3
P19TB	LY317615	0.974625	AUC	lower = more sensitive	5.13184	10	3	1134	P19TBx3
P20	LY317615	0.955875	AUC	lower = more sensitive	4.1118	10	3	1134	P20x3
P23	LY317615	0.948	AUC	lower = more sensitive	4.23946	10	2	1134	P23x2
P24TA	LY317615	0.982125	AUC	lower = more sensitive	5.75466	10	2	1134	P24TAx2
P25	LY317615	0.908062	AUC	lower = more sensitive	4.38725	10	2	1134	P25x2
P26	LY317615	0.994712	AUC	lower = more sensitive	7.02137	10	3	1134	P26x3
P28	LY317615	0.93375	AUC	lower = more sensitive	4.54349	10	3	1134	P28x3
P31	LY317615	0.993237	AUC	lower = more sensitive	6.41963	10	2	1134	P31x2
P6	LY317615	0.936187	AUC	lower = more sensitive	4.11599	10	2	1134	P6x2
P7	LY317615	0.947375	AUC	lower = more sensitive	4.20079	10	3	1134	P7x3
P8	LY317615	0.97025	AUC	lower = more sensitive	4.77211	10	6	1134	P8x6
P9	LY317615	0.884937	AUC	lower = more sensitive	2.98813	10	6	1134	P9x6
P10	MIRIN	0.83375	AUC	lower = more sensitive	4.49521	100	3	1048	P10x3
P11	MIRIN	0.976625	AUC	lower = more sensitive	7.91829	100	2	1048	P11x2
P14	MIRIN	0.91125	AUC	lower = more sensitive	5.69439	100	5	1048	P14x5
P16	MIRIN	0.994712	AUC	lower = more sensitive	9.23184	100	3	1048	P16x3
P17	MIRIN	0.895494	AUC	lower = more sensitive	6.15962	100	4	1048	P17x4
P18	MIRIN	0.994712	AUC	lower = more sensitive	9.32241	100	3	1048	P18x3
P19TA	MIRIN	0.70625	AUC	lower = more sensitive	3.4616	100	3	1048	P19TAx3
P19TB	MIRIN	0.90625	AUC	lower = more sensitive	5.84976	100	3	1048	P19TBx3
P20	MIRIN	0.928625	AUC	lower = more sensitive	5.66567	100	3	1048	P20x3
P23	MIRIN	0.983306	AUC	lower = more sensitive	7.9797	100	2	1048	P23x2
P24TA	MIRIN	0.967875	AUC	lower = more sensitive	7.18317	100	2	1048	P24TAx2
P25	MIRIN	0.865625	AUC	lower = more sensitive	4.73433	100	2	1048	P25x2
P26	MIRIN	0.988487	AUC	lower = more sensitive	8.26249	100	3	1048	P26x3
P28	MIRIN	0.958625	AUC	lower = more sensitive	6.89817	100	3	1048	P28x3
P31	MIRIN	0.993237	AUC	lower = more sensitive	8.7357	100	2	1048	P31x2
P6	MIRIN	0.951125	AUC	lower = more sensitive	6.83418	100	2	1048	P6x2
P7	MIRIN	0.899875	AUC	lower = more sensitive	5.457	100	3	1048	P7x3
P8	MIRIN	0.9435	AUC	lower = more sensitive	6.39222	100	6	1048	P8x6
P9	MIRIN	0.96725	AUC	lower = more sensitive	7.35446	100	6	1048	P9x6
P10	MK-2206	0.71875	AUC	lower = more sensitive	0.972411	4	3	1053	P10x3
P11	MK-2206	0.993237	AUC	lower = more sensitive	5.58664	4	2	1053	P11x2
P14	MK-2206	0.943	AUC	lower = more sensitive	3.36463	4	6	1053	P14x6
P16	MK-2206	0.993237	AUC	lower = more sensitive	5.73818	4	3	1053	P16x3
P17	MK-2206	0.926063	AUC	lower = more sensitive	3.47398	4	2	1053	P17x2
P18	MK-2206	0.983375	AUC	lower = more sensitive	4.85057	4	3	1053	P18x3
P19TA	MK-2206	0.7275	AUC	lower = more sensitive	0.254431	4	3	1053	P19TAx3
P19TB	MK-2206	0.82625	AUC	lower = more sensitive	0.9689	4	3	1053	P19TBx3
P20	MK-2206	0.693125	AUC	lower = more sensitive	-0.034723	4	6	1053	P20x6
P23	MK-2206	0.99335	AUC	lower = more sensitive	5.70642	4	2	1053	P23x2
P24TA	MK-2206	0.865	AUC	lower = more sensitive	1.91153	4	3	1053	P24TAx3
P25	MK-2206	0.798125	AUC	lower = more sensitive	1.20278	4	2	1053	P25x2
P26	MK-2206	0.994712	AUC	lower = more sensitive	6.09739	4	3	1053	P26x3
P28	MK-2206	0.89	AUC	lower = more sensitive	2.16858	4	3	1053	P28x3
P31	MK-2206	0.994712	AUC	lower = more sensitive	5.96585	4	2	1053	P31x2
P6	MK-2206	0.973556	AUC	lower = more sensitive	4.59064	4	2	1053	P6x2
P7	MK-2206	0.6725	AUC	lower = more sensitive	0.244279	4	3	1053	P7x3
P8	MK-2206	0.725	AUC	lower = more sensitive	0.838122	4	3	1053	P8x3
P9	MK-2206	0.69375	AUC	lower = more sensitive	0.348806	4	3	1053	P9x3
P10	MLN8237	0.962375	AUC	lower = more sensitive	3.54347	2	3	1051	P10x3
P11	MLN8237	0.730481	AUC	lower = more sensitive	1.37172	2	2	1051	P11x2
P14	MLN8237	0.58125	AUC	lower = more sensitive	-1.53657	2	5	1051	P14x5
P16	MLN8237	0.74	AUC	lower = more sensitive	-0.329278	2	3	1051	P16x3
P17	MLN8237	0.71375	AUC	lower = more sensitive	-0.199314	2	4	1051	P17x4
P18	MLN8237	0.78375	AUC	lower = more sensitive	-0.113503	2	3	1051	P18x3
P19TA	MLN8237	0.92625	AUC	lower = more sensitive	2.548	2	3	1051	P19TAx3
P19TB	MLN8237	0.945	AUC	lower = more sensitive	3.01525	2	3	1051	P19TBx3
P20	MLN8237	0.85875	AUC	lower = more sensitive	1.76817	2	3	1051	P20x3
P23	MLN8237	0.790625	AUC	lower = more sensitive	0.767876	2	2	1051	P23x2
P24TA	MLN8237	0.988987	AUC	lower = more sensitive	4.61164	2	2	1051	P24TAx2
P25	MLN8237	0.835625	AUC	lower = more sensitive	2.06498	2	2	1051	P25x2
P26	MLN8237	0.8875	AUC	lower = more sensitive	2.46045	2	3	1051	P26x3
P28	MLN8237	0.715	AUC	lower = more sensitive	0.353288	2	3	1051	P28x3
P31	MLN8237	0.989613	AUC	lower = more sensitive	4.62253	2	2	1051	P31x2
P6	MLN8237	0.675625	AUC	lower = more sensitive	-0.262807	2	2	1051	P6x2
P7	MLN8237	0.7025	AUC	lower = more sensitive	0.074871	2	3	1051	P7x3
P8	MLN8237	0.595	AUC	lower = more sensitive	-1.39572	2	6	1051	P8x6
P9	MLN8237	0.639375	AUC	lower = more sensitive	-0.591412	2	6	1051	P9x6
P10	NAVITOCLAX	0.943625	AUC	lower = more sensitive	3.00362	2	3	1011	P10x3
P11	NAVITOCLAX	0.990862	AUC	lower = more sensitive	4.69314	2	2	1011	P11x2
P14	NAVITOCLAX	0.990237	AUC	lower = more sensitive	4.49221	2	6	1011	P14x6
P16	NAVITOCLAX	0.994712	AUC	lower = more sensitive	5.30885	2	3	1011	P16x3
P17	NAVITOCLAX	0.96975	AUC	lower = more sensitive	3.6871	2	2	1011	P17x2
P18	NAVITOCLAX	0.993237	AUC	lower = more sensitive	5.09807	2	3	1011	P18x3
P19TA	NAVITOCLAX	0.982125	AUC	lower = more sensitive	4.00823	2	3	1011	P19TAx3
P19TB	NAVITOCLAX	0.991987	AUC	lower = more sensitive	4.63205	2	3	1011	P19TBx3
P20	NAVITOCLAX	0.97475	AUC	lower = more sensitive	3.97596	2	6	1011	P20x6
P23	NAVITOCLAX	0.993975	AUC	lower = more sensitive	5.24178	2	2	1011	P23x2
P24TA	NAVITOCLAX	0.984625	AUC	lower = more sensitive	4.4036	2	3	1011	P24TAx3
P25	NAVITOCLAX	0.98275	AUC	lower = more sensitive	4.01343	2	2	1011	P25x2
P26	NAVITOCLAX	0.984737	AUC	lower = more sensitive	4.26128	2	3	1011	P26x3
P28	NAVITOCLAX	0.985987	AUC	lower = more sensitive	4.55808	2	3	1011	P28x3
P31	NAVITOCLAX	0.996462	AUC	lower = more sensitive	5.43877	2	2	1011	P31x2
P6	NAVITOCLAX	0.989613	AUC	lower = more sensitive	4.60786	2	2	1011	P6x2
P7	NAVITOCLAX	0.993237	AUC	lower = more sensitive	4.87437	2	3	1011	P7x3
P8	NAVITOCLAX	0.991987	AUC	lower = more sensitive	4.74615	2	3	1011	P8x3
P9	NAVITOCLAX	0.984737	AUC	lower = more sensitive	4.1963	2	3	1011	P9x3
P10	NILOTINIB	0.92375	AUC	lower = more sensitive	2.58409	2	3	1013	P10x3
P11	NILOTINIB	0.993237	AUC	lower = more sensitive	5.00119	2	2	1013	P11x2
P14	NILOTINIB	0.98025	AUC	lower = more sensitive	3.97503	2	6	1013	P14x6
P16	NILOTINIB	0.988487	AUC	lower = more sensitive	4.72334	2	3	1013	P16x3
P17	NILOTINIB	0.83375	AUC	lower = more sensitive	0.986376	2	2	1013	P17x2
P18	NILOTINIB	0.962375	AUC	lower = more sensitive	3.53755	2	3	1013	P18x3
P19TA	NILOTINIB	0.91125	AUC	lower = more sensitive	2.28862	2	3	1013	P19TAx3
P19TB	NILOTINIB	0.968625	AUC	lower = more sensitive	3.52166	2	3	1013	P19TBx3
P20	NILOTINIB	0.973375	AUC	lower = more sensitive	3.4593	2	6	1013	P20x6
P23	NILOTINIB	0.986431	AUC	lower = more sensitive	4.55195	2	2	1013	P23x2
P24TA	NILOTINIB	0.978375	AUC	lower = more sensitive	3.86414	2	3	1013	P24TAx3
P25	NILOTINIB	0.994712	AUC	lower = more sensitive	5.13982	2	2	1013	P25x2
P26	NILOTINIB	0.982125	AUC	lower = more sensitive	3.95796	2	3	1013	P26x3
P28	NILOTINIB	0.988487	AUC	lower = more sensitive	4.54087	2	3	1013	P28x3
P31	NILOTINIB	0.991487	AUC	lower = more sensitive	4.80222	2	2	1013	P31x2
P6	NILOTINIB	0.971681	AUC	lower = more sensitive	3.75027	2	2	1013	P6x2
P7	NILOTINIB	0.988487	AUC	lower = more sensitive	4.46841	2	3	1013	P7x3
P8	NILOTINIB	0.9225	AUC	lower = more sensitive	1.91702	2	3	1013	P8x3
P9	NILOTINIB	0.970875	AUC	lower = more sensitive	3.27563	2	3	1013	P9x3
P10	NU-7441	0.977125	AUC	lower = more sensitive	3.79431	2	3	1038	P10x3
P11	NU-7441	0.997088	AUC	lower = more sensitive	5.41657	2	2	1038	P11x2
P14	NU-7441	0.966625	AUC	lower = more sensitive	3.39973	2	6	1038	P14x6
P16	NU-7441	0.994487	AUC	lower = more sensitive	5.26197	2	3	1038	P16x3
P17	NU-7441	0.939188	AUC	lower = more sensitive	2.96101	2	2	1038	P17x2
P18	NU-7441	0.954875	AUC	lower = more sensitive	2.81745	2	3	1038	P18x3
P19TA	NU-7441	0.75875	AUC	lower = more sensitive	-0.095592	2	3	1038	P19TAx3
P19TB	NU-7441	0.988487	AUC	lower = more sensitive	4.41178	2	3	1038	P19TBx3
P20	NU-7441	0.992612	AUC	lower = more sensitive	4.68304	2	6	1038	P20x6
P23	NU-7441	0.9916	AUC	lower = more sensitive	4.74704	2	2	1038	P23x2
P24TA	NU-7441	0.993237	AUC	lower = more sensitive	4.73574	2	3	1038	P24TAx3
P25	NU-7441	0.982294	AUC	lower = more sensitive	4.32293	2	2	1038	P25x2
P26	NU-7441	0.993237	AUC	lower = more sensitive	4.74465	2	3	1038	P26x3
P28	NU-7441	0.942375	AUC	lower = more sensitive	2.75933	2	3	1038	P28x3
P31	NU-7441	0.993862	AUC	lower = more sensitive	4.99565	2	2	1038	P31x2
P6	NU-7441	0.990237	AUC	lower = more sensitive	4.7049	2	2	1038	P6x2
P7	NU-7441	0.953375	AUC	lower = more sensitive	2.55752	2	3	1038	P7x3
P8	NU-7441	0.961125	AUC	lower = more sensitive	3.22836	2	3	1038	P8x3
P9	NU-7441	0.86125	AUC	lower = more sensitive	1.35966	2	3	1038	P9x3
P10	NUTLIN-3A	0.956125	AUC	lower = more sensitive	4.59555	8	3	1047	P10x3
P11	NUTLIN-3A	0.979056	AUC	lower = more sensitive	5.53856	8	2	1047	P11x2
P14	NUTLIN-3A	0.743125	AUC	lower = more sensitive	1.13449	8	6	1047	P14x6
P16	NUTLIN-3A	0.969875	AUC	lower = more sensitive	5.00511	8	3	1047	P16x3
P17	NUTLIN-3A	0.984557	AUC	lower = more sensitive	5.7504	8	2	1047	P17x2
P18	NUTLIN-3A	0.963625	AUC	lower = more sensitive	4.58312	8	3	1047	P18x3
P19TA	NUTLIN-3A	0.948625	AUC	lower = more sensitive	4.58113	8	3	1047	P19TAx3
P19TB	NUTLIN-3A	0.993237	AUC	lower = more sensitive	6.15894	8	3	1047	P19TBx3
P20	NUTLIN-3A	0.984556	AUC	lower = more sensitive	5.68018	8	6	1047	P20x6
P23	NUTLIN-3A	0.9405	AUC	lower = more sensitive	3.49125	8	2	1047	P23x2
P24TA	NUTLIN-3A	0.994712	AUC	lower = more sensitive	6.51799	8	3	1047	P24TAx3
P25	NUTLIN-3A	0.986432	AUC	lower = more sensitive	5.89994	8	2	1047	P25x2
P26	NUTLIN-3A	0.994712	AUC	lower = more sensitive	6.66835	8	3	1047	P26x3
P28	NUTLIN-3A	0.7475	AUC	lower = more sensitive	1.27883	8	3	1047	P28x3
P31	NUTLIN-3A	0.987057	AUC	lower = more sensitive	5.81489	8	2	1047	P31x2
P6	NUTLIN-3A	0.96975	AUC	lower = more sensitive	5.10454	8	2	1047	P6x2
P7	NUTLIN-3A	0.6825	AUC	lower = more sensitive	0.440058	8	3	1047	P7x3
P8	NUTLIN-3A	0.984737	AUC	lower = more sensitive	5.65831	8	3	1047	P8x3
P9	NUTLIN-3A	0.962375	AUC	lower = more sensitive	5.04754	8	3	1047	P9x3
P10	NVP-BEZ235	0.82625	AUC	lower = more sensitive	-1.41971	0.25	3	1057	P10x3
P11	NVP-BEZ235	0.9946	AUC	lower = more sensitive	3.15735	0.25	2	1057	P11x2
P14	NVP-BEZ235	0.898688	AUC	lower = more sensitive	-0.522848	0.25	6	1057	P14x6
P16	NVP-BEZ235	0.8775	AUC	lower = more sensitive	-0.740656	0.25	3	1057	P16x3
P17	NVP-BEZ235	0.71625	AUC	lower = more sensitive	-2.38392	0.25	2	1057	P17x2
P18	NVP-BEZ235	0.78875	AUC	lower = more sensitive	-1.94428	0.25	3	1057	P18x3
P19TA	NVP-BEZ235	0.77375	AUC	lower = more sensitive	-2.29472	0.25	3	1057	P19TAx3
P19TB	NVP-BEZ235	0.851125	AUC	lower = more sensitive	-1.33928	0.25	3	1057	P19TBx3
P20	NVP-BEZ235	0.758125	AUC	lower = more sensitive	-2.23452	0.25	6	1057	P20x6
P23	NVP-BEZ235	0.904313	AUC	lower = more sensitive	-0.53029	0.25	2	1057	P23x2
P24TA	NVP-BEZ235	0.795	AUC	lower = more sensitive	-2.09483	0.25	3	1057	P24TAx3
P25	NVP-BEZ235	0.7275	AUC	lower = more sensitive	-2.38863	0.25	2	1057	P25x2
P26	NVP-BEZ235	0.926125	AUC	lower = more sensitive	-0.387503	0.25	3	1057	P26x3
P28	NVP-BEZ235	0.7775	AUC	lower = more sensitive	-2.09395	0.25	3	1057	P28x3
P31	NVP-BEZ235	0.99035	AUC	lower = more sensitive	2.73778	0.25	2	1057	P31x2
P6	NVP-BEZ235	0.875625	AUC	lower = more sensitive	-0.307784	0.25	2	1057	P6x2
P7	NVP-BEZ235	0.79375	AUC	lower = more sensitive	-2.06787	0.25	3	1057	P7x3
P8	NVP-BEZ235	0.71	AUC	lower = more sensitive	-2.39437	0.25	3	1057	P8x3
P9	NVP-BEZ235	0.73375	AUC	lower = more sensitive	-2.4757	0.25	3	1057	P9x3
P10	OBATOCLAX	0.60875	AUC	lower = more sensitive	0.258552	10	6	1068	P10x6
P11	OBATOCLAX	0.770625	AUC	lower = more sensitive	1.44122	10	4	1068	P11x4
P14	OBATOCLAX	0.5	AUC	lower = more sensitive	-0.428101	10	11	1068	P14x11
P16	OBATOCLAX	0.583125	AUC	lower = more sensitive	0.064238	10	6	1068	P16x6
P17	OBATOCLAX	0.52375	AUC	lower = more sensitive	-0.314086	10	6	1068	P17x6
P18	OBATOCLAX	0.591875	AUC	lower = more sensitive	0.150078	10	6	1068	P18x6
P19TA	OBATOCLAX	0.155813	AUC	lower = more sensitive	-2.65078	10	6	1068	P19TAx6
P19TB	OBATOCLAX	0.80125	AUC	lower = more sensitive	1.83975	10	6	1068	P19TBx6
P20	OBATOCLAX	0.6275	AUC	lower = more sensitive	0.408028	10	9	1068	P20x9
P23	OBATOCLAX	0.65875	AUC	lower = more sensitive	0.637112	10	4	1068	P23x4
P24TA	OBATOCLAX	0.54125	AUC	lower = more sensitive	-0.206412	10	5	1068	P24TAx5
P25	OBATOCLAX	0.70375	AUC	lower = more sensitive	0.789502	10	4	1068	P25x4
P26	OBATOCLAX	0.611875	AUC	lower = more sensitive	0.220137	10	6	1068	P26x6
P28	OBATOCLAX	0.4375	AUC	lower = more sensitive	-0.902925	10	6	1068	P28x6
P31	OBATOCLAX	0.889375	AUC	lower = more sensitive	3.14658	10	4	1068	P31x4
P6	OBATOCLAX	0.533125	AUC	lower = more sensitive	-0.18917	10	4	1068	P6x4
P7	OBATOCLAX	0.6325	AUC	lower = more sensitive	0.381528	10	6	1068	P7x6
P8	OBATOCLAX	0.35	AUC	lower = more sensitive	-1.34804	10	9	1068	P8x9
P9	OBATOCLAX	0.50375	AUC	lower = more sensitive	-0.485246	10	9	1068	P9x9
P10	OSI-906	0.7125	AUC	lower = more sensitive	0.217242	2.5	3	1510	P10x3
P11	OSI-906	0.994712	AUC	lower = more sensitive	5.449	2.5	2	1510	P11x2
P14	OSI-906	0.978375	AUC	lower = more sensitive	4.08549	2.5	5	1510	P14x5
P16	OSI-906	0.994712	AUC	lower = more sensitive	5.65561	2.5	3	1510	P16x3
P17	OSI-906	0.81125	AUC	lower = more sensitive	0.953109	2.5	4	1510	P17x4
P18	OSI-906	0.8675	AUC	lower = more sensitive	1.14683	2.5	3	1510	P18x3
P19TA	OSI-906	0.75625	AUC	lower = more sensitive	0.073928	2.5	3	1510	P19TAx3
P19TB	OSI-906	0.8825	AUC	lower = more sensitive	2.4673	2.5	3	1510	P19TBx3
P20	OSI-906	0.91375	AUC	lower = more sensitive	2.07081	2.5	3	1510	P20x3
P23	OSI-906	0.993975	AUC	lower = more sensitive	5.24947	2.5	2	1510	P23x2
P24TA	OSI-906	0.990238	AUC	lower = more sensitive	4.6885	2.5	2	1510	P24TAx2
P25	OSI-906	0.93975	AUC	lower = more sensitive	2.63425	2.5	2	1510	P25x2
P26	OSI-906	0.942375	AUC	lower = more sensitive	2.76166	2.5	3	1510	P26x3
P28	OSI-906	0.985987	AUC	lower = more sensitive	4.72483	2.5	3	1510	P28x3
P31	OSI-906	0.993975	AUC	lower = more sensitive	5.30934	2.5	2	1510	P31x2
P6	OSI-906	0.984057	AUC	lower = more sensitive	4.47111	2.5	2	1510	P6x2
P7	OSI-906	0.65625	AUC	lower = more sensitive	-0.265782	2.5	3	1510	P7x3
P8	OSI-906	0.68375	AUC	lower = more sensitive	0.0500155	2.5	6	1510	P8x6
P9	OSI-906	0.956625	AUC	lower = more sensitive	3.23389	2.5	6	1510	P9x6
P10	OXALIPLATIN	0.977125	AUC	lower = more sensitive	6.16915	20	3	1089	P10x3
P11	OXALIPLATIN	0.991987	AUC	lower = more sensitive	6.8774	20	2	1089	P11x2
P14	OXALIPLATIN	0.989112	AUC	lower = more sensitive	6.84709	20	6	1089	P14x6
P16	OXALIPLATIN	0.994487	AUC	lower = more sensitive	7.39621	20	3	1089	P16x3
P17	OXALIPLATIN	0.967875	AUC	lower = more sensitive	5.92173	20	2	1089	P17x2
P18	OXALIPLATIN	0.991988	AUC	lower = more sensitive	7.13793	20	3	1089	P18x3
P19TA	OXALIPLATIN	0.895	AUC	lower = more sensitive	3.90722	20	3	1089	P19TAx3
P19TB	OXALIPLATIN	0.952375	AUC	lower = more sensitive	5.46499	20	3	1089	P19TBx3
P20	OXALIPLATIN	0.987237	AUC	lower = more sensitive	6.67465	20	6	1089	P20x6
P23	OXALIPLATIN	0.989669	AUC	lower = more sensitive	7.1602	20	2	1089	P23x2
P24TA	OXALIPLATIN	0.985988	AUC	lower = more sensitive	6.58623	20	3	1089	P24TAx3
P25	OXALIPLATIN	0.925994	AUC	lower = more sensitive	5.97589	20	2	1089	P25x2
P26	OXALIPLATIN	0.993237	AUC	lower = more sensitive	7.12157	20	3	1089	P26x3
P28	OXALIPLATIN	0.954875	AUC	lower = more sensitive	5.11563	20	3	1089	P28x3
P31	OXALIPLATIN	0.989556	AUC	lower = more sensitive	7.03979	20	2	1089	P31x2
P6	OXALIPLATIN	0.992613	AUC	lower = more sensitive	7.16976	20	2	1089	P6x2
P7	OXALIPLATIN	0.993237	AUC	lower = more sensitive	7.11826	20	3	1089	P7x3
P8	OXALIPLATIN	0.990737	AUC	lower = more sensitive	6.76632	20	3	1089	P8x3
P9	OXALIPLATIN	0.977125	AUC	lower = more sensitive	6.16099	20	3	1089	P9x3
P10	PAC-1	0.982125	AUC	lower = more sensitive	5.54569	10	3	1506	P10x3
P11	PAC-1	0.957875	AUC	lower = more sensitive	4.67622	10	2	1506	P11x2
P14	PAC-1	0.92	AUC	lower = more sensitive	4.02648	10	5	1506	P14x5
P16	PAC-1	0.978375	AUC	lower = more sensitive	5.30714	10	3	1506	P16x3
P17	PAC-1	0.960375	AUC	lower = more sensitive	4.54162	10	4	1506	P17x4
P18	PAC-1	0.995962	AUC	lower = more sensitive	7.09907	10	3	1506	P18x3
P19TA	PAC-1	0.918625	AUC	lower = more sensitive	3.6018	10	3	1506	P19TAx3
P19TB	PAC-1	0.988488	AUC	lower = more sensitive	6.06144	10	3	1506	P19TBx3
P20	PAC-1	0.915	AUC	lower = more sensitive	3.73881	10	3	1506	P20x3
P23	PAC-1	0.9765	AUC	lower = more sensitive	5.27674	10	2	1506	P23x2
P24TA	PAC-1	0.903	AUC	lower = more sensitive	3.48672	10	2	1506	P24TAx2
P25	PAC-1	0.810563	AUC	lower = more sensitive	1.9689	10	2	1506	P25x2
P26	PAC-1	0.993238	AUC	lower = more sensitive	6.58792	10	3	1506	P26x3
P28	PAC-1	0.978375	AUC	lower = more sensitive	5.49988	10	3	1506	P28x3
P31	PAC-1	0.988362	AUC	lower = more sensitive	6.14562	10	2	1506	P31x2
P6	PAC-1	0.924312	AUC	lower = more sensitive	3.53266	10	2	1506	P6x2
P7	PAC-1	0.982125	AUC	lower = more sensitive	5.59007	10	3	1506	P7x3
P8	PAC-1	0.977125	AUC	lower = more sensitive	5.07361	10	6	1506	P8x6
P9	PAC-1	0.988363	AUC	lower = more sensitive	5.91868	10	6	1506	P9x6
P10	PACLITAXEL	0.966125	AUC	lower = more sensitive	-1.77761	0.01	3	1080	P10x3
P11	PACLITAXEL	0.987681	AUC	lower = more sensitive	-0.831176	0.01	2	1080	P11x2
P14	PACLITAXEL	0.952375	AUC	lower = more sensitive	-2.26422	0.01	5	1080	P14x5
P16	PACLITAXEL	0.993237	AUC	lower = more sensitive	-0.30551	0.01	3	1080	P16x3
P17	PACLITAXEL	0.942368	AUC	lower = more sensitive	-2.23152	0.01	4	1080	P17x4
P18	PACLITAXEL	0.994487	AUC	lower = more sensitive	-0.194023	0.01	3	1080	P18x3
P19TA	PACLITAXEL	0.85625	AUC	lower = more sensitive	-4.34689	0.01	3	1080	P19TAx3
P19TB	PACLITAXEL	0.82375	AUC	lower = more sensitive	-4.15273	0.01	3	1080	P19TBx3
P20	PACLITAXEL	0.988488	AUC	lower = more sensitive	-0.82512	0.01	3	1080	P20x3
P23	PACLITAXEL	0.984557	AUC	lower = more sensitive	-1.12784	0.01	2	1080	P23x2
P24TA	PACLITAXEL	0.951	AUC	lower = more sensitive	-2.38583	0.01	2	1080	P24TAx2
P25	PACLITAXEL	0.853125	AUC	lower = more sensitive	-3.88889	0.01	2	1080	P25x2
P26	PACLITAXEL	0.988488	AUC	lower = more sensitive	-0.871905	0.01	3	1080	P26x3
P28	PACLITAXEL	0.922375	AUC	lower = more sensitive	-2.98439	0.01	3	1080	P28x3
P31	PACLITAXEL	0.97475	AUC	lower = more sensitive	-1.34776	0.01	2	1080	P31x2
P6	PACLITAXEL	0.976	AUC	lower = more sensitive	-1.37656	0.01	2	1080	P6x2
P7	PACLITAXEL	0.883625	AUC	lower = more sensitive	-4.09098	0.01	3	1080	P7x3
P8	PACLITAXEL	0.992612	AUC	lower = more sensitive	-0.560376	0.01	6	1080	P8x6
P9	PACLITAXEL	0.918687	AUC	lower = more sensitive	-3.31437	0.01	6	1080	P9x6
P10	PALBOCICLIB	0.951125	AUC	lower = more sensitive	3.74652	4	3	1054	P10x3
P11	PALBOCICLIB	0.960994	AUC	lower = more sensitive	4.32882	4	2	1054	P11x2
P14	PALBOCICLIB	0.913125	AUC	lower = more sensitive	3.18409	4	6	1054	P14x6
P16	PALBOCICLIB	0.984738	AUC	lower = more sensitive	4.95858	4	3	1054	P16x3
P17	PALBOCICLIB	0.754375	AUC	lower = more sensitive	1.53192	4	2	1054	P17x2
P18	PALBOCICLIB	0.91125	AUC	lower = more sensitive	2.98612	4	3	1054	P18x3
P19TA	PALBOCICLIB	0.5525	AUC	lower = more sensitive	-0.877251	4	3	1054	P19TAx3
P19TB	PALBOCICLIB	0.93125	AUC	lower = more sensitive	3.08573	4	3	1054	P19TBx3
P20	PALBOCICLIB	0.976056	AUC	lower = more sensitive	4.6597	4	6	1054	P20x6
P23	PALBOCICLIB	0.936187	AUC	lower = more sensitive	3.26562	4	2	1054	P23x2
P24TA	PALBOCICLIB	0.993237	AUC	lower = more sensitive	5.5147	4	3	1054	P24TAx3
P25	PALBOCICLIB	0.723125	AUC	lower = more sensitive	1.7704	4	2	1054	P25x2
P26	PALBOCICLIB	0.969875	AUC	lower = more sensitive	4.36535	4	3	1054	P26x3
P28	PALBOCICLIB	0.76375	AUC	lower = more sensitive	1.42867	4	3	1054	P28x3
P31	PALBOCICLIB	0.984625	AUC	lower = more sensitive	5.18943	4	2	1054	P31x2
P6	PALBOCICLIB	0.939937	AUC	lower = more sensitive	3.26249	4	2	1054	P6x2
P7	PALBOCICLIB	0.73625	AUC	lower = more sensitive	1.9086	4	3	1054	P7x3
P8	PALBOCICLIB	0.71125	AUC	lower = more sensitive	1.68501	4	3	1054	P8x3
P9	PALBOCICLIB	0.895	AUC	lower = more sensitive	1.92982	4	3	1054	P9x3
P10	PD-173074	0.993237	AUC	lower = more sensitive	4.77074	2	3	1049	P10x3
P11	PD-173074	0.992612	AUC	lower = more sensitive	4.81532	2	2	1049	P11x2
P14	PD-173074	0.985806	AUC	lower = more sensitive	4.3916	2	6	1049	P14x6
P16	PD-173074	0.994712	AUC	lower = more sensitive	5.30817	2	3	1049	P16x3
P17	PD-173074	0.961119	AUC	lower = more sensitive	3.52865	2	2	1049	P17x2
P18	PD-173074	0.994712	AUC	lower = more sensitive	5.26356	2	3	1049	P18x3
P19TA	PD-173074	0.67125	AUC	lower = more sensitive	-0.907839	2	3	1049	P19TAx3
P19TB	PD-173074	0.984738	AUC	lower = more sensitive	4.26455	2	3	1049	P19TBx3
P20	PD-173074	0.989612	AUC	lower = more sensitive	4.67032	2	6	1049	P20x6
P23	PD-173074	0.990862	AUC	lower = more sensitive	4.70767	2	2	1049	P23x2
P24TA	PD-173074	0.994487	AUC	lower = more sensitive	5.01641	2	3	1049	P24TAx3
P25	PD-173074	0.984681	AUC	lower = more sensitive	4.29486	2	2	1049	P25x2
P26	PD-173074	0.994712	AUC	lower = more sensitive	5.3292	2	3	1049	P26x3
P28	PD-173074	0.81625	AUC	lower = more sensitive	1.27725	2	3	1049	P28x3
P31	PD-173074	0.993974	AUC	lower = more sensitive	5.12363	2	2	1049	P31x2
P6	PD-173074	0.9815	AUC	lower = more sensitive	4.18339	2	2	1049	P6x2
P7	PD-173074	0.984625	AUC	lower = more sensitive	4.35023	2	3	1049	P7x3
P8	PD-173074	0.993237	AUC	lower = more sensitive	5.0316	2	3	1049	P8x3
P9	PD-173074	0.983487	AUC	lower = more sensitive	4.12709	2	3	1049	P9x3
P10	PF-02341066	0.970875	AUC	lower = more sensitive	2.81512	1	3	1083	P10x3
P11	PF-02341066	0.989043	AUC	lower = more sensitive	4.01686	1	2	1083	P11x2
P14	PF-02341066	0.974625	AUC	lower = more sensitive	3.13959	1	6	1083	P14x6
P16	PF-02341066	0.993237	AUC	lower = more sensitive	4.14743	1	3	1083	P16x3
P17	PF-02341066	0.909312	AUC	lower = more sensitive	1.31046	1	2	1083	P17x2
P18	PF-02341066	0.984625	AUC	lower = more sensitive	3.85755	1	3	1083	P18x3
P19TA	PF-02341066	0.67125	AUC	lower = more sensitive	-1.52733	1	3	1083	P19TAx3
P19TB	PF-02341066	0.943625	AUC	lower = more sensitive	1.75583	1	3	1083	P19TBx3
P20	PF-02341066	0.969181	AUC	lower = more sensitive	2.90549	1	6	1083	P20x6
P23	PF-02341066	0.982182	AUC	lower = more sensitive	3.76546	1	2	1083	P23x2
P24TA	PF-02341066	0.993238	AUC	lower = more sensitive	4.23776	1	3	1083	P24TAx3
P25	PF-02341066	0.969744	AUC	lower = more sensitive	3.24079	1	2	1083	P25x2
P26	PF-02341066	0.991987	AUC	lower = more sensitive	3.97905	1	3	1083	P26x3
P28	PF-02341066	0.936125	AUC	lower = more sensitive	1.70528	1	3	1083	P28x3
P31	PF-02341066	0.982182	AUC	lower = more sensitive	3.77125	1	2	1083	P31x2
P6	PF-02341066	0.978375	AUC	lower = more sensitive	3.34791	1	2	1083	P6x2
P7	PF-02341066	0.845	AUC	lower = more sensitive	0.104227	1	3	1083	P7x3
P8	PF-02341066	0.972125	AUC	lower = more sensitive	2.68196	1	3	1083	P8x3
P9	PF-02341066	0.925	AUC	lower = more sensitive	1.95549	1	3	1083	P9x3
P10	PF-4708671	0.872375	AUC	lower = more sensitive	3.09653	10	3	1129	P10x3
P11	PF-4708671	0.918	AUC	lower = more sensitive	3.59303	10	2	1129	P11x2
P14	PF-4708671	0.9305	AUC	lower = more sensitive	3.89838	10	6	1129	P14x6
P16	PF-4708671	0.983487	AUC	lower = more sensitive	5.45712	10	3	1129	P16x3
P17	PF-4708671	0.670625	AUC	lower = more sensitive	0.622279	10	2	1129	P17x2
P18	PF-4708671	0.984737	AUC	lower = more sensitive	5.68302	10	3	1129	P18x3
P19TA	PF-4708671	0.7775	AUC	lower = more sensitive	1.72088	10	3	1129	P19TAx3
P19TB	PF-4708671	0.63125	AUC	lower = more sensitive	0.559807	10	3	1129	P19TBx3
P20	PF-4708671	0.7575	AUC	lower = more sensitive	1.24228	10	6	1129	P20x6
P23	PF-4708671	0.905563	AUC	lower = more sensitive	3.27726	10	2	1129	P23x2
P24TA	PF-4708671	0.755	AUC	lower = more sensitive	1.25665	10	3	1129	P24TAx3
P25	PF-4708671	0.860563	AUC	lower = more sensitive	3.02516	10	2	1129	P25x2
P26	PF-4708671	0.970875	AUC	lower = more sensitive	4.86106	10	3	1129	P26x3
P28	PF-4708671	0.937375	AUC	lower = more sensitive	4.14229	10	3	1129	P28x3
P31	PF-4708671	0.86375	AUC	lower = more sensitive	2.63754	10	2	1129	P31x2
P6	PF-4708671	0.678125	AUC	lower = more sensitive	0.642205	10	2	1129	P6x2
P7	PF-4708671	0.81375	AUC	lower = more sensitive	1.83156	10	3	1129	P7x3
P8	PF-4708671	0.7825	AUC	lower = more sensitive	1.54777	10	3	1129	P8x3
P9	PF-4708671	0.82125	AUC	lower = more sensitive	2.28559	10	3	1129	P9x3
P10	PF-477736	0.991987	AUC	lower = more sensitive	3.87012	1	3	1055	P10x3
P11	PF-477736	0.9765	AUC	lower = more sensitive	3.14656	1	2	1055	P11x2
P14	PF-477736	0.979625	AUC	lower = more sensitive	3.33865	1	5	1055	P14x5
P16	PF-477736	0.923625	AUC	lower = more sensitive	0.924141	1	3	1055	P16x3
P17	PF-477736	0.901188	AUC	lower = more sensitive	0.690176	1	4	1055	P17x4
P18	PF-477736	0.923375	AUC	lower = more sensitive	1.21846	1	3	1055	P18x3
P19TA	PF-477736	0.50125	AUC	lower = more sensitive	-2.80267	1	3	1055	P19TAx3
P19TB	PF-477736	0.933625	AUC	lower = more sensitive	1.6035	1	3	1055	P19TBx3
P20	PF-477736	0.977125	AUC	lower = more sensitive	3.00517	1	3	1055	P20x3
P23	PF-477736	0.993237	AUC	lower = more sensitive	4.28222	1	2	1055	P23x2
P24TA	PF-477736	0.988306	AUC	lower = more sensitive	3.66465	1	2	1055	P24TAx2
P25	PF-477736	0.869938	AUC	lower = more sensitive	0.298932	1	2	1055	P25x2
P26	PF-477736	0.932375	AUC	lower = more sensitive	1.10665	1	3	1055	P26x3
P28	PF-477736	0.918625	AUC	lower = more sensitive	1.36234	1	3	1055	P28x3
P31	PF-477736	0.988988	AUC	lower = more sensitive	3.92478	1	2	1055	P31x2
P6	PF-477736	0.990862	AUC	lower = more sensitive	3.92761	1	2	1055	P6x2
P7	PF-477736	0.915	AUC	lower = more sensitive	0.977073	1	3	1055	P7x3
P8	PF-477736	0.97525	AUC	lower = more sensitive	2.74764	1	6	1055	P8x6
P9	PF-477736	0.961125	AUC	lower = more sensitive	2.60716	1	6	1055	P9x6
P10	PF-562271	0.74375	AUC	lower = more sensitive	1.27603	10	3	1504	P10x3
P11	PF-562271	0.857438	AUC	lower = more sensitive	2.72861	10	2	1504	P11x2
P14	PF-562271	0.748625	AUC	lower = more sensitive	1.21993	10	5	1504	P14x5
P16	PF-562271	0.823625	AUC	lower = more sensitive	1.61564	10	3	1504	P16x3
P17	PF-562271	0.7525	AUC	lower = more sensitive	1.36677	10	4	1504	P17x4
P18	PF-562271	0.8575	AUC	lower = more sensitive	2.59256	10	3	1504	P18x3
P19TA	PF-562271	0.6475	AUC	lower = more sensitive	0.509163	10	3	1504	P19TAx3
P19TB	PF-562271	0.72875	AUC	lower = more sensitive	1.3744	10	3	1504	P19TBx3
P20	PF-562271	0.87125	AUC	lower = more sensitive	2.54765	10	3	1504	P20x3
P23	PF-562271	0.769375	AUC	lower = more sensitive	1.62141	10	2	1504	P23x2
P24TA	PF-562271	0.834375	AUC	lower = more sensitive	2.5066	10	2	1504	P24TAx2
P25	PF-562271	0.6525	AUC	lower = more sensitive	0.59545	10	2	1504	P25x2
P26	PF-562271	0.835	AUC	lower = more sensitive	2.38321	10	3	1504	P26x3
P28	PF-562271	0.775	AUC	lower = more sensitive	1.4802	10	3	1504	P28x3
P31	PF-562271	0.988306	AUC	lower = more sensitive	6.13324	10	2	1504	P31x2
P6	PF-562271	0.8725	AUC	lower = more sensitive	2.67179	10	2	1504	P6x2
P7	PF-562271	0.8625	AUC	lower = more sensitive	2.84285	10	3	1504	P7x3
P8	PF-562271	0.797438	AUC	lower = more sensitive	1.62641	10	6	1504	P8x6
P9	PF-562271	0.715	AUC	lower = more sensitive	1.26109	10	6	1504	P9x6
P10	PLX-4720	0.975875	AUC	lower = more sensitive	5.27643	10	3	1036	P10x3
P11	PLX-4720	0.993237	AUC	lower = more sensitive	6.36168	10	2	1036	P11x2
P14	PLX-4720	0.983375	AUC	lower = more sensitive	5.77527	10	5	1036	P14x5
P16	PLX-4720	0.977125	AUC	lower = more sensitive	5.5883	10	3	1036	P16x3
P17	PLX-4720	0.965375	AUC	lower = more sensitive	4.99538	10	4	1036	P17x4
P18	PLX-4720	0.998212	AUC	lower = more sensitive	7.12041	10	3	1036	P18x3
P19TA	PLX-4720	0.80125	AUC	lower = more sensitive	2.33734	10	3	1036	P19TAx3
P19TB	PLX-4720	0.948625	AUC	lower = more sensitive	4.50627	10	3	1036	P19TBx3
P20	PLX-4720	0.993237	AUC	lower = more sensitive	6.55653	10	3	1036	P20x3
P23	PLX-4720	0.985987	AUC	lower = more sensitive	6.06782	10	2	1036	P23x2
P24TA	PLX-4720	0.979625	AUC	lower = more sensitive	5.43218	10	2	1036	P24TAx2
P25	PLX-4720	0.959875	AUC	lower = more sensitive	4.84175	10	2	1036	P25x2
P26	PLX-4720	0.994712	AUC	lower = more sensitive	6.95608	10	3	1036	P26x3
P28	PLX-4720	0.983375	AUC	lower = more sensitive	5.80557	10	3	1036	P28x3
P31	PLX-4720	0.987681	AUC	lower = more sensitive	6.08247	10	2	1036	P31x2
P6	PLX-4720	0.96925	AUC	lower = more sensitive	5.23661	10	2	1036	P6x2
P7	PLX-4720	0.993237	AUC	lower = more sensitive	6.57424	10	3	1036	P7x3
P8	PLX-4720	0.993863	AUC	lower = more sensitive	6.56736	10	6	1036	P8x6
P9	PLX-4720	0.994487	AUC	lower = more sensitive	6.67053	10	6	1036	P9x6
P10	RO-3306	0.985988	AUC	lower = more sensitive	5.31163	5	3	1052	P10x3
P11	RO-3306	0.979181	AUC	lower = more sensitive	5.21091	5	2	1052	P11x2
P14	RO-3306	0.952375	AUC	lower = more sensitive	3.77939	5	6	1052	P14x6
P16	RO-3306	0.984625	AUC	lower = more sensitive	5.29385	5	3	1052	P16x3
P17	RO-3306	0.947875	AUC	lower = more sensitive	3.72188	5	2	1052	P17x2
P18	RO-3306	0.993237	AUC	lower = more sensitive	5.9997	5	3	1052	P18x3
P19TA	RO-3306	0.78125	AUC	lower = more sensitive	1.87948	5	3	1052	P19TAx3
P19TB	RO-3306	0.994712	AUC	lower = more sensitive	5.91923	5	3	1052	P19TBx3
P20	RO-3306	0.977806	AUC	lower = more sensitive	4.67835	5	6	1052	P20x6
P23	RO-3306	0.9916	AUC	lower = more sensitive	5.8255	5	2	1052	P23x2
P24TA	RO-3306	0.961125	AUC	lower = more sensitive	4.27103	5	3	1052	P24TAx3
P25	RO-3306	0.977181	AUC	lower = more sensitive	5.03907	5	2	1052	P25x2
P26	RO-3306	0.993237	AUC	lower = more sensitive	5.71626	5	3	1052	P26x3
P28	RO-3306	0.936125	AUC	lower = more sensitive	2.8875	5	3	1052	P28x3
P31	RO-3306	0.986431	AUC	lower = more sensitive	5.38605	5	2	1052	P31x2
P6	RO-3306	0.982806	AUC	lower = more sensitive	5.24672	5	2	1052	P6x2
P7	RO-3306	0.990738	AUC	lower = more sensitive	5.38398	5	3	1052	P7x3
P8	RO-3306	0.936125	AUC	lower = more sensitive	3.01521	5	3	1052	P8x3
P9	RO-3306	0.991987	AUC	lower = more sensitive	5.46161	5	3	1052	P9x3
P10	SAPITINIB	0.8275	AUC	lower = more sensitive	1.96863	5	3	1549	P10x3
P11	SAPITINIB	0.838125	AUC	lower = more sensitive	2.0627	5	2	1549	P11x2
P14	SAPITINIB	0.36625	AUC	lower = more sensitive	-2.46358	5	6	1549	P14x6
P16	SAPITINIB	0.69375	AUC	lower = more sensitive	0.912717	5	3	1549	P16x3
P17	SAPITINIB	0.3675	AUC	lower = more sensitive	-2.67356	5	2	1549	P17x2
P18	SAPITINIB	0.54875	AUC	lower = more sensitive	-0.881975	5	3	1549	P18x3
P19TA	SAPITINIB	0.8925	AUC	lower = more sensitive	3.01935	5	3	1549	P19TAx3
P19TB	SAPITINIB	0.941125	AUC	lower = more sensitive	3.56832	5	3	1549	P19TBx3
P20	SAPITINIB	0.4725	AUC	lower = more sensitive	-1.50594	5	6	1549	P20x6
P23	SAPITINIB	0.50375	AUC	lower = more sensitive	-1.37982	5	2	1549	P23x2
P24TA	SAPITINIB	0.991988	AUC	lower = more sensitive	5.59645	5	3	1549	P24TAx3
P25	SAPITINIB	0.7125	AUC	lower = more sensitive	1.69383	5	2	1549	P25x2
P26	SAPITINIB	0.963625	AUC	lower = more sensitive	4.86245	5	3	1549	P26x3
P28	SAPITINIB	0.6975	AUC	lower = more sensitive	1.09559	5	3	1549	P28x3
P31	SAPITINIB	0.956125	AUC	lower = more sensitive	4.50569	5	2	1549	P31x2
P6	SAPITINIB	0.7425	AUC	lower = more sensitive	0.726001	5	2	1549	P6x2
P7	SAPITINIB	0.19875	AUC	lower = more sensitive	-5.03875	5	3	1549	P7x3
P8	SAPITINIB	0.43	AUC	lower = more sensitive	-2.2415	5	3	1549	P8x3
P9	SAPITINIB	0.51	AUC	lower = more sensitive	-1.14814	5	3	1549	P9x3
P10	SB 216763	0.9175	AUC	lower = more sensitive	3.75561	10	3	1025	P10x3
P11	SB 216763	0.982806	AUC	lower = more sensitive	5.71684	10	2	1025	P11x2
P14	SB 216763	0.912438	AUC	lower = more sensitive	3.88327	10	6	1025	P14x6
P16	SB 216763	0.994487	AUC	lower = more sensitive	6.94334	10	3	1025	P16x3
P17	SB 216763	0.929188	AUC	lower = more sensitive	4.03132	10	2	1025	P17x2
P18	SB 216763	0.993237	AUC	lower = more sensitive	6.67063	10	3	1025	P18x3
P19TA	SB 216763	0.968625	AUC	lower = more sensitive	4.96659	10	3	1025	P19TAx3
P19TB	SB 216763	0.982125	AUC	lower = more sensitive	5.59371	10	3	1025	P19TBx3
P20	SB 216763	0.926	AUC	lower = more sensitive	4.25297	10	6	1025	P20x6
P23	SB 216763	0.953562	AUC	lower = more sensitive	4.53532	10	2	1025	P23x2
P24TA	SB 216763	0.991988	AUC	lower = more sensitive	6.34425	10	3	1025	P24TAx3
P25	SB 216763	0.939937	AUC	lower = more sensitive	4.22444	10	2	1025	P25x2
P26	SB 216763	0.994487	AUC	lower = more sensitive	6.59561	10	3	1025	P26x3
P28	SB 216763	0.968625	AUC	lower = more sensitive	5.06458	10	3	1025	P28x3
P31	SB 216763	0.99335	AUC	lower = more sensitive	6.48463	10	2	1025	P31x2
P6	SB 216763	0.934375	AUC	lower = more sensitive	4.42202	10	2	1025	P6x2
P7	SB 216763	0.993237	AUC	lower = more sensitive	6.5061	10	3	1025	P7x3
P8	SB 216763	0.994712	AUC	lower = more sensitive	6.74934	10	3	1025	P8x3
P9	SB 216763	0.971125	AUC	lower = more sensitive	5.40596	10	3	1025	P9x3
P10	SB-505124	0.984625	AUC	lower = more sensitive	5.82728	10	3	1194	P10x3
P11	SB-505124	0.98025	AUC	lower = more sensitive	5.68125	10	2	1194	P11x2
P14	SB-505124	0.890563	AUC	lower = more sensitive	3.34816	10	6	1194	P14x6
P16	SB-505124	0.8875	AUC	lower = more sensitive	3.16173	10	3	1194	P16x3
P17	SB-505124	0.961682	AUC	lower = more sensitive	5.03183	10	2	1194	P17x2
P18	SB-505124	0.90125	AUC	lower = more sensitive	3.68849	10	3	1194	P18x3
P19TA	SB-505124	0.956125	AUC	lower = more sensitive	4.62099	10	3	1194	P19TAx3
P19TB	SB-505124	0.978375	AUC	lower = more sensitive	5.51897	10	3	1194	P19TBx3
P20	SB-505124	0.941125	AUC	lower = more sensitive	4.214	10	6	1194	P20x6
P23	SB-505124	0.972375	AUC	lower = more sensitive	5.49083	10	2	1194	P23x2
P24TA	SB-505124	0.89	AUC	lower = more sensitive	3.44374	10	3	1194	P24TAx3
P25	SB-505124	0.7975	AUC	lower = more sensitive	2.46207	10	2	1194	P25x2
P26	SB-505124	0.912375	AUC	lower = more sensitive	3.28931	10	3	1194	P26x3
P28	SB-505124	0.984737	AUC	lower = more sensitive	5.85565	10	3	1194	P28x3
P31	SB-505124	0.967375	AUC	lower = more sensitive	5.54079	10	2	1194	P31x2
P6	SB-505124	0.941812	AUC	lower = more sensitive	4.6407	10	2	1194	P6x2
P7	SB-505124	0.991987	AUC	lower = more sensitive	6.18561	10	3	1194	P7x3
P8	SB-505124	0.961125	AUC	lower = more sensitive	4.95159	10	3	1194	P8x3
P9	SB-505124	0.956125	AUC	lower = more sensitive	4.76153	10	3	1194	P9x3
P10	SCH-772984	0.943625	AUC	lower = more sensitive	3.78571	5	3	1564	P10x3
P11	SCH-772984	0.968625	AUC	lower = more sensitive	4.4306	5	2	1564	P11x2
P14	SCH-772984	0.956125	AUC	lower = more sensitive	3.91766	5	5	1564	P14x5
P16	SCH-772984	0.979625	AUC	lower = more sensitive	5.02257	5	3	1564	P16x3
P17	SCH-772984	0.787438	AUC	lower = more sensitive	1.52579	5	4	1564	P17x4
P18	SCH-772984	0.991988	AUC	lower = more sensitive	5.73527	5	3	1564	P18x3
P19TA	SCH-772984	0.36125	AUC	lower = more sensitive	-2.08894	5	3	1564	P19TAx3
P19TB	SCH-772984	0.88	AUC	lower = more sensitive	2.05522	5	3	1564	P19TBx3
P20	SCH-772984	0.969625	AUC	lower = more sensitive	4.27748	5	3	1564	P20x3
P23	SCH-772984	0.992613	AUC	lower = more sensitive	5.63798	5	2	1564	P23x2
P24TA	SCH-772984	0.993351	AUC	lower = more sensitive	5.74892	5	2	1564	P24TAx2
P25	SCH-772984	0.675	AUC	lower = more sensitive	0.889973	5	2	1564	P25x2
P26	SCH-772984	0.896125	AUC	lower = more sensitive	2.42695	5	3	1564	P26x3
P28	SCH-772984	0.75875	AUC	lower = more sensitive	1.35184	5	3	1564	P28x3
P31	SCH-772984	0.993237	AUC	lower = more sensitive	5.81829	5	2	1564	P31x2
P6	SCH-772984	0.894875	AUC	lower = more sensitive	2.4406	5	2	1564	P6x2
P7	SCH-772984	0.675	AUC	lower = more sensitive	-0.051897	5	3	1564	P7x3
P8	SCH-772984	0.992613	AUC	lower = more sensitive	5.71852	5	6	1564	P8x6
P9	SCH-772984	0.89375	AUC	lower = more sensitive	2.7258	5	6	1564	P9x6
P10	SGC0946	0.991988	AUC	lower = more sensitive	3.28952	0.5	3	1264	P10x3
P11	SGC0946	0.985362	AUC	lower = more sensitive	2.96368	0.5	2	1264	P11x2
P14	SGC0946	0.991987	AUC	lower = more sensitive	3.12232	0.5	5	1264	P14x5
P16	SGC0946	0.991987	AUC	lower = more sensitive	3.37963	0.5	3	1264	P16x3
P17	SGC0946	0.991487	AUC	lower = more sensitive	3.41676	0.5	4	1264	P17x4
P18	SGC0946	0.994712	AUC	lower = more sensitive	3.97473	0.5	3	1264	P18x3
P19TA	SGC0946	0.9225	AUC	lower = more sensitive	0.790796	0.5	3	1264	P19TAx3
P19TB	SGC0946	0.984737	AUC	lower = more sensitive	2.94205	0.5	3	1264	P19TBx3
P20	SGC0946	0.993238	AUC	lower = more sensitive	3.50058	0.5	3	1264	P20x3
P23	SGC0946	0.989613	AUC	lower = more sensitive	3.2917	0.5	2	1264	P23x2
P24TA	SGC0946	0.915437	AUC	lower = more sensitive	1.55181	0.5	2	1264	P24TAx2
P25	SGC0946	0.952244	AUC	lower = more sensitive	2.48174	0.5	2	1264	P25x2
P26	SGC0946	0.985988	AUC	lower = more sensitive	3.18483	0.5	3	1264	P26x3
P28	SGC0946	0.978375	AUC	lower = more sensitive	2.48234	0.5	3	1264	P28x3
P31	SGC0946	0.993237	AUC	lower = more sensitive	3.46699	0.5	2	1264	P31x2
P6	SGC0946	0.947356	AUC	lower = more sensitive	2.50739	0.5	2	1264	P6x2
P7	SGC0946	0.991987	AUC	lower = more sensitive	3.26261	0.5	3	1264	P7x3
P8	SGC0946	0.993237	AUC	lower = more sensitive	3.46145	0.5	6	1264	P8x6
P9	SGC0946	0.993862	AUC	lower = more sensitive	3.66121	0.5	6	1264	P9x6
P10	SL 0101-1	0.985987	AUC	lower = more sensitive	5.90094	10	3	1039	P10x3
P11	SL 0101-1	0.987681	AUC	lower = more sensitive	6.16438	10	2	1039	P11x2
P14	SL 0101-1	0.87375	AUC	lower = more sensitive	3.02525	10	6	1039	P14x6
P16	SL 0101-1	0.72375	AUC	lower = more sensitive	1.7995	10	3	1039	P16x3
P17	SL 0101-1	0.985181	AUC	lower = more sensitive	5.90525	10	2	1039	P17x2
P18	SL 0101-1	0.66375	AUC	lower = more sensitive	0.766082	10	3	1039	P18x3
P19TA	SL 0101-1	0.977125	AUC	lower = more sensitive	5.32395	10	3	1039	P19TAx3
P19TB	SL 0101-1	0.76625	AUC	lower = more sensitive	1.35231	10	3	1039	P19TBx3
P20	SL 0101-1	0.6325	AUC	lower = more sensitive	0.498574	10	6	1039	P20x6
P23	SL 0101-1	0.988931	AUC	lower = more sensitive	6.17596	10	2	1039	P23x2
P24TA	SL 0101-1	0.7075	AUC	lower = more sensitive	1.0918	10	3	1039	P24TAx3
P25	SL 0101-1	0.894744	AUC	lower = more sensitive	5.37777	10	2	1039	P25x2
P26	SL 0101-1	0.8425	AUC	lower = more sensitive	2.29451	10	3	1039	P26x3
P28	SL 0101-1	0.7325	AUC	lower = more sensitive	2.00433	10	3	1039	P28x3
P31	SL 0101-1	0.991988	AUC	lower = more sensitive	6.37588	10	2	1039	P31x2
P6	SL 0101-1	0.975306	AUC	lower = more sensitive	5.80227	10	2	1039	P6x2
P7	SL 0101-1	0.59375	AUC	lower = more sensitive	0.226996	10	3	1039	P7x3
P8	SL 0101-1	0.4875	AUC	lower = more sensitive	-0.662154	10	3	1039	P8x3
P9	SL 0101-1	0.51875	AUC	lower = more sensitive	-0.345709	10	3	1039	P9x3
P10	SORAFENIB	0.938625	AUC	lower = more sensitive	3.32544	4	3	1085	P10x3
P11	SORAFENIB	0.987237	AUC	lower = more sensitive	5.22497	4	2	1085	P11x2
P14	SORAFENIB	0.977125	AUC	lower = more sensitive	4.52671	4	5	1085	P14x5
P16	SORAFENIB	0.963375	AUC	lower = more sensitive	3.29058	4	3	1085	P16x3
P17	SORAFENIB	0.93175	AUC	lower = more sensitive	2.87452	4	4	1085	P17x4
P18	SORAFENIB	0.978375	AUC	lower = more sensitive	4.31933	4	3	1085	P18x3
P19TA	SORAFENIB	0.87125	AUC	lower = more sensitive	1.88921	4	3	1085	P19TAx3
P19TB	SORAFENIB	0.901125	AUC	lower = more sensitive	2.16294	4	3	1085	P19TBx3
P20	SORAFENIB	0.892375	AUC	lower = more sensitive	1.77281	4	3	1085	P20x3
P23	SORAFENIB	0.9505	AUC	lower = more sensitive	3.58454	4	2	1085	P23x2
P24TA	SORAFENIB	0.9335	AUC	lower = more sensitive	3.03135	4	2	1085	P24TAx2
P25	SORAFENIB	0.947313	AUC	lower = more sensitive	3.59588	4	2	1085	P25x2
P26	SORAFENIB	0.973375	AUC	lower = more sensitive	3.77419	4	3	1085	P26x3
P28	SORAFENIB	0.8975	AUC	lower = more sensitive	2.90346	4	3	1085	P28x3
P31	SORAFENIB	0.993975	AUC	lower = more sensitive	5.77255	4	2	1085	P31x2
P6	SORAFENIB	0.966681	AUC	lower = more sensitive	4.14031	4	2	1085	P6x2
P7	SORAFENIB	0.907375	AUC	lower = more sensitive	1.98649	4	3	1085	P7x3
P8	SORAFENIB	0.91675	AUC	lower = more sensitive	2.34577	4	6	1085	P8x6
P9	SORAFENIB	0.96425	AUC	lower = more sensitive	4.14472	4	6	1085	P9x6
P10	TANESPIMYCIN	0.73875	AUC	lower = more sensitive	-1.23848	1	3	1026	P10x3
P11	TANESPIMYCIN	0.908687	AUC	lower = more sensitive	1.00237	1	2	1026	P11x2
P14	TANESPIMYCIN	0.82875	AUC	lower = more sensitive	-0.006603	1	6	1026	P14x6
P16	TANESPIMYCIN	0.80125	AUC	lower = more sensitive	-0.726002	1	3	1026	P16x3
P17	TANESPIMYCIN	0.830562	AUC	lower = more sensitive	0.0762325	1	2	1026	P17x2
P18	TANESPIMYCIN	0.772375	AUC	lower = more sensitive	-1.00029	1	3	1026	P18x3
P19TA	TANESPIMYCIN	0.44	AUC	lower = more sensitive	-3.17295	1	3	1026	P19TAx3
P19TB	TANESPIMYCIN	0.8	AUC	lower = more sensitive	-0.641347	1	3	1026	P19TBx3
P20	TANESPIMYCIN	0.929812	AUC	lower = more sensitive	2.08319	1	6	1026	P20x6
P23	TANESPIMYCIN	0.978431	AUC	lower = more sensitive	3.02965	1	2	1026	P23x2
P24TA	TANESPIMYCIN	0.8475	AUC	lower = more sensitive	-0.052534	1	3	1026	P24TAx3
P25	TANESPIMYCIN	0.740625	AUC	lower = more sensitive	-1.18424	1	2	1026	P25x2
P26	TANESPIMYCIN	0.767375	AUC	lower = more sensitive	-0.237365	1	3	1026	P26x3
P28	TANESPIMYCIN	0.7275	AUC	lower = more sensitive	-1.20224	1	3	1026	P28x3
P31	TANESPIMYCIN	0.993974	AUC	lower = more sensitive	4.49214	1	2	1026	P31x2
P6	TANESPIMYCIN	0.845	AUC	lower = more sensitive	0.183701	1	2	1026	P6x2
P7	TANESPIMYCIN	0.57875	AUC	lower = more sensitive	-2.28933	1	3	1026	P7x3
P8	TANESPIMYCIN	0.69625	AUC	lower = more sensitive	-1.54859	1	3	1026	P8x3
P9	TANESPIMYCIN	0.45625	AUC	lower = more sensitive	-3.06327	1	3	1026	P9x3
P10	TEMOZOLOMIDE	0.945	AUC	lower = more sensitive	6.03953	30	3	1375	P10x3
P11	TEMOZOLOMIDE	0.993237	AUC	lower = more sensitive	7.58624	30	2	1375	P11x2
P14	TEMOZOLOMIDE	0.88	AUC	lower = more sensitive	3.94405	30	5	1375	P14x5
P16	TEMOZOLOMIDE	0.994487	AUC	lower = more sensitive	7.84114	30	3	1375	P16x3
P17	TEMOZOLOMIDE	0.961688	AUC	lower = more sensitive	6.33248	30	4	1375	P17x4
P18	TEMOZOLOMIDE	0.994712	AUC	lower = more sensitive	8.10755	30	3	1375	P18x3
P19TA	TEMOZOLOMIDE	0.969875	AUC	lower = more sensitive	6.41465	30	3	1375	P19TAx3
P19TB	TEMOZOLOMIDE	0.953625	AUC	lower = more sensitive	5.61036	30	3	1375	P19TBx3
P20	TEMOZOLOMIDE	0.993238	AUC	lower = more sensitive	7.60457	30	3	1375	P20x3
P23	TEMOZOLOMIDE	0.993974	AUC	lower = more sensitive	7.7761	30	2	1375	P23x2
P24TA	TEMOZOLOMIDE	0.990862	AUC	lower = more sensitive	7.32054	30	2	1375	P24TAx2
P25	TEMOZOLOMIDE	0.895	AUC	lower = more sensitive	4.8823	30	2	1375	P25x2
P26	TEMOZOLOMIDE	0.991988	AUC	lower = more sensitive	7.57596	30	3	1375	P26x3
P28	TEMOZOLOMIDE	0.991987	AUC	lower = more sensitive	7.33464	30	3	1375	P28x3
P31	TEMOZOLOMIDE	0.986613	AUC	lower = more sensitive	7.17835	30	2	1375	P31x2
P6	TEMOZOLOMIDE	0.980875	AUC	lower = more sensitive	6.77724	30	2	1375	P6x2
P7	TEMOZOLOMIDE	0.991987	AUC	lower = more sensitive	7.21792	30	3	1375	P7x3
P8	TEMOZOLOMIDE	0.994712	AUC	lower = more sensitive	7.92024	30	6	1375	P8x6
P9	TEMOZOLOMIDE	0.990862	AUC	lower = more sensitive	7.36921	30	6	1375	P9x6
P10	UNC0642	0.988487	AUC	lower = more sensitive	3.10154	0.5	3	1263	P10x3
P11	UNC0642	0.99335	AUC	lower = more sensitive	3.56764	0.5	2	1263	P11x2
P14	UNC0642	0.983488	AUC	lower = more sensitive	2.86173	0.5	5	1263	P14x5
P16	UNC0642	0.998212	AUC	lower = more sensitive	4.13658	0.5	3	1263	P16x3
P17	UNC0642	0.992612	AUC	lower = more sensitive	3.38924	0.5	4	1263	P17x4
P18	UNC0642	0.994712	AUC	lower = more sensitive	4.19107	0.5	3	1263	P18x3
P19TA	UNC0642	0.925	AUC	lower = more sensitive	1.02258	0.5	3	1263	P19TAx3
P19TB	UNC0642	0.988487	AUC	lower = more sensitive	2.99837	0.5	3	1263	P19TBx3
P20	UNC0642	0.983375	AUC	lower = more sensitive	2.97268	0.5	3	1263	P20x3
P23	UNC0642	0.994712	AUC	lower = more sensitive	3.97788	0.5	2	1263	P23x2
P24TA	UNC0642	0.951063	AUC	lower = more sensitive	1.70875	0.5	2	1263	P24TAx2
P25	UNC0642	0.994712	AUC	lower = more sensitive	3.76483	0.5	2	1263	P25x2
P26	UNC0642	0.984625	AUC	lower = more sensitive	2.88374	0.5	3	1263	P26x3
P28	UNC0642	0.991987	AUC	lower = more sensitive	3.43616	0.5	3	1263	P28x3
P31	UNC0642	0.994712	AUC	lower = more sensitive	3.77511	0.5	2	1263	P31x2
P6	UNC0642	0.992613	AUC	lower = more sensitive	3.37571	0.5	2	1263	P6x2
P7	UNC0642	0.985987	AUC	lower = more sensitive	3.12118	0.5	3	1263	P7x3
P8	UNC0642	0.979	AUC	lower = more sensitive	2.68846	0.5	6	1263	P8x6
P9	UNC0642	0.984113	AUC	lower = more sensitive	2.92239	0.5	6	1263	P9x6
P10	VORINOSTAT	0.83	AUC	lower = more sensitive	1.96303	10	3	1012	P10x3
P11	VORINOSTAT	0.952306	AUC	lower = more sensitive	4.71457	10	2	1012	P11x2
P14	VORINOSTAT	0.678125	AUC	lower = more sensitive	0.705095	10	6	1012	P14x6
P16	VORINOSTAT	0.921125	AUC	lower = more sensitive	3.51141	10	3	1012	P16x3
P17	VORINOSTAT	0.799937	AUC	lower = more sensitive	1.94249	10	2	1012	P17x2
P18	VORINOSTAT	0.85625	AUC	lower = more sensitive	3.10232	10	3	1012	P18x3
P19TA	VORINOSTAT	0.58625	AUC	lower = more sensitive	0.051417	10	3	1012	P19TAx3
P19TB	VORINOSTAT	0.81875	AUC	lower = more sensitive	2.20499	10	3	1012	P19TBx3
P20	VORINOSTAT	0.583125	AUC	lower = more sensitive	0.0361935	10	6	1012	P20x6
P23	VORINOSTAT	0.8225	AUC	lower = more sensitive	2.0325	10	2	1012	P23x2
P24TA	VORINOSTAT	0.85	AUC	lower = more sensitive	2.28995	10	3	1012	P24TAx3
P25	VORINOSTAT	0.70625	AUC	lower = more sensitive	1.16999	10	2	1012	P25x2
P26	VORINOSTAT	0.87	AUC	lower = more sensitive	2.92301	10	3	1012	P26x3
P28	VORINOSTAT	0.71375	AUC	lower = more sensitive	1.16593	10	3	1012	P28x3
P31	VORINOSTAT	0.84625	AUC	lower = more sensitive	2.6525	10	2	1012	P31x2
P6	VORINOSTAT	0.708125	AUC	lower = more sensitive	0.991309	10	2	1012	P6x2
P7	VORINOSTAT	0.69	AUC	lower = more sensitive	0.752327	10	3	1012	P7x3
P8	VORINOSTAT	0.68875	AUC	lower = more sensitive	0.668744	10	3	1012	P8x3
P9	VORINOSTAT	0.75625	AUC	lower = more sensitive	1.20467	10	3	1012	P9x3
P10	XAV-939	0.982125	AUC	lower = more sensitive	4.87636	5	3	1268	P10x3
P11	XAV-939	0.993349	AUC	lower = more sensitive	5.8601	5	2	1268	P11x2
P14	XAV-939	0.991988	AUC	lower = more sensitive	5.48964	5	6	1268	P14x6
P16	XAV-939	0.993238	AUC	lower = more sensitive	6.04517	5	3	1268	P16x3
P17	XAV-939	0.947437	AUC	lower = more sensitive	3.72902	5	2	1268	P17x2
P18	XAV-939	0.994712	AUC	lower = more sensitive	6.17219	5	3	1268	P18x3
P19TA	XAV-939	0.87125	AUC	lower = more sensitive	2.55059	5	3	1268	P19TAx3
P19TB	XAV-939	0.984738	AUC	lower = more sensitive	5.1744	5	3	1268	P19TBx3
P20	XAV-939	0.990862	AUC	lower = more sensitive	5.61424	5	6	1268	P20x6
P23	XAV-939	0.9916	AUC	lower = more sensitive	5.78474	5	2	1268	P23x2
P24TA	XAV-939	0.948625	AUC	lower = more sensitive	3.53985	5	3	1268	P24TAx3
P25	XAV-939	0.923063	AUC	lower = more sensitive	3.75701	5	2	1268	P25x2
P26	XAV-939	0.978375	AUC	lower = more sensitive	4.89258	5	3	1268	P26x3
P28	XAV-939	0.977125	AUC	lower = more sensitive	4.6444	5	3	1268	P28x3
P31	XAV-939	0.993237	AUC	lower = more sensitive	5.85254	5	2	1268	P31x2
P6	XAV-939	0.893125	AUC	lower = more sensitive	2.69306	5	2	1268	P6x2
P7	XAV-939	0.993237	AUC	lower = more sensitive	5.69867	5	3	1268	P7x3
P8	XAV-939	0.991988	AUC	lower = more sensitive	5.56129	5	3	1268	P8x3
P9	XAV-939	0.983487	AUC	lower = more sensitive	4.87354	5	3	1268	P9x3
P10	YK 4-279	0.87	AUC	lower = more sensitive	3.12063	10	3	1239	P10x3
P11	YK 4-279	0.891687	AUC	lower = more sensitive	3.85048	10	2	1239	P11x2
P14	YK 4-279	0.65875	AUC	lower = more sensitive	0.582276	10	5	1239	P14x5
P16	YK 4-279	0.81	AUC	lower = more sensitive	2.09434	10	3	1239	P16x3
P17	YK 4-279	0.690625	AUC	lower = more sensitive	0.988074	10	4	1239	P17x4
P18	YK 4-279	0.764875	AUC	lower = more sensitive	1.1489	10	3	1239	P18x3
P19TA	YK 4-279	0.56625	AUC	lower = more sensitive	0.109612	10	3	1239	P19TAx3
P19TB	YK 4-279	0.923625	AUC	lower = more sensitive	3.50258	10	3	1239	P19TBx3
P20	YK 4-279	0.87875	AUC	lower = more sensitive	2.94592	10	3	1239	P20x3
P23	YK 4-279	0.761875	AUC	lower = more sensitive	1.4353	10	2	1239	P23x2
P24TA	YK 4-279	0.8	AUC	lower = more sensitive	2.49506	10	2	1239	P24TAx2
P25	YK 4-279	0.95925	AUC	lower = more sensitive	4.87997	10	2	1239	P25x2
P26	YK 4-279	0.983375	AUC	lower = more sensitive	5.83923	10	3	1239	P26x3
P28	YK 4-279	0.78625	AUC	lower = more sensitive	1.87833	10	3	1239	P28x3
P31	YK 4-279	0.985307	AUC	lower = more sensitive	5.94321	10	2	1239	P31x2
P6	YK 4-279	0.78875	AUC	lower = more sensitive	1.80188	10	2	1239	P6x2
P7	YK 4-279	0.7075	AUC	lower = more sensitive	1.07425	10	3	1239	P7x3
P8	YK 4-279	0.728125	AUC	lower = more sensitive	1.18591	10	6	1239	P8x6
P9	YK 4-279	0.7425	AUC	lower = more sensitive	1.43179	10	6	1239	P9x6
P10	ZM-447439	0.993237	AUC	lower = more sensitive	5.49169	4	3	1050	P10x3
P11	ZM-447439	0.993237	AUC	lower = more sensitive	5.61098	4	2	1050	P11x2
P14	ZM-447439	0.966625	AUC	lower = more sensitive	4.19785	4	6	1050	P14x6
P16	ZM-447439	0.958625	AUC	lower = more sensitive	3.66024	4	3	1050	P16x3
P17	ZM-447439	0.903	AUC	lower = more sensitive	2.33952	4	2	1050	P17x2
P18	ZM-447439	0.994712	AUC	lower = more sensitive	5.98139	4	3	1050	P18x3
P19TA	ZM-447439	0.725	AUC	lower = more sensitive	0.362914	4	3	1050	P19TAx3
P19TB	ZM-447439	0.977125	AUC	lower = more sensitive	4.49463	4	3	1050	P19TBx3
P20	ZM-447439	0.942994	AUC	lower = more sensitive	3.70971	4	6	1050	P20x6
P23	ZM-447439	0.976	AUC	lower = more sensitive	4.46051	4	2	1050	P23x2
P24TA	ZM-447439	0.994712	AUC	lower = more sensitive	5.68341	4	3	1050	P24TAx3
P25	ZM-447439	0.916688	AUC	lower = more sensitive	3.63127	4	2	1050	P25x2
P26	ZM-447439	0.943375	AUC	lower = more sensitive	3.02568	4	3	1050	P26x3
P28	ZM-447439	0.937375	AUC	lower = more sensitive	3.25554	4	3	1050	P28x3
P31	ZM-447439	0.986612	AUC	lower = more sensitive	5.1158	4	2	1050	P31x2
P6	ZM-447439	0.82125	AUC	lower = more sensitive	2.11284	4	2	1050	P6x2
P7	ZM-447439	0.977125	AUC	lower = more sensitive	4.656	4	3	1050	P7x3
P8	ZM-447439	0.993237	AUC	lower = more sensitive	5.61335	4	3	1050	P8x3
P9	ZM-447439	0.886125	AUC	lower = more sensitive	1.69602	4	3	1050	P9x3
