sample	drug	response	metric	direction	catalog
CAS-DAC-1	2-METHOXYESTRADIOL	0.699132	AUC	lower = more sensitive	S1233
CAS-DAC-11	2-METHOXYESTRADIOL	0.823027	AUC	lower = more sensitive	S1233
CAS-DAC-12	2-METHOXYESTRADIOL	0.83117	AUC	lower = more sensitive	S1233
CAS-DAC-13	2-METHOXYESTRADIOL	0.934857	AUC	lower = more sensitive	S1233
CAS-DAC-14	2-METHOXYESTRADIOL	0.866821	AUC	lower = more sensitive	S1233
CAS-DAC-15	2-METHOXYESTRADIOL	0.803014	AUC	lower = more sensitive	S1233
CAS-DAC-16	2-METHOXYESTRADIOL	0.894884	AUC	lower = more sensitive	S1233
CAS-DAC-18	2-METHOXYESTRADIOL	0.819361	AUC	lower = more sensitive	S1233
CAS-DAC-19	2-METHOXYESTRADIOL	0.688333	AUC	lower = more sensitive	S1233
CAS-DAC-2	2-METHOXYESTRADIOL	0.921335	AUC	lower = more sensitive	S1233
CAS-DAC-20	2-METHOXYESTRADIOL	0.7683	AUC	lower = more sensitive	S1233
CAS-DAC-21	2-METHOXYESTRADIOL	0.94317	AUC	lower = more sensitive	S1233
CAS-DAC-22	2-METHOXYESTRADIOL	0.905249	AUC	lower = more sensitive	S1233
CAS-DAC-23	2-METHOXYESTRADIOL	0.93372	AUC	lower = more sensitive	S1233
CAS-DAC-24	2-METHOXYESTRADIOL	0.886049	AUC	lower = more sensitive	S1233
CAS-DAC-25	2-METHOXYESTRADIOL	0.819418	AUC	lower = more sensitive	S1233
CAS-DAC-26	2-METHOXYESTRADIOL	0.865502	AUC	lower = more sensitive	S1233
CAS-DAC-27	2-METHOXYESTRADIOL	0.869836	AUC	lower = more sensitive	S1233
CAS-DAC-28	2-METHOXYESTRADIOL	0.84374	AUC	lower = more sensitive	S1233
CAS-DAC-29	2-METHOXYESTRADIOL	0.783702	AUC	lower = more sensitive	S1233
CAS-DAC-3	2-METHOXYESTRADIOL	0.837486	AUC	lower = more sensitive	S1233
CAS-DAC-30	2-METHOXYESTRADIOL	0.900122	AUC	lower = more sensitive	S1233
CAS-DAC-31	2-METHOXYESTRADIOL	0.941956	AUC	lower = more sensitive	S1233
CAS-DAC-32	2-METHOXYESTRADIOL	0.84712	AUC	lower = more sensitive	S1233
CAS-DAC-33	2-METHOXYESTRADIOL	0.833485	AUC	lower = more sensitive	S1233
CAS-DAC-34	2-METHOXYESTRADIOL	0.892184	AUC	lower = more sensitive	S1233
CAS-DAC-35	2-METHOXYESTRADIOL	0.87517	AUC	lower = more sensitive	S1233
CAS-DAC-36	2-METHOXYESTRADIOL	1	AUC	lower = more sensitive	S1233
CAS-DAC-37	2-METHOXYESTRADIOL	0.934907	AUC	lower = more sensitive	S1233
CAS-DAC-38	2-METHOXYESTRADIOL	0.741781	AUC	lower = more sensitive	S1233
CAS-DAC-39	2-METHOXYESTRADIOL	0.951587	AUC	lower = more sensitive	S1233
CAS-DAC-4	2-METHOXYESTRADIOL	0.82902	AUC	lower = more sensitive	S1233
CAS-DAC-42	2-METHOXYESTRADIOL	0.924064	AUC	lower = more sensitive	S1233
CAS-DAC-5	2-METHOXYESTRADIOL	0.807987	AUC	lower = more sensitive	S1233
CAS-DAC-6	2-METHOXYESTRADIOL	0.581716	AUC	lower = more sensitive	S1233
CAS-DAC-7	2-METHOXYESTRADIOL	0.810197	AUC	lower = more sensitive	S1233
CAS-DAC-8	2-METHOXYESTRADIOL	0.826343	AUC	lower = more sensitive	S1233
CAS-DAC-9	2-METHOXYESTRADIOL	0.701693	AUC	lower = more sensitive	S1233
CAS-IPMN-1	2-METHOXYESTRADIOL	0.966179	AUC	lower = more sensitive	S1233
CAS-DAC-1	4SC-202	0.534449	AUC	lower = more sensitive	S7555
CAS-DAC-11	4SC-202	0.729675	AUC	lower = more sensitive	S7555
CAS-DAC-12	4SC-202	0.782123	AUC	lower = more sensitive	S7555
CAS-DAC-13	4SC-202	1	AUC	lower = more sensitive	S7555
CAS-DAC-14	4SC-202	0.73564	AUC	lower = more sensitive	S7555
CAS-DAC-15	4SC-202	0.606618	AUC	lower = more sensitive	S7555
CAS-DAC-16	4SC-202	0.715304	AUC	lower = more sensitive	S7555
CAS-DAC-18	4SC-202	0.686554	AUC	lower = more sensitive	S7555
CAS-DAC-19	4SC-202	0.572366	AUC	lower = more sensitive	S7555
CAS-DAC-2	4SC-202	0.946125	AUC	lower = more sensitive	S7555
CAS-DAC-20	4SC-202	0.667116	AUC	lower = more sensitive	S7555
CAS-DAC-21	4SC-202	0.812826	AUC	lower = more sensitive	S7555
CAS-DAC-22	4SC-202	0.955793	AUC	lower = more sensitive	S7555
CAS-DAC-23	4SC-202	0.952023	AUC	lower = more sensitive	S7555
CAS-DAC-24	4SC-202	0.788464	AUC	lower = more sensitive	S7555
CAS-DAC-25	4SC-202	0.899968	AUC	lower = more sensitive	S7555
CAS-DAC-26	4SC-202	0.862089	AUC	lower = more sensitive	S7555
CAS-DAC-27	4SC-202	0.728721	AUC	lower = more sensitive	S7555
CAS-DAC-28	4SC-202	0.779478	AUC	lower = more sensitive	S7555
CAS-DAC-29	4SC-202	0.620187	AUC	lower = more sensitive	S7555
CAS-DAC-3	4SC-202	0.680128	AUC	lower = more sensitive	S7555
CAS-DAC-30	4SC-202	0.868331	AUC	lower = more sensitive	S7555
CAS-DAC-31	4SC-202	0.766994	AUC	lower = more sensitive	S7555
CAS-DAC-32	4SC-202	0.785325	AUC	lower = more sensitive	S7555
CAS-DAC-33	4SC-202	0.831882	AUC	lower = more sensitive	S7555
CAS-DAC-34	4SC-202	0.843971	AUC	lower = more sensitive	S7555
CAS-DAC-35	4SC-202	0.771961	AUC	lower = more sensitive	S7555
CAS-DAC-36	4SC-202	0.937667	AUC	lower = more sensitive	S7555
CAS-DAC-37	4SC-202	0.790184	AUC	lower = more sensitive	S7555
CAS-DAC-38	4SC-202	0.589155	AUC	lower = more sensitive	S7555
CAS-DAC-39	4SC-202	0.90093	AUC	lower = more sensitive	S7555
CAS-DAC-4	4SC-202	0.76685	AUC	lower = more sensitive	S7555
CAS-DAC-42	4SC-202	0.865613	AUC	lower = more sensitive	S7555
CAS-DAC-5	4SC-202	0.700992	AUC	lower = more sensitive	S7555
CAS-DAC-6	4SC-202	0.627182	AUC	lower = more sensitive	S7555
CAS-DAC-7	4SC-202	0.730919	AUC	lower = more sensitive	S7555
CAS-DAC-8	4SC-202	0.836597	AUC	lower = more sensitive	S7555
CAS-DAC-9	4SC-202	0.694739	AUC	lower = more sensitive	S7555
CAS-IPMN-1	4SC-202	0.82104	AUC	lower = more sensitive	S7555
CAS-DAC-1	ABEXINOSTAT	0.731639	AUC	lower = more sensitive	S1090
CAS-DAC-11	ABEXINOSTAT	0.903554	AUC	lower = more sensitive	S1090
CAS-DAC-12	ABEXINOSTAT	0.881745	AUC	lower = more sensitive	S1090
CAS-DAC-13	ABEXINOSTAT	0.995823	AUC	lower = more sensitive	S1090
CAS-DAC-14	ABEXINOSTAT	0.732886	AUC	lower = more sensitive	S1090
CAS-DAC-15	ABEXINOSTAT	0.809357	AUC	lower = more sensitive	S1090
CAS-DAC-16	ABEXINOSTAT	0.717136	AUC	lower = more sensitive	S1090
CAS-DAC-18	ABEXINOSTAT	0.831349	AUC	lower = more sensitive	S1090
CAS-DAC-19	ABEXINOSTAT	0.85102	AUC	lower = more sensitive	S1090
CAS-DAC-2	ABEXINOSTAT	0.918016	AUC	lower = more sensitive	S1090
CAS-DAC-20	ABEXINOSTAT	0.72842	AUC	lower = more sensitive	S1090
CAS-DAC-21	ABEXINOSTAT	0.886302	AUC	lower = more sensitive	S1090
CAS-DAC-22	ABEXINOSTAT	0.992587	AUC	lower = more sensitive	S1090
CAS-DAC-23	ABEXINOSTAT	0.964793	AUC	lower = more sensitive	S1090
CAS-DAC-24	ABEXINOSTAT	0.802328	AUC	lower = more sensitive	S1090
CAS-DAC-25	ABEXINOSTAT	0.972506	AUC	lower = more sensitive	S1090
CAS-DAC-26	ABEXINOSTAT	0.931918	AUC	lower = more sensitive	S1090
CAS-DAC-27	ABEXINOSTAT	0.704295	AUC	lower = more sensitive	S1090
CAS-DAC-28	ABEXINOSTAT	0.748542	AUC	lower = more sensitive	S1090
CAS-DAC-29	ABEXINOSTAT	0.734126	AUC	lower = more sensitive	S1090
CAS-DAC-3	ABEXINOSTAT	0.831173	AUC	lower = more sensitive	S1090
CAS-DAC-30	ABEXINOSTAT	0.972641	AUC	lower = more sensitive	S1090
CAS-DAC-31	ABEXINOSTAT	0.876682	AUC	lower = more sensitive	S1090
CAS-DAC-32	ABEXINOSTAT	0.744477	AUC	lower = more sensitive	S1090
CAS-DAC-33	ABEXINOSTAT	0.947821	AUC	lower = more sensitive	S1090
CAS-DAC-34	ABEXINOSTAT	0.843312	AUC	lower = more sensitive	S1090
CAS-DAC-35	ABEXINOSTAT	0.785731	AUC	lower = more sensitive	S1090
CAS-DAC-36	ABEXINOSTAT	0.965516	AUC	lower = more sensitive	S1090
CAS-DAC-37	ABEXINOSTAT	0.911601	AUC	lower = more sensitive	S1090
CAS-DAC-38	ABEXINOSTAT	0.675636	AUC	lower = more sensitive	S1090
CAS-DAC-39	ABEXINOSTAT	0.881275	AUC	lower = more sensitive	S1090
CAS-DAC-4	ABEXINOSTAT	0.754969	AUC	lower = more sensitive	S1090
CAS-DAC-42	ABEXINOSTAT	1	AUC	lower = more sensitive	S1090
CAS-DAC-5	ABEXINOSTAT	0.925155	AUC	lower = more sensitive	S1090
CAS-DAC-6	ABEXINOSTAT	0.833258	AUC	lower = more sensitive	S1090
CAS-DAC-7	ABEXINOSTAT	0.821511	AUC	lower = more sensitive	S1090
CAS-DAC-8	ABEXINOSTAT	0.89196	AUC	lower = more sensitive	S1090
CAS-DAC-9	ABEXINOSTAT	0.767814	AUC	lower = more sensitive	S1090
CAS-IPMN-1	ABEXINOSTAT	0.831596	AUC	lower = more sensitive	S1090
CAS-DAC-1	AR-42	0.721284	AUC	lower = more sensitive	S2244
CAS-DAC-11	AR-42	0.838277	AUC	lower = more sensitive	S2244
CAS-DAC-12	AR-42	0.769496	AUC	lower = more sensitive	S2244
CAS-DAC-13	AR-42	0.911089	AUC	lower = more sensitive	S2244
CAS-DAC-14	AR-42	0.729842	AUC	lower = more sensitive	S2244
CAS-DAC-15	AR-42	0.744368	AUC	lower = more sensitive	S2244
CAS-DAC-16	AR-42	0.668637	AUC	lower = more sensitive	S2244
CAS-DAC-18	AR-42	0.717809	AUC	lower = more sensitive	S2244
CAS-DAC-19	AR-42	0.80188	AUC	lower = more sensitive	S2244
CAS-DAC-2	AR-42	0.847907	AUC	lower = more sensitive	S2244
CAS-DAC-20	AR-42	0.755797	AUC	lower = more sensitive	S2244
CAS-DAC-21	AR-42	0.865217	AUC	lower = more sensitive	S2244
CAS-DAC-22	AR-42	0.914854	AUC	lower = more sensitive	S2244
CAS-DAC-23	AR-42	1	AUC	lower = more sensitive	S2244
CAS-DAC-24	AR-42	0.72762	AUC	lower = more sensitive	S2244
CAS-DAC-25	AR-42	0.837178	AUC	lower = more sensitive	S2244
CAS-DAC-26	AR-42	0.867433	AUC	lower = more sensitive	S2244
CAS-DAC-27	AR-42	0.684252	AUC	lower = more sensitive	S2244
CAS-DAC-28	AR-42	0.754792	AUC	lower = more sensitive	S2244
CAS-DAC-29	AR-42	0.734977	AUC	lower = more sensitive	S2244
CAS-DAC-3	AR-42	0.792195	AUC	lower = more sensitive	S2244
CAS-DAC-30	AR-42	0.781328	AUC	lower = more sensitive	S2244
CAS-DAC-31	AR-42	0.821796	AUC	lower = more sensitive	S2244
CAS-DAC-32	AR-42	0.750119	AUC	lower = more sensitive	S2244
CAS-DAC-33	AR-42	0.83784	AUC	lower = more sensitive	S2244
CAS-DAC-34	AR-42	0.762147	AUC	lower = more sensitive	S2244
CAS-DAC-35	AR-42	0.719093	AUC	lower = more sensitive	S2244
CAS-DAC-36	AR-42	0.873902	AUC	lower = more sensitive	S2244
CAS-DAC-37	AR-42	0.791171	AUC	lower = more sensitive	S2244
CAS-DAC-38	AR-42	0.687318	AUC	lower = more sensitive	S2244
CAS-DAC-39	AR-42	0.819469	AUC	lower = more sensitive	S2244
CAS-DAC-4	AR-42	0.760776	AUC	lower = more sensitive	S2244
CAS-DAC-42	AR-42	0.842341	AUC	lower = more sensitive	S2244
CAS-DAC-5	AR-42	0.828045	AUC	lower = more sensitive	S2244
CAS-DAC-6	AR-42	0.778601	AUC	lower = more sensitive	S2244
CAS-DAC-7	AR-42	0.817291	AUC	lower = more sensitive	S2244
CAS-DAC-8	AR-42	0.819939	AUC	lower = more sensitive	S2244
CAS-DAC-9	AR-42	0.80738	AUC	lower = more sensitive	S2244
CAS-IPMN-1	AR-42	0.805138	AUC	lower = more sensitive	S2244
CAS-DAC-1	AT9283	0.244353	AUC	lower = more sensitive	S1134
CAS-DAC-11	AT9283	0.940918	AUC	lower = more sensitive	S1134
CAS-DAC-12	AT9283	0.619676	AUC	lower = more sensitive	S1134
CAS-DAC-13	AT9283	0.924618	AUC	lower = more sensitive	S1134
CAS-DAC-14	AT9283	0.724103	AUC	lower = more sensitive	S1134
CAS-DAC-15	AT9283	0.772314	AUC	lower = more sensitive	S1134
CAS-DAC-16	AT9283	0.760026	AUC	lower = more sensitive	S1134
CAS-DAC-18	AT9283	0.866314	AUC	lower = more sensitive	S1134
CAS-DAC-19	AT9283	0.586232	AUC	lower = more sensitive	S1134
CAS-DAC-2	AT9283	0.952336	AUC	lower = more sensitive	S1134
CAS-DAC-20	AT9283	0.766808	AUC	lower = more sensitive	S1134
CAS-DAC-21	AT9283	0.807793	AUC	lower = more sensitive	S1134
CAS-DAC-22	AT9283	0.961402	AUC	lower = more sensitive	S1134
CAS-DAC-23	AT9283	0.953992	AUC	lower = more sensitive	S1134
CAS-DAC-24	AT9283	0.828326	AUC	lower = more sensitive	S1134
CAS-DAC-25	AT9283	0.838779	AUC	lower = more sensitive	S1134
CAS-DAC-26	AT9283	1	AUC	lower = more sensitive	S1134
CAS-DAC-27	AT9283	0.66402	AUC	lower = more sensitive	S1134
CAS-DAC-28	AT9283	0.811527	AUC	lower = more sensitive	S1134
CAS-DAC-29	AT9283	0.880578	AUC	lower = more sensitive	S1134
CAS-DAC-3	AT9283	0.683854	AUC	lower = more sensitive	S1134
CAS-DAC-30	AT9283	0.957592	AUC	lower = more sensitive	S1134
CAS-DAC-31	AT9283	0.748804	AUC	lower = more sensitive	S1134
CAS-DAC-32	AT9283	0.826302	AUC	lower = more sensitive	S1134
CAS-DAC-33	AT9283	0.906048	AUC	lower = more sensitive	S1134
CAS-DAC-34	AT9283	0.882933	AUC	lower = more sensitive	S1134
CAS-DAC-35	AT9283	0.881758	AUC	lower = more sensitive	S1134
CAS-DAC-36	AT9283	0.955048	AUC	lower = more sensitive	S1134
CAS-DAC-37	AT9283	0.736733	AUC	lower = more sensitive	S1134
CAS-DAC-38	AT9283	0.710335	AUC	lower = more sensitive	S1134
CAS-DAC-39	AT9283	0.967784	AUC	lower = more sensitive	S1134
CAS-DAC-4	AT9283	0.812527	AUC	lower = more sensitive	S1134
CAS-DAC-42	AT9283	0.938687	AUC	lower = more sensitive	S1134
CAS-DAC-5	AT9283	0.76917	AUC	lower = more sensitive	S1134
CAS-DAC-6	AT9283	0.698207	AUC	lower = more sensitive	S1134
CAS-DAC-7	AT9283	0.807167	AUC	lower = more sensitive	S1134
CAS-DAC-8	AT9283	0.922944	AUC	lower = more sensitive	S1134
CAS-DAC-9	AT9283	0.722659	AUC	lower = more sensitive	S1134
CAS-IPMN-1	AT9283	0.914093	AUC	lower = more sensitive	S1134
CAS-DAC-1	AURORA A INHIBITOR I	0.801233	AUC	lower = more sensitive	S1451
CAS-DAC-11	AURORA A INHIBITOR I	0.856984	AUC	lower = more sensitive	S1451
CAS-DAC-12	AURORA A INHIBITOR I	0.983287	AUC	lower = more sensitive	S1451
CAS-DAC-13	AURORA A INHIBITOR I	0.966279	AUC	lower = more sensitive	S1451
CAS-DAC-14	AURORA A INHIBITOR I	0.844258	AUC	lower = more sensitive	S1451
CAS-DAC-15	AURORA A INHIBITOR I	0.923307	AUC	lower = more sensitive	S1451
CAS-DAC-16	AURORA A INHIBITOR I	0.820323	AUC	lower = more sensitive	S1451
CAS-DAC-18	AURORA A INHIBITOR I	0.824483	AUC	lower = more sensitive	S1451
CAS-DAC-19	AURORA A INHIBITOR I	0.850646	AUC	lower = more sensitive	S1451
CAS-DAC-2	AURORA A INHIBITOR I	1	AUC	lower = more sensitive	S1451
CAS-DAC-20	AURORA A INHIBITOR I	0.794705	AUC	lower = more sensitive	S1451
CAS-DAC-21	AURORA A INHIBITOR I	0.904942	AUC	lower = more sensitive	S1451
CAS-DAC-22	AURORA A INHIBITOR I	0.867451	AUC	lower = more sensitive	S1451
CAS-DAC-23	AURORA A INHIBITOR I	0.999455	AUC	lower = more sensitive	S1451
CAS-DAC-24	AURORA A INHIBITOR I	0.894728	AUC	lower = more sensitive	S1451
CAS-DAC-25	AURORA A INHIBITOR I	0.884125	AUC	lower = more sensitive	S1451
CAS-DAC-26	AURORA A INHIBITOR I	0.875675	AUC	lower = more sensitive	S1451
CAS-DAC-27	AURORA A INHIBITOR I	0.828762	AUC	lower = more sensitive	S1451
CAS-DAC-28	AURORA A INHIBITOR I	0.893251	AUC	lower = more sensitive	S1451
CAS-DAC-29	AURORA A INHIBITOR I	0.790573	AUC	lower = more sensitive	S1451
CAS-DAC-3	AURORA A INHIBITOR I	0.830298	AUC	lower = more sensitive	S1451
CAS-DAC-30	AURORA A INHIBITOR I	0.977911	AUC	lower = more sensitive	S1451
CAS-DAC-31	AURORA A INHIBITOR I	0.903331	AUC	lower = more sensitive	S1451
CAS-DAC-32	AURORA A INHIBITOR I	0.855292	AUC	lower = more sensitive	S1451
CAS-DAC-33	AURORA A INHIBITOR I	0.855353	AUC	lower = more sensitive	S1451
CAS-DAC-34	AURORA A INHIBITOR I	0.881635	AUC	lower = more sensitive	S1451
CAS-DAC-35	AURORA A INHIBITOR I	0.867323	AUC	lower = more sensitive	S1451
CAS-DAC-36	AURORA A INHIBITOR I	0.923569	AUC	lower = more sensitive	S1451
CAS-DAC-37	AURORA A INHIBITOR I	0.932871	AUC	lower = more sensitive	S1451
CAS-DAC-38	AURORA A INHIBITOR I	0.810103	AUC	lower = more sensitive	S1451
CAS-DAC-39	AURORA A INHIBITOR I	0.926627	AUC	lower = more sensitive	S1451
CAS-DAC-4	AURORA A INHIBITOR I	0.875445	AUC	lower = more sensitive	S1451
CAS-DAC-42	AURORA A INHIBITOR I	0.920246	AUC	lower = more sensitive	S1451
CAS-DAC-5	AURORA A INHIBITOR I	0.951655	AUC	lower = more sensitive	S1451
CAS-DAC-6	AURORA A INHIBITOR I	0.824649	AUC	lower = more sensitive	S1451
CAS-DAC-7	AURORA A INHIBITOR I	0.888533	AUC	lower = more sensitive	S1451
CAS-DAC-8	AURORA A INHIBITOR I	0.875632	AUC	lower = more sensitive	S1451
CAS-DAC-9	AURORA A INHIBITOR I	0.802359	AUC	lower = more sensitive	S1451
CAS-IPMN-1	AURORA A INHIBITOR I	0.994368	AUC	lower = more sensitive	S1451
CAS-DAC-1	AZ6102	0.496278	AUC	lower = more sensitive	S7767
CAS-DAC-11	AZ6102	0.813159	AUC	lower = more sensitive	S7767
CAS-DAC-12	AZ6102	0.588936	AUC	lower = more sensitive	S7767
CAS-DAC-13	AZ6102	0.808187	AUC	lower = more sensitive	S7767
CAS-DAC-14	AZ6102	0.584826	AUC	lower = more sensitive	S7767
CAS-DAC-15	AZ6102	0.381103	AUC	lower = more sensitive	S7767
CAS-DAC-16	AZ6102	0.510408	AUC	lower = more sensitive	S7767
CAS-DAC-18	AZ6102	0.929184	AUC	lower = more sensitive	S7767
CAS-DAC-19	AZ6102	0.421542	AUC	lower = more sensitive	S7767
CAS-DAC-2	AZ6102	0.948143	AUC	lower = more sensitive	S7767
CAS-DAC-20	AZ6102	0.552495	AUC	lower = more sensitive	S7767
CAS-DAC-21	AZ6102	0.837819	AUC	lower = more sensitive	S7767
CAS-DAC-22	AZ6102	0.781108	AUC	lower = more sensitive	S7767
CAS-DAC-23	AZ6102	0.723722	AUC	lower = more sensitive	S7767
CAS-DAC-24	AZ6102	0.6881	AUC	lower = more sensitive	S7767
CAS-DAC-25	AZ6102	0.501214	AUC	lower = more sensitive	S7767
CAS-DAC-26	AZ6102	0.532526	AUC	lower = more sensitive	S7767
CAS-DAC-27	AZ6102	0.570044	AUC	lower = more sensitive	S7767
CAS-DAC-28	AZ6102	0.640582	AUC	lower = more sensitive	S7767
CAS-DAC-29	AZ6102	0.759104	AUC	lower = more sensitive	S7767
CAS-DAC-3	AZ6102	0.534088	AUC	lower = more sensitive	S7767
CAS-DAC-30	AZ6102	1	AUC	lower = more sensitive	S7767
CAS-DAC-31	AZ6102	0.696622	AUC	lower = more sensitive	S7767
CAS-DAC-32	AZ6102	0.572365	AUC	lower = more sensitive	S7767
CAS-DAC-33	AZ6102	0.850206	AUC	lower = more sensitive	S7767
CAS-DAC-34	AZ6102	0.908622	AUC	lower = more sensitive	S7767
CAS-DAC-35	AZ6102	0.687501	AUC	lower = more sensitive	S7767
CAS-DAC-36	AZ6102	0.873756	AUC	lower = more sensitive	S7767
CAS-DAC-37	AZ6102	0.691016	AUC	lower = more sensitive	S7767
CAS-DAC-38	AZ6102	0.468057	AUC	lower = more sensitive	S7767
CAS-DAC-39	AZ6102	0.945627	AUC	lower = more sensitive	S7767
CAS-DAC-4	AZ6102	0.522007	AUC	lower = more sensitive	S7767
CAS-DAC-42	AZ6102	0.945826	AUC	lower = more sensitive	S7767
CAS-DAC-5	AZ6102	0.825807	AUC	lower = more sensitive	S7767
CAS-DAC-6	AZ6102	0.422574	AUC	lower = more sensitive	S7767
CAS-DAC-7	AZ6102	0.513669	AUC	lower = more sensitive	S7767
CAS-DAC-8	AZ6102	0.663386	AUC	lower = more sensitive	S7767
CAS-DAC-9	AZ6102	0.687126	AUC	lower = more sensitive	S7767
CAS-IPMN-1	AZ6102	0.617335	AUC	lower = more sensitive	S7767
CAS-DAC-1	AZACITIDINE	0.427236	AUC	lower = more sensitive	S1782
CAS-DAC-11	AZACITIDINE	0.858914	AUC	lower = more sensitive	S1782
CAS-DAC-12	AZACITIDINE	0.863607	AUC	lower = more sensitive	S1782
CAS-DAC-13	AZACITIDINE	1	AUC	lower = more sensitive	S1782
CAS-DAC-14	AZACITIDINE	0.729922	AUC	lower = more sensitive	S1782
CAS-DAC-15	AZACITIDINE	0.775691	AUC	lower = more sensitive	S1782
CAS-DAC-16	AZACITIDINE	0.611312	AUC	lower = more sensitive	S1782
CAS-DAC-18	AZACITIDINE	0.630133	AUC	lower = more sensitive	S1782
CAS-DAC-19	AZACITIDINE	0.7194	AUC	lower = more sensitive	S1782
CAS-DAC-2	AZACITIDINE	0.938841	AUC	lower = more sensitive	S1782
CAS-DAC-20	AZACITIDINE	0.518309	AUC	lower = more sensitive	S1782
CAS-DAC-21	AZACITIDINE	0.74988	AUC	lower = more sensitive	S1782
CAS-DAC-22	AZACITIDINE	0.948554	AUC	lower = more sensitive	S1782
CAS-DAC-23	AZACITIDINE	0.924751	AUC	lower = more sensitive	S1782
CAS-DAC-24	AZACITIDINE	0.552179	AUC	lower = more sensitive	S1782
CAS-DAC-25	AZACITIDINE	0.794596	AUC	lower = more sensitive	S1782
CAS-DAC-26	AZACITIDINE	0.638011	AUC	lower = more sensitive	S1782
CAS-DAC-27	AZACITIDINE	0.598137	AUC	lower = more sensitive	S1782
CAS-DAC-28	AZACITIDINE	0.512822	AUC	lower = more sensitive	S1782
CAS-DAC-29	AZACITIDINE	0.756463	AUC	lower = more sensitive	S1782
CAS-DAC-3	AZACITIDINE	0.718656	AUC	lower = more sensitive	S1782
CAS-DAC-30	AZACITIDINE	0.849498	AUC	lower = more sensitive	S1782
CAS-DAC-31	AZACITIDINE	0.543781	AUC	lower = more sensitive	S1782
CAS-DAC-32	AZACITIDINE	0.540446	AUC	lower = more sensitive	S1782
CAS-DAC-33	AZACITIDINE	0.90052	AUC	lower = more sensitive	S1782
CAS-DAC-34	AZACITIDINE	0.593176	AUC	lower = more sensitive	S1782
CAS-DAC-35	AZACITIDINE	0.749982	AUC	lower = more sensitive	S1782
CAS-DAC-36	AZACITIDINE	0.887035	AUC	lower = more sensitive	S1782
CAS-DAC-37	AZACITIDINE	0.8052	AUC	lower = more sensitive	S1782
CAS-DAC-38	AZACITIDINE	0.544288	AUC	lower = more sensitive	S1782
CAS-DAC-39	AZACITIDINE	0.584002	AUC	lower = more sensitive	S1782
CAS-DAC-4	AZACITIDINE	0.783778	AUC	lower = more sensitive	S1782
CAS-DAC-42	AZACITIDINE	0.74136	AUC	lower = more sensitive	S1782
CAS-DAC-5	AZACITIDINE	0.888151	AUC	lower = more sensitive	S1782
CAS-DAC-6	AZACITIDINE	0.69157	AUC	lower = more sensitive	S1782
CAS-DAC-7	AZACITIDINE	0.751784	AUC	lower = more sensitive	S1782
CAS-DAC-8	AZACITIDINE	0.842284	AUC	lower = more sensitive	S1782
CAS-DAC-9	AZACITIDINE	0.793592	AUC	lower = more sensitive	S1782
CAS-IPMN-1	AZACITIDINE	0.733701	AUC	lower = more sensitive	S1782
CAS-DAC-1	AZD5153	0.503075	AUC	lower = more sensitive	S8344
CAS-DAC-11	AZD5153	0.758374	AUC	lower = more sensitive	S8344
CAS-DAC-12	AZD5153	0.707366	AUC	lower = more sensitive	S8344
CAS-DAC-13	AZD5153	0.751962	AUC	lower = more sensitive	S8344
CAS-DAC-14	AZD5153	0.675497	AUC	lower = more sensitive	S8344
CAS-DAC-15	AZD5153	0.675313	AUC	lower = more sensitive	S8344
CAS-DAC-16	AZD5153	0.483295	AUC	lower = more sensitive	S8344
CAS-DAC-18	AZD5153	0.74182	AUC	lower = more sensitive	S8344
CAS-DAC-19	AZD5153	0.494519	AUC	lower = more sensitive	S8344
CAS-DAC-2	AZD5153	0.759136	AUC	lower = more sensitive	S8344
CAS-DAC-20	AZD5153	0.593493	AUC	lower = more sensitive	S8344
CAS-DAC-21	AZD5153	0.776067	AUC	lower = more sensitive	S8344
CAS-DAC-22	AZD5153	0.737513	AUC	lower = more sensitive	S8344
CAS-DAC-23	AZD5153	0.695733	AUC	lower = more sensitive	S8344
CAS-DAC-24	AZD5153	0.618609	AUC	lower = more sensitive	S8344
CAS-DAC-25	AZD5153	0.581215	AUC	lower = more sensitive	S8344
CAS-DAC-26	AZD5153	0.520489	AUC	lower = more sensitive	S8344
CAS-DAC-27	AZD5153	0.659949	AUC	lower = more sensitive	S8344
CAS-DAC-28	AZD5153	0.515577	AUC	lower = more sensitive	S8344
CAS-DAC-29	AZD5153	0.637877	AUC	lower = more sensitive	S8344
CAS-DAC-3	AZD5153	0.649182	AUC	lower = more sensitive	S8344
CAS-DAC-30	AZD5153	0.741428	AUC	lower = more sensitive	S8344
CAS-DAC-31	AZD5153	0.697337	AUC	lower = more sensitive	S8344
CAS-DAC-32	AZD5153	0.64508	AUC	lower = more sensitive	S8344
CAS-DAC-33	AZD5153	0.631511	AUC	lower = more sensitive	S8344
CAS-DAC-34	AZD5153	0.685809	AUC	lower = more sensitive	S8344
CAS-DAC-35	AZD5153	0.651572	AUC	lower = more sensitive	S8344
CAS-DAC-36	AZD5153	0.747762	AUC	lower = more sensitive	S8344
CAS-DAC-37	AZD5153	0.652572	AUC	lower = more sensitive	S8344
CAS-DAC-38	AZD5153	0.480559	AUC	lower = more sensitive	S8344
CAS-DAC-39	AZD5153	0.636693	AUC	lower = more sensitive	S8344
CAS-DAC-4	AZD5153	0.597276	AUC	lower = more sensitive	S8344
CAS-DAC-42	AZD5153	0.768839	AUC	lower = more sensitive	S8344
CAS-DAC-5	AZD5153	0.9555	AUC	lower = more sensitive	S8344
CAS-DAC-6	AZD5153	0.456769	AUC	lower = more sensitive	S8344
CAS-DAC-7	AZD5153	0.596441	AUC	lower = more sensitive	S8344
CAS-DAC-8	AZD5153	0.638385	AUC	lower = more sensitive	S8344
CAS-DAC-9	AZD5153	1	AUC	lower = more sensitive	S8344
CAS-IPMN-1	AZD5153	0.720151	AUC	lower = more sensitive	S8344
CAS-DAC-1	BELINOSTAT	0.770761	AUC	lower = more sensitive	S1085
CAS-DAC-11	BELINOSTAT	0.913828	AUC	lower = more sensitive	S1085
CAS-DAC-12	BELINOSTAT	0.861332	AUC	lower = more sensitive	S1085
CAS-DAC-13	BELINOSTAT	1	AUC	lower = more sensitive	S1085
CAS-DAC-14	BELINOSTAT	0.816528	AUC	lower = more sensitive	S1085
CAS-DAC-15	BELINOSTAT	0.857906	AUC	lower = more sensitive	S1085
CAS-DAC-16	BELINOSTAT	0.733049	AUC	lower = more sensitive	S1085
CAS-DAC-18	BELINOSTAT	0.794057	AUC	lower = more sensitive	S1085
CAS-DAC-19	BELINOSTAT	0.862196	AUC	lower = more sensitive	S1085
CAS-DAC-2	BELINOSTAT	0.939897	AUC	lower = more sensitive	S1085
CAS-DAC-20	BELINOSTAT	0.781296	AUC	lower = more sensitive	S1085
CAS-DAC-21	BELINOSTAT	0.963834	AUC	lower = more sensitive	S1085
CAS-DAC-22	BELINOSTAT	0.984754	AUC	lower = more sensitive	S1085
CAS-DAC-23	BELINOSTAT	0.96713	AUC	lower = more sensitive	S1085
CAS-DAC-24	BELINOSTAT	0.804174	AUC	lower = more sensitive	S1085
CAS-DAC-25	BELINOSTAT	0.903123	AUC	lower = more sensitive	S1085
CAS-DAC-26	BELINOSTAT	0.918536	AUC	lower = more sensitive	S1085
CAS-DAC-27	BELINOSTAT	0.770314	AUC	lower = more sensitive	S1085
CAS-DAC-28	BELINOSTAT	0.789851	AUC	lower = more sensitive	S1085
CAS-DAC-29	BELINOSTAT	0.817396	AUC	lower = more sensitive	S1085
CAS-DAC-3	BELINOSTAT	0.789285	AUC	lower = more sensitive	S1085
CAS-DAC-30	BELINOSTAT	0.985397	AUC	lower = more sensitive	S1085
CAS-DAC-31	BELINOSTAT	0.959884	AUC	lower = more sensitive	S1085
CAS-DAC-32	BELINOSTAT	0.767527	AUC	lower = more sensitive	S1085
CAS-DAC-33	BELINOSTAT	0.903173	AUC	lower = more sensitive	S1085
CAS-DAC-34	BELINOSTAT	0.873344	AUC	lower = more sensitive	S1085
CAS-DAC-35	BELINOSTAT	0.731373	AUC	lower = more sensitive	S1085
CAS-DAC-36	BELINOSTAT	0.949335	AUC	lower = more sensitive	S1085
CAS-DAC-37	BELINOSTAT	0.93195	AUC	lower = more sensitive	S1085
CAS-DAC-38	BELINOSTAT	0.728599	AUC	lower = more sensitive	S1085
CAS-DAC-39	BELINOSTAT	0.892373	AUC	lower = more sensitive	S1085
CAS-DAC-4	BELINOSTAT	0.885159	AUC	lower = more sensitive	S1085
CAS-DAC-42	BELINOSTAT	0.935233	AUC	lower = more sensitive	S1085
CAS-DAC-5	BELINOSTAT	0.861266	AUC	lower = more sensitive	S1085
CAS-DAC-6	BELINOSTAT	0.818585	AUC	lower = more sensitive	S1085
CAS-DAC-7	BELINOSTAT	0.84369	AUC	lower = more sensitive	S1085
CAS-DAC-8	BELINOSTAT	0.887814	AUC	lower = more sensitive	S1085
CAS-DAC-9	BELINOSTAT	0.795329	AUC	lower = more sensitive	S1085
CAS-IPMN-1	BELINOSTAT	0.932714	AUC	lower = more sensitive	S1085
CAS-DAC-1	BI-847325	0.297462	AUC	lower = more sensitive	S7843
CAS-DAC-11	BI-847325	0.836529	AUC	lower = more sensitive	S7843
CAS-DAC-12	BI-847325	0.656837	AUC	lower = more sensitive	S7843
CAS-DAC-13	BI-847325	0.838651	AUC	lower = more sensitive	S7843
CAS-DAC-14	BI-847325	0.738301	AUC	lower = more sensitive	S7843
CAS-DAC-15	BI-847325	0.558206	AUC	lower = more sensitive	S7843
CAS-DAC-16	BI-847325	0.719462	AUC	lower = more sensitive	S7843
CAS-DAC-18	BI-847325	0.867068	AUC	lower = more sensitive	S7843
CAS-DAC-19	BI-847325	0.501504	AUC	lower = more sensitive	S7843
CAS-DAC-2	BI-847325	1	AUC	lower = more sensitive	S7843
CAS-DAC-20	BI-847325	0.674204	AUC	lower = more sensitive	S7843
CAS-DAC-21	BI-847325	0.786968	AUC	lower = more sensitive	S7843
CAS-DAC-22	BI-847325	0.997866	AUC	lower = more sensitive	S7843
CAS-DAC-23	BI-847325	0.923897	AUC	lower = more sensitive	S7843
CAS-DAC-24	BI-847325	0.851012	AUC	lower = more sensitive	S7843
CAS-DAC-25	BI-847325	0.714037	AUC	lower = more sensitive	S7843
CAS-DAC-26	BI-847325	0.874773	AUC	lower = more sensitive	S7843
CAS-DAC-27	BI-847325	0.717155	AUC	lower = more sensitive	S7843
CAS-DAC-28	BI-847325	0.7796	AUC	lower = more sensitive	S7843
CAS-DAC-29	BI-847325	0.768564	AUC	lower = more sensitive	S7843
CAS-DAC-3	BI-847325	0.773462	AUC	lower = more sensitive	S7843
CAS-DAC-30	BI-847325	0.991975	AUC	lower = more sensitive	S7843
CAS-DAC-31	BI-847325	0.830434	AUC	lower = more sensitive	S7843
CAS-DAC-32	BI-847325	0.808691	AUC	lower = more sensitive	S7843
CAS-DAC-33	BI-847325	0.904211	AUC	lower = more sensitive	S7843
CAS-DAC-34	BI-847325	0.822172	AUC	lower = more sensitive	S7843
CAS-DAC-35	BI-847325	0.871378	AUC	lower = more sensitive	S7843
CAS-DAC-36	BI-847325	0.910113	AUC	lower = more sensitive	S7843
CAS-DAC-37	BI-847325	0.729614	AUC	lower = more sensitive	S7843
CAS-DAC-38	BI-847325	0.842282	AUC	lower = more sensitive	S7843
CAS-DAC-39	BI-847325	0.850048	AUC	lower = more sensitive	S7843
CAS-DAC-4	BI-847325	0.741057	AUC	lower = more sensitive	S7843
CAS-DAC-42	BI-847325	0.894119	AUC	lower = more sensitive	S7843
CAS-DAC-5	BI-847325	0.81067	AUC	lower = more sensitive	S7843
CAS-DAC-6	BI-847325	0.523631	AUC	lower = more sensitive	S7843
CAS-DAC-7	BI-847325	0.667452	AUC	lower = more sensitive	S7843
CAS-DAC-8	BI-847325	0.842714	AUC	lower = more sensitive	S7843
CAS-DAC-9	BI-847325	0.697604	AUC	lower = more sensitive	S7843
CAS-IPMN-1	BI-847325	0.869611	AUC	lower = more sensitive	S7843
CAS-DAC-1	BISINDOLYLMALEIMIDE IX	0.612801	AUC	lower = more sensitive	S7207
CAS-DAC-11	BISINDOLYLMALEIMIDE IX	0.958454	AUC	lower = more sensitive	S7207
CAS-DAC-12	BISINDOLYLMALEIMIDE IX	0.653362	AUC	lower = more sensitive	S7207
CAS-DAC-13	BISINDOLYLMALEIMIDE IX	0.943852	AUC	lower = more sensitive	S7207
CAS-DAC-14	BISINDOLYLMALEIMIDE IX	1	AUC	lower = more sensitive	S7207
CAS-DAC-15	BISINDOLYLMALEIMIDE IX	0.622505	AUC	lower = more sensitive	S7207
CAS-DAC-16	BISINDOLYLMALEIMIDE IX	0.668721	AUC	lower = more sensitive	S7207
CAS-DAC-18	BISINDOLYLMALEIMIDE IX	0.834143	AUC	lower = more sensitive	S7207
CAS-DAC-19	BISINDOLYLMALEIMIDE IX	0.666221	AUC	lower = more sensitive	S7207
CAS-DAC-2	BISINDOLYLMALEIMIDE IX	0.949225	AUC	lower = more sensitive	S7207
CAS-DAC-20	BISINDOLYLMALEIMIDE IX	0.772529	AUC	lower = more sensitive	S7207
CAS-DAC-21	BISINDOLYLMALEIMIDE IX	0.795255	AUC	lower = more sensitive	S7207
CAS-DAC-22	BISINDOLYLMALEIMIDE IX	0.925391	AUC	lower = more sensitive	S7207
CAS-DAC-23	BISINDOLYLMALEIMIDE IX	0.920132	AUC	lower = more sensitive	S7207
CAS-DAC-24	BISINDOLYLMALEIMIDE IX	0.793051	AUC	lower = more sensitive	S7207
CAS-DAC-25	BISINDOLYLMALEIMIDE IX	0.693995	AUC	lower = more sensitive	S7207
CAS-DAC-26	BISINDOLYLMALEIMIDE IX	0.822855	AUC	lower = more sensitive	S7207
CAS-DAC-27	BISINDOLYLMALEIMIDE IX	0.723242	AUC	lower = more sensitive	S7207
CAS-DAC-28	BISINDOLYLMALEIMIDE IX	0.788102	AUC	lower = more sensitive	S7207
CAS-DAC-29	BISINDOLYLMALEIMIDE IX	0.922639	AUC	lower = more sensitive	S7207
CAS-DAC-3	BISINDOLYLMALEIMIDE IX	0.694602	AUC	lower = more sensitive	S7207
CAS-DAC-30	BISINDOLYLMALEIMIDE IX	0.972226	AUC	lower = more sensitive	S7207
CAS-DAC-31	BISINDOLYLMALEIMIDE IX	0.787993	AUC	lower = more sensitive	S7207
CAS-DAC-32	BISINDOLYLMALEIMIDE IX	0.846458	AUC	lower = more sensitive	S7207
CAS-DAC-33	BISINDOLYLMALEIMIDE IX	0.910547	AUC	lower = more sensitive	S7207
CAS-DAC-34	BISINDOLYLMALEIMIDE IX	0.864611	AUC	lower = more sensitive	S7207
CAS-DAC-35	BISINDOLYLMALEIMIDE IX	0.867324	AUC	lower = more sensitive	S7207
CAS-DAC-36	BISINDOLYLMALEIMIDE IX	0.929212	AUC	lower = more sensitive	S7207
CAS-DAC-37	BISINDOLYLMALEIMIDE IX	0.708002	AUC	lower = more sensitive	S7207
CAS-DAC-38	BISINDOLYLMALEIMIDE IX	0.769097	AUC	lower = more sensitive	S7207
CAS-DAC-39	BISINDOLYLMALEIMIDE IX	0.905922	AUC	lower = more sensitive	S7207
CAS-DAC-4	BISINDOLYLMALEIMIDE IX	0.876964	AUC	lower = more sensitive	S7207
CAS-DAC-42	BISINDOLYLMALEIMIDE IX	0.90527	AUC	lower = more sensitive	S7207
CAS-DAC-5	BISINDOLYLMALEIMIDE IX	0.804743	AUC	lower = more sensitive	S7207
CAS-DAC-6	BISINDOLYLMALEIMIDE IX	0.697105	AUC	lower = more sensitive	S7207
CAS-DAC-7	BISINDOLYLMALEIMIDE IX	0.677307	AUC	lower = more sensitive	S7207
CAS-DAC-8	BISINDOLYLMALEIMIDE IX	0.930259	AUC	lower = more sensitive	S7207
CAS-DAC-9	BISINDOLYLMALEIMIDE IX	0.844477	AUC	lower = more sensitive	S7207
CAS-IPMN-1	BISINDOLYLMALEIMIDE IX	0.945157	AUC	lower = more sensitive	S7207
CAS-DAC-1	BIX 01294	0.622869	AUC	lower = more sensitive	S8006
CAS-DAC-11	BIX 01294	0.932201	AUC	lower = more sensitive	S8006
CAS-DAC-12	BIX 01294	0.772748	AUC	lower = more sensitive	S8006
CAS-DAC-13	BIX 01294	0.863731	AUC	lower = more sensitive	S8006
CAS-DAC-14	BIX 01294	0.905374	AUC	lower = more sensitive	S8006
CAS-DAC-15	BIX 01294	0.514416	AUC	lower = more sensitive	S8006
CAS-DAC-16	BIX 01294	0.722564	AUC	lower = more sensitive	S8006
CAS-DAC-18	BIX 01294	0.767872	AUC	lower = more sensitive	S8006
CAS-DAC-19	BIX 01294	0.541293	AUC	lower = more sensitive	S8006
CAS-DAC-2	BIX 01294	1	AUC	lower = more sensitive	S8006
CAS-DAC-20	BIX 01294	0.8706	AUC	lower = more sensitive	S8006
CAS-DAC-21	BIX 01294	0.826888	AUC	lower = more sensitive	S8006
CAS-DAC-22	BIX 01294	0.86859	AUC	lower = more sensitive	S8006
CAS-DAC-23	BIX 01294	0.845937	AUC	lower = more sensitive	S8006
CAS-DAC-24	BIX 01294	0.710262	AUC	lower = more sensitive	S8006
CAS-DAC-25	BIX 01294	0.727595	AUC	lower = more sensitive	S8006
CAS-DAC-26	BIX 01294	0.659319	AUC	lower = more sensitive	S8006
CAS-DAC-27	BIX 01294	0.818135	AUC	lower = more sensitive	S8006
CAS-DAC-28	BIX 01294	0.750911	AUC	lower = more sensitive	S8006
CAS-DAC-29	BIX 01294	0.783559	AUC	lower = more sensitive	S8006
CAS-DAC-3	BIX 01294	0.783039	AUC	lower = more sensitive	S8006
CAS-DAC-30	BIX 01294	0.772897	AUC	lower = more sensitive	S8006
CAS-DAC-31	BIX 01294	0.719772	AUC	lower = more sensitive	S8006
CAS-DAC-32	BIX 01294	0.561557	AUC	lower = more sensitive	S8006
CAS-DAC-33	BIX 01294	0.791886	AUC	lower = more sensitive	S8006
CAS-DAC-34	BIX 01294	0.841455	AUC	lower = more sensitive	S8006
CAS-DAC-35	BIX 01294	0.850843	AUC	lower = more sensitive	S8006
CAS-DAC-36	BIX 01294	0.802998	AUC	lower = more sensitive	S8006
CAS-DAC-37	BIX 01294	0.649704	AUC	lower = more sensitive	S8006
CAS-DAC-38	BIX 01294	0.718667	AUC	lower = more sensitive	S8006
CAS-DAC-39	BIX 01294	0.854847	AUC	lower = more sensitive	S8006
CAS-DAC-4	BIX 01294	0.701795	AUC	lower = more sensitive	S8006
CAS-DAC-42	BIX 01294	0.751385	AUC	lower = more sensitive	S8006
CAS-DAC-5	BIX 01294	0.930973	AUC	lower = more sensitive	S8006
CAS-DAC-6	BIX 01294	0.552418	AUC	lower = more sensitive	S8006
CAS-DAC-7	BIX 01294	0.688758	AUC	lower = more sensitive	S8006
CAS-DAC-8	BIX 01294	0.877863	AUC	lower = more sensitive	S8006
CAS-DAC-9	BIX 01294	0.864327	AUC	lower = more sensitive	S8006
CAS-IPMN-1	BIX 01294	0.716686	AUC	lower = more sensitive	S8006
CAS-DAC-1	BROMOSPORINE	0.691695	AUC	lower = more sensitive	S7233
CAS-DAC-11	BROMOSPORINE	0.939523	AUC	lower = more sensitive	S7233
CAS-DAC-12	BROMOSPORINE	0.888875	AUC	lower = more sensitive	S7233
CAS-DAC-13	BROMOSPORINE	1	AUC	lower = more sensitive	S7233
CAS-DAC-14	BROMOSPORINE	0.847369	AUC	lower = more sensitive	S7233
CAS-DAC-15	BROMOSPORINE	0.816087	AUC	lower = more sensitive	S7233
CAS-DAC-16	BROMOSPORINE	0.67037	AUC	lower = more sensitive	S7233
CAS-DAC-18	BROMOSPORINE	0.90677	AUC	lower = more sensitive	S7233
CAS-DAC-19	BROMOSPORINE	0.736231	AUC	lower = more sensitive	S7233
CAS-DAC-2	BROMOSPORINE	0.926868	AUC	lower = more sensitive	S7233
CAS-DAC-20	BROMOSPORINE	0.664118	AUC	lower = more sensitive	S7233
CAS-DAC-21	BROMOSPORINE	0.919628	AUC	lower = more sensitive	S7233
CAS-DAC-22	BROMOSPORINE	0.908389	AUC	lower = more sensitive	S7233
CAS-DAC-23	BROMOSPORINE	0.842763	AUC	lower = more sensitive	S7233
CAS-DAC-24	BROMOSPORINE	0.763471	AUC	lower = more sensitive	S7233
CAS-DAC-25	BROMOSPORINE	0.865663	AUC	lower = more sensitive	S7233
CAS-DAC-26	BROMOSPORINE	0.786649	AUC	lower = more sensitive	S7233
CAS-DAC-27	BROMOSPORINE	0.715249	AUC	lower = more sensitive	S7233
CAS-DAC-28	BROMOSPORINE	0.739074	AUC	lower = more sensitive	S7233
CAS-DAC-29	BROMOSPORINE	0.817861	AUC	lower = more sensitive	S7233
CAS-DAC-3	BROMOSPORINE	0.740303	AUC	lower = more sensitive	S7233
CAS-DAC-30	BROMOSPORINE	0.972082	AUC	lower = more sensitive	S7233
CAS-DAC-31	BROMOSPORINE	0.843904	AUC	lower = more sensitive	S7233
CAS-DAC-32	BROMOSPORINE	0.915662	AUC	lower = more sensitive	S7233
CAS-DAC-33	BROMOSPORINE	0.824586	AUC	lower = more sensitive	S7233
CAS-DAC-34	BROMOSPORINE	0.846101	AUC	lower = more sensitive	S7233
CAS-DAC-35	BROMOSPORINE	0.856417	AUC	lower = more sensitive	S7233
CAS-DAC-36	BROMOSPORINE	0.920677	AUC	lower = more sensitive	S7233
CAS-DAC-37	BROMOSPORINE	0.894458	AUC	lower = more sensitive	S7233
CAS-DAC-38	BROMOSPORINE	0.943074	AUC	lower = more sensitive	S7233
CAS-DAC-39	BROMOSPORINE	0.840094	AUC	lower = more sensitive	S7233
CAS-DAC-4	BROMOSPORINE	0.768444	AUC	lower = more sensitive	S7233
CAS-DAC-42	BROMOSPORINE	0.952313	AUC	lower = more sensitive	S7233
CAS-DAC-5	BROMOSPORINE	0.944226	AUC	lower = more sensitive	S7233
CAS-DAC-6	BROMOSPORINE	0.721071	AUC	lower = more sensitive	S7233
CAS-DAC-7	BROMOSPORINE	0.748126	AUC	lower = more sensitive	S7233
CAS-DAC-8	BROMOSPORINE	0.831024	AUC	lower = more sensitive	S7233
CAS-DAC-9	BROMOSPORINE	0.930341	AUC	lower = more sensitive	S7233
CAS-IPMN-1	BROMOSPORINE	0.846865	AUC	lower = more sensitive	S7233
CAS-DAC-1	CAY10603	0.779678	AUC	lower = more sensitive	S7596
CAS-DAC-11	CAY10603	0.932776	AUC	lower = more sensitive	S7596
CAS-DAC-12	CAY10603	0.829871	AUC	lower = more sensitive	S7596
CAS-DAC-13	CAY10603	1	AUC	lower = more sensitive	S7596
CAS-DAC-14	CAY10603	0.704186	AUC	lower = more sensitive	S7596
CAS-DAC-15	CAY10603	0.735139	AUC	lower = more sensitive	S7596
CAS-DAC-16	CAY10603	0.654997	AUC	lower = more sensitive	S7596
CAS-DAC-18	CAY10603	0.68223	AUC	lower = more sensitive	S7596
CAS-DAC-19	CAY10603	0.766277	AUC	lower = more sensitive	S7596
CAS-DAC-2	CAY10603	0.970715	AUC	lower = more sensitive	S7596
CAS-DAC-20	CAY10603	0.903751	AUC	lower = more sensitive	S7596
CAS-DAC-21	CAY10603	0.945498	AUC	lower = more sensitive	S7596
CAS-DAC-22	CAY10603	0.983674	AUC	lower = more sensitive	S7596
CAS-DAC-23	CAY10603	0.960664	AUC	lower = more sensitive	S7596
CAS-DAC-24	CAY10603	0.774786	AUC	lower = more sensitive	S7596
CAS-DAC-25	CAY10603	0.864567	AUC	lower = more sensitive	S7596
CAS-DAC-26	CAY10603	0.893257	AUC	lower = more sensitive	S7596
CAS-DAC-27	CAY10603	0.739379	AUC	lower = more sensitive	S7596
CAS-DAC-28	CAY10603	0.68453	AUC	lower = more sensitive	S7596
CAS-DAC-29	CAY10603	0.784548	AUC	lower = more sensitive	S7596
CAS-DAC-3	CAY10603	0.787357	AUC	lower = more sensitive	S7596
CAS-DAC-30	CAY10603	0.862823	AUC	lower = more sensitive	S7596
CAS-DAC-31	CAY10603	0.910229	AUC	lower = more sensitive	S7596
CAS-DAC-32	CAY10603	0.776142	AUC	lower = more sensitive	S7596
CAS-DAC-33	CAY10603	0.828636	AUC	lower = more sensitive	S7596
CAS-DAC-34	CAY10603	0.824917	AUC	lower = more sensitive	S7596
CAS-DAC-35	CAY10603	0.780064	AUC	lower = more sensitive	S7596
CAS-DAC-36	CAY10603	0.953656	AUC	lower = more sensitive	S7596
CAS-DAC-37	CAY10603	0.813049	AUC	lower = more sensitive	S7596
CAS-DAC-38	CAY10603	0.664793	AUC	lower = more sensitive	S7596
CAS-DAC-39	CAY10603	0.962831	AUC	lower = more sensitive	S7596
CAS-DAC-4	CAY10603	0.766976	AUC	lower = more sensitive	S7596
CAS-DAC-42	CAY10603	0.882836	AUC	lower = more sensitive	S7596
CAS-DAC-5	CAY10603	0.896888	AUC	lower = more sensitive	S7596
CAS-DAC-6	CAY10603	0.738879	AUC	lower = more sensitive	S7596
CAS-DAC-7	CAY10603	0.837358	AUC	lower = more sensitive	S7596
CAS-DAC-8	CAY10603	0.892884	AUC	lower = more sensitive	S7596
CAS-DAC-9	CAY10603	0.856766	AUC	lower = more sensitive	S7596
CAS-IPMN-1	CAY10603	0.911536	AUC	lower = more sensitive	S7596
CAS-DAC-1	CUDC-101	0.681918	AUC	lower = more sensitive	S1194
CAS-DAC-11	CUDC-101	0.89169	AUC	lower = more sensitive	S1194
CAS-DAC-12	CUDC-101	0.809731	AUC	lower = more sensitive	S1194
CAS-DAC-13	CUDC-101	0.921347	AUC	lower = more sensitive	S1194
CAS-DAC-14	CUDC-101	0.676031	AUC	lower = more sensitive	S1194
CAS-DAC-15	CUDC-101	0.659719	AUC	lower = more sensitive	S1194
CAS-DAC-16	CUDC-101	0.641634	AUC	lower = more sensitive	S1194
CAS-DAC-18	CUDC-101	0.670951	AUC	lower = more sensitive	S1194
CAS-DAC-19	CUDC-101	0.629221	AUC	lower = more sensitive	S1194
CAS-DAC-2	CUDC-101	0.946921	AUC	lower = more sensitive	S1194
CAS-DAC-20	CUDC-101	0.677306	AUC	lower = more sensitive	S1194
CAS-DAC-21	CUDC-101	0.887002	AUC	lower = more sensitive	S1194
CAS-DAC-22	CUDC-101	0.968019	AUC	lower = more sensitive	S1194
CAS-DAC-23	CUDC-101	1	AUC	lower = more sensitive	S1194
CAS-DAC-24	CUDC-101	0.651799	AUC	lower = more sensitive	S1194
CAS-DAC-25	CUDC-101	0.759301	AUC	lower = more sensitive	S1194
CAS-DAC-26	CUDC-101	0.908294	AUC	lower = more sensitive	S1194
CAS-DAC-27	CUDC-101	0.662998	AUC	lower = more sensitive	S1194
CAS-DAC-28	CUDC-101	0.710172	AUC	lower = more sensitive	S1194
CAS-DAC-29	CUDC-101	0.706213	AUC	lower = more sensitive	S1194
CAS-DAC-3	CUDC-101	0.743637	AUC	lower = more sensitive	S1194
CAS-DAC-30	CUDC-101	0.933286	AUC	lower = more sensitive	S1194
CAS-DAC-31	CUDC-101	0.796728	AUC	lower = more sensitive	S1194
CAS-DAC-32	CUDC-101	0.73815	AUC	lower = more sensitive	S1194
CAS-DAC-33	CUDC-101	0.793619	AUC	lower = more sensitive	S1194
CAS-DAC-34	CUDC-101	0.84809	AUC	lower = more sensitive	S1194
CAS-DAC-35	CUDC-101	0.719446	AUC	lower = more sensitive	S1194
CAS-DAC-36	CUDC-101	0.93212	AUC	lower = more sensitive	S1194
CAS-DAC-37	CUDC-101	0.729136	AUC	lower = more sensitive	S1194
CAS-DAC-38	CUDC-101	0.732081	AUC	lower = more sensitive	S1194
CAS-DAC-39	CUDC-101	0.818602	AUC	lower = more sensitive	S1194
CAS-DAC-4	CUDC-101	0.679579	AUC	lower = more sensitive	S1194
CAS-DAC-42	CUDC-101	0.813214	AUC	lower = more sensitive	S1194
CAS-DAC-5	CUDC-101	0.878448	AUC	lower = more sensitive	S1194
CAS-DAC-6	CUDC-101	0.729423	AUC	lower = more sensitive	S1194
CAS-DAC-7	CUDC-101	0.728871	AUC	lower = more sensitive	S1194
CAS-DAC-8	CUDC-101	0.871958	AUC	lower = more sensitive	S1194
CAS-DAC-9	CUDC-101	0.613951	AUC	lower = more sensitive	S1194
CAS-IPMN-1	CUDC-101	0.657538	AUC	lower = more sensitive	S1194
CAS-DAC-1	CUDC-907	0.663284	AUC	lower = more sensitive	S2759
CAS-DAC-11	CUDC-907	0.860923	AUC	lower = more sensitive	S2759
CAS-DAC-12	CUDC-907	0.817799	AUC	lower = more sensitive	S2759
CAS-DAC-13	CUDC-907	0.935895	AUC	lower = more sensitive	S2759
CAS-DAC-14	CUDC-907	0.684279	AUC	lower = more sensitive	S2759
CAS-DAC-15	CUDC-907	0.871101	AUC	lower = more sensitive	S2759
CAS-DAC-16	CUDC-907	0.706346	AUC	lower = more sensitive	S2759
CAS-DAC-18	CUDC-907	0.821228	AUC	lower = more sensitive	S2759
CAS-DAC-19	CUDC-907	0.811865	AUC	lower = more sensitive	S2759
CAS-DAC-2	CUDC-907	0.908214	AUC	lower = more sensitive	S2759
CAS-DAC-20	CUDC-907	0.72034	AUC	lower = more sensitive	S2759
CAS-DAC-21	CUDC-907	0.962251	AUC	lower = more sensitive	S2759
CAS-DAC-22	CUDC-907	0.958694	AUC	lower = more sensitive	S2759
CAS-DAC-23	CUDC-907	0.958795	AUC	lower = more sensitive	S2759
CAS-DAC-24	CUDC-907	0.836244	AUC	lower = more sensitive	S2759
CAS-DAC-25	CUDC-907	0.86161	AUC	lower = more sensitive	S2759
CAS-DAC-26	CUDC-907	0.877011	AUC	lower = more sensitive	S2759
CAS-DAC-27	CUDC-907	0.846568	AUC	lower = more sensitive	S2759
CAS-DAC-28	CUDC-907	0.701426	AUC	lower = more sensitive	S2759
CAS-DAC-29	CUDC-907	0.800899	AUC	lower = more sensitive	S2759
CAS-DAC-3	CUDC-907	0.774977	AUC	lower = more sensitive	S2759
CAS-DAC-30	CUDC-907	1	AUC	lower = more sensitive	S2759
CAS-DAC-31	CUDC-907	0.921407	AUC	lower = more sensitive	S2759
CAS-DAC-32	CUDC-907	0.718795	AUC	lower = more sensitive	S2759
CAS-DAC-33	CUDC-907	0.827849	AUC	lower = more sensitive	S2759
CAS-DAC-34	CUDC-907	0.871064	AUC	lower = more sensitive	S2759
CAS-DAC-35	CUDC-907	0.831071	AUC	lower = more sensitive	S2759
CAS-DAC-36	CUDC-907	0.905264	AUC	lower = more sensitive	S2759
CAS-DAC-37	CUDC-907	0.899488	AUC	lower = more sensitive	S2759
CAS-DAC-38	CUDC-907	0.602703	AUC	lower = more sensitive	S2759
CAS-DAC-39	CUDC-907	0.907273	AUC	lower = more sensitive	S2759
CAS-DAC-4	CUDC-907	0.866969	AUC	lower = more sensitive	S2759
CAS-DAC-42	CUDC-907	0.894382	AUC	lower = more sensitive	S2759
CAS-DAC-5	CUDC-907	0.935934	AUC	lower = more sensitive	S2759
CAS-DAC-6	CUDC-907	0.729867	AUC	lower = more sensitive	S2759
CAS-DAC-7	CUDC-907	0.829496	AUC	lower = more sensitive	S2759
CAS-DAC-8	CUDC-907	0.850032	AUC	lower = more sensitive	S2759
CAS-DAC-9	CUDC-907	0.727495	AUC	lower = more sensitive	S2759
CAS-IPMN-1	CUDC-907	0.929489	AUC	lower = more sensitive	S2759
CAS-DAC-1	CURCUMIN	0.676069	AUC	lower = more sensitive	S1848
CAS-DAC-11	CURCUMIN	0.814571	AUC	lower = more sensitive	S1848
CAS-DAC-12	CURCUMIN	0.858731	AUC	lower = more sensitive	S1848
CAS-DAC-13	CURCUMIN	0.896862	AUC	lower = more sensitive	S1848
CAS-DAC-14	CURCUMIN	0.935627	AUC	lower = more sensitive	S1848
CAS-DAC-15	CURCUMIN	0.820239	AUC	lower = more sensitive	S1848
CAS-DAC-16	CURCUMIN	0.778773	AUC	lower = more sensitive	S1848
CAS-DAC-18	CURCUMIN	0.835674	AUC	lower = more sensitive	S1848
CAS-DAC-19	CURCUMIN	0.802672	AUC	lower = more sensitive	S1848
CAS-DAC-2	CURCUMIN	0.912648	AUC	lower = more sensitive	S1848
CAS-DAC-20	CURCUMIN	0.709465	AUC	lower = more sensitive	S1848
CAS-DAC-21	CURCUMIN	0.9021	AUC	lower = more sensitive	S1848
CAS-DAC-22	CURCUMIN	0.654227	AUC	lower = more sensitive	S1848
CAS-DAC-23	CURCUMIN	0.894557	AUC	lower = more sensitive	S1848
CAS-DAC-24	CURCUMIN	0.75837	AUC	lower = more sensitive	S1848
CAS-DAC-25	CURCUMIN	0.593595	AUC	lower = more sensitive	S1848
CAS-DAC-26	CURCUMIN	0.696403	AUC	lower = more sensitive	S1848
CAS-DAC-27	CURCUMIN	0.80848	AUC	lower = more sensitive	S1848
CAS-DAC-28	CURCUMIN	0.836622	AUC	lower = more sensitive	S1848
CAS-DAC-29	CURCUMIN	0.635074	AUC	lower = more sensitive	S1848
CAS-DAC-3	CURCUMIN	0.744123	AUC	lower = more sensitive	S1848
CAS-DAC-30	CURCUMIN	0.885504	AUC	lower = more sensitive	S1848
CAS-DAC-31	CURCUMIN	0.6997	AUC	lower = more sensitive	S1848
CAS-DAC-32	CURCUMIN	0.888374	AUC	lower = more sensitive	S1848
CAS-DAC-33	CURCUMIN	0.594491	AUC	lower = more sensitive	S1848
CAS-DAC-34	CURCUMIN	0.931662	AUC	lower = more sensitive	S1848
CAS-DAC-35	CURCUMIN	1	AUC	lower = more sensitive	S1848
CAS-DAC-36	CURCUMIN	0.894119	AUC	lower = more sensitive	S1848
CAS-DAC-37	CURCUMIN	0.977259	AUC	lower = more sensitive	S1848
CAS-DAC-38	CURCUMIN	0.775699	AUC	lower = more sensitive	S1848
CAS-DAC-39	CURCUMIN	0.945262	AUC	lower = more sensitive	S1848
CAS-DAC-4	CURCUMIN	0.689294	AUC	lower = more sensitive	S1848
CAS-DAC-42	CURCUMIN	0.949695	AUC	lower = more sensitive	S1848
CAS-DAC-5	CURCUMIN	0.879456	AUC	lower = more sensitive	S1848
CAS-DAC-6	CURCUMIN	0.569652	AUC	lower = more sensitive	S1848
CAS-DAC-7	CURCUMIN	0.724334	AUC	lower = more sensitive	S1848
CAS-DAC-8	CURCUMIN	0.691777	AUC	lower = more sensitive	S1848
CAS-DAC-9	CURCUMIN	0.698885	AUC	lower = more sensitive	S1848
CAS-IPMN-1	CURCUMIN	0.747265	AUC	lower = more sensitive	S1848
CAS-DAC-1	CX-6258	0.885482	AUC	lower = more sensitive	S7041
CAS-DAC-11	CX-6258	0.991026	AUC	lower = more sensitive	S7041
CAS-DAC-12	CX-6258	0.950887	AUC	lower = more sensitive	S7041
CAS-DAC-13	CX-6258	1	AUC	lower = more sensitive	S7041
CAS-DAC-14	CX-6258	0.92258	AUC	lower = more sensitive	S7041
CAS-DAC-15	CX-6258	0.929144	AUC	lower = more sensitive	S7041
CAS-DAC-16	CX-6258	0.951081	AUC	lower = more sensitive	S7041
CAS-DAC-18	CX-6258	0.988033	AUC	lower = more sensitive	S7041
CAS-DAC-19	CX-6258	0.980432	AUC	lower = more sensitive	S7041
CAS-DAC-2	CX-6258	0.959724	AUC	lower = more sensitive	S7041
CAS-DAC-20	CX-6258	0.938859	AUC	lower = more sensitive	S7041
CAS-DAC-21	CX-6258	0.974883	AUC	lower = more sensitive	S7041
CAS-DAC-22	CX-6258	0.950285	AUC	lower = more sensitive	S7041
CAS-DAC-23	CX-6258	0.911895	AUC	lower = more sensitive	S7041
CAS-DAC-24	CX-6258	0.9919	AUC	lower = more sensitive	S7041
CAS-DAC-25	CX-6258	0.995917	AUC	lower = more sensitive	S7041
CAS-DAC-26	CX-6258	0.898559	AUC	lower = more sensitive	S7041
CAS-DAC-27	CX-6258	0.913574	AUC	lower = more sensitive	S7041
CAS-DAC-28	CX-6258	0.986747	AUC	lower = more sensitive	S7041
CAS-DAC-29	CX-6258	0.933686	AUC	lower = more sensitive	S7041
CAS-DAC-3	CX-6258	0.968634	AUC	lower = more sensitive	S7041
CAS-DAC-30	CX-6258	1	AUC	lower = more sensitive	S7041
CAS-DAC-31	CX-6258	0.954233	AUC	lower = more sensitive	S7041
CAS-DAC-32	CX-6258	0.955431	AUC	lower = more sensitive	S7041
CAS-DAC-33	CX-6258	0.993306	AUC	lower = more sensitive	S7041
CAS-DAC-34	CX-6258	0.984949	AUC	lower = more sensitive	S7041
CAS-DAC-35	CX-6258	0.952201	AUC	lower = more sensitive	S7041
CAS-DAC-36	CX-6258	0.993014	AUC	lower = more sensitive	S7041
CAS-DAC-37	CX-6258	0.985243	AUC	lower = more sensitive	S7041
CAS-DAC-38	CX-6258	0.904088	AUC	lower = more sensitive	S7041
CAS-DAC-39	CX-6258	0.887114	AUC	lower = more sensitive	S7041
CAS-DAC-4	CX-6258	0.926117	AUC	lower = more sensitive	S7041
CAS-DAC-42	CX-6258	1	AUC	lower = more sensitive	S7041
CAS-DAC-5	CX-6258	0.962856	AUC	lower = more sensitive	S7041
CAS-DAC-6	CX-6258	0.861599	AUC	lower = more sensitive	S7041
CAS-DAC-7	CX-6258	0.965097	AUC	lower = more sensitive	S7041
CAS-DAC-8	CX-6258	0.954526	AUC	lower = more sensitive	S7041
CAS-DAC-9	CX-6258	0.906407	AUC	lower = more sensitive	S7041
CAS-IPMN-1	CX-6258	0.992838	AUC	lower = more sensitive	S7041
CAS-DAC-1	CYTARABINE	0.393828	AUC	lower = more sensitive	S1648
CAS-DAC-11	CYTARABINE	0.694029	AUC	lower = more sensitive	S1648
CAS-DAC-12	CYTARABINE	0.713382	AUC	lower = more sensitive	S1648
CAS-DAC-13	CYTARABINE	0.983139	AUC	lower = more sensitive	S1648
CAS-DAC-14	CYTARABINE	0.584377	AUC	lower = more sensitive	S1648
CAS-DAC-15	CYTARABINE	0.902364	AUC	lower = more sensitive	S1648
CAS-DAC-16	CYTARABINE	0.461879	AUC	lower = more sensitive	S1648
CAS-DAC-18	CYTARABINE	0.667928	AUC	lower = more sensitive	S1648
CAS-DAC-19	CYTARABINE	0.747504	AUC	lower = more sensitive	S1648
CAS-DAC-2	CYTARABINE	0.881431	AUC	lower = more sensitive	S1648
CAS-DAC-20	CYTARABINE	0.672521	AUC	lower = more sensitive	S1648
CAS-DAC-21	CYTARABINE	0.723814	AUC	lower = more sensitive	S1648
CAS-DAC-22	CYTARABINE	0.880188	AUC	lower = more sensitive	S1648
CAS-DAC-23	CYTARABINE	0.94733	AUC	lower = more sensitive	S1648
CAS-DAC-24	CYTARABINE	0.690869	AUC	lower = more sensitive	S1648
CAS-DAC-25	CYTARABINE	0.85232	AUC	lower = more sensitive	S1648
CAS-DAC-26	CYTARABINE	0.847326	AUC	lower = more sensitive	S1648
CAS-DAC-27	CYTARABINE	0.650597	AUC	lower = more sensitive	S1648
CAS-DAC-28	CYTARABINE	0.94057	AUC	lower = more sensitive	S1648
CAS-DAC-29	CYTARABINE	0.972979	AUC	lower = more sensitive	S1648
CAS-DAC-3	CYTARABINE	0.636495	AUC	lower = more sensitive	S1648
CAS-DAC-30	CYTARABINE	1	AUC	lower = more sensitive	S1648
CAS-DAC-31	CYTARABINE	0.667474	AUC	lower = more sensitive	S1648
CAS-DAC-32	CYTARABINE	0.797521	AUC	lower = more sensitive	S1648
CAS-DAC-33	CYTARABINE	0.907499	AUC	lower = more sensitive	S1648
CAS-DAC-34	CYTARABINE	0.749794	AUC	lower = more sensitive	S1648
CAS-DAC-35	CYTARABINE	0.913802	AUC	lower = more sensitive	S1648
CAS-DAC-36	CYTARABINE	0.776849	AUC	lower = more sensitive	S1648
CAS-DAC-37	CYTARABINE	0.891109	AUC	lower = more sensitive	S1648
CAS-DAC-38	CYTARABINE	0.617736	AUC	lower = more sensitive	S1648
CAS-DAC-39	CYTARABINE	0.549793	AUC	lower = more sensitive	S1648
CAS-DAC-4	CYTARABINE	0.856339	AUC	lower = more sensitive	S1648
CAS-DAC-42	CYTARABINE	0.979541	AUC	lower = more sensitive	S1648
CAS-DAC-5	CYTARABINE	0.757258	AUC	lower = more sensitive	S1648
CAS-DAC-6	CYTARABINE	0.71151	AUC	lower = more sensitive	S1648
CAS-DAC-7	CYTARABINE	0.690555	AUC	lower = more sensitive	S1648
CAS-DAC-8	CYTARABINE	0.681749	AUC	lower = more sensitive	S1648
CAS-DAC-9	CYTARABINE	0.6368	AUC	lower = more sensitive	S1648
CAS-IPMN-1	CYTARABINE	0.93616	AUC	lower = more sensitive	S1648
CAS-DAC-1	DACINOSTAT	0.688096	AUC	lower = more sensitive	S1095
CAS-DAC-11	DACINOSTAT	0.858179	AUC	lower = more sensitive	S1095
CAS-DAC-12	DACINOSTAT	0.778876	AUC	lower = more sensitive	S1095
CAS-DAC-13	DACINOSTAT	0.946632	AUC	lower = more sensitive	S1095
CAS-DAC-14	DACINOSTAT	0.672351	AUC	lower = more sensitive	S1095
CAS-DAC-15	DACINOSTAT	0.80428	AUC	lower = more sensitive	S1095
CAS-DAC-16	DACINOSTAT	0.633557	AUC	lower = more sensitive	S1095
CAS-DAC-18	DACINOSTAT	0.785509	AUC	lower = more sensitive	S1095
CAS-DAC-19	DACINOSTAT	0.802754	AUC	lower = more sensitive	S1095
CAS-DAC-2	DACINOSTAT	0.908219	AUC	lower = more sensitive	S1095
CAS-DAC-20	DACINOSTAT	0.733269	AUC	lower = more sensitive	S1095
CAS-DAC-21	DACINOSTAT	0.843612	AUC	lower = more sensitive	S1095
CAS-DAC-22	DACINOSTAT	1	AUC	lower = more sensitive	S1095
CAS-DAC-23	DACINOSTAT	0.944148	AUC	lower = more sensitive	S1095
CAS-DAC-24	DACINOSTAT	0.691998	AUC	lower = more sensitive	S1095
CAS-DAC-25	DACINOSTAT	0.810558	AUC	lower = more sensitive	S1095
CAS-DAC-26	DACINOSTAT	0.859309	AUC	lower = more sensitive	S1095
CAS-DAC-27	DACINOSTAT	0.647299	AUC	lower = more sensitive	S1095
CAS-DAC-28	DACINOSTAT	0.740238	AUC	lower = more sensitive	S1095
CAS-DAC-29	DACINOSTAT	0.735755	AUC	lower = more sensitive	S1095
CAS-DAC-3	DACINOSTAT	0.765609	AUC	lower = more sensitive	S1095
CAS-DAC-30	DACINOSTAT	0.886653	AUC	lower = more sensitive	S1095
CAS-DAC-31	DACINOSTAT	0.853403	AUC	lower = more sensitive	S1095
CAS-DAC-32	DACINOSTAT	0.712475	AUC	lower = more sensitive	S1095
CAS-DAC-33	DACINOSTAT	0.937505	AUC	lower = more sensitive	S1095
CAS-DAC-34	DACINOSTAT	0.882975	AUC	lower = more sensitive	S1095
CAS-DAC-35	DACINOSTAT	0.746222	AUC	lower = more sensitive	S1095
CAS-DAC-36	DACINOSTAT	0.926858	AUC	lower = more sensitive	S1095
CAS-DAC-37	DACINOSTAT	0.897548	AUC	lower = more sensitive	S1095
CAS-DAC-38	DACINOSTAT	0.684653	AUC	lower = more sensitive	S1095
CAS-DAC-39	DACINOSTAT	0.899038	AUC	lower = more sensitive	S1095
CAS-DAC-4	DACINOSTAT	0.730902	AUC	lower = more sensitive	S1095
CAS-DAC-42	DACINOSTAT	0.956062	AUC	lower = more sensitive	S1095
CAS-DAC-5	DACINOSTAT	0.887637	AUC	lower = more sensitive	S1095
CAS-DAC-6	DACINOSTAT	0.764176	AUC	lower = more sensitive	S1095
CAS-DAC-7	DACINOSTAT	0.796084	AUC	lower = more sensitive	S1095
CAS-DAC-8	DACINOSTAT	0.823898	AUC	lower = more sensitive	S1095
CAS-DAC-9	DACINOSTAT	0.768906	AUC	lower = more sensitive	S1095
CAS-IPMN-1	DACINOSTAT	0.886827	AUC	lower = more sensitive	S1095
CAS-DAC-1	ENMD-2076	0.516658	AUC	lower = more sensitive	S1181,S2018
CAS-DAC-11	ENMD-2076	0.87949	AUC	lower = more sensitive	S1181,S2018
CAS-DAC-12	ENMD-2076	0.663353	AUC	lower = more sensitive	S1181,S2018
CAS-DAC-13	ENMD-2076	0.811272	AUC	lower = more sensitive	S1181,S2018
CAS-DAC-14	ENMD-2076	0.732381	AUC	lower = more sensitive	S1181,S2018
CAS-DAC-15	ENMD-2076	0.619839	AUC	lower = more sensitive	S1181,S2018
CAS-DAC-16	ENMD-2076	0.566849	AUC	lower = more sensitive	S1181,S2018
CAS-DAC-18	ENMD-2076	0.913115	AUC	lower = more sensitive	S1181,S2018
CAS-DAC-19	ENMD-2076	0.606458	AUC	lower = more sensitive	S1181,S2018
CAS-DAC-2	ENMD-2076	0.910652	AUC	lower = more sensitive	S1181,S2018
CAS-DAC-20	ENMD-2076	0.712798	AUC	lower = more sensitive	S1181,S2018
CAS-DAC-21	ENMD-2076	0.783711	AUC	lower = more sensitive	S1181,S2018
CAS-DAC-22	ENMD-2076	0.869621	AUC	lower = more sensitive	S1181,S2018
CAS-DAC-23	ENMD-2076	0.884214	AUC	lower = more sensitive	S1181,S2018
CAS-DAC-24	ENMD-2076	0.812864	AUC	lower = more sensitive	S1181,S2018
CAS-DAC-25	ENMD-2076	0.772962	AUC	lower = more sensitive	S1181,S2018
CAS-DAC-26	ENMD-2076	0.779578	AUC	lower = more sensitive	S1181,S2018
CAS-DAC-27	ENMD-2076	0.729324	AUC	lower = more sensitive	S1181,S2018
CAS-DAC-28	ENMD-2076	0.716382	AUC	lower = more sensitive	S1181,S2018
CAS-DAC-29	ENMD-2076	0.853958	AUC	lower = more sensitive	S1181,S2018
CAS-DAC-3	ENMD-2076	0.669767	AUC	lower = more sensitive	S1181,S2018
CAS-DAC-30	ENMD-2076	0.864511	AUC	lower = more sensitive	S1181,S2018
CAS-DAC-31	ENMD-2076	0.833847	AUC	lower = more sensitive	S1181,S2018
CAS-DAC-32	ENMD-2076	0.713414	AUC	lower = more sensitive	S1181,S2018
CAS-DAC-33	ENMD-2076	0.852997	AUC	lower = more sensitive	S1181,S2018
CAS-DAC-34	ENMD-2076	0.761353	AUC	lower = more sensitive	S1181,S2018
CAS-DAC-35	ENMD-2076	0.803365	AUC	lower = more sensitive	S1181,S2018
CAS-DAC-36	ENMD-2076	0.914394	AUC	lower = more sensitive	S1181,S2018
CAS-DAC-37	ENMD-2076	0.837001	AUC	lower = more sensitive	S1181,S2018
CAS-DAC-38	ENMD-2076	0.70309	AUC	lower = more sensitive	S1181,S2018
CAS-DAC-39	ENMD-2076	0.795038	AUC	lower = more sensitive	S1181,S2018
CAS-DAC-4	ENMD-2076	0.820871	AUC	lower = more sensitive	S1181,S2018
CAS-DAC-42	ENMD-2076	0.853429	AUC	lower = more sensitive	S1181,S2018
CAS-DAC-5	ENMD-2076	0.846633	AUC	lower = more sensitive	S1181,S2018
CAS-DAC-6	ENMD-2076	0.593251	AUC	lower = more sensitive	S1181,S2018
CAS-DAC-7	ENMD-2076	0.71835	AUC	lower = more sensitive	S1181,S2018
CAS-DAC-8	ENMD-2076	0.861275	AUC	lower = more sensitive	S1181,S2018
CAS-DAC-9	ENMD-2076	0.719075	AUC	lower = more sensitive	S1181,S2018
CAS-IPMN-1	ENMD-2076	1	AUC	lower = more sensitive	S1181,S2018
CAS-DAC-1	FEDRATINIB	0.451776	AUC	lower = more sensitive	S2736
CAS-DAC-11	FEDRATINIB	0.876499	AUC	lower = more sensitive	S2736
CAS-DAC-12	FEDRATINIB	0.746636	AUC	lower = more sensitive	S2736
CAS-DAC-13	FEDRATINIB	0.87263	AUC	lower = more sensitive	S2736
CAS-DAC-14	FEDRATINIB	0.641504	AUC	lower = more sensitive	S2736
CAS-DAC-15	FEDRATINIB	0.525597	AUC	lower = more sensitive	S2736
CAS-DAC-16	FEDRATINIB	0.445879	AUC	lower = more sensitive	S2736
CAS-DAC-18	FEDRATINIB	1	AUC	lower = more sensitive	S2736
CAS-DAC-19	FEDRATINIB	0.57242	AUC	lower = more sensitive	S2736
CAS-DAC-2	FEDRATINIB	0.961736	AUC	lower = more sensitive	S2736
CAS-DAC-20	FEDRATINIB	0.629811	AUC	lower = more sensitive	S2736
CAS-DAC-21	FEDRATINIB	0.826359	AUC	lower = more sensitive	S2736
CAS-DAC-22	FEDRATINIB	0.875071	AUC	lower = more sensitive	S2736
CAS-DAC-23	FEDRATINIB	0.87248	AUC	lower = more sensitive	S2736
CAS-DAC-24	FEDRATINIB	0.659557	AUC	lower = more sensitive	S2736
CAS-DAC-25	FEDRATINIB	0.851359	AUC	lower = more sensitive	S2736
CAS-DAC-26	FEDRATINIB	0.862338	AUC	lower = more sensitive	S2736
CAS-DAC-27	FEDRATINIB	0.625113	AUC	lower = more sensitive	S2736
CAS-DAC-28	FEDRATINIB	0.683283	AUC	lower = more sensitive	S2736
CAS-DAC-29	FEDRATINIB	0.915585	AUC	lower = more sensitive	S2736
CAS-DAC-3	FEDRATINIB	0.646472	AUC	lower = more sensitive	S2736
CAS-DAC-30	FEDRATINIB	0.891288	AUC	lower = more sensitive	S2736
CAS-DAC-31	FEDRATINIB	0.758541	AUC	lower = more sensitive	S2736
CAS-DAC-32	FEDRATINIB	0.75703	AUC	lower = more sensitive	S2736
CAS-DAC-33	FEDRATINIB	0.75527	AUC	lower = more sensitive	S2736
CAS-DAC-34	FEDRATINIB	0.777851	AUC	lower = more sensitive	S2736
CAS-DAC-35	FEDRATINIB	0.919189	AUC	lower = more sensitive	S2736
CAS-DAC-36	FEDRATINIB	0.921383	AUC	lower = more sensitive	S2736
CAS-DAC-37	FEDRATINIB	0.782876	AUC	lower = more sensitive	S2736
CAS-DAC-38	FEDRATINIB	0.818193	AUC	lower = more sensitive	S2736
CAS-DAC-39	FEDRATINIB	0.68551	AUC	lower = more sensitive	S2736
CAS-DAC-4	FEDRATINIB	0.61019	AUC	lower = more sensitive	S2736
CAS-DAC-42	FEDRATINIB	0.853635	AUC	lower = more sensitive	S2736
CAS-DAC-5	FEDRATINIB	0.925818	AUC	lower = more sensitive	S2736
CAS-DAC-6	FEDRATINIB	0.746913	AUC	lower = more sensitive	S2736
CAS-DAC-7	FEDRATINIB	0.657523	AUC	lower = more sensitive	S2736
CAS-DAC-8	FEDRATINIB	0.897564	AUC	lower = more sensitive	S2736
CAS-DAC-9	FEDRATINIB	0.843639	AUC	lower = more sensitive	S2736
CAS-IPMN-1	FEDRATINIB	0.667434	AUC	lower = more sensitive	S2736
CAS-DAC-1	FLLL32	0.46807	AUC	lower = more sensitive	S7259
CAS-DAC-11	FLLL32	0.702337	AUC	lower = more sensitive	S7259
CAS-DAC-12	FLLL32	0.683507	AUC	lower = more sensitive	S7259
CAS-DAC-13	FLLL32	0.902742	AUC	lower = more sensitive	S7259
CAS-DAC-14	FLLL32	0.806362	AUC	lower = more sensitive	S7259
CAS-DAC-15	FLLL32	0.575311	AUC	lower = more sensitive	S7259
CAS-DAC-16	FLLL32	0.489196	AUC	lower = more sensitive	S7259
CAS-DAC-18	FLLL32	0.757549	AUC	lower = more sensitive	S7259
CAS-DAC-19	FLLL32	0.580784	AUC	lower = more sensitive	S7259
CAS-DAC-2	FLLL32	0.787207	AUC	lower = more sensitive	S7259
CAS-DAC-20	FLLL32	0.66184	AUC	lower = more sensitive	S7259
CAS-DAC-21	FLLL32	0.73012	AUC	lower = more sensitive	S7259
CAS-DAC-22	FLLL32	0.729243	AUC	lower = more sensitive	S7259
CAS-DAC-23	FLLL32	0.982462	AUC	lower = more sensitive	S7259
CAS-DAC-24	FLLL32	0.636815	AUC	lower = more sensitive	S7259
CAS-DAC-25	FLLL32	0.594694	AUC	lower = more sensitive	S7259
CAS-DAC-26	FLLL32	0.724008	AUC	lower = more sensitive	S7259
CAS-DAC-27	FLLL32	0.670082	AUC	lower = more sensitive	S7259
CAS-DAC-28	FLLL32	0.603391	AUC	lower = more sensitive	S7259
CAS-DAC-29	FLLL32	0.697091	AUC	lower = more sensitive	S7259
CAS-DAC-3	FLLL32	0.608202	AUC	lower = more sensitive	S7259
CAS-DAC-30	FLLL32	1	AUC	lower = more sensitive	S7259
CAS-DAC-31	FLLL32	0.679639	AUC	lower = more sensitive	S7259
CAS-DAC-32	FLLL32	0.664314	AUC	lower = more sensitive	S7259
CAS-DAC-33	FLLL32	0.600484	AUC	lower = more sensitive	S7259
CAS-DAC-34	FLLL32	0.787764	AUC	lower = more sensitive	S7259
CAS-DAC-35	FLLL32	0.727943	AUC	lower = more sensitive	S7259
CAS-DAC-36	FLLL32	0.811429	AUC	lower = more sensitive	S7259
CAS-DAC-37	FLLL32	0.981521	AUC	lower = more sensitive	S7259
CAS-DAC-38	FLLL32	0.580578	AUC	lower = more sensitive	S7259
CAS-DAC-39	FLLL32	0.728876	AUC	lower = more sensitive	S7259
CAS-DAC-4	FLLL32	0.618155	AUC	lower = more sensitive	S7259
CAS-DAC-42	FLLL32	0.83409	AUC	lower = more sensitive	S7259
CAS-DAC-5	FLLL32	0.724359	AUC	lower = more sensitive	S7259
CAS-DAC-6	FLLL32	0.61996	AUC	lower = more sensitive	S7259
CAS-DAC-7	FLLL32	0.636692	AUC	lower = more sensitive	S7259
CAS-DAC-8	FLLL32	0.713042	AUC	lower = more sensitive	S7259
CAS-DAC-9	FLLL32	0.573532	AUC	lower = more sensitive	S7259
CAS-IPMN-1	FLLL32	0.820036	AUC	lower = more sensitive	S7259
CAS-DAC-1	FLUOROURACIL	0.852948	AUC	lower = more sensitive	5-FU
CAS-DAC-11	FLUOROURACIL	0.883672	AUC	lower = more sensitive	5-FU
CAS-DAC-12	FLUOROURACIL	0.812418	AUC	lower = more sensitive	5-FU
CAS-DAC-13	FLUOROURACIL	1	AUC	lower = more sensitive	5-FU
CAS-DAC-14	FLUOROURACIL	0.98514	AUC	lower = more sensitive	5-FU
CAS-DAC-15	FLUOROURACIL	0.64535	AUC	lower = more sensitive	5-FU
CAS-DAC-16	FLUOROURACIL	0.771627	AUC	lower = more sensitive	5-FU
CAS-DAC-18	FLUOROURACIL	0.745119	AUC	lower = more sensitive	5-FU
CAS-DAC-19	FLUOROURACIL	0.645524	AUC	lower = more sensitive	5-FU
CAS-DAC-2	FLUOROURACIL	0.959476	AUC	lower = more sensitive	5-FU
CAS-DAC-20	FLUOROURACIL	0.834844	AUC	lower = more sensitive	5-FU
CAS-DAC-21	FLUOROURACIL	0.863399	AUC	lower = more sensitive	5-FU
CAS-DAC-22	FLUOROURACIL	0.914075	AUC	lower = more sensitive	5-FU
CAS-DAC-23	FLUOROURACIL	0.832745	AUC	lower = more sensitive	5-FU
CAS-DAC-24	FLUOROURACIL	0.857062	AUC	lower = more sensitive	5-FU
CAS-DAC-25	FLUOROURACIL	0.858252	AUC	lower = more sensitive	5-FU
CAS-DAC-26	FLUOROURACIL	0.816253	AUC	lower = more sensitive	5-FU
CAS-DAC-27	FLUOROURACIL	0.643032	AUC	lower = more sensitive	5-FU
CAS-DAC-28	FLUOROURACIL	0.843211	AUC	lower = more sensitive	5-FU
CAS-DAC-29	FLUOROURACIL	0.823001	AUC	lower = more sensitive	5-FU
CAS-DAC-3	FLUOROURACIL	0.755654	AUC	lower = more sensitive	5-FU
CAS-DAC-30	FLUOROURACIL	0.83808	AUC	lower = more sensitive	5-FU
CAS-DAC-31	FLUOROURACIL	0.746565	AUC	lower = more sensitive	5-FU
CAS-DAC-32	FLUOROURACIL	0.863733	AUC	lower = more sensitive	5-FU
CAS-DAC-33	FLUOROURACIL	0.867151	AUC	lower = more sensitive	5-FU
CAS-DAC-34	FLUOROURACIL	0.702455	AUC	lower = more sensitive	5-FU
CAS-DAC-35	FLUOROURACIL	0.92482	AUC	lower = more sensitive	5-FU
CAS-DAC-36	FLUOROURACIL	0.910839	AUC	lower = more sensitive	5-FU
CAS-DAC-37	FLUOROURACIL	0.685057	AUC	lower = more sensitive	5-FU
CAS-DAC-38	FLUOROURACIL	0.921028	AUC	lower = more sensitive	5-FU
CAS-DAC-39	FLUOROURACIL	0.796773	AUC	lower = more sensitive	5-FU
CAS-DAC-4	FLUOROURACIL	0.876031	AUC	lower = more sensitive	5-FU
CAS-DAC-42	FLUOROURACIL	0.814316	AUC	lower = more sensitive	5-FU
CAS-DAC-5	FLUOROURACIL	0.835497	AUC	lower = more sensitive	5-FU
CAS-DAC-6	FLUOROURACIL	0.780954	AUC	lower = more sensitive	5-FU
CAS-DAC-7	FLUOROURACIL	0.764766	AUC	lower = more sensitive	5-FU
CAS-DAC-8	FLUOROURACIL	0.912519	AUC	lower = more sensitive	5-FU
CAS-DAC-9	FLUOROURACIL	0.799231	AUC	lower = more sensitive	5-FU
CAS-IPMN-1	FLUOROURACIL	0.842536	AUC	lower = more sensitive	5-FU
CAS-DAC-1	GEMCITABINE	0.214729	AUC	lower = more sensitive	GEM
CAS-DAC-11	GEMCITABINE	0.577835	AUC	lower = more sensitive	GEM
CAS-DAC-12	GEMCITABINE	0.619456	AUC	lower = more sensitive	GEM
CAS-DAC-13	GEMCITABINE	1	AUC	lower = more sensitive	GEM
CAS-DAC-14	GEMCITABINE	0.585464	AUC	lower = more sensitive	GEM
CAS-DAC-15	GEMCITABINE	0.459217	AUC	lower = more sensitive	GEM
CAS-DAC-16	GEMCITABINE	0.469944	AUC	lower = more sensitive	GEM
CAS-DAC-18	GEMCITABINE	0.220642	AUC	lower = more sensitive	GEM
CAS-DAC-19	GEMCITABINE	0.390997	AUC	lower = more sensitive	GEM
CAS-DAC-2	GEMCITABINE	0.860994	AUC	lower = more sensitive	GEM
CAS-DAC-20	GEMCITABINE	0.565631	AUC	lower = more sensitive	GEM
CAS-DAC-21	GEMCITABINE	0.650968	AUC	lower = more sensitive	GEM
CAS-DAC-22	GEMCITABINE	0.615608	AUC	lower = more sensitive	GEM
CAS-DAC-23	GEMCITABINE	0.970917	AUC	lower = more sensitive	GEM
CAS-DAC-24	GEMCITABINE	0.367147	AUC	lower = more sensitive	GEM
CAS-DAC-25	GEMCITABINE	0.675368	AUC	lower = more sensitive	GEM
CAS-DAC-26	GEMCITABINE	0.832722	AUC	lower = more sensitive	GEM
CAS-DAC-27	GEMCITABINE	0.537443	AUC	lower = more sensitive	GEM
CAS-DAC-28	GEMCITABINE	0.483473	AUC	lower = more sensitive	GEM
CAS-DAC-29	GEMCITABINE	0.599026	AUC	lower = more sensitive	GEM
CAS-DAC-3	GEMCITABINE	0.493162	AUC	lower = more sensitive	GEM
CAS-DAC-30	GEMCITABINE	0.929575	AUC	lower = more sensitive	GEM
CAS-DAC-31	GEMCITABINE	0.627246	AUC	lower = more sensitive	GEM
CAS-DAC-32	GEMCITABINE	0.559709	AUC	lower = more sensitive	GEM
CAS-DAC-33	GEMCITABINE	0.531639	AUC	lower = more sensitive	GEM
CAS-DAC-34	GEMCITABINE	0.547093	AUC	lower = more sensitive	GEM
CAS-DAC-35	GEMCITABINE	0.741614	AUC	lower = more sensitive	GEM
CAS-DAC-36	GEMCITABINE	0.625796	AUC	lower = more sensitive	GEM
CAS-DAC-37	GEMCITABINE	0.482998	AUC	lower = more sensitive	GEM
CAS-DAC-38	GEMCITABINE	0.349377	AUC	lower = more sensitive	GEM
CAS-DAC-39	GEMCITABINE	0.592063	AUC	lower = more sensitive	GEM
CAS-DAC-4	GEMCITABINE	0.550534	AUC	lower = more sensitive	GEM
CAS-DAC-42	GEMCITABINE	0.82075	AUC	lower = more sensitive	GEM
CAS-DAC-5	GEMCITABINE	0.624318	AUC	lower = more sensitive	GEM
CAS-DAC-6	GEMCITABINE	0.382147	AUC	lower = more sensitive	GEM
CAS-DAC-7	GEMCITABINE	0.616447	AUC	lower = more sensitive	GEM
CAS-DAC-8	GEMCITABINE	0.579441	AUC	lower = more sensitive	GEM
CAS-DAC-9	GEMCITABINE	0.407424	AUC	lower = more sensitive	GEM
CAS-IPMN-1	GEMCITABINE	0.664818	AUC	lower = more sensitive	GEM
CAS-DAC-1	GIVINOSTAT	0.711871	AUC	lower = more sensitive	S2170
CAS-DAC-11	GIVINOSTAT	0.912352	AUC	lower = more sensitive	S2170
CAS-DAC-12	GIVINOSTAT	0.890399	AUC	lower = more sensitive	S2170
CAS-DAC-13	GIVINOSTAT	0.996535	AUC	lower = more sensitive	S2170
CAS-DAC-14	GIVINOSTAT	0.74903	AUC	lower = more sensitive	S2170
CAS-DAC-15	GIVINOSTAT	0.75466	AUC	lower = more sensitive	S2170
CAS-DAC-16	GIVINOSTAT	0.712072	AUC	lower = more sensitive	S2170
CAS-DAC-18	GIVINOSTAT	0.789139	AUC	lower = more sensitive	S2170
CAS-DAC-19	GIVINOSTAT	0.831759	AUC	lower = more sensitive	S2170
CAS-DAC-2	GIVINOSTAT	0.927576	AUC	lower = more sensitive	S2170
CAS-DAC-20	GIVINOSTAT	0.680348	AUC	lower = more sensitive	S2170
CAS-DAC-21	GIVINOSTAT	0.902142	AUC	lower = more sensitive	S2170
CAS-DAC-22	GIVINOSTAT	1	AUC	lower = more sensitive	S2170
CAS-DAC-23	GIVINOSTAT	0.923221	AUC	lower = more sensitive	S2170
CAS-DAC-24	GIVINOSTAT	0.798678	AUC	lower = more sensitive	S2170
CAS-DAC-25	GIVINOSTAT	0.914082	AUC	lower = more sensitive	S2170
CAS-DAC-26	GIVINOSTAT	0.9669	AUC	lower = more sensitive	S2170
CAS-DAC-27	GIVINOSTAT	0.721125	AUC	lower = more sensitive	S2170
CAS-DAC-28	GIVINOSTAT	0.800024	AUC	lower = more sensitive	S2170
CAS-DAC-29	GIVINOSTAT	0.776418	AUC	lower = more sensitive	S2170
CAS-DAC-3	GIVINOSTAT	0.833403	AUC	lower = more sensitive	S2170
CAS-DAC-30	GIVINOSTAT	0.915117	AUC	lower = more sensitive	S2170
CAS-DAC-31	GIVINOSTAT	0.888461	AUC	lower = more sensitive	S2170
CAS-DAC-32	GIVINOSTAT	0.75552	AUC	lower = more sensitive	S2170
CAS-DAC-33	GIVINOSTAT	0.877662	AUC	lower = more sensitive	S2170
CAS-DAC-34	GIVINOSTAT	0.797761	AUC	lower = more sensitive	S2170
CAS-DAC-35	GIVINOSTAT	0.788523	AUC	lower = more sensitive	S2170
CAS-DAC-36	GIVINOSTAT	0.949258	AUC	lower = more sensitive	S2170
CAS-DAC-37	GIVINOSTAT	0.885577	AUC	lower = more sensitive	S2170
CAS-DAC-38	GIVINOSTAT	0.703728	AUC	lower = more sensitive	S2170
CAS-DAC-39	GIVINOSTAT	0.827951	AUC	lower = more sensitive	S2170
CAS-DAC-4	GIVINOSTAT	0.777248	AUC	lower = more sensitive	S2170
CAS-DAC-42	GIVINOSTAT	0.925162	AUC	lower = more sensitive	S2170
CAS-DAC-5	GIVINOSTAT	0.930685	AUC	lower = more sensitive	S2170
CAS-DAC-6	GIVINOSTAT	0.851482	AUC	lower = more sensitive	S2170
CAS-DAC-7	GIVINOSTAT	0.838958	AUC	lower = more sensitive	S2170
CAS-DAC-8	GIVINOSTAT	0.898037	AUC	lower = more sensitive	S2170
CAS-DAC-9	GIVINOSTAT	0.70736	AUC	lower = more sensitive	S2170
CAS-IPMN-1	GIVINOSTAT	0.79877	AUC	lower = more sensitive	S2170
CAS-DAC-1	GO6976	0.831281	AUC	lower = more sensitive	S7119
CAS-DAC-11	GO6976	0.933245	AUC	lower = more sensitive	S7119
CAS-DAC-12	GO6976	0.803746	AUC	lower = more sensitive	S7119
CAS-DAC-13	GO6976	0.864242	AUC	lower = more sensitive	S7119
CAS-DAC-14	GO6976	0.812511	AUC	lower = more sensitive	S7119
CAS-DAC-15	GO6976	0.804914	AUC	lower = more sensitive	S7119
CAS-DAC-16	GO6976	0.688624	AUC	lower = more sensitive	S7119
CAS-DAC-18	GO6976	0.979601	AUC	lower = more sensitive	S7119
CAS-DAC-19	GO6976	0.742108	AUC	lower = more sensitive	S7119
CAS-DAC-2	GO6976	0.863869	AUC	lower = more sensitive	S7119
CAS-DAC-20	GO6976	0.7948	AUC	lower = more sensitive	S7119
CAS-DAC-21	GO6976	0.873294	AUC	lower = more sensitive	S7119
CAS-DAC-22	GO6976	0.843286	AUC	lower = more sensitive	S7119
CAS-DAC-23	GO6976	0.799864	AUC	lower = more sensitive	S7119
CAS-DAC-24	GO6976	0.889819	AUC	lower = more sensitive	S7119
CAS-DAC-25	GO6976	0.845416	AUC	lower = more sensitive	S7119
CAS-DAC-26	GO6976	0.785538	AUC	lower = more sensitive	S7119
CAS-DAC-27	GO6976	0.800261	AUC	lower = more sensitive	S7119
CAS-DAC-28	GO6976	0.786879	AUC	lower = more sensitive	S7119
CAS-DAC-29	GO6976	0.941731	AUC	lower = more sensitive	S7119
CAS-DAC-3	GO6976	0.909511	AUC	lower = more sensitive	S7119
CAS-DAC-30	GO6976	1	AUC	lower = more sensitive	S7119
CAS-DAC-31	GO6976	0.771083	AUC	lower = more sensitive	S7119
CAS-DAC-32	GO6976	0.854212	AUC	lower = more sensitive	S7119
CAS-DAC-33	GO6976	0.91959	AUC	lower = more sensitive	S7119
CAS-DAC-34	GO6976	0.920779	AUC	lower = more sensitive	S7119
CAS-DAC-35	GO6976	0.852501	AUC	lower = more sensitive	S7119
CAS-DAC-36	GO6976	0.933611	AUC	lower = more sensitive	S7119
CAS-DAC-37	GO6976	0.964404	AUC	lower = more sensitive	S7119
CAS-DAC-38	GO6976	0.837693	AUC	lower = more sensitive	S7119
CAS-DAC-39	GO6976	0.818507	AUC	lower = more sensitive	S7119
CAS-DAC-4	GO6976	0.882334	AUC	lower = more sensitive	S7119
CAS-DAC-42	GO6976	1	AUC	lower = more sensitive	S7119
CAS-DAC-5	GO6976	0.890282	AUC	lower = more sensitive	S7119
CAS-DAC-6	GO6976	0.725945	AUC	lower = more sensitive	S7119
CAS-DAC-7	GO6976	0.951801	AUC	lower = more sensitive	S7119
CAS-DAC-8	GO6976	0.8737	AUC	lower = more sensitive	S7119
CAS-DAC-9	GO6976	0.899827	AUC	lower = more sensitive	S7119
CAS-IPMN-1	GO6976	0.914937	AUC	lower = more sensitive	S7119
CAS-DAC-1	GSK J4	0.608756	AUC	lower = more sensitive	S7070
CAS-DAC-11	GSK J4	0.784032	AUC	lower = more sensitive	S7070
CAS-DAC-12	GSK J4	0.826755	AUC	lower = more sensitive	S7070
CAS-DAC-13	GSK J4	0.886832	AUC	lower = more sensitive	S7070
CAS-DAC-14	GSK J4	0.885413	AUC	lower = more sensitive	S7070
CAS-DAC-15	GSK J4	0.646655	AUC	lower = more sensitive	S7070
CAS-DAC-16	GSK J4	0.762806	AUC	lower = more sensitive	S7070
CAS-DAC-18	GSK J4	0.770959	AUC	lower = more sensitive	S7070
CAS-DAC-19	GSK J4	0.560649	AUC	lower = more sensitive	S7070
CAS-DAC-2	GSK J4	0.855451	AUC	lower = more sensitive	S7070
CAS-DAC-20	GSK J4	0.61643	AUC	lower = more sensitive	S7070
CAS-DAC-21	GSK J4	0.90636	AUC	lower = more sensitive	S7070
CAS-DAC-22	GSK J4	0.578311	AUC	lower = more sensitive	S7070
CAS-DAC-23	GSK J4	1	AUC	lower = more sensitive	S7070
CAS-DAC-24	GSK J4	0.836873	AUC	lower = more sensitive	S7070
CAS-DAC-25	GSK J4	0.771775	AUC	lower = more sensitive	S7070
CAS-DAC-26	GSK J4	0.766148	AUC	lower = more sensitive	S7070
CAS-DAC-27	GSK J4	0.803791	AUC	lower = more sensitive	S7070
CAS-DAC-28	GSK J4	0.829502	AUC	lower = more sensitive	S7070
CAS-DAC-29	GSK J4	0.752434	AUC	lower = more sensitive	S7070
CAS-DAC-3	GSK J4	0.800219	AUC	lower = more sensitive	S7070
CAS-DAC-30	GSK J4	0.952911	AUC	lower = more sensitive	S7070
CAS-DAC-31	GSK J4	0.96424	AUC	lower = more sensitive	S7070
CAS-DAC-32	GSK J4	0.645064	AUC	lower = more sensitive	S7070
CAS-DAC-33	GSK J4	0.653565	AUC	lower = more sensitive	S7070
CAS-DAC-34	GSK J4	0.721142	AUC	lower = more sensitive	S7070
CAS-DAC-35	GSK J4	0.803695	AUC	lower = more sensitive	S7070
CAS-DAC-36	GSK J4	0.747255	AUC	lower = more sensitive	S7070
CAS-DAC-37	GSK J4	0.910716	AUC	lower = more sensitive	S7070
CAS-DAC-38	GSK J4	0.544194	AUC	lower = more sensitive	S7070
CAS-DAC-39	GSK J4	0.815355	AUC	lower = more sensitive	S7070
CAS-DAC-4	GSK J4	0.739542	AUC	lower = more sensitive	S7070
CAS-DAC-42	GSK J4	0.760698	AUC	lower = more sensitive	S7070
CAS-DAC-5	GSK J4	0.893954	AUC	lower = more sensitive	S7070
CAS-DAC-6	GSK J4	0.471891	AUC	lower = more sensitive	S7070
CAS-DAC-7	GSK J4	0.686264	AUC	lower = more sensitive	S7070
CAS-DAC-8	GSK J4	0.703721	AUC	lower = more sensitive	S7070
CAS-DAC-9	GSK J4	0.628481	AUC	lower = more sensitive	S7070
CAS-IPMN-1	GSK J4	0.903633	AUC	lower = more sensitive	S7070
CAS-DAC-1	GSK1324726A	0.556035	AUC	lower = more sensitive	S7620
CAS-DAC-11	GSK1324726A	0.947407	AUC	lower = more sensitive	S7620
CAS-DAC-12	GSK1324726A	0.785622	AUC	lower = more sensitive	S7620
CAS-DAC-13	GSK1324726A	0.929864	AUC	lower = more sensitive	S7620
CAS-DAC-14	GSK1324726A	0.729976	AUC	lower = more sensitive	S7620
CAS-DAC-15	GSK1324726A	0.798302	AUC	lower = more sensitive	S7620
CAS-DAC-16	GSK1324726A	0.523397	AUC	lower = more sensitive	S7620
CAS-DAC-18	GSK1324726A	0.889423	AUC	lower = more sensitive	S7620
CAS-DAC-19	GSK1324726A	0.550677	AUC	lower = more sensitive	S7620
CAS-DAC-2	GSK1324726A	0.894107	AUC	lower = more sensitive	S7620
CAS-DAC-20	GSK1324726A	0.569544	AUC	lower = more sensitive	S7620
CAS-DAC-21	GSK1324726A	0.869528	AUC	lower = more sensitive	S7620
CAS-DAC-22	GSK1324726A	0.885083	AUC	lower = more sensitive	S7620
CAS-DAC-23	GSK1324726A	0.781884	AUC	lower = more sensitive	S7620
CAS-DAC-24	GSK1324726A	0.732511	AUC	lower = more sensitive	S7620
CAS-DAC-25	GSK1324726A	0.729929	AUC	lower = more sensitive	S7620
CAS-DAC-26	GSK1324726A	0.700061	AUC	lower = more sensitive	S7620
CAS-DAC-27	GSK1324726A	0.705315	AUC	lower = more sensitive	S7620
CAS-DAC-28	GSK1324726A	0.632867	AUC	lower = more sensitive	S7620
CAS-DAC-29	GSK1324726A	0.743156	AUC	lower = more sensitive	S7620
CAS-DAC-3	GSK1324726A	0.68469	AUC	lower = more sensitive	S7620
CAS-DAC-30	GSK1324726A	0.832726	AUC	lower = more sensitive	S7620
CAS-DAC-31	GSK1324726A	0.704051	AUC	lower = more sensitive	S7620
CAS-DAC-32	GSK1324726A	0.756659	AUC	lower = more sensitive	S7620
CAS-DAC-33	GSK1324726A	0.714782	AUC	lower = more sensitive	S7620
CAS-DAC-34	GSK1324726A	0.679687	AUC	lower = more sensitive	S7620
CAS-DAC-35	GSK1324726A	0.748356	AUC	lower = more sensitive	S7620
CAS-DAC-36	GSK1324726A	0.878593	AUC	lower = more sensitive	S7620
CAS-DAC-37	GSK1324726A	0.717812	AUC	lower = more sensitive	S7620
CAS-DAC-38	GSK1324726A	0.621502	AUC	lower = more sensitive	S7620
CAS-DAC-39	GSK1324726A	0.711712	AUC	lower = more sensitive	S7620
CAS-DAC-4	GSK1324726A	0.72354	AUC	lower = more sensitive	S7620
CAS-DAC-42	GSK1324726A	0.867099	AUC	lower = more sensitive	S7620
CAS-DAC-5	GSK1324726A	0.935243	AUC	lower = more sensitive	S7620
CAS-DAC-6	GSK1324726A	0.572812	AUC	lower = more sensitive	S7620
CAS-DAC-7	GSK1324726A	0.708556	AUC	lower = more sensitive	S7620
CAS-DAC-8	GSK1324726A	0.766063	AUC	lower = more sensitive	S7620
CAS-DAC-9	GSK1324726A	1	AUC	lower = more sensitive	S7620
CAS-IPMN-1	GSK1324726A	0.821865	AUC	lower = more sensitive	S7620
CAS-DAC-1	HESPERADIN	0.340132	AUC	lower = more sensitive	S1529
CAS-DAC-11	HESPERADIN	0.87262	AUC	lower = more sensitive	S1529
CAS-DAC-12	HESPERADIN	0.609116	AUC	lower = more sensitive	S1529
CAS-DAC-13	HESPERADIN	0.730548	AUC	lower = more sensitive	S1529
CAS-DAC-14	HESPERADIN	0.736407	AUC	lower = more sensitive	S1529
CAS-DAC-15	HESPERADIN	0.486152	AUC	lower = more sensitive	S1529
CAS-DAC-16	HESPERADIN	0.622432	AUC	lower = more sensitive	S1529
CAS-DAC-18	HESPERADIN	0.68524	AUC	lower = more sensitive	S1529
CAS-DAC-19	HESPERADIN	0.388412	AUC	lower = more sensitive	S1529
CAS-DAC-2	HESPERADIN	1	AUC	lower = more sensitive	S1529
CAS-DAC-20	HESPERADIN	0.82462	AUC	lower = more sensitive	S1529
CAS-DAC-21	HESPERADIN	0.769904	AUC	lower = more sensitive	S1529
CAS-DAC-22	HESPERADIN	0.959032	AUC	lower = more sensitive	S1529
CAS-DAC-23	HESPERADIN	0.845531	AUC	lower = more sensitive	S1529
CAS-DAC-24	HESPERADIN	0.926466	AUC	lower = more sensitive	S1529
CAS-DAC-25	HESPERADIN	0.599393	AUC	lower = more sensitive	S1529
CAS-DAC-26	HESPERADIN	0.876668	AUC	lower = more sensitive	S1529
CAS-DAC-27	HESPERADIN	0.711708	AUC	lower = more sensitive	S1529
CAS-DAC-28	HESPERADIN	0.686061	AUC	lower = more sensitive	S1529
CAS-DAC-29	HESPERADIN	0.934165	AUC	lower = more sensitive	S1529
CAS-DAC-3	HESPERADIN	0.752105	AUC	lower = more sensitive	S1529
CAS-DAC-30	HESPERADIN	0.87358	AUC	lower = more sensitive	S1529
CAS-DAC-31	HESPERADIN	0.797615	AUC	lower = more sensitive	S1529
CAS-DAC-32	HESPERADIN	0.712233	AUC	lower = more sensitive	S1529
CAS-DAC-33	HESPERADIN	0.62479	AUC	lower = more sensitive	S1529
CAS-DAC-34	HESPERADIN	0.708664	AUC	lower = more sensitive	S1529
CAS-DAC-35	HESPERADIN	0.830985	AUC	lower = more sensitive	S1529
CAS-DAC-36	HESPERADIN	0.980275	AUC	lower = more sensitive	S1529
CAS-DAC-37	HESPERADIN	0.614291	AUC	lower = more sensitive	S1529
CAS-DAC-38	HESPERADIN	0.795879	AUC	lower = more sensitive	S1529
CAS-DAC-39	HESPERADIN	0.794979	AUC	lower = more sensitive	S1529
CAS-DAC-4	HESPERADIN	0.796825	AUC	lower = more sensitive	S1529
CAS-DAC-42	HESPERADIN	0.61044	AUC	lower = more sensitive	S1529
CAS-DAC-5	HESPERADIN	0.858271	AUC	lower = more sensitive	S1529
CAS-DAC-6	HESPERADIN	0.454404	AUC	lower = more sensitive	S1529
CAS-DAC-7	HESPERADIN	0.638873	AUC	lower = more sensitive	S1529
CAS-DAC-8	HESPERADIN	0.889518	AUC	lower = more sensitive	S1529
CAS-DAC-9	HESPERADIN	0.894088	AUC	lower = more sensitive	S1529
CAS-IPMN-1	HESPERADIN	0.949506	AUC	lower = more sensitive	S1529
CAS-DAC-1	IRINOTECAN	0.791912	AUC	lower = more sensitive	IRI
CAS-DAC-11	IRINOTECAN	0.862154	AUC	lower = more sensitive	IRI
CAS-DAC-12	IRINOTECAN	0.843642	AUC	lower = more sensitive	IRI
CAS-DAC-13	IRINOTECAN	0.970448	AUC	lower = more sensitive	IRI
CAS-DAC-14	IRINOTECAN	0.724154	AUC	lower = more sensitive	IRI
CAS-DAC-15	IRINOTECAN	0.729437	AUC	lower = more sensitive	IRI
CAS-DAC-16	IRINOTECAN	0.826887	AUC	lower = more sensitive	IRI
CAS-DAC-18	IRINOTECAN	0.781319	AUC	lower = more sensitive	IRI
CAS-DAC-19	IRINOTECAN	0.863081	AUC	lower = more sensitive	IRI
CAS-DAC-2	IRINOTECAN	0.907404	AUC	lower = more sensitive	IRI
CAS-DAC-20	IRINOTECAN	0.745073	AUC	lower = more sensitive	IRI
CAS-DAC-21	IRINOTECAN	0.877591	AUC	lower = more sensitive	IRI
CAS-DAC-22	IRINOTECAN	0.926166	AUC	lower = more sensitive	IRI
CAS-DAC-23	IRINOTECAN	0.993059	AUC	lower = more sensitive	IRI
CAS-DAC-24	IRINOTECAN	0.730212	AUC	lower = more sensitive	IRI
CAS-DAC-25	IRINOTECAN	0.983532	AUC	lower = more sensitive	IRI
CAS-DAC-26	IRINOTECAN	0.941485	AUC	lower = more sensitive	IRI
CAS-DAC-27	IRINOTECAN	0.732961	AUC	lower = more sensitive	IRI
CAS-DAC-28	IRINOTECAN	0.978423	AUC	lower = more sensitive	IRI
CAS-DAC-29	IRINOTECAN	0.854511	AUC	lower = more sensitive	IRI
CAS-DAC-3	IRINOTECAN	0.751791	AUC	lower = more sensitive	IRI
CAS-DAC-30	IRINOTECAN	1	AUC	lower = more sensitive	IRI
CAS-DAC-31	IRINOTECAN	0.911098	AUC	lower = more sensitive	IRI
CAS-DAC-32	IRINOTECAN	0.825563	AUC	lower = more sensitive	IRI
CAS-DAC-33	IRINOTECAN	0.929695	AUC	lower = more sensitive	IRI
CAS-DAC-34	IRINOTECAN	0.86475	AUC	lower = more sensitive	IRI
CAS-DAC-35	IRINOTECAN	0.973618	AUC	lower = more sensitive	IRI
CAS-DAC-36	IRINOTECAN	0.873247	AUC	lower = more sensitive	IRI
CAS-DAC-37	IRINOTECAN	0.842918	AUC	lower = more sensitive	IRI
CAS-DAC-38	IRINOTECAN	0.88139	AUC	lower = more sensitive	IRI
CAS-DAC-39	IRINOTECAN	0.820052	AUC	lower = more sensitive	IRI
CAS-DAC-4	IRINOTECAN	0.703735	AUC	lower = more sensitive	IRI
CAS-DAC-42	IRINOTECAN	0.953253	AUC	lower = more sensitive	IRI
CAS-DAC-5	IRINOTECAN	0.854924	AUC	lower = more sensitive	IRI
CAS-DAC-6	IRINOTECAN	0.814386	AUC	lower = more sensitive	IRI
CAS-DAC-7	IRINOTECAN	0.679807	AUC	lower = more sensitive	IRI
CAS-DAC-8	IRINOTECAN	0.830134	AUC	lower = more sensitive	IRI
CAS-DAC-9	IRINOTECAN	0.654231	AUC	lower = more sensitive	IRI
CAS-IPMN-1	IRINOTECAN	0.894053	AUC	lower = more sensitive	IRI
CAS-DAC-1	JNJ-7706621	0.454632	AUC	lower = more sensitive	S1249
CAS-DAC-11	JNJ-7706621	0.831125	AUC	lower = more sensitive	S1249
CAS-DAC-12	JNJ-7706621	0.515775	AUC	lower = more sensitive	S1249
CAS-DAC-13	JNJ-7706621	0.975343	AUC	lower = more sensitive	S1249
CAS-DAC-14	JNJ-7706621	1	AUC	lower = more sensitive	S1249
CAS-DAC-15	JNJ-7706621	0.450039	AUC	lower = more sensitive	S1249
CAS-DAC-16	JNJ-7706621	0.513859	AUC	lower = more sensitive	S1249
CAS-DAC-18	JNJ-7706621	0.743455	AUC	lower = more sensitive	S1249
CAS-DAC-19	JNJ-7706621	0.45802	AUC	lower = more sensitive	S1249
CAS-DAC-2	JNJ-7706621	0.838644	AUC	lower = more sensitive	S1249
CAS-DAC-20	JNJ-7706621	0.493874	AUC	lower = more sensitive	S1249
CAS-DAC-21	JNJ-7706621	0.700725	AUC	lower = more sensitive	S1249
CAS-DAC-22	JNJ-7706621	0.81581	AUC	lower = more sensitive	S1249
CAS-DAC-23	JNJ-7706621	0.798129	AUC	lower = more sensitive	S1249
CAS-DAC-24	JNJ-7706621	0.623525	AUC	lower = more sensitive	S1249
CAS-DAC-25	JNJ-7706621	0.5006	AUC	lower = more sensitive	S1249
CAS-DAC-26	JNJ-7706621	0.605303	AUC	lower = more sensitive	S1249
CAS-DAC-27	JNJ-7706621	0.618626	AUC	lower = more sensitive	S1249
CAS-DAC-28	JNJ-7706621	0.487036	AUC	lower = more sensitive	S1249
CAS-DAC-29	JNJ-7706621	0.749577	AUC	lower = more sensitive	S1249
CAS-DAC-3	JNJ-7706621	0.463672	AUC	lower = more sensitive	S1249
CAS-DAC-30	JNJ-7706621	0.741534	AUC	lower = more sensitive	S1249
CAS-DAC-31	JNJ-7706621	0.750462	AUC	lower = more sensitive	S1249
CAS-DAC-32	JNJ-7706621	0.758286	AUC	lower = more sensitive	S1249
CAS-DAC-33	JNJ-7706621	0.792293	AUC	lower = more sensitive	S1249
CAS-DAC-34	JNJ-7706621	0.625109	AUC	lower = more sensitive	S1249
CAS-DAC-35	JNJ-7706621	0.828075	AUC	lower = more sensitive	S1249
CAS-DAC-36	JNJ-7706621	0.853369	AUC	lower = more sensitive	S1249
CAS-DAC-37	JNJ-7706621	0.636689	AUC	lower = more sensitive	S1249
CAS-DAC-38	JNJ-7706621	0.761579	AUC	lower = more sensitive	S1249
CAS-DAC-39	JNJ-7706621	0.95252	AUC	lower = more sensitive	S1249
CAS-DAC-4	JNJ-7706621	0.741398	AUC	lower = more sensitive	S1249
CAS-DAC-42	JNJ-7706621	0.800586	AUC	lower = more sensitive	S1249
CAS-DAC-5	JNJ-7706621	0.654323	AUC	lower = more sensitive	S1249
CAS-DAC-6	JNJ-7706621	0.492589	AUC	lower = more sensitive	S1249
CAS-DAC-7	JNJ-7706621	0.497124	AUC	lower = more sensitive	S1249
CAS-DAC-8	JNJ-7706621	0.859201	AUC	lower = more sensitive	S1249
CAS-DAC-9	JNJ-7706621	0.64881	AUC	lower = more sensitive	S1249
CAS-IPMN-1	JNJ-7706621	0.584854	AUC	lower = more sensitive	S1249
CAS-DAC-1	JQ1	0.50911	AUC	lower = more sensitive	S7110
CAS-DAC-11	JQ1	0.852531	AUC	lower = more sensitive	S7110
CAS-DAC-12	JQ1	0.74424	AUC	lower = more sensitive	S7110
CAS-DAC-13	JQ1	0.805486	AUC	lower = more sensitive	S7110
CAS-DAC-14	JQ1	0.755585	AUC	lower = more sensitive	S7110
CAS-DAC-15	JQ1	0.72716	AUC	lower = more sensitive	S7110
CAS-DAC-16	JQ1	0.525657	AUC	lower = more sensitive	S7110
CAS-DAC-18	JQ1	0.842915	AUC	lower = more sensitive	S7110
CAS-DAC-19	JQ1	0.539295	AUC	lower = more sensitive	S7110
CAS-DAC-2	JQ1	0.85428	AUC	lower = more sensitive	S7110
CAS-DAC-20	JQ1	0.558212	AUC	lower = more sensitive	S7110
CAS-DAC-21	JQ1	0.826023	AUC	lower = more sensitive	S7110
CAS-DAC-22	JQ1	0.886403	AUC	lower = more sensitive	S7110
CAS-DAC-23	JQ1	0.6592	AUC	lower = more sensitive	S7110
CAS-DAC-24	JQ1	0.70207	AUC	lower = more sensitive	S7110
CAS-DAC-25	JQ1	0.645911	AUC	lower = more sensitive	S7110
CAS-DAC-26	JQ1	0.631849	AUC	lower = more sensitive	S7110
CAS-DAC-27	JQ1	0.705912	AUC	lower = more sensitive	S7110
CAS-DAC-28	JQ1	0.518767	AUC	lower = more sensitive	S7110
CAS-DAC-29	JQ1	0.694049	AUC	lower = more sensitive	S7110
CAS-DAC-3	JQ1	0.628431	AUC	lower = more sensitive	S7110
CAS-DAC-30	JQ1	0.793003	AUC	lower = more sensitive	S7110
CAS-DAC-31	JQ1	0.696434	AUC	lower = more sensitive	S7110
CAS-DAC-32	JQ1	0.750337	AUC	lower = more sensitive	S7110
CAS-DAC-33	JQ1	0.724844	AUC	lower = more sensitive	S7110
CAS-DAC-34	JQ1	0.703112	AUC	lower = more sensitive	S7110
CAS-DAC-35	JQ1	0.770378	AUC	lower = more sensitive	S7110
CAS-DAC-36	JQ1	0.849254	AUC	lower = more sensitive	S7110
CAS-DAC-37	JQ1	0.751193	AUC	lower = more sensitive	S7110
CAS-DAC-38	JQ1	0.635143	AUC	lower = more sensitive	S7110
CAS-DAC-39	JQ1	0.717065	AUC	lower = more sensitive	S7110
CAS-DAC-4	JQ1	0.65504	AUC	lower = more sensitive	S7110
CAS-DAC-42	JQ1	0.871709	AUC	lower = more sensitive	S7110
CAS-DAC-5	JQ1	1	AUC	lower = more sensitive	S7110
CAS-DAC-6	JQ1	0.531762	AUC	lower = more sensitive	S7110
CAS-DAC-7	JQ1	0.642752	AUC	lower = more sensitive	S7110
CAS-DAC-8	JQ1	0.745882	AUC	lower = more sensitive	S7110
CAS-DAC-9	JQ1	0.981309	AUC	lower = more sensitive	S7110
CAS-IPMN-1	JQ1	0.754515	AUC	lower = more sensitive	S7110
CAS-DAC-1	LIFICIGUAT	0.889469	AUC	lower = more sensitive	S7958
CAS-DAC-11	LIFICIGUAT	0.922849	AUC	lower = more sensitive	S7958
CAS-DAC-12	LIFICIGUAT	0.79771	AUC	lower = more sensitive	S7958
CAS-DAC-13	LIFICIGUAT	0.856385	AUC	lower = more sensitive	S7958
CAS-DAC-14	LIFICIGUAT	0.154923	AUC	lower = more sensitive	S7958
CAS-DAC-15	LIFICIGUAT	0.500991	AUC	lower = more sensitive	S7958
CAS-DAC-16	LIFICIGUAT	0.640767	AUC	lower = more sensitive	S7958
CAS-DAC-18	LIFICIGUAT	0.927405	AUC	lower = more sensitive	S7958
CAS-DAC-19	LIFICIGUAT	0.503534	AUC	lower = more sensitive	S7958
CAS-DAC-2	LIFICIGUAT	0.867318	AUC	lower = more sensitive	S7958
CAS-DAC-20	LIFICIGUAT	0.85658	AUC	lower = more sensitive	S7958
CAS-DAC-21	LIFICIGUAT	0.791601	AUC	lower = more sensitive	S7958
CAS-DAC-22	LIFICIGUAT	0.771042	AUC	lower = more sensitive	S7958
CAS-DAC-23	LIFICIGUAT	0.81069	AUC	lower = more sensitive	S7958
CAS-DAC-24	LIFICIGUAT	0.286327	AUC	lower = more sensitive	S7958
CAS-DAC-25	LIFICIGUAT	0.79857	AUC	lower = more sensitive	S7958
CAS-DAC-26	LIFICIGUAT	0.562777	AUC	lower = more sensitive	S7958
CAS-DAC-27	LIFICIGUAT	0.792386	AUC	lower = more sensitive	S7958
CAS-DAC-28	LIFICIGUAT	0.519082	AUC	lower = more sensitive	S7958
CAS-DAC-29	LIFICIGUAT	0.881745	AUC	lower = more sensitive	S7958
CAS-DAC-3	LIFICIGUAT	0.782106	AUC	lower = more sensitive	S7958
CAS-DAC-30	LIFICIGUAT	0.773532	AUC	lower = more sensitive	S7958
CAS-DAC-31	LIFICIGUAT	0.866712	AUC	lower = more sensitive	S7958
CAS-DAC-32	LIFICIGUAT	0.892414	AUC	lower = more sensitive	S7958
CAS-DAC-33	LIFICIGUAT	0.870245	AUC	lower = more sensitive	S7958
CAS-DAC-34	LIFICIGUAT	0.919385	AUC	lower = more sensitive	S7958
CAS-DAC-35	LIFICIGUAT	1	AUC	lower = more sensitive	S7958
CAS-DAC-36	LIFICIGUAT	0.663619	AUC	lower = more sensitive	S7958
CAS-DAC-37	LIFICIGUAT	0.716262	AUC	lower = more sensitive	S7958
CAS-DAC-38	LIFICIGUAT	0.876805	AUC	lower = more sensitive	S7958
CAS-DAC-39	LIFICIGUAT	0.747233	AUC	lower = more sensitive	S7958
CAS-DAC-4	LIFICIGUAT	0.689436	AUC	lower = more sensitive	S7958
CAS-DAC-42	LIFICIGUAT	0.774743	AUC	lower = more sensitive	S7958
CAS-DAC-5	LIFICIGUAT	0.986885	AUC	lower = more sensitive	S7958
CAS-DAC-6	LIFICIGUAT	0.537072	AUC	lower = more sensitive	S7958
CAS-DAC-7	LIFICIGUAT	0.178291	AUC	lower = more sensitive	S7958
CAS-DAC-8	LIFICIGUAT	0.762851	AUC	lower = more sensitive	S7958
CAS-DAC-9	LIFICIGUAT	0.873908	AUC	lower = more sensitive	S7958
CAS-IPMN-1	LIFICIGUAT	0.815903	AUC	lower = more sensitive	S7958
CAS-DAC-1	LLY-507	0.888653	AUC	lower = more sensitive	S7575
CAS-DAC-11	LLY-507	0.995472	AUC	lower = more sensitive	S7575
CAS-DAC-12	LLY-507	0.962551	AUC	lower = more sensitive	S7575
CAS-DAC-13	LLY-507	0.9986	AUC	lower = more sensitive	S7575
CAS-DAC-14	LLY-507	0.946877	AUC	lower = more sensitive	S7575
CAS-DAC-15	LLY-507	0.756528	AUC	lower = more sensitive	S7575
CAS-DAC-16	LLY-507	0.894686	AUC	lower = more sensitive	S7575
CAS-DAC-18	LLY-507	0.982481	AUC	lower = more sensitive	S7575
CAS-DAC-19	LLY-507	0.905564	AUC	lower = more sensitive	S7575
CAS-DAC-2	LLY-507	1	AUC	lower = more sensitive	S7575
CAS-DAC-20	LLY-507	0.902994	AUC	lower = more sensitive	S7575
CAS-DAC-21	LLY-507	0.998476	AUC	lower = more sensitive	S7575
CAS-DAC-22	LLY-507	0.997936	AUC	lower = more sensitive	S7575
CAS-DAC-23	LLY-507	1	AUC	lower = more sensitive	S7575
CAS-DAC-24	LLY-507	0.855037	AUC	lower = more sensitive	S7575
CAS-DAC-25	LLY-507	0.996765	AUC	lower = more sensitive	S7575
CAS-DAC-26	LLY-507	0.984768	AUC	lower = more sensitive	S7575
CAS-DAC-27	LLY-507	0.892762	AUC	lower = more sensitive	S7575
CAS-DAC-28	LLY-507	0.991261	AUC	lower = more sensitive	S7575
CAS-DAC-29	LLY-507	0.888287	AUC	lower = more sensitive	S7575
CAS-DAC-3	LLY-507	0.991243	AUC	lower = more sensitive	S7575
CAS-DAC-30	LLY-507	1	AUC	lower = more sensitive	S7575
CAS-DAC-31	LLY-507	0.975472	AUC	lower = more sensitive	S7575
CAS-DAC-32	LLY-507	0.96396	AUC	lower = more sensitive	S7575
CAS-DAC-33	LLY-507	0.988262	AUC	lower = more sensitive	S7575
CAS-DAC-34	LLY-507	0.996821	AUC	lower = more sensitive	S7575
CAS-DAC-35	LLY-507	0.972811	AUC	lower = more sensitive	S7575
CAS-DAC-36	LLY-507	0.996672	AUC	lower = more sensitive	S7575
CAS-DAC-37	LLY-507	0.904475	AUC	lower = more sensitive	S7575
CAS-DAC-38	LLY-507	0.985828	AUC	lower = more sensitive	S7575
CAS-DAC-39	LLY-507	0.862994	AUC	lower = more sensitive	S7575
CAS-DAC-4	LLY-507	0.835344	AUC	lower = more sensitive	S7575
CAS-DAC-42	LLY-507	0.994886	AUC	lower = more sensitive	S7575
CAS-DAC-5	LLY-507	0.998987	AUC	lower = more sensitive	S7575
CAS-DAC-6	LLY-507	0.998014	AUC	lower = more sensitive	S7575
CAS-DAC-7	LLY-507	0.931431	AUC	lower = more sensitive	S7575
CAS-DAC-8	LLY-507	0.990983	AUC	lower = more sensitive	S7575
CAS-DAC-9	LLY-507	0.845955	AUC	lower = more sensitive	S7575
CAS-IPMN-1	LLY-507	0.820502	AUC	lower = more sensitive	S7575
CAS-DAC-1	LMK-235	0.827476	AUC	lower = more sensitive	S7569
CAS-DAC-11	LMK-235	0.988569	AUC	lower = more sensitive	S7569
CAS-DAC-12	LMK-235	0.86947	AUC	lower = more sensitive	S7569
CAS-DAC-13	LMK-235	1	AUC	lower = more sensitive	S7569
CAS-DAC-14	LMK-235	0.819878	AUC	lower = more sensitive	S7569
CAS-DAC-15	LMK-235	0.861443	AUC	lower = more sensitive	S7569
CAS-DAC-16	LMK-235	0.801534	AUC	lower = more sensitive	S7569
CAS-DAC-18	LMK-235	0.854768	AUC	lower = more sensitive	S7569
CAS-DAC-19	LMK-235	0.855653	AUC	lower = more sensitive	S7569
CAS-DAC-2	LMK-235	0.984095	AUC	lower = more sensitive	S7569
CAS-DAC-20	LMK-235	0.820919	AUC	lower = more sensitive	S7569
CAS-DAC-21	LMK-235	0.889637	AUC	lower = more sensitive	S7569
CAS-DAC-22	LMK-235	0.960728	AUC	lower = more sensitive	S7569
CAS-DAC-23	LMK-235	0.946391	AUC	lower = more sensitive	S7569
CAS-DAC-24	LMK-235	0.847269	AUC	lower = more sensitive	S7569
CAS-DAC-25	LMK-235	0.902171	AUC	lower = more sensitive	S7569
CAS-DAC-26	LMK-235	0.905059	AUC	lower = more sensitive	S7569
CAS-DAC-27	LMK-235	0.784577	AUC	lower = more sensitive	S7569
CAS-DAC-28	LMK-235	0.82649	AUC	lower = more sensitive	S7569
CAS-DAC-29	LMK-235	0.78168	AUC	lower = more sensitive	S7569
CAS-DAC-3	LMK-235	0.892954	AUC	lower = more sensitive	S7569
CAS-DAC-30	LMK-235	0.890533	AUC	lower = more sensitive	S7569
CAS-DAC-31	LMK-235	0.863206	AUC	lower = more sensitive	S7569
CAS-DAC-32	LMK-235	0.835877	AUC	lower = more sensitive	S7569
CAS-DAC-33	LMK-235	0.926244	AUC	lower = more sensitive	S7569
CAS-DAC-34	LMK-235	0.883118	AUC	lower = more sensitive	S7569
CAS-DAC-35	LMK-235	0.811822	AUC	lower = more sensitive	S7569
CAS-DAC-36	LMK-235	0.994776	AUC	lower = more sensitive	S7569
CAS-DAC-37	LMK-235	0.893775	AUC	lower = more sensitive	S7569
CAS-DAC-38	LMK-235	0.800604	AUC	lower = more sensitive	S7569
CAS-DAC-39	LMK-235	0.901845	AUC	lower = more sensitive	S7569
CAS-DAC-4	LMK-235	0.983021	AUC	lower = more sensitive	S7569
CAS-DAC-42	LMK-235	0.921624	AUC	lower = more sensitive	S7569
CAS-DAC-5	LMK-235	0.879885	AUC	lower = more sensitive	S7569
CAS-DAC-6	LMK-235	0.833776	AUC	lower = more sensitive	S7569
CAS-DAC-7	LMK-235	0.856709	AUC	lower = more sensitive	S7569
CAS-DAC-8	LMK-235	0.872609	AUC	lower = more sensitive	S7569
CAS-DAC-9	LMK-235	0.834046	AUC	lower = more sensitive	S7569
CAS-IPMN-1	LMK-235	0.839372	AUC	lower = more sensitive	S7569
CAS-DAC-1	M344	0.853945	AUC	lower = more sensitive	S2779
CAS-DAC-11	M344	0.95989	AUC	lower = more sensitive	S2779
CAS-DAC-12	M344	0.899449	AUC	lower = more sensitive	S2779
CAS-DAC-13	M344	0.981904	AUC	lower = more sensitive	S2779
CAS-DAC-14	M344	0.799052	AUC	lower = more sensitive	S2779
CAS-DAC-15	M344	0.880518	AUC	lower = more sensitive	S2779
CAS-DAC-16	M344	0.805135	AUC	lower = more sensitive	S2779
CAS-DAC-18	M344	0.893615	AUC	lower = more sensitive	S2779
CAS-DAC-19	M344	0.869273	AUC	lower = more sensitive	S2779
CAS-DAC-2	M344	0.962367	AUC	lower = more sensitive	S2779
CAS-DAC-20	M344	0.805564	AUC	lower = more sensitive	S2779
CAS-DAC-21	M344	0.912156	AUC	lower = more sensitive	S2779
CAS-DAC-22	M344	0.990096	AUC	lower = more sensitive	S2779
CAS-DAC-23	M344	0.944557	AUC	lower = more sensitive	S2779
CAS-DAC-24	M344	0.857456	AUC	lower = more sensitive	S2779
CAS-DAC-25	M344	0.896716	AUC	lower = more sensitive	S2779
CAS-DAC-26	M344	0.897193	AUC	lower = more sensitive	S2779
CAS-DAC-27	M344	0.805055	AUC	lower = more sensitive	S2779
CAS-DAC-28	M344	0.838696	AUC	lower = more sensitive	S2779
CAS-DAC-29	M344	0.869213	AUC	lower = more sensitive	S2779
CAS-DAC-3	M344	0.968171	AUC	lower = more sensitive	S2779
CAS-DAC-30	M344	0.947595	AUC	lower = more sensitive	S2779
CAS-DAC-31	M344	0.932675	AUC	lower = more sensitive	S2779
CAS-DAC-32	M344	0.867825	AUC	lower = more sensitive	S2779
CAS-DAC-33	M344	0.953546	AUC	lower = more sensitive	S2779
CAS-DAC-34	M344	0.923813	AUC	lower = more sensitive	S2779
CAS-DAC-35	M344	0.803047	AUC	lower = more sensitive	S2779
CAS-DAC-36	M344	0.991968	AUC	lower = more sensitive	S2779
CAS-DAC-37	M344	0.907766	AUC	lower = more sensitive	S2779
CAS-DAC-38	M344	0.778188	AUC	lower = more sensitive	S2779
CAS-DAC-39	M344	0.923008	AUC	lower = more sensitive	S2779
CAS-DAC-4	M344	0.9955	AUC	lower = more sensitive	S2779
CAS-DAC-42	M344	1	AUC	lower = more sensitive	S2779
CAS-DAC-5	M344	0.946159	AUC	lower = more sensitive	S2779
CAS-DAC-6	M344	0.834095	AUC	lower = more sensitive	S2779
CAS-DAC-7	M344	0.850229	AUC	lower = more sensitive	S2779
CAS-DAC-8	M344	0.890571	AUC	lower = more sensitive	S2779
CAS-DAC-9	M344	0.857397	AUC	lower = more sensitive	S2779
CAS-IPMN-1	M344	0.93094	AUC	lower = more sensitive	S2779
CAS-DAC-1	MI-463	0.593157	AUC	lower = more sensitive	S7816
CAS-DAC-11	MI-463	0.880004	AUC	lower = more sensitive	S7816
CAS-DAC-12	MI-463	0.778266	AUC	lower = more sensitive	S7816
CAS-DAC-13	MI-463	1	AUC	lower = more sensitive	S7816
CAS-DAC-14	MI-463	0.857084	AUC	lower = more sensitive	S7816
CAS-DAC-15	MI-463	0.54851	AUC	lower = more sensitive	S7816
CAS-DAC-16	MI-463	0.680922	AUC	lower = more sensitive	S7816
CAS-DAC-18	MI-463	0.873118	AUC	lower = more sensitive	S7816
CAS-DAC-19	MI-463	0.689263	AUC	lower = more sensitive	S7816
CAS-DAC-2	MI-463	0.951328	AUC	lower = more sensitive	S7816
CAS-DAC-20	MI-463	0.703308	AUC	lower = more sensitive	S7816
CAS-DAC-21	MI-463	0.833388	AUC	lower = more sensitive	S7816
CAS-DAC-22	MI-463	0.88058	AUC	lower = more sensitive	S7816
CAS-DAC-23	MI-463	0.83139	AUC	lower = more sensitive	S7816
CAS-DAC-24	MI-463	0.68593	AUC	lower = more sensitive	S7816
CAS-DAC-25	MI-463	0.780529	AUC	lower = more sensitive	S7816
CAS-DAC-26	MI-463	0.57706	AUC	lower = more sensitive	S7816
CAS-DAC-27	MI-463	0.715779	AUC	lower = more sensitive	S7816
CAS-DAC-28	MI-463	0.80121	AUC	lower = more sensitive	S7816
CAS-DAC-29	MI-463	0.857446	AUC	lower = more sensitive	S7816
CAS-DAC-3	MI-463	0.731269	AUC	lower = more sensitive	S7816
CAS-DAC-30	MI-463	0.85364	AUC	lower = more sensitive	S7816
CAS-DAC-31	MI-463	0.773205	AUC	lower = more sensitive	S7816
CAS-DAC-32	MI-463	0.607041	AUC	lower = more sensitive	S7816
CAS-DAC-33	MI-463	0.974641	AUC	lower = more sensitive	S7816
CAS-DAC-34	MI-463	0.895127	AUC	lower = more sensitive	S7816
CAS-DAC-35	MI-463	0.851146	AUC	lower = more sensitive	S7816
CAS-DAC-36	MI-463	0.958044	AUC	lower = more sensitive	S7816
CAS-DAC-37	MI-463	0.875942	AUC	lower = more sensitive	S7816
CAS-DAC-38	MI-463	0.788376	AUC	lower = more sensitive	S7816
CAS-DAC-39	MI-463	0.725578	AUC	lower = more sensitive	S7816
CAS-DAC-4	MI-463	0.746912	AUC	lower = more sensitive	S7816
CAS-DAC-42	MI-463	0.955167	AUC	lower = more sensitive	S7816
CAS-DAC-5	MI-463	0.837943	AUC	lower = more sensitive	S7816
CAS-DAC-6	MI-463	0.787222	AUC	lower = more sensitive	S7816
CAS-DAC-7	MI-463	0.635814	AUC	lower = more sensitive	S7816
CAS-DAC-8	MI-463	0.839934	AUC	lower = more sensitive	S7816
CAS-DAC-9	MI-463	0.692591	AUC	lower = more sensitive	S7816
CAS-IPMN-1	MI-463	0.744932	AUC	lower = more sensitive	S7816
CAS-DAC-1	MITOMYCIN	0.834801	AUC	lower = more sensitive	S8146
CAS-DAC-11	MITOMYCIN	0.878066	AUC	lower = more sensitive	S8146
CAS-DAC-12	MITOMYCIN	0.869865	AUC	lower = more sensitive	S8146
CAS-DAC-13	MITOMYCIN	1	AUC	lower = more sensitive	S8146
CAS-DAC-14	MITOMYCIN	0.679143	AUC	lower = more sensitive	S8146
CAS-DAC-15	MITOMYCIN	0.602755	AUC	lower = more sensitive	S8146
CAS-DAC-16	MITOMYCIN	0.606717	AUC	lower = more sensitive	S8146
CAS-DAC-18	MITOMYCIN	0.724345	AUC	lower = more sensitive	S8146
CAS-DAC-19	MITOMYCIN	0.674069	AUC	lower = more sensitive	S8146
CAS-DAC-2	MITOMYCIN	0.979862	AUC	lower = more sensitive	S8146
CAS-DAC-20	MITOMYCIN	0.6383	AUC	lower = more sensitive	S8146
CAS-DAC-21	MITOMYCIN	0.75387	AUC	lower = more sensitive	S8146
CAS-DAC-22	MITOMYCIN	0.738995	AUC	lower = more sensitive	S8146
CAS-DAC-23	MITOMYCIN	0.98237	AUC	lower = more sensitive	S8146
CAS-DAC-24	MITOMYCIN	0.626432	AUC	lower = more sensitive	S8146
CAS-DAC-25	MITOMYCIN	0.907275	AUC	lower = more sensitive	S8146
CAS-DAC-26	MITOMYCIN	0.961306	AUC	lower = more sensitive	S8146
CAS-DAC-27	MITOMYCIN	0.584335	AUC	lower = more sensitive	S8146
CAS-DAC-28	MITOMYCIN	0.972673	AUC	lower = more sensitive	S8146
CAS-DAC-29	MITOMYCIN	0.705815	AUC	lower = more sensitive	S8146
CAS-DAC-3	MITOMYCIN	0.776559	AUC	lower = more sensitive	S8146
CAS-DAC-30	MITOMYCIN	0.924352	AUC	lower = more sensitive	S8146
CAS-DAC-31	MITOMYCIN	0.794167	AUC	lower = more sensitive	S8146
CAS-DAC-32	MITOMYCIN	0.645156	AUC	lower = more sensitive	S8146
CAS-DAC-33	MITOMYCIN	0.838491	AUC	lower = more sensitive	S8146
CAS-DAC-34	MITOMYCIN	0.787707	AUC	lower = more sensitive	S8146
CAS-DAC-35	MITOMYCIN	0.964353	AUC	lower = more sensitive	S8146
CAS-DAC-36	MITOMYCIN	0.752247	AUC	lower = more sensitive	S8146
CAS-DAC-37	MITOMYCIN	0.732769	AUC	lower = more sensitive	S8146
CAS-DAC-38	MITOMYCIN	0.719855	AUC	lower = more sensitive	S8146
CAS-DAC-39	MITOMYCIN	0.751697	AUC	lower = more sensitive	S8146
CAS-DAC-4	MITOMYCIN	0.698713	AUC	lower = more sensitive	S8146
CAS-DAC-42	MITOMYCIN	0.990619	AUC	lower = more sensitive	S8146
CAS-DAC-5	MITOMYCIN	0.914189	AUC	lower = more sensitive	S8146
CAS-DAC-6	MITOMYCIN	0.611533	AUC	lower = more sensitive	S8146
CAS-DAC-7	MITOMYCIN	0.611015	AUC	lower = more sensitive	S8146
CAS-DAC-8	MITOMYCIN	0.838356	AUC	lower = more sensitive	S8146
CAS-DAC-9	MITOMYCIN	0.756215	AUC	lower = more sensitive	S8146
CAS-IPMN-1	MITOMYCIN	0.843184	AUC	lower = more sensitive	S8146
CAS-DAC-1	MIVEBRESIB	0.345643	AUC	lower = more sensitive	S8400
CAS-DAC-11	MIVEBRESIB	0.693194	AUC	lower = more sensitive	S8400
CAS-DAC-12	MIVEBRESIB	0.649315	AUC	lower = more sensitive	S8400
CAS-DAC-13	MIVEBRESIB	0.808134	AUC	lower = more sensitive	S8400
CAS-DAC-14	MIVEBRESIB	0.500711	AUC	lower = more sensitive	S8400
CAS-DAC-15	MIVEBRESIB	0.480667	AUC	lower = more sensitive	S8400
CAS-DAC-16	MIVEBRESIB	0.330264	AUC	lower = more sensitive	S8400
CAS-DAC-18	MIVEBRESIB	0.658119	AUC	lower = more sensitive	S8400
CAS-DAC-19	MIVEBRESIB	0.354329	AUC	lower = more sensitive	S8400
CAS-DAC-2	MIVEBRESIB	0.738717	AUC	lower = more sensitive	S8400
CAS-DAC-20	MIVEBRESIB	0.320242	AUC	lower = more sensitive	S8400
CAS-DAC-21	MIVEBRESIB	0.692926	AUC	lower = more sensitive	S8400
CAS-DAC-22	MIVEBRESIB	0.753425	AUC	lower = more sensitive	S8400
CAS-DAC-23	MIVEBRESIB	0.502789	AUC	lower = more sensitive	S8400
CAS-DAC-24	MIVEBRESIB	0.442316	AUC	lower = more sensitive	S8400
CAS-DAC-25	MIVEBRESIB	0.603609	AUC	lower = more sensitive	S8400
CAS-DAC-26	MIVEBRESIB	0.525162	AUC	lower = more sensitive	S8400
CAS-DAC-27	MIVEBRESIB	0.427477	AUC	lower = more sensitive	S8400
CAS-DAC-28	MIVEBRESIB	0.438861	AUC	lower = more sensitive	S8400
CAS-DAC-29	MIVEBRESIB	0.59336	AUC	lower = more sensitive	S8400
CAS-DAC-3	MIVEBRESIB	0.589154	AUC	lower = more sensitive	S8400
CAS-DAC-30	MIVEBRESIB	0.616377	AUC	lower = more sensitive	S8400
CAS-DAC-31	MIVEBRESIB	0.618486	AUC	lower = more sensitive	S8400
CAS-DAC-32	MIVEBRESIB	0.603139	AUC	lower = more sensitive	S8400
CAS-DAC-33	MIVEBRESIB	0.487203	AUC	lower = more sensitive	S8400
CAS-DAC-34	MIVEBRESIB	0.432174	AUC	lower = more sensitive	S8400
CAS-DAC-35	MIVEBRESIB	0.572934	AUC	lower = more sensitive	S8400
CAS-DAC-36	MIVEBRESIB	0.706338	AUC	lower = more sensitive	S8400
CAS-DAC-37	MIVEBRESIB	0.538828	AUC	lower = more sensitive	S8400
CAS-DAC-38	MIVEBRESIB	0.434201	AUC	lower = more sensitive	S8400
CAS-DAC-39	MIVEBRESIB	0.502754	AUC	lower = more sensitive	S8400
CAS-DAC-4	MIVEBRESIB	0.457713	AUC	lower = more sensitive	S8400
CAS-DAC-42	MIVEBRESIB	0.633472	AUC	lower = more sensitive	S8400
CAS-DAC-5	MIVEBRESIB	1	AUC	lower = more sensitive	S8400
CAS-DAC-6	MIVEBRESIB	0.420619	AUC	lower = more sensitive	S8400
CAS-DAC-7	MIVEBRESIB	0.55745	AUC	lower = more sensitive	S8400
CAS-DAC-8	MIVEBRESIB	0.62017	AUC	lower = more sensitive	S8400
CAS-DAC-9	MIVEBRESIB	0.6583	AUC	lower = more sensitive	S8400
CAS-IPMN-1	MIVEBRESIB	0.494904	AUC	lower = more sensitive	S8400
CAS-DAC-1	MOCETINOSTAT	0.851531	AUC	lower = more sensitive	S1122
CAS-DAC-11	MOCETINOSTAT	0.916309	AUC	lower = more sensitive	S1122
CAS-DAC-12	MOCETINOSTAT	0.863701	AUC	lower = more sensitive	S1122
CAS-DAC-13	MOCETINOSTAT	0.967418	AUC	lower = more sensitive	S1122
CAS-DAC-14	MOCETINOSTAT	0.859227	AUC	lower = more sensitive	S1122
CAS-DAC-15	MOCETINOSTAT	0.817442	AUC	lower = more sensitive	S1122
CAS-DAC-16	MOCETINOSTAT	0.785799	AUC	lower = more sensitive	S1122
CAS-DAC-18	MOCETINOSTAT	0.882637	AUC	lower = more sensitive	S1122
CAS-DAC-19	MOCETINOSTAT	0.810984	AUC	lower = more sensitive	S1122
CAS-DAC-2	MOCETINOSTAT	0.906549	AUC	lower = more sensitive	S1122
CAS-DAC-20	MOCETINOSTAT	0.764721	AUC	lower = more sensitive	S1122
CAS-DAC-21	MOCETINOSTAT	0.915058	AUC	lower = more sensitive	S1122
CAS-DAC-22	MOCETINOSTAT	0.928775	AUC	lower = more sensitive	S1122
CAS-DAC-23	MOCETINOSTAT	1	AUC	lower = more sensitive	S1122
CAS-DAC-24	MOCETINOSTAT	0.928986	AUC	lower = more sensitive	S1122
CAS-DAC-25	MOCETINOSTAT	0.931949	AUC	lower = more sensitive	S1122
CAS-DAC-26	MOCETINOSTAT	0.932	AUC	lower = more sensitive	S1122
CAS-DAC-27	MOCETINOSTAT	0.835463	AUC	lower = more sensitive	S1122
CAS-DAC-28	MOCETINOSTAT	0.818201	AUC	lower = more sensitive	S1122
CAS-DAC-29	MOCETINOSTAT	0.802552	AUC	lower = more sensitive	S1122
CAS-DAC-3	MOCETINOSTAT	0.836887	AUC	lower = more sensitive	S1122
CAS-DAC-30	MOCETINOSTAT	0.901363	AUC	lower = more sensitive	S1122
CAS-DAC-31	MOCETINOSTAT	0.924852	AUC	lower = more sensitive	S1122
CAS-DAC-32	MOCETINOSTAT	0.847325	AUC	lower = more sensitive	S1122
CAS-DAC-33	MOCETINOSTAT	0.931624	AUC	lower = more sensitive	S1122
CAS-DAC-34	MOCETINOSTAT	0.907077	AUC	lower = more sensitive	S1122
CAS-DAC-35	MOCETINOSTAT	0.899595	AUC	lower = more sensitive	S1122
CAS-DAC-36	MOCETINOSTAT	0.936174	AUC	lower = more sensitive	S1122
CAS-DAC-37	MOCETINOSTAT	0.88034	AUC	lower = more sensitive	S1122
CAS-DAC-38	MOCETINOSTAT	0.804826	AUC	lower = more sensitive	S1122
CAS-DAC-39	MOCETINOSTAT	0.959649	AUC	lower = more sensitive	S1122
CAS-DAC-4	MOCETINOSTAT	0.862509	AUC	lower = more sensitive	S1122
CAS-DAC-42	MOCETINOSTAT	0.949693	AUC	lower = more sensitive	S1122
CAS-DAC-5	MOCETINOSTAT	0.894652	AUC	lower = more sensitive	S1122
CAS-DAC-6	MOCETINOSTAT	0.795719	AUC	lower = more sensitive	S1122
CAS-DAC-7	MOCETINOSTAT	0.889144	AUC	lower = more sensitive	S1122
CAS-DAC-8	MOCETINOSTAT	0.886097	AUC	lower = more sensitive	S1122
CAS-DAC-9	MOCETINOSTAT	0.871552	AUC	lower = more sensitive	S1122
CAS-IPMN-1	MOCETINOSTAT	0.884245	AUC	lower = more sensitive	S1122
CAS-DAC-1	NEDAPLATIN	0.954259	AUC	lower = more sensitive	S1826
CAS-DAC-11	NEDAPLATIN	0.97782	AUC	lower = more sensitive	S1826
CAS-DAC-12	NEDAPLATIN	0.960968	AUC	lower = more sensitive	S1826
CAS-DAC-13	NEDAPLATIN	1	AUC	lower = more sensitive	S1826
CAS-DAC-14	NEDAPLATIN	0.96389	AUC	lower = more sensitive	S1826
CAS-DAC-15	NEDAPLATIN	0.779779	AUC	lower = more sensitive	S1826
CAS-DAC-16	NEDAPLATIN	0.860417	AUC	lower = more sensitive	S1826
CAS-DAC-18	NEDAPLATIN	0.96442	AUC	lower = more sensitive	S1826
CAS-DAC-19	NEDAPLATIN	0.91796	AUC	lower = more sensitive	S1826
CAS-DAC-2	NEDAPLATIN	0.996378	AUC	lower = more sensitive	S1826
CAS-DAC-20	NEDAPLATIN	0.955173	AUC	lower = more sensitive	S1826
CAS-DAC-21	NEDAPLATIN	0.98528	AUC	lower = more sensitive	S1826
CAS-DAC-22	NEDAPLATIN	0.972239	AUC	lower = more sensitive	S1826
CAS-DAC-23	NEDAPLATIN	0.995049	AUC	lower = more sensitive	S1826
CAS-DAC-24	NEDAPLATIN	0.953265	AUC	lower = more sensitive	S1826
CAS-DAC-25	NEDAPLATIN	0.969562	AUC	lower = more sensitive	S1826
CAS-DAC-26	NEDAPLATIN	0.990059	AUC	lower = more sensitive	S1826
CAS-DAC-27	NEDAPLATIN	0.974151	AUC	lower = more sensitive	S1826
CAS-DAC-28	NEDAPLATIN	0.979097	AUC	lower = more sensitive	S1826
CAS-DAC-29	NEDAPLATIN	0.890939	AUC	lower = more sensitive	S1826
CAS-DAC-3	NEDAPLATIN	0.978612	AUC	lower = more sensitive	S1826
CAS-DAC-30	NEDAPLATIN	0.979684	AUC	lower = more sensitive	S1826
CAS-DAC-31	NEDAPLATIN	0.968428	AUC	lower = more sensitive	S1826
CAS-DAC-32	NEDAPLATIN	0.816701	AUC	lower = more sensitive	S1826
CAS-DAC-33	NEDAPLATIN	0.971669	AUC	lower = more sensitive	S1826
CAS-DAC-34	NEDAPLATIN	0.987799	AUC	lower = more sensitive	S1826
CAS-DAC-35	NEDAPLATIN	0.997848	AUC	lower = more sensitive	S1826
CAS-DAC-36	NEDAPLATIN	0.975639	AUC	lower = more sensitive	S1826
CAS-DAC-37	NEDAPLATIN	0.879451	AUC	lower = more sensitive	S1826
CAS-DAC-38	NEDAPLATIN	0.96173	AUC	lower = more sensitive	S1826
CAS-DAC-39	NEDAPLATIN	0.911997	AUC	lower = more sensitive	S1826
CAS-DAC-4	NEDAPLATIN	0.986428	AUC	lower = more sensitive	S1826
CAS-DAC-42	NEDAPLATIN	0.949156	AUC	lower = more sensitive	S1826
CAS-DAC-5	NEDAPLATIN	0.98439	AUC	lower = more sensitive	S1826
CAS-DAC-6	NEDAPLATIN	0.955771	AUC	lower = more sensitive	S1826
CAS-DAC-7	NEDAPLATIN	0.893284	AUC	lower = more sensitive	S1826
CAS-DAC-8	NEDAPLATIN	0.972807	AUC	lower = more sensitive	S1826
CAS-DAC-9	NEDAPLATIN	0.977323	AUC	lower = more sensitive	S1826
CAS-IPMN-1	NEDAPLATIN	0.939404	AUC	lower = more sensitive	S1826
CAS-DAC-1	NVP-BSK805	0.696746	AUC	lower = more sensitive	S2686
CAS-DAC-11	NVP-BSK805	0.944072	AUC	lower = more sensitive	S2686
CAS-DAC-12	NVP-BSK805	0.753149	AUC	lower = more sensitive	S2686
CAS-DAC-13	NVP-BSK805	0.913748	AUC	lower = more sensitive	S2686
CAS-DAC-14	NVP-BSK805	0.850787	AUC	lower = more sensitive	S2686
CAS-DAC-15	NVP-BSK805	0.672159	AUC	lower = more sensitive	S2686
CAS-DAC-16	NVP-BSK805	0.662497	AUC	lower = more sensitive	S2686
CAS-DAC-18	NVP-BSK805	0.987849	AUC	lower = more sensitive	S2686
CAS-DAC-19	NVP-BSK805	0.732048	AUC	lower = more sensitive	S2686
CAS-DAC-2	NVP-BSK805	0.926787	AUC	lower = more sensitive	S2686
CAS-DAC-20	NVP-BSK805	0.708662	AUC	lower = more sensitive	S2686
CAS-DAC-21	NVP-BSK805	0.878629	AUC	lower = more sensitive	S2686
CAS-DAC-22	NVP-BSK805	0.838231	AUC	lower = more sensitive	S2686
CAS-DAC-23	NVP-BSK805	0.853424	AUC	lower = more sensitive	S2686
CAS-DAC-24	NVP-BSK805	0.735678	AUC	lower = more sensitive	S2686
CAS-DAC-25	NVP-BSK805	0.787833	AUC	lower = more sensitive	S2686
CAS-DAC-26	NVP-BSK805	0.763892	AUC	lower = more sensitive	S2686
CAS-DAC-27	NVP-BSK805	0.711432	AUC	lower = more sensitive	S2686
CAS-DAC-28	NVP-BSK805	0.810407	AUC	lower = more sensitive	S2686
CAS-DAC-29	NVP-BSK805	0.752122	AUC	lower = more sensitive	S2686
CAS-DAC-3	NVP-BSK805	0.702118	AUC	lower = more sensitive	S2686
CAS-DAC-30	NVP-BSK805	0.981137	AUC	lower = more sensitive	S2686
CAS-DAC-31	NVP-BSK805	0.80695	AUC	lower = more sensitive	S2686
CAS-DAC-32	NVP-BSK805	0.719543	AUC	lower = more sensitive	S2686
CAS-DAC-33	NVP-BSK805	0.951305	AUC	lower = more sensitive	S2686
CAS-DAC-34	NVP-BSK805	0.779759	AUC	lower = more sensitive	S2686
CAS-DAC-35	NVP-BSK805	0.793692	AUC	lower = more sensitive	S2686
CAS-DAC-36	NVP-BSK805	0.900579	AUC	lower = more sensitive	S2686
CAS-DAC-37	NVP-BSK805	0.952953	AUC	lower = more sensitive	S2686
CAS-DAC-38	NVP-BSK805	0.749847	AUC	lower = more sensitive	S2686
CAS-DAC-39	NVP-BSK805	0.747613	AUC	lower = more sensitive	S2686
CAS-DAC-4	NVP-BSK805	0.758454	AUC	lower = more sensitive	S2686
CAS-DAC-42	NVP-BSK805	1	AUC	lower = more sensitive	S2686
CAS-DAC-5	NVP-BSK805	0.867773	AUC	lower = more sensitive	S2686
CAS-DAC-6	NVP-BSK805	0.651771	AUC	lower = more sensitive	S2686
CAS-DAC-7	NVP-BSK805	0.749341	AUC	lower = more sensitive	S2686
CAS-DAC-8	NVP-BSK805	0.883105	AUC	lower = more sensitive	S2686
CAS-DAC-9	NVP-BSK805	0.731566	AUC	lower = more sensitive	S2686
CAS-IPMN-1	NVP-BSK805	0.867741	AUC	lower = more sensitive	S2686
CAS-DAC-1	OTX015	0.499287	AUC	lower = more sensitive	S7360
CAS-DAC-11	OTX015	0.762327	AUC	lower = more sensitive	S7360
CAS-DAC-12	OTX015	0.651351	AUC	lower = more sensitive	S7360
CAS-DAC-13	OTX015	0.71128	AUC	lower = more sensitive	S7360
CAS-DAC-14	OTX015	0.65664	AUC	lower = more sensitive	S7360
CAS-DAC-15	OTX015	0.643951	AUC	lower = more sensitive	S7360
CAS-DAC-16	OTX015	0.464637	AUC	lower = more sensitive	S7360
CAS-DAC-18	OTX015	0.715033	AUC	lower = more sensitive	S7360
CAS-DAC-19	OTX015	0.488508	AUC	lower = more sensitive	S7360
CAS-DAC-2	OTX015	0.803552	AUC	lower = more sensitive	S7360
CAS-DAC-20	OTX015	0.459104	AUC	lower = more sensitive	S7360
CAS-DAC-21	OTX015	0.716539	AUC	lower = more sensitive	S7360
CAS-DAC-22	OTX015	0.738826	AUC	lower = more sensitive	S7360
CAS-DAC-23	OTX015	0.590526	AUC	lower = more sensitive	S7360
CAS-DAC-24	OTX015	0.624959	AUC	lower = more sensitive	S7360
CAS-DAC-25	OTX015	0.521419	AUC	lower = more sensitive	S7360
CAS-DAC-26	OTX015	0.526409	AUC	lower = more sensitive	S7360
CAS-DAC-27	OTX015	0.604232	AUC	lower = more sensitive	S7360
CAS-DAC-28	OTX015	0.501814	AUC	lower = more sensitive	S7360
CAS-DAC-29	OTX015	0.622352	AUC	lower = more sensitive	S7360
CAS-DAC-3	OTX015	0.582934	AUC	lower = more sensitive	S7360
CAS-DAC-30	OTX015	0.761839	AUC	lower = more sensitive	S7360
CAS-DAC-31	OTX015	0.61689	AUC	lower = more sensitive	S7360
CAS-DAC-32	OTX015	0.660477	AUC	lower = more sensitive	S7360
CAS-DAC-33	OTX015	0.570254	AUC	lower = more sensitive	S7360
CAS-DAC-34	OTX015	0.577063	AUC	lower = more sensitive	S7360
CAS-DAC-35	OTX015	0.685373	AUC	lower = more sensitive	S7360
CAS-DAC-36	OTX015	0.704728	AUC	lower = more sensitive	S7360
CAS-DAC-37	OTX015	0.578638	AUC	lower = more sensitive	S7360
CAS-DAC-38	OTX015	0.581106	AUC	lower = more sensitive	S7360
CAS-DAC-39	OTX015	0.635318	AUC	lower = more sensitive	S7360
CAS-DAC-4	OTX015	0.581213	AUC	lower = more sensitive	S7360
CAS-DAC-42	OTX015	0.719643	AUC	lower = more sensitive	S7360
CAS-DAC-5	OTX015	1	AUC	lower = more sensitive	S7360
CAS-DAC-6	OTX015	0.501439	AUC	lower = more sensitive	S7360
CAS-DAC-7	OTX015	0.562001	AUC	lower = more sensitive	S7360
CAS-DAC-8	OTX015	0.650108	AUC	lower = more sensitive	S7360
CAS-DAC-9	OTX015	0.936425	AUC	lower = more sensitive	S7360
CAS-IPMN-1	OTX015	0.633749	AUC	lower = more sensitive	S7360
CAS-DAC-1	OXALIPLATIN	0.858579	AUC	lower = more sensitive	OXA
CAS-DAC-11	OXALIPLATIN	0.923716	AUC	lower = more sensitive	OXA
CAS-DAC-12	OXALIPLATIN	0.884449	AUC	lower = more sensitive	OXA
CAS-DAC-13	OXALIPLATIN	0.974555	AUC	lower = more sensitive	OXA
CAS-DAC-14	OXALIPLATIN	0.787221	AUC	lower = more sensitive	OXA
CAS-DAC-15	OXALIPLATIN	0.658178	AUC	lower = more sensitive	OXA
CAS-DAC-16	OXALIPLATIN	0.637366	AUC	lower = more sensitive	OXA
CAS-DAC-18	OXALIPLATIN	0.79895	AUC	lower = more sensitive	OXA
CAS-DAC-19	OXALIPLATIN	0.846164	AUC	lower = more sensitive	OXA
CAS-DAC-2	OXALIPLATIN	1	AUC	lower = more sensitive	OXA
CAS-DAC-20	OXALIPLATIN	0.791974	AUC	lower = more sensitive	OXA
CAS-DAC-21	OXALIPLATIN	0.881969	AUC	lower = more sensitive	OXA
CAS-DAC-22	OXALIPLATIN	0.905805	AUC	lower = more sensitive	OXA
CAS-DAC-23	OXALIPLATIN	0.948585	AUC	lower = more sensitive	OXA
CAS-DAC-24	OXALIPLATIN	0.861279	AUC	lower = more sensitive	OXA
CAS-DAC-25	OXALIPLATIN	0.887074	AUC	lower = more sensitive	OXA
CAS-DAC-26	OXALIPLATIN	0.800312	AUC	lower = more sensitive	OXA
CAS-DAC-27	OXALIPLATIN	0.822478	AUC	lower = more sensitive	OXA
CAS-DAC-28	OXALIPLATIN	0.927093	AUC	lower = more sensitive	OXA
CAS-DAC-29	OXALIPLATIN	0.854877	AUC	lower = more sensitive	OXA
CAS-DAC-3	OXALIPLATIN	0.834064	AUC	lower = more sensitive	OXA
CAS-DAC-30	OXALIPLATIN	0.84086	AUC	lower = more sensitive	OXA
CAS-DAC-31	OXALIPLATIN	0.896958	AUC	lower = more sensitive	OXA
CAS-DAC-32	OXALIPLATIN	0.769308	AUC	lower = more sensitive	OXA
CAS-DAC-33	OXALIPLATIN	0.774516	AUC	lower = more sensitive	OXA
CAS-DAC-34	OXALIPLATIN	0.804853	AUC	lower = more sensitive	OXA
CAS-DAC-35	OXALIPLATIN	0.943645	AUC	lower = more sensitive	OXA
CAS-DAC-36	OXALIPLATIN	0.908515	AUC	lower = more sensitive	OXA
CAS-DAC-37	OXALIPLATIN	0.68527	AUC	lower = more sensitive	OXA
CAS-DAC-38	OXALIPLATIN	0.869102	AUC	lower = more sensitive	OXA
CAS-DAC-39	OXALIPLATIN	0.734785	AUC	lower = more sensitive	OXA
CAS-DAC-4	OXALIPLATIN	0.855149	AUC	lower = more sensitive	OXA
CAS-DAC-42	OXALIPLATIN	0.745063	AUC	lower = more sensitive	OXA
CAS-DAC-5	OXALIPLATIN	0.92692	AUC	lower = more sensitive	OXA
CAS-DAC-6	OXALIPLATIN	0.962308	AUC	lower = more sensitive	OXA
CAS-DAC-7	OXALIPLATIN	0.680874	AUC	lower = more sensitive	OXA
CAS-DAC-8	OXALIPLATIN	0.894769	AUC	lower = more sensitive	OXA
CAS-DAC-9	OXALIPLATIN	0.906297	AUC	lower = more sensitive	OXA
CAS-IPMN-1	OXALIPLATIN	0.817887	AUC	lower = more sensitive	OXA
CAS-DAC-1	PACLITAXEL	0.154272	AUC	lower = more sensitive	PTX
CAS-DAC-11	PACLITAXEL	0.567606	AUC	lower = more sensitive	PTX
CAS-DAC-12	PACLITAXEL	0.525352	AUC	lower = more sensitive	PTX
CAS-DAC-13	PACLITAXEL	0.915824	AUC	lower = more sensitive	PTX
CAS-DAC-14	PACLITAXEL	0.71914	AUC	lower = more sensitive	PTX
CAS-DAC-15	PACLITAXEL	0.465204	AUC	lower = more sensitive	PTX
CAS-DAC-16	PACLITAXEL	0.484924	AUC	lower = more sensitive	PTX
CAS-DAC-18	PACLITAXEL	0.510856	AUC	lower = more sensitive	PTX
CAS-DAC-19	PACLITAXEL	0.27598	AUC	lower = more sensitive	PTX
CAS-DAC-2	PACLITAXEL	0.921197	AUC	lower = more sensitive	PTX
CAS-DAC-20	PACLITAXEL	0.561391	AUC	lower = more sensitive	PTX
CAS-DAC-21	PACLITAXEL	0.624248	AUC	lower = more sensitive	PTX
CAS-DAC-22	PACLITAXEL	0.802763	AUC	lower = more sensitive	PTX
CAS-DAC-23	PACLITAXEL	0.921272	AUC	lower = more sensitive	PTX
CAS-DAC-24	PACLITAXEL	0.630103	AUC	lower = more sensitive	PTX
CAS-DAC-25	PACLITAXEL	0.704877	AUC	lower = more sensitive	PTX
CAS-DAC-26	PACLITAXEL	0.792552	AUC	lower = more sensitive	PTX
CAS-DAC-27	PACLITAXEL	0.690699	AUC	lower = more sensitive	PTX
CAS-DAC-28	PACLITAXEL	0.589122	AUC	lower = more sensitive	PTX
CAS-DAC-29	PACLITAXEL	0.560241	AUC	lower = more sensitive	PTX
CAS-DAC-3	PACLITAXEL	0.490925	AUC	lower = more sensitive	PTX
CAS-DAC-30	PACLITAXEL	0.762966	AUC	lower = more sensitive	PTX
CAS-DAC-31	PACLITAXEL	0.622119	AUC	lower = more sensitive	PTX
CAS-DAC-32	PACLITAXEL	0.679692	AUC	lower = more sensitive	PTX
CAS-DAC-33	PACLITAXEL	0.589952	AUC	lower = more sensitive	PTX
CAS-DAC-34	PACLITAXEL	0.796105	AUC	lower = more sensitive	PTX
CAS-DAC-35	PACLITAXEL	0.768784	AUC	lower = more sensitive	PTX
CAS-DAC-36	PACLITAXEL	0.864022	AUC	lower = more sensitive	PTX
CAS-DAC-37	PACLITAXEL	0.582426	AUC	lower = more sensitive	PTX
CAS-DAC-38	PACLITAXEL	0.460676	AUC	lower = more sensitive	PTX
CAS-DAC-39	PACLITAXEL	1	AUC	lower = more sensitive	PTX
CAS-DAC-4	PACLITAXEL	0.564068	AUC	lower = more sensitive	PTX
CAS-DAC-42	PACLITAXEL	0.782511	AUC	lower = more sensitive	PTX
CAS-DAC-5	PACLITAXEL	0.499606	AUC	lower = more sensitive	PTX
CAS-DAC-6	PACLITAXEL	0.37913	AUC	lower = more sensitive	PTX
CAS-DAC-7	PACLITAXEL	0.577483	AUC	lower = more sensitive	PTX
CAS-DAC-8	PACLITAXEL	0.684338	AUC	lower = more sensitive	PTX
CAS-DAC-9	PACLITAXEL	0.395833	AUC	lower = more sensitive	PTX
CAS-IPMN-1	PACLITAXEL	0.726075	AUC	lower = more sensitive	PTX
CAS-DAC-1	PACRITINIB	0.85508	AUC	lower = more sensitive	S8057
CAS-DAC-11	PACRITINIB	0.997374	AUC	lower = more sensitive	S8057
CAS-DAC-12	PACRITINIB	0.840509	AUC	lower = more sensitive	S8057
CAS-DAC-13	PACRITINIB	0.93965	AUC	lower = more sensitive	S8057
CAS-DAC-14	PACRITINIB	0.896216	AUC	lower = more sensitive	S8057
CAS-DAC-15	PACRITINIB	0.838913	AUC	lower = more sensitive	S8057
CAS-DAC-16	PACRITINIB	0.844208	AUC	lower = more sensitive	S8057
CAS-DAC-18	PACRITINIB	0.969221	AUC	lower = more sensitive	S8057
CAS-DAC-19	PACRITINIB	0.833426	AUC	lower = more sensitive	S8057
CAS-DAC-2	PACRITINIB	0.957087	AUC	lower = more sensitive	S8057
CAS-DAC-20	PACRITINIB	0.86031	AUC	lower = more sensitive	S8057
CAS-DAC-21	PACRITINIB	0.873269	AUC	lower = more sensitive	S8057
CAS-DAC-22	PACRITINIB	0.923359	AUC	lower = more sensitive	S8057
CAS-DAC-23	PACRITINIB	0.90855	AUC	lower = more sensitive	S8057
CAS-DAC-24	PACRITINIB	0.92784	AUC	lower = more sensitive	S8057
CAS-DAC-25	PACRITINIB	0.974604	AUC	lower = more sensitive	S8057
CAS-DAC-26	PACRITINIB	0.884784	AUC	lower = more sensitive	S8057
CAS-DAC-27	PACRITINIB	0.857127	AUC	lower = more sensitive	S8057
CAS-DAC-28	PACRITINIB	0.869997	AUC	lower = more sensitive	S8057
CAS-DAC-29	PACRITINIB	0.936854	AUC	lower = more sensitive	S8057
CAS-DAC-3	PACRITINIB	0.862593	AUC	lower = more sensitive	S8057
CAS-DAC-30	PACRITINIB	0.983659	AUC	lower = more sensitive	S8057
CAS-DAC-31	PACRITINIB	0.863259	AUC	lower = more sensitive	S8057
CAS-DAC-32	PACRITINIB	0.925045	AUC	lower = more sensitive	S8057
CAS-DAC-33	PACRITINIB	1	AUC	lower = more sensitive	S8057
CAS-DAC-34	PACRITINIB	0.911829	AUC	lower = more sensitive	S8057
CAS-DAC-35	PACRITINIB	0.886615	AUC	lower = more sensitive	S8057
CAS-DAC-36	PACRITINIB	0.956741	AUC	lower = more sensitive	S8057
CAS-DAC-37	PACRITINIB	0.911128	AUC	lower = more sensitive	S8057
CAS-DAC-38	PACRITINIB	0.980546	AUC	lower = more sensitive	S8057
CAS-DAC-39	PACRITINIB	0.915366	AUC	lower = more sensitive	S8057
CAS-DAC-4	PACRITINIB	0.914047	AUC	lower = more sensitive	S8057
CAS-DAC-42	PACRITINIB	0.938766	AUC	lower = more sensitive	S8057
CAS-DAC-5	PACRITINIB	0.864048	AUC	lower = more sensitive	S8057
CAS-DAC-6	PACRITINIB	0.798713	AUC	lower = more sensitive	S8057
CAS-DAC-7	PACRITINIB	0.808699	AUC	lower = more sensitive	S8057
CAS-DAC-8	PACRITINIB	0.897148	AUC	lower = more sensitive	S8057
CAS-DAC-9	PACRITINIB	0.971976	AUC	lower = more sensitive	S8057
CAS-IPMN-1	PACRITINIB	0.9181	AUC	lower = more sensitive	S8057
CAS-DAC-1	PANOBINOSTAT	0.758337	AUC	lower = more sensitive	S1030
CAS-DAC-11	PANOBINOSTAT	0.905901	AUC	lower = more sensitive	S1030
CAS-DAC-12	PANOBINOSTAT	0.903565	AUC	lower = more sensitive	S1030
CAS-DAC-13	PANOBINOSTAT	0.97633	AUC	lower = more sensitive	S1030
CAS-DAC-14	PANOBINOSTAT	0.778005	AUC	lower = more sensitive	S1030
CAS-DAC-15	PANOBINOSTAT	0.80573	AUC	lower = more sensitive	S1030
CAS-DAC-16	PANOBINOSTAT	0.72917	AUC	lower = more sensitive	S1030
CAS-DAC-18	PANOBINOSTAT	0.864758	AUC	lower = more sensitive	S1030
CAS-DAC-19	PANOBINOSTAT	0.887137	AUC	lower = more sensitive	S1030
CAS-DAC-2	PANOBINOSTAT	0.927598	AUC	lower = more sensitive	S1030
CAS-DAC-20	PANOBINOSTAT	0.756843	AUC	lower = more sensitive	S1030
CAS-DAC-21	PANOBINOSTAT	0.902036	AUC	lower = more sensitive	S1030
CAS-DAC-22	PANOBINOSTAT	0.993509	AUC	lower = more sensitive	S1030
CAS-DAC-23	PANOBINOSTAT	1	AUC	lower = more sensitive	S1030
CAS-DAC-24	PANOBINOSTAT	0.782033	AUC	lower = more sensitive	S1030
CAS-DAC-25	PANOBINOSTAT	0.937354	AUC	lower = more sensitive	S1030
CAS-DAC-26	PANOBINOSTAT	0.949494	AUC	lower = more sensitive	S1030
CAS-DAC-27	PANOBINOSTAT	0.735955	AUC	lower = more sensitive	S1030
CAS-DAC-28	PANOBINOSTAT	0.845819	AUC	lower = more sensitive	S1030
CAS-DAC-29	PANOBINOSTAT	0.828092	AUC	lower = more sensitive	S1030
CAS-DAC-3	PANOBINOSTAT	0.813612	AUC	lower = more sensitive	S1030
CAS-DAC-30	PANOBINOSTAT	0.924907	AUC	lower = more sensitive	S1030
CAS-DAC-31	PANOBINOSTAT	0.880204	AUC	lower = more sensitive	S1030
CAS-DAC-32	PANOBINOSTAT	0.822266	AUC	lower = more sensitive	S1030
CAS-DAC-33	PANOBINOSTAT	0.906172	AUC	lower = more sensitive	S1030
CAS-DAC-34	PANOBINOSTAT	0.876658	AUC	lower = more sensitive	S1030
CAS-DAC-35	PANOBINOSTAT	0.878267	AUC	lower = more sensitive	S1030
CAS-DAC-36	PANOBINOSTAT	0.949273	AUC	lower = more sensitive	S1030
CAS-DAC-37	PANOBINOSTAT	0.915019	AUC	lower = more sensitive	S1030
CAS-DAC-38	PANOBINOSTAT	0.790106	AUC	lower = more sensitive	S1030
CAS-DAC-39	PANOBINOSTAT	0.87738	AUC	lower = more sensitive	S1030
CAS-DAC-4	PANOBINOSTAT	0.780959	AUC	lower = more sensitive	S1030
CAS-DAC-42	PANOBINOSTAT	0.928003	AUC	lower = more sensitive	S1030
CAS-DAC-5	PANOBINOSTAT	0.947489	AUC	lower = more sensitive	S1030
CAS-DAC-6	PANOBINOSTAT	0.883336	AUC	lower = more sensitive	S1030
CAS-DAC-7	PANOBINOSTAT	0.882175	AUC	lower = more sensitive	S1030
CAS-DAC-8	PANOBINOSTAT	0.896949	AUC	lower = more sensitive	S1030
CAS-DAC-9	PANOBINOSTAT	0.737385	AUC	lower = more sensitive	S1030
CAS-IPMN-1	PANOBINOSTAT	0.82578	AUC	lower = more sensitive	S1030
CAS-DAC-1	PRACINOSTAT	0.761327	AUC	lower = more sensitive	S1515
CAS-DAC-11	PRACINOSTAT	0.944948	AUC	lower = more sensitive	S1515
CAS-DAC-12	PRACINOSTAT	0.888197	AUC	lower = more sensitive	S1515
CAS-DAC-13	PRACINOSTAT	1	AUC	lower = more sensitive	S1515
CAS-DAC-14	PRACINOSTAT	0.702442	AUC	lower = more sensitive	S1515
CAS-DAC-15	PRACINOSTAT	0.87759	AUC	lower = more sensitive	S1515
CAS-DAC-16	PRACINOSTAT	0.714721	AUC	lower = more sensitive	S1515
CAS-DAC-18	PRACINOSTAT	0.83435	AUC	lower = more sensitive	S1515
CAS-DAC-19	PRACINOSTAT	0.900679	AUC	lower = more sensitive	S1515
CAS-DAC-2	PRACINOSTAT	0.953158	AUC	lower = more sensitive	S1515
CAS-DAC-20	PRACINOSTAT	0.757733	AUC	lower = more sensitive	S1515
CAS-DAC-21	PRACINOSTAT	0.886405	AUC	lower = more sensitive	S1515
CAS-DAC-22	PRACINOSTAT	0.996215	AUC	lower = more sensitive	S1515
CAS-DAC-23	PRACINOSTAT	0.991773	AUC	lower = more sensitive	S1515
CAS-DAC-24	PRACINOSTAT	0.789939	AUC	lower = more sensitive	S1515
CAS-DAC-25	PRACINOSTAT	0.907112	AUC	lower = more sensitive	S1515
CAS-DAC-26	PRACINOSTAT	0.925511	AUC	lower = more sensitive	S1515
CAS-DAC-27	PRACINOSTAT	0.696478	AUC	lower = more sensitive	S1515
CAS-DAC-28	PRACINOSTAT	0.766361	AUC	lower = more sensitive	S1515
CAS-DAC-29	PRACINOSTAT	0.789746	AUC	lower = more sensitive	S1515
CAS-DAC-3	PRACINOSTAT	0.819545	AUC	lower = more sensitive	S1515
CAS-DAC-30	PRACINOSTAT	0.925166	AUC	lower = more sensitive	S1515
CAS-DAC-31	PRACINOSTAT	0.838765	AUC	lower = more sensitive	S1515
CAS-DAC-32	PRACINOSTAT	0.747327	AUC	lower = more sensitive	S1515
CAS-DAC-33	PRACINOSTAT	0.959975	AUC	lower = more sensitive	S1515
CAS-DAC-34	PRACINOSTAT	0.878474	AUC	lower = more sensitive	S1515
CAS-DAC-35	PRACINOSTAT	0.780162	AUC	lower = more sensitive	S1515
CAS-DAC-36	PRACINOSTAT	0.970331	AUC	lower = more sensitive	S1515
CAS-DAC-37	PRACINOSTAT	0.910065	AUC	lower = more sensitive	S1515
CAS-DAC-38	PRACINOSTAT	0.730478	AUC	lower = more sensitive	S1515
CAS-DAC-39	PRACINOSTAT	0.871785	AUC	lower = more sensitive	S1515
CAS-DAC-4	PRACINOSTAT	0.802169	AUC	lower = more sensitive	S1515
CAS-DAC-42	PRACINOSTAT	0.969495	AUC	lower = more sensitive	S1515
CAS-DAC-5	PRACINOSTAT	0.933714	AUC	lower = more sensitive	S1515
CAS-DAC-6	PRACINOSTAT	0.847362	AUC	lower = more sensitive	S1515
CAS-DAC-7	PRACINOSTAT	0.837069	AUC	lower = more sensitive	S1515
CAS-DAC-8	PRACINOSTAT	0.896132	AUC	lower = more sensitive	S1515
CAS-DAC-9	PRACINOSTAT	0.793714	AUC	lower = more sensitive	S1515
CAS-IPMN-1	PRACINOSTAT	0.883545	AUC	lower = more sensitive	S1515
CAS-DAC-1	QUISINOSTAT	0.671409	AUC	lower = more sensitive	S1096
CAS-DAC-11	QUISINOSTAT	0.9021	AUC	lower = more sensitive	S1096
CAS-DAC-12	QUISINOSTAT	0.807806	AUC	lower = more sensitive	S1096
CAS-DAC-13	QUISINOSTAT	0.933925	AUC	lower = more sensitive	S1096
CAS-DAC-14	QUISINOSTAT	0.695234	AUC	lower = more sensitive	S1096
CAS-DAC-15	QUISINOSTAT	0.852192	AUC	lower = more sensitive	S1096
CAS-DAC-16	QUISINOSTAT	0.655933	AUC	lower = more sensitive	S1096
CAS-DAC-18	QUISINOSTAT	0.796646	AUC	lower = more sensitive	S1096
CAS-DAC-19	QUISINOSTAT	0.851662	AUC	lower = more sensitive	S1096
CAS-DAC-2	QUISINOSTAT	0.878626	AUC	lower = more sensitive	S1096
CAS-DAC-20	QUISINOSTAT	0.735738	AUC	lower = more sensitive	S1096
CAS-DAC-21	QUISINOSTAT	0.840147	AUC	lower = more sensitive	S1096
CAS-DAC-22	QUISINOSTAT	1	AUC	lower = more sensitive	S1096
CAS-DAC-23	QUISINOSTAT	0.917368	AUC	lower = more sensitive	S1096
CAS-DAC-24	QUISINOSTAT	0.734197	AUC	lower = more sensitive	S1096
CAS-DAC-25	QUISINOSTAT	0.797245	AUC	lower = more sensitive	S1096
CAS-DAC-26	QUISINOSTAT	0.894188	AUC	lower = more sensitive	S1096
CAS-DAC-27	QUISINOSTAT	0.671601	AUC	lower = more sensitive	S1096
CAS-DAC-28	QUISINOSTAT	0.741179	AUC	lower = more sensitive	S1096
CAS-DAC-29	QUISINOSTAT	0.685534	AUC	lower = more sensitive	S1096
CAS-DAC-3	QUISINOSTAT	0.8014	AUC	lower = more sensitive	S1096
CAS-DAC-30	QUISINOSTAT	0.911317	AUC	lower = more sensitive	S1096
CAS-DAC-31	QUISINOSTAT	0.844112	AUC	lower = more sensitive	S1096
CAS-DAC-32	QUISINOSTAT	0.700119	AUC	lower = more sensitive	S1096
CAS-DAC-33	QUISINOSTAT	0.853785	AUC	lower = more sensitive	S1096
CAS-DAC-34	QUISINOSTAT	0.812435	AUC	lower = more sensitive	S1096
CAS-DAC-35	QUISINOSTAT	0.841922	AUC	lower = more sensitive	S1096
CAS-DAC-36	QUISINOSTAT	0.93877	AUC	lower = more sensitive	S1096
CAS-DAC-37	QUISINOSTAT	0.890205	AUC	lower = more sensitive	S1096
CAS-DAC-38	QUISINOSTAT	0.685998	AUC	lower = more sensitive	S1096
CAS-DAC-39	QUISINOSTAT	0.84866	AUC	lower = more sensitive	S1096
CAS-DAC-4	QUISINOSTAT	0.713133	AUC	lower = more sensitive	S1096
CAS-DAC-42	QUISINOSTAT	0.946097	AUC	lower = more sensitive	S1096
CAS-DAC-5	QUISINOSTAT	0.923513	AUC	lower = more sensitive	S1096
CAS-DAC-6	QUISINOSTAT	0.880981	AUC	lower = more sensitive	S1096
CAS-DAC-7	QUISINOSTAT	0.82482	AUC	lower = more sensitive	S1096
CAS-DAC-8	QUISINOSTAT	0.837564	AUC	lower = more sensitive	S1096
CAS-DAC-9	QUISINOSTAT	0.776099	AUC	lower = more sensitive	S1096
CAS-IPMN-1	QUISINOSTAT	0.845275	AUC	lower = more sensitive	S1096
CAS-DAC-1	RESMINOSTAT	0.630894	AUC	lower = more sensitive	S2693
CAS-DAC-11	RESMINOSTAT	0.823975	AUC	lower = more sensitive	S2693
CAS-DAC-12	RESMINOSTAT	0.716515	AUC	lower = more sensitive	S2693
CAS-DAC-13	RESMINOSTAT	0.97028	AUC	lower = more sensitive	S2693
CAS-DAC-14	RESMINOSTAT	0.590927	AUC	lower = more sensitive	S2693
CAS-DAC-15	RESMINOSTAT	0.726159	AUC	lower = more sensitive	S2693
CAS-DAC-16	RESMINOSTAT	0.550253	AUC	lower = more sensitive	S2693
CAS-DAC-18	RESMINOSTAT	0.695883	AUC	lower = more sensitive	S2693
CAS-DAC-19	RESMINOSTAT	0.723059	AUC	lower = more sensitive	S2693
CAS-DAC-2	RESMINOSTAT	0.893464	AUC	lower = more sensitive	S2693
CAS-DAC-20	RESMINOSTAT	0.611725	AUC	lower = more sensitive	S2693
CAS-DAC-21	RESMINOSTAT	0.818275	AUC	lower = more sensitive	S2693
CAS-DAC-22	RESMINOSTAT	0.916911	AUC	lower = more sensitive	S2693
CAS-DAC-23	RESMINOSTAT	1	AUC	lower = more sensitive	S2693
CAS-DAC-24	RESMINOSTAT	0.635756	AUC	lower = more sensitive	S2693
CAS-DAC-25	RESMINOSTAT	0.855498	AUC	lower = more sensitive	S2693
CAS-DAC-26	RESMINOSTAT	0.858201	AUC	lower = more sensitive	S2693
CAS-DAC-27	RESMINOSTAT	0.569621	AUC	lower = more sensitive	S2693
CAS-DAC-28	RESMINOSTAT	0.615859	AUC	lower = more sensitive	S2693
CAS-DAC-29	RESMINOSTAT	0.666344	AUC	lower = more sensitive	S2693
CAS-DAC-3	RESMINOSTAT	0.63114	AUC	lower = more sensitive	S2693
CAS-DAC-30	RESMINOSTAT	0.823059	AUC	lower = more sensitive	S2693
CAS-DAC-31	RESMINOSTAT	0.778056	AUC	lower = more sensitive	S2693
CAS-DAC-32	RESMINOSTAT	0.648734	AUC	lower = more sensitive	S2693
CAS-DAC-33	RESMINOSTAT	0.879388	AUC	lower = more sensitive	S2693
CAS-DAC-34	RESMINOSTAT	0.783217	AUC	lower = more sensitive	S2693
CAS-DAC-35	RESMINOSTAT	0.659654	AUC	lower = more sensitive	S2693
CAS-DAC-36	RESMINOSTAT	0.866847	AUC	lower = more sensitive	S2693
CAS-DAC-37	RESMINOSTAT	0.829294	AUC	lower = more sensitive	S2693
CAS-DAC-38	RESMINOSTAT	0.619286	AUC	lower = more sensitive	S2693
CAS-DAC-39	RESMINOSTAT	0.827154	AUC	lower = more sensitive	S2693
CAS-DAC-4	RESMINOSTAT	0.666142	AUC	lower = more sensitive	S2693
CAS-DAC-42	RESMINOSTAT	0.933589	AUC	lower = more sensitive	S2693
CAS-DAC-5	RESMINOSTAT	0.799264	AUC	lower = more sensitive	S2693
CAS-DAC-6	RESMINOSTAT	0.651385	AUC	lower = more sensitive	S2693
CAS-DAC-7	RESMINOSTAT	0.736385	AUC	lower = more sensitive	S2693
CAS-DAC-8	RESMINOSTAT	0.762281	AUC	lower = more sensitive	S2693
CAS-DAC-9	RESMINOSTAT	0.660974	AUC	lower = more sensitive	S2693
CAS-IPMN-1	RESMINOSTAT	0.747541	AUC	lower = more sensitive	S2693
CAS-DAC-1	REVERSINE	0.603193	AUC	lower = more sensitive	S7588
CAS-DAC-11	REVERSINE	0.955831	AUC	lower = more sensitive	S7588
CAS-DAC-12	REVERSINE	0.787533	AUC	lower = more sensitive	S7588
CAS-DAC-13	REVERSINE	0.943087	AUC	lower = more sensitive	S7588
CAS-DAC-14	REVERSINE	0.823544	AUC	lower = more sensitive	S7588
CAS-DAC-15	REVERSINE	0.753386	AUC	lower = more sensitive	S7588
CAS-DAC-16	REVERSINE	0.818129	AUC	lower = more sensitive	S7588
CAS-DAC-18	REVERSINE	0.885172	AUC	lower = more sensitive	S7588
CAS-DAC-19	REVERSINE	0.72964	AUC	lower = more sensitive	S7588
CAS-DAC-2	REVERSINE	0.991735	AUC	lower = more sensitive	S7588
CAS-DAC-20	REVERSINE	0.776424	AUC	lower = more sensitive	S7588
CAS-DAC-21	REVERSINE	0.895246	AUC	lower = more sensitive	S7588
CAS-DAC-22	REVERSINE	0.950439	AUC	lower = more sensitive	S7588
CAS-DAC-23	REVERSINE	0.921801	AUC	lower = more sensitive	S7588
CAS-DAC-24	REVERSINE	0.937108	AUC	lower = more sensitive	S7588
CAS-DAC-25	REVERSINE	0.877507	AUC	lower = more sensitive	S7588
CAS-DAC-26	REVERSINE	0.929062	AUC	lower = more sensitive	S7588
CAS-DAC-27	REVERSINE	0.769124	AUC	lower = more sensitive	S7588
CAS-DAC-28	REVERSINE	0.876555	AUC	lower = more sensitive	S7588
CAS-DAC-29	REVERSINE	0.889996	AUC	lower = more sensitive	S7588
CAS-DAC-3	REVERSINE	0.794963	AUC	lower = more sensitive	S7588
CAS-DAC-30	REVERSINE	0.958989	AUC	lower = more sensitive	S7588
CAS-DAC-31	REVERSINE	0.899088	AUC	lower = more sensitive	S7588
CAS-DAC-32	REVERSINE	0.845236	AUC	lower = more sensitive	S7588
CAS-DAC-33	REVERSINE	0.888031	AUC	lower = more sensitive	S7588
CAS-DAC-34	REVERSINE	0.801615	AUC	lower = more sensitive	S7588
CAS-DAC-35	REVERSINE	0.856829	AUC	lower = more sensitive	S7588
CAS-DAC-36	REVERSINE	1	AUC	lower = more sensitive	S7588
CAS-DAC-37	REVERSINE	0.78916	AUC	lower = more sensitive	S7588
CAS-DAC-38	REVERSINE	0.882286	AUC	lower = more sensitive	S7588
CAS-DAC-39	REVERSINE	0.847797	AUC	lower = more sensitive	S7588
CAS-DAC-4	REVERSINE	0.918062	AUC	lower = more sensitive	S7588
CAS-DAC-42	REVERSINE	0.887114	AUC	lower = more sensitive	S7588
CAS-DAC-5	REVERSINE	0.81872	AUC	lower = more sensitive	S7588
CAS-DAC-6	REVERSINE	0.786152	AUC	lower = more sensitive	S7588
CAS-DAC-7	REVERSINE	0.853373	AUC	lower = more sensitive	S7588
CAS-DAC-8	REVERSINE	0.899023	AUC	lower = more sensitive	S7588
CAS-DAC-9	REVERSINE	0.770875	AUC	lower = more sensitive	S7588
CAS-IPMN-1	REVERSINE	0.918645	AUC	lower = more sensitive	S7588
CAS-DAC-1	SCRIPTAID	0.723314	AUC	lower = more sensitive	S8043
CAS-DAC-11	SCRIPTAID	0.896603	AUC	lower = more sensitive	S8043
CAS-DAC-12	SCRIPTAID	0.798818	AUC	lower = more sensitive	S8043
CAS-DAC-13	SCRIPTAID	0.964451	AUC	lower = more sensitive	S8043
CAS-DAC-14	SCRIPTAID	0.716678	AUC	lower = more sensitive	S8043
CAS-DAC-15	SCRIPTAID	0.741057	AUC	lower = more sensitive	S8043
CAS-DAC-16	SCRIPTAID	0.702011	AUC	lower = more sensitive	S8043
CAS-DAC-18	SCRIPTAID	0.737583	AUC	lower = more sensitive	S8043
CAS-DAC-19	SCRIPTAID	0.774647	AUC	lower = more sensitive	S8043
CAS-DAC-2	SCRIPTAID	0.964033	AUC	lower = more sensitive	S8043
CAS-DAC-20	SCRIPTAID	0.694602	AUC	lower = more sensitive	S8043
CAS-DAC-21	SCRIPTAID	0.902677	AUC	lower = more sensitive	S8043
CAS-DAC-22	SCRIPTAID	1	AUC	lower = more sensitive	S8043
CAS-DAC-23	SCRIPTAID	0.981536	AUC	lower = more sensitive	S8043
CAS-DAC-24	SCRIPTAID	0.736444	AUC	lower = more sensitive	S8043
CAS-DAC-25	SCRIPTAID	0.830694	AUC	lower = more sensitive	S8043
CAS-DAC-26	SCRIPTAID	0.922608	AUC	lower = more sensitive	S8043
CAS-DAC-27	SCRIPTAID	0.718668	AUC	lower = more sensitive	S8043
CAS-DAC-28	SCRIPTAID	0.708665	AUC	lower = more sensitive	S8043
CAS-DAC-29	SCRIPTAID	0.733984	AUC	lower = more sensitive	S8043
CAS-DAC-3	SCRIPTAID	0.749614	AUC	lower = more sensitive	S8043
CAS-DAC-30	SCRIPTAID	0.886314	AUC	lower = more sensitive	S8043
CAS-DAC-31	SCRIPTAID	0.909896	AUC	lower = more sensitive	S8043
CAS-DAC-32	SCRIPTAID	0.751824	AUC	lower = more sensitive	S8043
CAS-DAC-33	SCRIPTAID	0.891639	AUC	lower = more sensitive	S8043
CAS-DAC-34	SCRIPTAID	0.817018	AUC	lower = more sensitive	S8043
CAS-DAC-35	SCRIPTAID	0.723012	AUC	lower = more sensitive	S8043
CAS-DAC-36	SCRIPTAID	0.96362	AUC	lower = more sensitive	S8043
CAS-DAC-37	SCRIPTAID	0.855236	AUC	lower = more sensitive	S8043
CAS-DAC-38	SCRIPTAID	0.659434	AUC	lower = more sensitive	S8043
CAS-DAC-39	SCRIPTAID	0.911046	AUC	lower = more sensitive	S8043
CAS-DAC-4	SCRIPTAID	0.727139	AUC	lower = more sensitive	S8043
CAS-DAC-42	SCRIPTAID	0.913097	AUC	lower = more sensitive	S8043
CAS-DAC-5	SCRIPTAID	0.869314	AUC	lower = more sensitive	S8043
CAS-DAC-6	SCRIPTAID	0.723072	AUC	lower = more sensitive	S8043
CAS-DAC-7	SCRIPTAID	0.84443	AUC	lower = more sensitive	S8043
CAS-DAC-8	SCRIPTAID	0.834372	AUC	lower = more sensitive	S8043
CAS-DAC-9	SCRIPTAID	0.677207	AUC	lower = more sensitive	S8043
CAS-IPMN-1	SCRIPTAID	0.837066	AUC	lower = more sensitive	S8043
CAS-DAC-1	SGI-1027	0.651641	AUC	lower = more sensitive	S7276
CAS-DAC-11	SGI-1027	0.828862	AUC	lower = more sensitive	S7276
CAS-DAC-12	SGI-1027	0.912593	AUC	lower = more sensitive	S7276
CAS-DAC-13	SGI-1027	0.979322	AUC	lower = more sensitive	S7276
CAS-DAC-14	SGI-1027	0.848471	AUC	lower = more sensitive	S7276
CAS-DAC-15	SGI-1027	0.910582	AUC	lower = more sensitive	S7276
CAS-DAC-16	SGI-1027	0.762705	AUC	lower = more sensitive	S7276
CAS-DAC-18	SGI-1027	0.790998	AUC	lower = more sensitive	S7276
CAS-DAC-19	SGI-1027	0.794775	AUC	lower = more sensitive	S7276
CAS-DAC-2	SGI-1027	1	AUC	lower = more sensitive	S7276
CAS-DAC-20	SGI-1027	0.808228	AUC	lower = more sensitive	S7276
CAS-DAC-21	SGI-1027	0.84223	AUC	lower = more sensitive	S7276
CAS-DAC-22	SGI-1027	0.758832	AUC	lower = more sensitive	S7276
CAS-DAC-23	SGI-1027	0.928713	AUC	lower = more sensitive	S7276
CAS-DAC-24	SGI-1027	0.783696	AUC	lower = more sensitive	S7276
CAS-DAC-25	SGI-1027	0.783877	AUC	lower = more sensitive	S7276
CAS-DAC-26	SGI-1027	0.835264	AUC	lower = more sensitive	S7276
CAS-DAC-27	SGI-1027	0.714432	AUC	lower = more sensitive	S7276
CAS-DAC-28	SGI-1027	0.822429	AUC	lower = more sensitive	S7276
CAS-DAC-29	SGI-1027	0.85139	AUC	lower = more sensitive	S7276
CAS-DAC-3	SGI-1027	0.818429	AUC	lower = more sensitive	S7276
CAS-DAC-30	SGI-1027	0.950064	AUC	lower = more sensitive	S7276
CAS-DAC-31	SGI-1027	0.743057	AUC	lower = more sensitive	S7276
CAS-DAC-32	SGI-1027	0.565072	AUC	lower = more sensitive	S7276
CAS-DAC-33	SGI-1027	0.910597	AUC	lower = more sensitive	S7276
CAS-DAC-34	SGI-1027	0.944392	AUC	lower = more sensitive	S7276
CAS-DAC-35	SGI-1027	0.865736	AUC	lower = more sensitive	S7276
CAS-DAC-36	SGI-1027	0.822292	AUC	lower = more sensitive	S7276
CAS-DAC-37	SGI-1027	0.966836	AUC	lower = more sensitive	S7276
CAS-DAC-38	SGI-1027	0.789918	AUC	lower = more sensitive	S7276
CAS-DAC-39	SGI-1027	0.979452	AUC	lower = more sensitive	S7276
CAS-DAC-4	SGI-1027	0.659856	AUC	lower = more sensitive	S7276
CAS-DAC-42	SGI-1027	0.955119	AUC	lower = more sensitive	S7276
CAS-DAC-5	SGI-1027	0.833955	AUC	lower = more sensitive	S7276
CAS-DAC-6	SGI-1027	0.841622	AUC	lower = more sensitive	S7276
CAS-DAC-7	SGI-1027	0.703022	AUC	lower = more sensitive	S7276
CAS-DAC-8	SGI-1027	0.863475	AUC	lower = more sensitive	S7276
CAS-DAC-9	SGI-1027	0.651998	AUC	lower = more sensitive	S7276
CAS-IPMN-1	SGI-1027	0.917814	AUC	lower = more sensitive	S7276
CAS-DAC-1	SGI-1776	0.715814	AUC	lower = more sensitive	S2198
CAS-DAC-11	SGI-1776	0.971319	AUC	lower = more sensitive	S2198
CAS-DAC-12	SGI-1776	0.745768	AUC	lower = more sensitive	S2198
CAS-DAC-13	SGI-1776	0.888026	AUC	lower = more sensitive	S2198
CAS-DAC-14	SGI-1776	0.846025	AUC	lower = more sensitive	S2198
CAS-DAC-15	SGI-1776	0.652665	AUC	lower = more sensitive	S2198
CAS-DAC-16	SGI-1776	0.691428	AUC	lower = more sensitive	S2198
CAS-DAC-18	SGI-1776	0.838963	AUC	lower = more sensitive	S2198
CAS-DAC-19	SGI-1776	0.71004	AUC	lower = more sensitive	S2198
CAS-DAC-2	SGI-1776	1	AUC	lower = more sensitive	S2198
CAS-DAC-20	SGI-1776	0.928768	AUC	lower = more sensitive	S2198
CAS-DAC-21	SGI-1776	0.865699	AUC	lower = more sensitive	S2198
CAS-DAC-22	SGI-1776	0.89295	AUC	lower = more sensitive	S2198
CAS-DAC-23	SGI-1776	0.864503	AUC	lower = more sensitive	S2198
CAS-DAC-24	SGI-1776	0.836618	AUC	lower = more sensitive	S2198
CAS-DAC-25	SGI-1776	0.778342	AUC	lower = more sensitive	S2198
CAS-DAC-26	SGI-1776	0.727327	AUC	lower = more sensitive	S2198
CAS-DAC-27	SGI-1776	0.78431	AUC	lower = more sensitive	S2198
CAS-DAC-28	SGI-1776	0.807906	AUC	lower = more sensitive	S2198
CAS-DAC-29	SGI-1776	0.812112	AUC	lower = more sensitive	S2198
CAS-DAC-3	SGI-1776	0.732808	AUC	lower = more sensitive	S2198
CAS-DAC-30	SGI-1776	0.895738	AUC	lower = more sensitive	S2198
CAS-DAC-31	SGI-1776	0.828288	AUC	lower = more sensitive	S2198
CAS-DAC-32	SGI-1776	0.751474	AUC	lower = more sensitive	S2198
CAS-DAC-33	SGI-1776	0.947319	AUC	lower = more sensitive	S2198
CAS-DAC-34	SGI-1776	0.877796	AUC	lower = more sensitive	S2198
CAS-DAC-35	SGI-1776	0.846043	AUC	lower = more sensitive	S2198
CAS-DAC-36	SGI-1776	0.916082	AUC	lower = more sensitive	S2198
CAS-DAC-37	SGI-1776	0.852257	AUC	lower = more sensitive	S2198
CAS-DAC-38	SGI-1776	0.795309	AUC	lower = more sensitive	S2198
CAS-DAC-39	SGI-1776	0.842709	AUC	lower = more sensitive	S2198
CAS-DAC-4	SGI-1776	0.826304	AUC	lower = more sensitive	S2198
CAS-DAC-42	SGI-1776	0.882854	AUC	lower = more sensitive	S2198
CAS-DAC-5	SGI-1776	0.821774	AUC	lower = more sensitive	S2198
CAS-DAC-6	SGI-1776	0.700017	AUC	lower = more sensitive	S2198
CAS-DAC-7	SGI-1776	0.756978	AUC	lower = more sensitive	S2198
CAS-DAC-8	SGI-1776	0.901214	AUC	lower = more sensitive	S2198
CAS-DAC-9	SGI-1776	0.921453	AUC	lower = more sensitive	S2198
CAS-IPMN-1	SGI-1776	0.841928	AUC	lower = more sensitive	S2198
CAS-DAC-1	SP2509	0.957517	AUC	lower = more sensitive	S7680
CAS-DAC-11	SP2509	0.976613	AUC	lower = more sensitive	S7680
CAS-DAC-12	SP2509	0.993465	AUC	lower = more sensitive	S7680
CAS-DAC-13	SP2509	0.989685	AUC	lower = more sensitive	S7680
CAS-DAC-14	SP2509	0.98367	AUC	lower = more sensitive	S7680
CAS-DAC-15	SP2509	0.886448	AUC	lower = more sensitive	S7680
CAS-DAC-16	SP2509	0.959707	AUC	lower = more sensitive	S7680
CAS-DAC-18	SP2509	0.987342	AUC	lower = more sensitive	S7680
CAS-DAC-19	SP2509	0.96445	AUC	lower = more sensitive	S7680
CAS-DAC-2	SP2509	0.975832	AUC	lower = more sensitive	S7680
CAS-DAC-20	SP2509	0.908018	AUC	lower = more sensitive	S7680
CAS-DAC-21	SP2509	1	AUC	lower = more sensitive	S7680
CAS-DAC-22	SP2509	0.96291	AUC	lower = more sensitive	S7680
CAS-DAC-23	SP2509	0.967243	AUC	lower = more sensitive	S7680
CAS-DAC-24	SP2509	0.966599	AUC	lower = more sensitive	S7680
CAS-DAC-25	SP2509	0.962355	AUC	lower = more sensitive	S7680
CAS-DAC-26	SP2509	0.976377	AUC	lower = more sensitive	S7680
CAS-DAC-27	SP2509	0.927374	AUC	lower = more sensitive	S7680
CAS-DAC-28	SP2509	0.975265	AUC	lower = more sensitive	S7680
CAS-DAC-29	SP2509	0.928587	AUC	lower = more sensitive	S7680
CAS-DAC-3	SP2509	0.977005	AUC	lower = more sensitive	S7680
CAS-DAC-30	SP2509	0.972004	AUC	lower = more sensitive	S7680
CAS-DAC-31	SP2509	0.952979	AUC	lower = more sensitive	S7680
CAS-DAC-32	SP2509	0.9632	AUC	lower = more sensitive	S7680
CAS-DAC-33	SP2509	0.961954	AUC	lower = more sensitive	S7680
CAS-DAC-34	SP2509	0.980011	AUC	lower = more sensitive	S7680
CAS-DAC-35	SP2509	0.973925	AUC	lower = more sensitive	S7680
CAS-DAC-36	SP2509	0.970058	AUC	lower = more sensitive	S7680
CAS-DAC-37	SP2509	0.974445	AUC	lower = more sensitive	S7680
CAS-DAC-38	SP2509	0.888905	AUC	lower = more sensitive	S7680
CAS-DAC-39	SP2509	0.9531	AUC	lower = more sensitive	S7680
CAS-DAC-4	SP2509	0.903327	AUC	lower = more sensitive	S7680
CAS-DAC-42	SP2509	0.957754	AUC	lower = more sensitive	S7680
CAS-DAC-5	SP2509	0.929549	AUC	lower = more sensitive	S7680
CAS-DAC-6	SP2509	0.957487	AUC	lower = more sensitive	S7680
CAS-DAC-7	SP2509	0.971508	AUC	lower = more sensitive	S7680
CAS-DAC-8	SP2509	0.975527	AUC	lower = more sensitive	S7680
CAS-DAC-9	SP2509	0.890712	AUC	lower = more sensitive	S7680
CAS-IPMN-1	SP2509	0.969056	AUC	lower = more sensitive	S7680
CAS-DAC-1	SRT1720	1	AUC	lower = more sensitive	S1129
CAS-DAC-11	SRT1720	1	AUC	lower = more sensitive	S1129
CAS-DAC-12	SRT1720	0.970888	AUC	lower = more sensitive	S1129
CAS-DAC-13	SRT1720	1	AUC	lower = more sensitive	S1129
CAS-DAC-14	SRT1720	0.998093	AUC	lower = more sensitive	S1129
CAS-DAC-15	SRT1720	0.9936	AUC	lower = more sensitive	S1129
CAS-DAC-16	SRT1720	1	AUC	lower = more sensitive	S1129
CAS-DAC-18	SRT1720	1	AUC	lower = more sensitive	S1129
CAS-DAC-19	SRT1720	1	AUC	lower = more sensitive	S1129
CAS-DAC-2	SRT1720	0.980923	AUC	lower = more sensitive	S1129
CAS-DAC-20	SRT1720	1	AUC	lower = more sensitive	S1129
CAS-DAC-21	SRT1720	1	AUC	lower = more sensitive	S1129
CAS-DAC-22	SRT1720	1	AUC	lower = more sensitive	S1129
CAS-DAC-23	SRT1720	0.99037	AUC	lower = more sensitive	S1129
CAS-DAC-24	SRT1720	0.997789	AUC	lower = more sensitive	S1129
CAS-DAC-25	SRT1720	1	AUC	lower = more sensitive	S1129
CAS-DAC-26	SRT1720	1	AUC	lower = more sensitive	S1129
CAS-DAC-27	SRT1720	0.959174	AUC	lower = more sensitive	S1129
CAS-DAC-28	SRT1720	1	AUC	lower = more sensitive	S1129
CAS-DAC-29	SRT1720	0.939503	AUC	lower = more sensitive	S1129
CAS-DAC-3	SRT1720	0.950785	AUC	lower = more sensitive	S1129
CAS-DAC-30	SRT1720	1	AUC	lower = more sensitive	S1129
CAS-DAC-31	SRT1720	0.975018	AUC	lower = more sensitive	S1129
CAS-DAC-32	SRT1720	0.997193	AUC	lower = more sensitive	S1129
CAS-DAC-33	SRT1720	1	AUC	lower = more sensitive	S1129
CAS-DAC-34	SRT1720	1	AUC	lower = more sensitive	S1129
CAS-DAC-35	SRT1720	0.987196	AUC	lower = more sensitive	S1129
CAS-DAC-36	SRT1720	1	AUC	lower = more sensitive	S1129
CAS-DAC-37	SRT1720	1	AUC	lower = more sensitive	S1129
CAS-DAC-38	SRT1720	1	AUC	lower = more sensitive	S1129
CAS-DAC-39	SRT1720	0.996515	AUC	lower = more sensitive	S1129
CAS-DAC-4	SRT1720	0.982959	AUC	lower = more sensitive	S1129
CAS-DAC-42	SRT1720	1	AUC	lower = more sensitive	S1129
CAS-DAC-5	SRT1720	0.970204	AUC	lower = more sensitive	S1129
CAS-DAC-6	SRT1720	0.995276	AUC	lower = more sensitive	S1129
CAS-DAC-7	SRT1720	1	AUC	lower = more sensitive	S1129
CAS-DAC-8	SRT1720	0.993619	AUC	lower = more sensitive	S1129
CAS-DAC-9	SRT1720	0.913706	AUC	lower = more sensitive	S1129
CAS-IPMN-1	SRT1720	0.999826	AUC	lower = more sensitive	S1129
CAS-DAC-1	TAK-901	0.210237	AUC	lower = more sensitive	S2718
CAS-DAC-11	TAK-901	0.847219	AUC	lower = more sensitive	S2718
CAS-DAC-12	TAK-901	0.616443	AUC	lower = more sensitive	S2718
CAS-DAC-13	TAK-901	0.820308	AUC	lower = more sensitive	S2718
CAS-DAC-14	TAK-901	0.737032	AUC	lower = more sensitive	S2718
CAS-DAC-15	TAK-901	0.550476	AUC	lower = more sensitive	S2718
CAS-DAC-16	TAK-901	0.616214	AUC	lower = more sensitive	S2718
CAS-DAC-18	TAK-901	0.744815	AUC	lower = more sensitive	S2718
CAS-DAC-19	TAK-901	0.527461	AUC	lower = more sensitive	S2718
CAS-DAC-2	TAK-901	0.816881	AUC	lower = more sensitive	S2718
CAS-DAC-20	TAK-901	0.651769	AUC	lower = more sensitive	S2718
CAS-DAC-21	TAK-901	0.737046	AUC	lower = more sensitive	S2718
CAS-DAC-22	TAK-901	0.823355	AUC	lower = more sensitive	S2718
CAS-DAC-23	TAK-901	0.759584	AUC	lower = more sensitive	S2718
CAS-DAC-24	TAK-901	0.715086	AUC	lower = more sensitive	S2718
CAS-DAC-25	TAK-901	0.585806	AUC	lower = more sensitive	S2718
CAS-DAC-26	TAK-901	0.786209	AUC	lower = more sensitive	S2718
CAS-DAC-27	TAK-901	0.67808	AUC	lower = more sensitive	S2718
CAS-DAC-28	TAK-901	0.752818	AUC	lower = more sensitive	S2718
CAS-DAC-29	TAK-901	0.825397	AUC	lower = more sensitive	S2718
CAS-DAC-3	TAK-901	0.620915	AUC	lower = more sensitive	S2718
CAS-DAC-30	TAK-901	1	AUC	lower = more sensitive	S2718
CAS-DAC-31	TAK-901	0.734103	AUC	lower = more sensitive	S2718
CAS-DAC-32	TAK-901	0.679616	AUC	lower = more sensitive	S2718
CAS-DAC-33	TAK-901	0.62105	AUC	lower = more sensitive	S2718
CAS-DAC-34	TAK-901	0.858	AUC	lower = more sensitive	S2718
CAS-DAC-35	TAK-901	0.832533	AUC	lower = more sensitive	S2718
CAS-DAC-36	TAK-901	0.885904	AUC	lower = more sensitive	S2718
CAS-DAC-37	TAK-901	0.803306	AUC	lower = more sensitive	S2718
CAS-DAC-38	TAK-901	0.586051	AUC	lower = more sensitive	S2718
CAS-DAC-39	TAK-901	0.964313	AUC	lower = more sensitive	S2718
CAS-DAC-4	TAK-901	0.624249	AUC	lower = more sensitive	S2718
CAS-DAC-42	TAK-901	0.73858	AUC	lower = more sensitive	S2718
CAS-DAC-5	TAK-901	0.786797	AUC	lower = more sensitive	S2718
CAS-DAC-6	TAK-901	0.663405	AUC	lower = more sensitive	S2718
CAS-DAC-7	TAK-901	0.668146	AUC	lower = more sensitive	S2718
CAS-DAC-8	TAK-901	0.822129	AUC	lower = more sensitive	S2718
CAS-DAC-9	TAK-901	0.73126	AUC	lower = more sensitive	S2718
CAS-IPMN-1	TAK-901	0.781711	AUC	lower = more sensitive	S2718
CAS-DAC-1	TENOVIN-6	0.55183	AUC	lower = more sensitive	S4900
CAS-DAC-11	TENOVIN-6	0.821789	AUC	lower = more sensitive	S4900
CAS-DAC-12	TENOVIN-6	0.641838	AUC	lower = more sensitive	S4900
CAS-DAC-13	TENOVIN-6	0.937218	AUC	lower = more sensitive	S4900
CAS-DAC-14	TENOVIN-6	0.675735	AUC	lower = more sensitive	S4900
CAS-DAC-15	TENOVIN-6	0.507993	AUC	lower = more sensitive	S4900
CAS-DAC-16	TENOVIN-6	0.601849	AUC	lower = more sensitive	S4900
CAS-DAC-18	TENOVIN-6	0.860447	AUC	lower = more sensitive	S4900
CAS-DAC-19	TENOVIN-6	0.660255	AUC	lower = more sensitive	S4900
CAS-DAC-2	TENOVIN-6	0.913255	AUC	lower = more sensitive	S4900
CAS-DAC-20	TENOVIN-6	0.824412	AUC	lower = more sensitive	S4900
CAS-DAC-21	TENOVIN-6	0.761768	AUC	lower = more sensitive	S4900
CAS-DAC-22	TENOVIN-6	0.730152	AUC	lower = more sensitive	S4900
CAS-DAC-23	TENOVIN-6	0.738029	AUC	lower = more sensitive	S4900
CAS-DAC-24	TENOVIN-6	0.674907	AUC	lower = more sensitive	S4900
CAS-DAC-25	TENOVIN-6	0.608162	AUC	lower = more sensitive	S4900
CAS-DAC-26	TENOVIN-6	0.428561	AUC	lower = more sensitive	S4900
CAS-DAC-27	TENOVIN-6	0.621009	AUC	lower = more sensitive	S4900
CAS-DAC-28	TENOVIN-6	0.694094	AUC	lower = more sensitive	S4900
CAS-DAC-29	TENOVIN-6	0.754514	AUC	lower = more sensitive	S4900
CAS-DAC-3	TENOVIN-6	0.650271	AUC	lower = more sensitive	S4900
CAS-DAC-30	TENOVIN-6	0.777373	AUC	lower = more sensitive	S4900
CAS-DAC-31	TENOVIN-6	0.76608	AUC	lower = more sensitive	S4900
CAS-DAC-32	TENOVIN-6	0.551727	AUC	lower = more sensitive	S4900
CAS-DAC-33	TENOVIN-6	1	AUC	lower = more sensitive	S4900
CAS-DAC-34	TENOVIN-6	0.902272	AUC	lower = more sensitive	S4900
CAS-DAC-35	TENOVIN-6	0.68582	AUC	lower = more sensitive	S4900
CAS-DAC-36	TENOVIN-6	0.847594	AUC	lower = more sensitive	S4900
CAS-DAC-37	TENOVIN-6	0.780945	AUC	lower = more sensitive	S4900
CAS-DAC-38	TENOVIN-6	0.64277	AUC	lower = more sensitive	S4900
CAS-DAC-39	TENOVIN-6	0.781635	AUC	lower = more sensitive	S4900
CAS-DAC-4	TENOVIN-6	0.620851	AUC	lower = more sensitive	S4900
CAS-DAC-42	TENOVIN-6	0.891271	AUC	lower = more sensitive	S4900
CAS-DAC-5	TENOVIN-6	0.697528	AUC	lower = more sensitive	S4900
CAS-DAC-6	TENOVIN-6	0.605632	AUC	lower = more sensitive	S4900
CAS-DAC-7	TENOVIN-6	0.638392	AUC	lower = more sensitive	S4900
CAS-DAC-8	TENOVIN-6	0.729918	AUC	lower = more sensitive	S4900
CAS-DAC-9	TENOVIN-6	0.661501	AUC	lower = more sensitive	S4900
CAS-IPMN-1	TENOVIN-6	0.659495	AUC	lower = more sensitive	S4900
CAS-DAC-1	TG101209	0.274079	AUC	lower = more sensitive	S2692
CAS-DAC-11	TG101209	0.89693	AUC	lower = more sensitive	S2692
CAS-DAC-12	TG101209	0.634112	AUC	lower = more sensitive	S2692
CAS-DAC-13	TG101209	0.858483	AUC	lower = more sensitive	S2692
CAS-DAC-14	TG101209	0.604443	AUC	lower = more sensitive	S2692
CAS-DAC-15	TG101209	0.501332	AUC	lower = more sensitive	S2692
CAS-DAC-16	TG101209	0.479836	AUC	lower = more sensitive	S2692
CAS-DAC-18	TG101209	0.97523	AUC	lower = more sensitive	S2692
CAS-DAC-19	TG101209	0.508861	AUC	lower = more sensitive	S2692
CAS-DAC-2	TG101209	0.814984	AUC	lower = more sensitive	S2692
CAS-DAC-20	TG101209	0.666919	AUC	lower = more sensitive	S2692
CAS-DAC-21	TG101209	0.856279	AUC	lower = more sensitive	S2692
CAS-DAC-22	TG101209	0.981406	AUC	lower = more sensitive	S2692
CAS-DAC-23	TG101209	0.753299	AUC	lower = more sensitive	S2692
CAS-DAC-24	TG101209	0.828914	AUC	lower = more sensitive	S2692
CAS-DAC-25	TG101209	0.742151	AUC	lower = more sensitive	S2692
CAS-DAC-26	TG101209	0.784945	AUC	lower = more sensitive	S2692
CAS-DAC-27	TG101209	0.715362	AUC	lower = more sensitive	S2692
CAS-DAC-28	TG101209	0.557388	AUC	lower = more sensitive	S2692
CAS-DAC-29	TG101209	0.783662	AUC	lower = more sensitive	S2692
CAS-DAC-3	TG101209	0.705959	AUC	lower = more sensitive	S2692
CAS-DAC-30	TG101209	0.892942	AUC	lower = more sensitive	S2692
CAS-DAC-31	TG101209	0.76831	AUC	lower = more sensitive	S2692
CAS-DAC-32	TG101209	0.798887	AUC	lower = more sensitive	S2692
CAS-DAC-33	TG101209	0.786767	AUC	lower = more sensitive	S2692
CAS-DAC-34	TG101209	0.742199	AUC	lower = more sensitive	S2692
CAS-DAC-35	TG101209	0.719284	AUC	lower = more sensitive	S2692
CAS-DAC-36	TG101209	1	AUC	lower = more sensitive	S2692
CAS-DAC-37	TG101209	0.845323	AUC	lower = more sensitive	S2692
CAS-DAC-38	TG101209	0.690789	AUC	lower = more sensitive	S2692
CAS-DAC-39	TG101209	0.804691	AUC	lower = more sensitive	S2692
CAS-DAC-4	TG101209	0.667216	AUC	lower = more sensitive	S2692
CAS-DAC-42	TG101209	0.930933	AUC	lower = more sensitive	S2692
CAS-DAC-5	TG101209	0.835035	AUC	lower = more sensitive	S2692
CAS-DAC-6	TG101209	0.555684	AUC	lower = more sensitive	S2692
CAS-DAC-7	TG101209	0.623695	AUC	lower = more sensitive	S2692
CAS-DAC-8	TG101209	0.765309	AUC	lower = more sensitive	S2692
CAS-DAC-9	TG101209	0.887984	AUC	lower = more sensitive	S2692
CAS-IPMN-1	TG101209	0.883889	AUC	lower = more sensitive	S2692
CAS-DAC-1	VORINOSTAT	0.69015	AUC	lower = more sensitive	S1047
CAS-DAC-11	VORINOSTAT	0.899888	AUC	lower = more sensitive	S1047
CAS-DAC-12	VORINOSTAT	0.766311	AUC	lower = more sensitive	S1047
CAS-DAC-13	VORINOSTAT	0.961789	AUC	lower = more sensitive	S1047
CAS-DAC-14	VORINOSTAT	0.684845	AUC	lower = more sensitive	S1047
CAS-DAC-15	VORINOSTAT	0.736869	AUC	lower = more sensitive	S1047
CAS-DAC-16	VORINOSTAT	0.64294	AUC	lower = more sensitive	S1047
CAS-DAC-18	VORINOSTAT	0.69929	AUC	lower = more sensitive	S1047
CAS-DAC-19	VORINOSTAT	0.757949	AUC	lower = more sensitive	S1047
CAS-DAC-2	VORINOSTAT	0.930224	AUC	lower = more sensitive	S1047
CAS-DAC-20	VORINOSTAT	0.690452	AUC	lower = more sensitive	S1047
CAS-DAC-21	VORINOSTAT	0.865215	AUC	lower = more sensitive	S1047
CAS-DAC-22	VORINOSTAT	1	AUC	lower = more sensitive	S1047
CAS-DAC-23	VORINOSTAT	0.925272	AUC	lower = more sensitive	S1047
CAS-DAC-24	VORINOSTAT	0.70966	AUC	lower = more sensitive	S1047
CAS-DAC-25	VORINOSTAT	0.804636	AUC	lower = more sensitive	S1047
CAS-DAC-26	VORINOSTAT	0.841807	AUC	lower = more sensitive	S1047
CAS-DAC-27	VORINOSTAT	0.67098	AUC	lower = more sensitive	S1047
CAS-DAC-28	VORINOSTAT	0.669742	AUC	lower = more sensitive	S1047
CAS-DAC-29	VORINOSTAT	0.702061	AUC	lower = more sensitive	S1047
CAS-DAC-3	VORINOSTAT	0.719216	AUC	lower = more sensitive	S1047
CAS-DAC-30	VORINOSTAT	0.815332	AUC	lower = more sensitive	S1047
CAS-DAC-31	VORINOSTAT	0.831352	AUC	lower = more sensitive	S1047
CAS-DAC-32	VORINOSTAT	0.736304	AUC	lower = more sensitive	S1047
CAS-DAC-33	VORINOSTAT	0.851795	AUC	lower = more sensitive	S1047
CAS-DAC-34	VORINOSTAT	0.78573	AUC	lower = more sensitive	S1047
CAS-DAC-35	VORINOSTAT	0.701914	AUC	lower = more sensitive	S1047
CAS-DAC-36	VORINOSTAT	0.956005	AUC	lower = more sensitive	S1047
CAS-DAC-37	VORINOSTAT	0.78087	AUC	lower = more sensitive	S1047
CAS-DAC-38	VORINOSTAT	0.663841	AUC	lower = more sensitive	S1047
CAS-DAC-39	VORINOSTAT	0.843703	AUC	lower = more sensitive	S1047
CAS-DAC-4	VORINOSTAT	0.724176	AUC	lower = more sensitive	S1047
CAS-DAC-42	VORINOSTAT	0.884469	AUC	lower = more sensitive	S1047
CAS-DAC-5	VORINOSTAT	0.796691	AUC	lower = more sensitive	S1047
CAS-DAC-6	VORINOSTAT	0.717673	AUC	lower = more sensitive	S1047
CAS-DAC-7	VORINOSTAT	0.807447	AUC	lower = more sensitive	S1047
CAS-DAC-8	VORINOSTAT	0.854981	AUC	lower = more sensitive	S1047
CAS-DAC-9	VORINOSTAT	0.671586	AUC	lower = more sensitive	S1047
CAS-IPMN-1	VORINOSTAT	0.816114	AUC	lower = more sensitive	S1047
CAS-DAC-1	WT161	0.565167	AUC	lower = more sensitive	S8495
CAS-DAC-11	WT161	0.682544	AUC	lower = more sensitive	S8495
CAS-DAC-12	WT161	0.57948	AUC	lower = more sensitive	S8495
CAS-DAC-13	WT161	0.794286	AUC	lower = more sensitive	S8495
CAS-DAC-14	WT161	0.231325	AUC	lower = more sensitive	S8495
CAS-DAC-15	WT161	0.454853	AUC	lower = more sensitive	S8495
CAS-DAC-16	WT161	0.420298	AUC	lower = more sensitive	S8495
CAS-DAC-18	WT161	0.828296	AUC	lower = more sensitive	S8495
CAS-DAC-19	WT161	0.489212	AUC	lower = more sensitive	S8495
CAS-DAC-2	WT161	0.646721	AUC	lower = more sensitive	S8495
CAS-DAC-20	WT161	0.604315	AUC	lower = more sensitive	S8495
CAS-DAC-21	WT161	0.641436	AUC	lower = more sensitive	S8495
CAS-DAC-22	WT161	0.707842	AUC	lower = more sensitive	S8495
CAS-DAC-23	WT161	0.590044	AUC	lower = more sensitive	S8495
CAS-DAC-24	WT161	0.271378	AUC	lower = more sensitive	S8495
CAS-DAC-25	WT161	0.744855	AUC	lower = more sensitive	S8495
CAS-DAC-26	WT161	0.587408	AUC	lower = more sensitive	S8495
CAS-DAC-27	WT161	0.470311	AUC	lower = more sensitive	S8495
CAS-DAC-28	WT161	0.453472	AUC	lower = more sensitive	S8495
CAS-DAC-29	WT161	0.797563	AUC	lower = more sensitive	S8495
CAS-DAC-3	WT161	0.608007	AUC	lower = more sensitive	S8495
CAS-DAC-30	WT161	0.912861	AUC	lower = more sensitive	S8495
CAS-DAC-31	WT161	0.585004	AUC	lower = more sensitive	S8495
CAS-DAC-32	WT161	0.806561	AUC	lower = more sensitive	S8495
CAS-DAC-33	WT161	1	AUC	lower = more sensitive	S8495
CAS-DAC-34	WT161	0.931496	AUC	lower = more sensitive	S8495
CAS-DAC-35	WT161	0.891585	AUC	lower = more sensitive	S8495
CAS-DAC-36	WT161	0.636895	AUC	lower = more sensitive	S8495
CAS-DAC-37	WT161	0.779598	AUC	lower = more sensitive	S8495
CAS-DAC-38	WT161	0.692519	AUC	lower = more sensitive	S8495
CAS-DAC-39	WT161	0.747022	AUC	lower = more sensitive	S8495
CAS-DAC-4	WT161	0.446403	AUC	lower = more sensitive	S8495
CAS-DAC-42	WT161	0.898763	AUC	lower = more sensitive	S8495
CAS-DAC-5	WT161	0.842368	AUC	lower = more sensitive	S8495
CAS-DAC-6	WT161	0.492376	AUC	lower = more sensitive	S8495
CAS-DAC-7	WT161	0.246436	AUC	lower = more sensitive	S8495
CAS-DAC-8	WT161	0.543305	AUC	lower = more sensitive	S8495
CAS-DAC-9	WT161	0.623222	AUC	lower = more sensitive	S8495
CAS-IPMN-1	WT161	0.606682	AUC	lower = more sensitive	S8495
